Product_Name,Category,Product_ID,Original_Price,Discount_Price,Brand,Source_Currency,Original_Price_VND,Discount_Price_VND
Malibu Original Coconut Rum 1L,Drinks,254870847,22.5,22.5,MALIBU,GBP,782055.0,782055.0
Walkers Wotsits Cheese Multipack Crisps 12x16.5g,Food Cupboard,261495181,2.99,2.99,WALKERS,GBP,103926.0,103926.0
Listerine Total Care Intense Taste Classic Mouthwash 500ml,Health & Beauty,262720979,5.25,5.25,LISTERINE,GBP,182480.0,182480.0
Walkers Roast Chicken Multipack Crisps 6 x 25g,Food Cupboard,321658606,2.2,2.2,WALKERS,GBP,76468.0,76468.0
Walkers Smokey Bacon Multipack Crisps 6 x 25g,Food Cupboard,321769965,2.2,2.2,WALKERS,GBP,76468.0,76468.0
God of Fury Rina Kent,Hobbies & Stationery,322569877,6.0,6.0,PENGUIN,GBP,208548.0,208548.0
Gone Fishing Bob Mortimer Paul Whitehouse,\N,322901536,6.0,6.0,MDL,GBP,208548.0,208548.0
A History of the World in 47 Borders Jonn,\N,322905215,6.0,6.0,HACHETTE UK DIST,GBP,208548.0,208548.0
"Razor S Spark Sport Kick Scooter - LED Light-Up Wheels, Full-Deck Grip Tape, Spark Bar, Lightweight Aluminium Frame, Foldable",Marketplace,325083287,59.99,59.99,Razor,GBP,2085132.0,2085132.0
"OHS Weighted Blanket 8kg Quilted, 150x200cm - Blush Pink",Marketplace,325083341,23.99,23.99,OHS,GBP,833844.0,833844.0
smarTrike Extend 3 Stage Scooter - Blue,Sports & Leisure,325083343,160.0,160.0,smarTrike Xtend,GBP,5561280.0,5561280.0
smarTrike Xtend Kids Bike 3 Stage Blue Bicycle,Marketplace,325083351,299.99,299.99,smarTrike Xtend,GBP,10427052.0,10427052.0
"Razor Flashback Kick Scooter  12 Inch Mag Wheels with Air-filled Tyres, Dual Hand-Operated Brakes, BMX Style Scooter for Kids and Teens",Marketplace,325083591,149.99,149.99,Razor,GBP,5213352.0,5213352.0
Charles Bentley 1.7L Kettle & 4 Slice Toaster Set Cream & Chrome Fast Boil,Marketplace,325083995,84.99,84.99,Charles Bentley,GBP,2954082.0,2954082.0
smarTrike Extend 3 Stage Scooter - Pink,Marketplace,325084006,160.0,160.0,smarTrike Xtend,GBP,5561280.0,5561280.0
smarTrike Extend 5 Stage Ride-on - Blue,Marketplace,325084007,149.99,149.99,smarTrike Xtend,GBP,5213352.0,5213352.0
SmarTrike Xtend 5 Stage Ride-On - Pink,Marketplace,325084008,199.99,199.99,smarTrike Xtend,GBP,6951252.0,6951252.0
SmarTrike Xtend 5 Stage Ride-On - Pink,Marketplace,325084009,199.99,199.99,smarTrike Xtend,GBP,6951252.0,6951252.0
Charles Bentley 1.7L Kettle & 4 Slice Toaster Set Black & Rose Gold Fast Boil,Marketplace,325084020,79.99,79.99,Charles Bentley,GBP,2780292.0,2780292.0
Charles Bentley Round Skeleton Clock with Roman Numerals - Matte Black - 80cm,Marketplace,325084021,49.99,49.99,Charles Bentley,GBP,1737552.0,1737552.0
Razor Electric Dirt Rocket MX125 12 Volt - Black,Marketplace,325084079,299.99,299.99,Razor,GBP,10427052.0,10427052.0
Razor Electric Crazy Cart Shift 12 Volt Drift Machine,Toys & Games,325084080,299.99,299.99,Razor,GBP,10427052.0,10427052.0
"Razor A5 Lux Kick Scooter - Large 8 Inch Wheels, Foldable, Adjustable Handlebars, Lightweight, for Riders up to 220 lbs, Light Up, Green",Marketplace,325084124,129.99,129.99,Razor,GBP,4518192.0,4518192.0
Baby Shawl - 75cm x 100cm | Blue,Marketplace,325084397,12.95,12.95,My Little World,GBP,450116.0,450116.0
"OHS Tropical Leaf Fleece Blanket, 120x150cm - Green",Marketplace,325084547,7.99,7.99,OHS,GBP,277716.0,277716.0
"OHS Soft Teddy Fleece 25cm Deep Fitted Bed Sheet Thermal Warm, Double - Silver",Marketplace,325084551,10.99,10.99,OHS,GBP,381990.0,381990.0
"OHS Teddy Duvet Cover with Pillowcase Set, Double - Silver",Marketplace,325084553,16.99,16.99,OHS,GBP,590538.0,590538.0
"OHS Kids Unicorn 3kg Weighted Blanket Sleep Therapy Sensory Anxiety Teddy Fleece, 110x150cm - Blush Pink",Marketplace,325084564,16.99,16.99,OHS,GBP,590538.0,590538.0
"OHS Fluffy Blanket Fleece, 150x200cm - Silver",Marketplace,325084567,11.99,11.99,OHS,GBP,416748.0,416748.0
"OHS Fluffy Blanket Fleece, 150x200cm - Blush Pink",Marketplace,325084570,17.99,17.99,OHS,GBP,625296.0,625296.0
"OHS Dinosaur Fleece Blanket Kids Throw, 120x150cm - Grey",Marketplace,325084582,7.99,7.99,OHS,GBP,277716.0,277716.0
"OHS Star Fleece Blanket, 120x150cm - Navy Blue/White",Marketplace,325084590,6.99,6.99,OHS,GBP,242958.0,242958.0
"OHS Sherpa Pet Animal Blanket, 75x110cm - Charcoal",Marketplace,325084591,9.99,9.99,OHS,GBP,347232.0,347232.0
"OHS Sherpa Pet Animal Dog Blanket, 75x110cm - Navy Blue",Marketplace,325084595,10.49,10.49,OHS,GBP,364611.0,364611.0
"OHS Fleece Winter Check Throw, 120x150cm - Forest Green",Marketplace,325084615,7.99,7.99,OHS,GBP,277716.0,277716.0
"OHS Faux Fur Rib Fleece Blanket, 125x150cm - Charcoal",Marketplace,325084617,16.99,16.99,OHS,GBP,590538.0,590538.0
"OHS Fleece Winter Check Throw, 120x150cm - Blush Pink",Marketplace,325084619,7.99,7.99,OHS,GBP,277716.0,277716.0
"OHS Love Heart Fleece Blanket, 120x150cm - Red/Pink",Marketplace,325084622,7.49,7.49,OHS,GBP,260337.0,260337.0
"OHS Kids Fleece Blanket Safari Animals, 120x150cm - Cream",Marketplace,325084623,7.49,7.49,OHS,GBP,260337.0,260337.0
Snug Blissful Bedtime Pillow Pair,Marketplace,325084673,16.14,16.14,Snug,GBP,560994.0,560994.0
Silentnight Summer Breeze 4.5 Tog Duvet | White,Marketplace,325084674,27.99,27.99,Silentnight,GBP,972876.0,972876.0
"Silentnight Snugsie Giant Blanket, Sherpa Fleece Lined, Charcoal, 240 x 180 cm",Marketplace,325084675,24.64,24.64,Silentnight,GBP,856437.0,856437.0
"Silentnight Snugsie Giant Blanket, Sherpa Fleece Lined, Natural, 240 x 180 cm",Marketplace,325084677,24.64,24.64,Silentnight,GBP,856437.0,856437.0
"Snug Furry Friends Dog Bed, Large Pet Bed, Supportive, Super Soft Cover, Machine Washable",Marketplace,325084679,26.34,26.34,Snug,GBP,915526.0,915526.0
"Silentnight Snugsie Giant Blanket, Sherpa Fleece Lined, Green, 240 x 180 cm",Marketplace,325084681,24.64,24.64,Silentnight,GBP,856437.0,856437.0
"Snug Furry Friends Dog Bed, Medium Pet Bed, Supportive, Super Soft Cover, Machine Washable",Marketplace,325084683,23.79,23.79,Snug,GBP,826893.0,826893.0
"Snug Furry Friends Dog Bed, Extra Large Pet Bed, Supportive, Super Soft Cover, Machine Washable",Marketplace,325084685,29.74,29.74,Snug,GBP,1033703.0,1033703.0
"Snug Blissful Bedtime Bed Pillows, Hypoallergenic, Soft Medium Support, 4 Pack",Marketplace,325084698,25.49,25.49,Snug,GBP,885981.0,885981.0
Snug Fantastically Medium Firm Support Bed Pillows 2 Pack,Marketplace,325084733,16.99,16.99,Snug,GBP,590538.0,590538.0
Snug 10.5 Tog Duvet and Bed Pillow Set King,Marketplace,325084735,32.99,32.99,Snug,GBP,1146666.0,1146666.0
"Silentnight Deep Sleep Bed Pillows, Hypoallergenic, Medium Soft Support, 6 Pack",Marketplace,325084736,32.19,32.19,Silentnight,GBP,1118860.0,1118860.0
Snug Complete 10.5 Tog Bedset Duvet and Pillow Pair All Seasons | White,Marketplace,325084738,22.94,22.94,Snug,GBP,797349.0,797349.0
Silentnight Anti Allergy Duvet - 13.5 Tog | White | Double,Marketplace,325084740,22.94,22.94,Silentnight,GBP,797349.0,797349.0
Snug Complete 10.5 Tog Bedset Duvet and Pillow Pair All Seasons | White,Marketplace,325084793,25.49,25.49,Snug,GBP,885981.0,885981.0
Silentnight Anti Allergy Duvet - 13.5 Tog | White | Single,Marketplace,325084797,23.99,23.99,Silentnight,GBP,833844.0,833844.0
Hamilton Beach 28L Mini Oven with Double Hotplate,Marketplace,325084861,119.99,119.99,Hamilton Beach,GBP,4170612.0,4170612.0
"Hamilton Beach Hand Blender, 4-in-1 Immersion Blender Handheld Electric with Stainless Steel Blade, 600W, Versatile Functionality, Turbo Boost, Ergonomic Design, 4 Attachments, Black - HB5023-GS",Marketplace,325084863,49.99,49.99,Hamilton Beach,GBP,1737552.0,1737552.0
Silentnight Sleep Therapy Contour Support Pillow,Marketplace,325084886,33.99,33.99,Silentnight,GBP,1181424.0,1181424.0
"Silentnight Sleep Therapy Neck Support Pillow, Ergonomic, Breathable, Pain and Stiffness Relief",Marketplace,325084887,25.99,25.99,Silentnight,GBP,903360.0,903360.0
Hamilton Beach 'The Family Favourite' 6.5L Silver Slow Cooker,Marketplace,325084895,34.99,34.99,Hamilton Beach,GBP,1216182.0,1216182.0
"Hamilton Beach Slow Cooker, 3.5 Litres, Comfort Cook, 160W, Stainless Steel, Energy-Efficient, Removable Oven-Safe Ceramic Bowl, 3 Heat Settings, Serves 2-4 People, Easy Clean, Silver - HBSC040S",Marketplace,325084896,24.99,24.99,Hamilton Beach,GBP,868602.0,868602.0
Hamilton Beach 'The Mighty Mini' 1.8L Black Slow Cooker,Marketplace,325084900,19.99,19.99,Hamilton Beach,GBP,694812.0,694812.0
Hamilton Beach SimpliFry 4.2L Manual Air Fryer,Marketplace,325084901,35.0,35.0,Hamilton Beach,GBP,1216530.0,1216530.0
"Hamilton Beach Slow Cooker, 6.5 Litres, Family Favourite, 240W, Energy-Efficient, Removable Oven-Safe Ceramic Bowl, 3 Heat Settings, Serves 6-8 People, Easy Clean, Black - HBSC070B",Marketplace,325084902,69.99,69.99,Hamilton Beach,GBP,2432712.0,2432712.0
Hamilton Beach HealthyCook 8L Dual Air Fryer,Marketplace,325084903,179.99,179.99,Hamilton Beach,GBP,6256092.0,6256092.0
"Hamilton Beach Air Fryer, 9L, Dual, VisionCook, 2600W, Vision Window, 10 One Touch Presets, Vortex Technology, Match Cook, Smart Finish, Dishwasher Safe, Roast, Bake, Dehydrate, Black - HB700VCGS",Marketplace,325084904,189.99,189.99,Hamilton Beach,GBP,6603672.0,6603672.0
Hamilton Beach 20L Retro Cream Microwave,Marketplace,325084909,89.99,89.99,Hamilton Beach,GBP,3127872.0,3127872.0
Hamilton Beach 20L Retro Mint Microwave,Marketplace,325084911,89.99,89.99,Hamilton Beach,GBP,3127872.0,3127872.0
Hamilton Beach 20L Retro Red Microwave,Marketplace,325084912,69.99,69.99,Hamilton Beach,GBP,2432712.0,2432712.0
Bormioli Rocco Dedalo Whisky Decanter - 780ml | Clear | Clear,Marketplace,325085128,14.99,14.99,Bormioli Rocco,GBP,521022.0,521022.0
Argon Tableware 4.5L Round Cast Iron Casserole Dish with Self-Basting Lid - 4.75QT Dutch Oven Roasting Dish Pot | Black | Matt Black | 1,Marketplace,325085130,34.99,34.99,Argon Tableware,GBP,1216182.0,1216182.0
Duralex Lys Stacking Glass Cooking / Ingredients / Food Bowl - 9cm | Clear | Clear,Marketplace,325085133,6.99,6.99,Duralex,GBP,242958.0,242958.0
Nicola Spring Ceramic Dipped Dash Coffee Mugs - 475ml - Black - Pack of 6 | Black | Black,Marketplace,325085134,18.99,18.99,Nicola Spring,GBP,660054.0,660054.0
Nicola Spring Soy Wax Scented Candle - 130g - Sage & Seasalt | Green | Green,Marketplace,325085135,9.99,9.99,Nicola Spring,GBP,347232.0,347232.0
Argon Tableware Marble Wine Bottle Coaster - 10cm - Black,Marketplace,325085136,9.99,9.99,Argon Tableware,GBP,347232.0,347232.0
Nicola Spring Hand-Printed Sauce Dishes - 10cm - Orange - Pack of 3 | Orange | Orange,Marketplace,325085137,7.99,7.99,Nicola Spring,GBP,277716.0,277716.0
"Nicola Spring 5 x 7"" Photo Frame - Dark Wood - 3D Photo Frame Picture Frame Box Portrait Display Case (20 x 15cm)",Marketplace,325085139,9.99,9.99,Nicola Spring,GBP,347232.0,347232.0
Nicola Spring Soy Wax Scented Candle - 130g - Wild Fig & Cassis | Red | Red,Marketplace,325085140,9.99,9.99,Nicola Spring,GBP,347232.0,347232.0
Harbour Housewares Metallic Vanity Mirror - Adjustable Tilt Dressing Table Mirror Sleek Modern Makeup Mirror | Black | Black | 50 x 32cm | 1,Marketplace,325085142,20.99,20.99,Harbour Housewares,GBP,729570.0,729570.0
Argon Tableware Mesh Pizza Screen - Non-Stick Metal Aluminium Pizza Trays Round Oven Safe Cooking Baking Pan Tray | Silver | Silver | 2,Marketplace,325085143,9.99,9.99,Argon Tableware,GBP,347232.0,347232.0
Nicola Spring Ribbed Cotton Table Runner - 48 x 183cm - Light Blue | Blue | Blue,Marketplace,325085144,10.99,10.99,Nicola Spring,GBP,381990.0,381990.0
Harbour Housewares 6x Square Glass Coasters - 10cm - Tabletop Protection Mat Drink Coaster Decorative Dining Placemat | Grey | Grey,Marketplace,325085148,8.99,8.99,Harbour Housewares,GBP,312474.0,312474.0
Rink Drink Champagne Saucers - 200ml - Clear - Pack of 6,Marketplace,325085149,15.99,15.99,Rink Drink,GBP,555780.0,555780.0
Argon Tableware Marble Round Coasters - 10cm - Black - Pack of 6,Marketplace,325085154,13.99,13.99,Argon Tableware,GBP,486264.0,486264.0
Nicola Spring Cotton Fabric Table Runner - 48cm x 183cm - Red | Red | Red,Marketplace,325085155,10.99,10.99,Nicola Spring,GBP,381990.0,381990.0
Harbour Housewares Glass Round Coasters - 10cm - Grey - Pack of 6,Marketplace,325085156,8.99,8.99,Harbour Housewares,GBP,312474.0,312474.0
Argon Tableware Glass Jam Jars - 42ml - Pack of 6,Marketplace,325085157,7.99,7.99,Argon Tableware,GBP,277716.0,277716.0
Nicola Spring Ribbed Cotton Table Runner - 48 x 183cm - Red | Red | Red,Marketplace,325085159,10.99,10.99,Nicola Spring,GBP,381990.0,381990.0
LAV Derin Glass Serving Bowl - 11cm - Clear | Clear | Clear,Marketplace,325085162,7.99,7.99,LAV,GBP,277716.0,277716.0
Harbour Housewares Toilet Brush & Holder - Matt Black - Round Stainless Steel Non Slip Rust Resistant Toilet Cleaning Brush Set | Black | Matte Black | One Size | 1,Marketplace,325085164,9.99,9.99,Harbour Housewares,GBP,347232.0,347232.0
Harbour Housewares Glass Placemats - 40 x 30cm - White - Pack of 6 | White | White,Marketplace,325085166,24.99,24.99,Harbour Housewares,GBP,868602.0,868602.0
Ashley Bamboo Chopping Board - 30cm x 20cm | Brown | Brown,Marketplace,325085170,8.99,8.99,Ashley,GBP,312474.0,312474.0
Nicola Spring Cotton Fabric Table Runner - 48cm x 183cm - Denim Blue | Blue | Denim Blue,Marketplace,325085171,10.99,10.99,Nicola Spring,GBP,381990.0,381990.0
Duralex Lys Stacking Glass Cooking / Ingredients / Food Bowl - 12cm | Clear | Clear,Marketplace,325085172,6.99,6.99,Duralex,GBP,242958.0,242958.0
Argon Tableware 3x Food Storage Containers - 700ml - Black Reusable Airtight Stackable Meal Prep Lunch Box with Clip-Lock Lid,Marketplace,325085173,12.99,12.99,Argon Tableware,GBP,451506.0,451506.0
Argon Tableware Glass Storage Jars - 70ml - Set of 3 - 4 Colour Seals Airtight Kitchen Storage Container Preserving Jar,Marketplace,325085175,8.99,8.99,Argon Tableware,GBP,312474.0,312474.0
Harbour Housewares 6x Square Glass Coasters - 10cm - Tabletop Protection Mat Drink Coaster Decorative Dining Placemat | Blue | Hague Blue,Marketplace,325085176,8.99,8.99,Harbour Housewares,GBP,312474.0,312474.0
"Nicola Spring 4 x 6"" Deep Photo Frame - Light Wood - 3D Deep Box Picture Frame Portrait Display Case (17.5 x 12.5cm)",Marketplace,325085180,10.99,10.99,Nicola Spring,GBP,381990.0,381990.0
Argon Tableware Marble Square Coasters - 10cm - Black - Pack of 6,Marketplace,325085181,13.99,13.99,Argon Tableware,GBP,486264.0,486264.0
Argon Tableware Mesh Pizza Screen - Non-Stick Metal Aluminium Pizza Trays Round Oven Safe Cooking Baking Pan Tray | Silver | Silver | 2,Marketplace,325085182,9.99,9.99,Argon Tableware,GBP,347232.0,347232.0
Harbour Housewares Toilet Brush & Holder - Matt White Round Stainless Steel Non Slip Rust Resistant Toilet Cleaning Brush Set | White | Matte White | One Size | 1,Marketplace,325085185,9.99,9.99,Harbour Housewares,GBP,347232.0,347232.0
Nicola Spring Ribbed Cotton Placemats - 48 x 33cm - Light Blue - Pack of 6 | Blue | Blue,Marketplace,325085186,13.99,13.99,Nicola Spring,GBP,486264.0,486264.0
LAV Derin Glass Serving Bowl - 12cm - Clear | Clear | Clear,Marketplace,325085189,7.99,7.99,LAV,GBP,277716.0,277716.0
Duralex Lys Stacking Glass Cooking / Ingredients / Food Bowl - 14cm | Clear | Clear,Marketplace,325085191,7.99,7.99,Duralex,GBP,277716.0,277716.0
LAV Derin Glass Serving Bowls - 11cm - Clear - Pack of 6 | Clear | Clear,Marketplace,325085192,10.99,10.99,LAV,GBP,381990.0,381990.0
Argon Tableware Metallic Napkin Ring - 4.5cm - Gold - Pack of 6 | Grey,Marketplace,325085193,10.99,10.99,Argon Tableware,GBP,381990.0,381990.0
BillyCan Picnic Bowls - 16.5cm  - Carbon Pansy  - Pack of 6 | Grey,Marketplace,325085194,74.99,74.99,Billy Can,GBP,2606502.0,2606502.0
Nicola Spring Hand-Printed Pasta Bowls - 22cm - Orange - Pack of 6 | Multi | Multi,Marketplace,325085196,29.99,29.99,Nicola Spring,GBP,1042392.0,1042392.0
LAV Derin Glass Serving Bowls - 7cm - Clear - Pack of 6 | Clear | Clear,Marketplace,325085197,9.99,9.99,LAV,GBP,347232.0,347232.0
Nicola Spring Hand-Printed Pasta Bowls - 22cm - Navy - Pack of 6 | Blue | Blue,Marketplace,325085199,29.99,29.99,Nicola Spring,GBP,1042392.0,1042392.0
LAV Derin Glass Serving Bowls - 12cm - Clear - Pack of 6 | Clear | Clear,Marketplace,325085203,11.99,11.99,LAV,GBP,416748.0,416748.0
Nicola Spring Hand-Printed Pasta Bowls - 22cm - Blue - Pack of 6 | Blue | Blue,Marketplace,325085207,29.99,29.99,Nicola Spring,GBP,1042392.0,1042392.0
smarTrike Xtend Kids Bike 3 Stage Pink Bicycle,Marketplace,325085297,154.99,154.99,smarTrike Xtend,GBP,5387142.0,5387142.0
Razor PowerCore E90 Electric Scooter for Kids - Pink,Marketplace,325085319,169.99,169.99,Razor,GBP,5908512.0,5908512.0
"Razor S Sport Kick Scooter For Ages 6+, Foldable, Supports Riders Up To 100KG 220 Lbs",Marketplace,325085320,39.99,39.99,Razor,GBP,1389972.0,1389972.0
"Silentnight Restore Cooling Adult Weighted Blanket, 6.8Kg, 150 x 200 cm",Marketplace,325085323,69.99,69.99,Silentnight,GBP,2432712.0,2432712.0
Charles Bentley Shabby Chic Dark Grey Wall Clock With Thermometer & Hygrometer,Home & Furniture,325085350,26.99,26.99,Charles Bentley,GBP,938118.0,938118.0
Charles Bentley Solid Wooden Teak Steamer Chair/Sun Lounger Garden Furniture,Marketplace,325085359,219.99,219.99,Charles Bentley,GBP,7646412.0,7646412.0
Charles Bentley Hanging Egg Shaped Rattan Swing Chair With Cushion - Grey,Marketplace,325085360,259.99,259.99,Charles Bentley,GBP,9036732.0,9036732.0
Charles Bentley FSC Wooden Furniture Oval Table,Marketplace,325085361,134.99,134.99,Charles Bentley,GBP,4691982.0,4691982.0
Charles Bentley Rustic 5 Piece Wrought Iron Outdoor Bistro Set - Grey,"Garden, DIY & Car Care",325085363,254.99,254.99,Charles Bentley,GBP,8862942.0,8862942.0
Charles Bentley 3x3m Polyester Gazebo Green/Stripe Showerproof,Marketplace,325085365,31.99,31.99,Charles Bentley,GBP,1111908.0,1111908.0
Charles Bentley 8M X 4M Garden Large Marquee Wedding/Party Tent Gazebo - White Showerproof,Marketplace,325085366,287.99,287.99,Charles Bentley,GBP,10009956.0,10009956.0
Charles Universal Gas Charcoal Premium BBQ Cover Polyester Canvas Small 2 Burner,Marketplace,325085367,17.99,17.99,Charles Bentley,GBP,625296.0,625296.0
Charles Bentley Universal Waterproof Gas Charcoal BBQ Cover Large 4-5 Burner,"Garden, DIY & Car Care",325085368,23.99,23.99,Charles Bentley,GBP,833844.0,833844.0
Charles Bentley Bbq Waterproof Gas Charcoal Premium Bbq Cover Extra Large,"Garden, DIY & Car Care",325085369,35.99,35.99,Charles Bentley,GBP,1250940.0,1250940.0
Charles Bentley BBQ Pizza Box with Thermometer - H12.1 x L41.5 x W36.3cm,Marketplace,325085372,47.99,47.99,Charles Bentley,GBP,1668036.0,1668036.0
Charles Bentley Decorative Large Outdoor Arch Mirror - Grey,Marketplace,325085373,64.99,64.99,Charles Bentley,GBP,2258922.0,2258922.0
Charles Bentley Garden Berlin Arch Mirror Suitable For Indoor Use,Marketplace,325085376,69.99,69.99,Charles Bentley,GBP,2432712.0,2432712.0
Charles Bentley 56cm Round Outdoor Garden Patio Fire Pit Heater Open Bowl - Black,Marketplace,325085378,36.99,36.99,Charles Bentley,GBP,1285698.0,1285698.0
Charles Bentley Kids Children Outdoor Hexagonal FSC Wood Sand Pit Box Play,Marketplace,325085379,71.99,71.99,Charles Bentley,GBP,2502228.0,2502228.0
Charles Bentley Kids Square FSC Wood Sand Pit With Seat Benches,Marketplace,325085380,98.99,98.99,Charles Bentley,GBP,3440694.0,3440694.0
Charles Bentley FSC Wooden Single Tall Log Store Firewood Garden Storage Unit,Marketplace,325085381,144.99,144.99,Charles Bentley,GBP,5039562.0,5039562.0
Charles Bentley Plastic Storage Garden Shed 6.3ft x 6.2ft Grey Med Roof Outdoor,Marketplace,325085382,399.99,399.99,Charles Bentley,GBP,13902852.0,13902852.0
Charles Bentley 1170L Outdoor Garden Storage Cabinet - Grey and Black,Marketplace,325085383,179.99,179.99,Charles Bentley,GBP,6256092.0,6256092.0
Charles Bentley FSC Wooden Storage Shed - Grey H190 x D56 x W86cm Tall Outdoor,"Garden, DIY & Car Care",325085384,169.99,169.99,Charles Bentley,GBP,5908512.0,5908512.0
Niece Birthday Card - Balloons,Marketplace,325085467,3.2,3.2,UK Greetings,GBP,111226.0,111226.0
Charles Bentley 37.5Kg Square Concrete Parasol Base Umbrella Stand With Wheels,Marketplace,325085484,74.99,74.99,Charles Bentley,GBP,2606502.0,2606502.0
Wife Birthday Card - Birds,Marketplace,325085497,3.2,3.2,UK Greetings,GBP,111226.0,111226.0
Son & Daughter-In-Law Wedding Card - Geo frame,Marketplace,325085574,5.0,5.0,UK Greetings,GBP,173790.0,173790.0
"Girl Birth Congratulations Card - Laser Cut, Welcome",Marketplace,325085591,3.75,3.75,UK Greetings,GBP,130342.0,130342.0
Charles Bentley 15Kg Round Granite Parasol Base Stone Umbrella Stand,"Garden, DIY & Car Care",325085592,34.99,34.99,Charles Bentley,GBP,1216182.0,1216182.0
LAV Fiesta Pina Colada Glasses - 390ml - Pack of 6,Marketplace,325085719,13.99,13.99,LAV,GBP,486264.0,486264.0
Duralex Lys Stacking Glass Cooking / Ingredients / Food Bowl - 10.5cm | Clear | Clear,Marketplace,325085720,6.99,6.99,Duralex,GBP,242958.0,242958.0
"Duralex Oven Chef Glass Ramekins for Creme Brulee, Desserts - 10cm - Pack of 4",Marketplace,325085722,12.99,12.99,Duralex,GBP,451506.0,451506.0
Harbour Housewares Vintage Metal Kitchen Cake Tin - Cream,Marketplace,325085724,12.99,12.99,Harbour Housewares,GBP,451506.0,451506.0
Argon Tableware Enamel Baking Tray - Coloured Rim - Lightweight Metal Rectangular Enamel Oven Tray Kitchen Bakeware Flat Cooking Pan | White | Blue Rim,Marketplace,325085725,14.99,14.99,Argon Tableware,GBP,521022.0,521022.0
Argon Tableware 300ml Stainless Steel Flour Shaker - Kitchen Baking Icing Sugar Cocoa Powder Coffee Sieve Sifter Duster Dredger,Marketplace,325085726,7.99,7.99,Argon Tableware,GBP,277716.0,277716.0
Harbour Housewares 56cm Steel Fire Pit - Outdoor Garden Patio Fire Bowl Brazier Heater Stove for Wood Log Charcoal Burning,Marketplace,325085727,32.99,32.99,Harbour Housewares,GBP,1146666.0,1146666.0
Rink Drink Glass Drinks Dispenser with Tap & Chrome Stand - 8.7L,Marketplace,325085737,25.99,25.99,Rink Drink,GBP,903360.0,903360.0
Harbour Housewares 4 Person Folding Trestle Bench - White | White | White,Marketplace,325085738,25.99,25.99,Harbour Housewares,GBP,903360.0,903360.0
Harbour Housewares 146cm Metal Garden Torches - Cylinder - Outdoor Lighting Oil Fuel Lamp Candle Flame Lantern | Black | Black | 6,Marketplace,325085740,47.99,47.99,Harbour Housewares,GBP,1668036.0,1668036.0
Nicola Spring Soy Wax Scented Candle - 130g - Green Pomelo & Passion Fruit | Grey | Grey,Marketplace,325085746,9.99,9.99,Nicola Spring,GBP,347232.0,347232.0
Nicola Spring Ceramic Dipped Dash Coffee Mugs - 475ml - Blue - Pack of 6 | Blue | Blue | 6,Marketplace,325085750,18.99,18.99,Nicola Spring,GBP,660054.0,660054.0
Nicola Spring Ceramic Dipped Dash Coffee Mugs - 475ml - Sage - Pack of 6 | Green | Sage,Marketplace,325085751,18.99,18.99,Nicola Spring,GBP,660054.0,660054.0
Harbour Housewares Glass Top Garden Table - Glass Top Outdoor Patio Coffee Bistro Furniture - 90 x 90cm - Black,Marketplace,325085752,45.99,45.99,Harbour Housewares,GBP,1598520.0,1598520.0
Argon Tableware Glass Storage Jars - 1 Litre - Set of 3 - 4 Colour Seals Airtight Kitchen Storage Container Preserving Jar,Marketplace,325085753,10.99,10.99,Argon Tableware,GBP,381990.0,381990.0
Argon Tableware Square Glass Storage Jars with Wooden Lids - 680ml - Pack of 3,Marketplace,325085754,15.99,15.99,Argon Tableware,GBP,555780.0,555780.0
Argon Tableware Square Glass Storage Jars with Wooden Lids - 1.1 Litre - Pack of 3,Marketplace,325085755,17.99,17.99,Argon Tableware,GBP,625296.0,625296.0
Argon Tableware Glass Jam Jars with Lids - 42ml - Pack of 6,Marketplace,325085756,8.99,8.99,Argon Tableware,GBP,312474.0,312474.0
Argon Tableware Glass Storage Jars - Gold Lid - 2 Litre - Modern Round Scandi Organisation Container Glass Jar - Set of 3,Marketplace,325085757,17.99,17.99,Argon Tableware,GBP,625296.0,625296.0
Argon Tableware Glass Storage Jars - Leather Loop Lid - 2 Litre - Modern Round Scandi Organisation Container Glass Jar - Set of 3,Marketplace,325085758,20.99,20.99,Argon Tableware,GBP,729570.0,729570.0
Harbour Housewares Metallic Vanity Mirror - Adjustable Tilt Dressing Table Mirror Sleek Modern Makeup Mirror | Black | Black | 39 x 22cm | 1,Marketplace,325085761,15.99,15.99,Harbour Housewares,GBP,555780.0,555780.0
Harbour Housewares Wooden Garden Parasol & Base Set - 2.7m - Natural,Marketplace,325085764,57.99,57.99,Harbour Housewares,GBP,2015616.0,2015616.0
Argon Tableware Heart Slate Coasters - 10cm - Pack of 6,Marketplace,325085765,10.99,10.99,Argon Tableware,GBP,381990.0,381990.0
Argon Tableware Modular Slate Table Runner - 50 x 25cm - Natural Slate Dining Table Mat Decorative Dinner Centre Piece Platter | Black | Black | One Size | 1,Marketplace,325085766,14.99,14.99,Argon Tableware,GBP,521022.0,521022.0
Argon Tableware 12pc Round Placemats & Coasters Set - Woven Typha Kitchen Dining Table Mats Drinks Coaster Protector Mats | Brown | Brown | One Size | 12,Marketplace,325085767,18.99,18.99,Argon Tableware,GBP,660054.0,660054.0
Harbour Housewares Metal Beach Parasol with Green Base - 1.8m  - Yellow Stripe,Marketplace,325085768,28.99,28.99,Harbour Housewares,GBP,1007634.0,1007634.0
"OHS Seersucker Duvet Cover with Pillowcase Set, Single - White",Marketplace,325085769,15.99,15.99,OHS,GBP,555780.0,555780.0
"OHS Seersucker Duvet Cover with Pillowcase Set, King - White",Marketplace,325085770,20.99,20.99,OHS,GBP,729570.0,729570.0
"OHS Seersucker Duvet Cover with Pillowcase Set, Super King - White",Marketplace,325085771,24.99,24.99,OHS,GBP,868602.0,868602.0
"OHS Weighted Blanket 4kg Quilted, 125x150cm - Blush Pink",Marketplace,325085772,16.99,16.99,OHS,GBP,590538.0,590538.0
"OHS Weighted Blanket 4kg Quilted, 125x150cm - Silver",Marketplace,325085774,16.99,16.99,OHS,GBP,590538.0,590538.0
"OHS Weighted Blanket 4kg Quilted, 125x150cm - Navy Blue",Marketplace,325085775,16.99,16.99,OHS,GBP,590538.0,590538.0
"OHS Weighted Blanket 6kg Quilted, 125x180cm - Navy Blue",Marketplace,325085777,19.99,19.99,OHS,GBP,694812.0,694812.0
"OHS Seersucker Duvet Cover with Pillowcase Set, Double - White",Marketplace,325085778,18.99,18.99,OHS,GBP,660054.0,660054.0
Goki Ride-on Navy Blue Car,Marketplace,325085780,149.99,149.99,Goki,GBP,5213352.0,5213352.0
Goki Ride-on Aeroplane,Marketplace,325085782,149.99,149.99,Goki,GBP,5213352.0,5213352.0
Goki Ride-on Black Car,Marketplace,325085783,149.99,149.99,Goki,GBP,5213352.0,5213352.0
Goki Ride-on Silver Car,Marketplace,325085784,149.99,149.99,Goki,GBP,5213352.0,5213352.0
Goki Ride-on Red Car,Marketplace,325085785,149.99,149.99,Goki,GBP,5213352.0,5213352.0
Rollplay Mini Countryman 12 Volt Premium Car with Remote Control  - Green,Marketplace,325086125,399.99,399.99,Rollplay,GBP,13902852.0,13902852.0
Rollplay Mini Cooper S Roadster 6 Volt Car with Remote Control - Red,Marketplace,325086127,249.99,249.99,Rollplay,GBP,8689152.0,8689152.0
Razor A5 LUX Scooter - Pink,Marketplace,325086133,109.99,109.99,Razor,GBP,3823032.0,3823032.0
Razor A5 LUX Scooter - Blue,Marketplace,325086135,109.99,109.99,Razor,GBP,3823032.0,3823032.0
"Razor Flashback Kick Scooter  12 Inch Mag Wheels with Air-filled Tyres, Dual Hand-Operated Brakes, BMX Style Scooter for Kids and Teens",Marketplace,325086139,149.99,149.99,Razor,GBP,5213352.0,5213352.0
Razor PowerCore E90 Electric Scooter for Kids - Blue,Marketplace,325086144,169.99,169.99,Razor,GBP,5908512.0,5908512.0
Razor PowerCore E90 Electric Scooter for Kids - Green,Marketplace,325086146,169.99,169.99,Razor,GBP,5908512.0,5908512.0
Razor Electric Vapor Pocket Mod 24 Volt Electric- Black,Marketplace,325086150,449.99,449.99,Razor,GBP,15640752.0,15640752.0
smarTrike Extend 3 Stage Scooter - Orange,Marketplace,325086151,160.0,160.0,smarTrike Xtend,GBP,5561280.0,5561280.0
Paradiso Bag of Play Sand 15kg,Marketplace,325086156,24.99,24.99,Paradiso,GBP,868602.0,868602.0
Razor Electric Dirt Rocket MX125 12 Volt Pink,Marketplace,325086159,299.99,299.99,Razor,GBP,10427052.0,10427052.0
Razor Electric Pocket Mod Petit 12 Volt -  Blue,Marketplace,325086162,299.99,299.99,Razor,GBP,10427052.0,10427052.0
Nikko Nano VaporizR 3 Neon Green Remote Control Car,Toys & Games,325086164,89.99,89.99,Nikko,GBP,3127872.0,3127872.0
Nikko Race Buggies - Turbo Panther Remote Control Car,Marketplace,325086165,89.99,89.99,Nikko,GBP,3127872.0,3127872.0
Winfun Smart Touch and Learn Activity Desk with Stool,Toys & Games,325086172,119.99,119.99,Winfun,GBP,4170612.0,4170612.0
Winfun Walker Ride-On Learning Train,Marketplace,325086174,49.99,49.99,Winfun,GBP,1737552.0,1737552.0
Winfun Little Builder Tool Set,Marketplace,325086175,29.99,29.99,Winfun,GBP,1042392.0,1042392.0
Rolly JCB Mobile 360 Degree Excavator,Marketplace,325086176,69.99,69.99,Rolly,GBP,2432712.0,2432712.0
Rolly Caterpillar Mobile 360 Degree Excavator,Marketplace,325086180,69.99,69.99,Rolly,GBP,2432712.0,2432712.0
Rolly Green Water Tanker With Pump and Spray Gun,Marketplace,325086182,49.99,49.99,Rolly,GBP,1737552.0,1737552.0
Winfun 6-in-1 Live Band,Marketplace,325086188,59.99,59.99,Winfun,GBP,2085132.0,2085132.0
Rink Drink Glass Drinks Dispenser with Tap & Black Stand - 8.7L,Marketplace,325086316,22.99,22.99,Rink Drink,GBP,799086.0,799086.0
Rink Drink Glass Drinks Dispenser with Tap & Chrome Stand - 6.5L,Marketplace,325086319,21.99,21.99,Rink Drink,GBP,764328.0,764328.0
Rink Drink Glass Drinks Dispenser with Tap & Black Stand - 6.5L,Marketplace,325086320,24.99,24.99,Rink Drink,GBP,868602.0,868602.0
LAV Zen+ Coloured Base Glass Coffee Mugs - 225ml - Multicolour - Pack of 6 | Multi | Multicolour,Marketplace,325086321,14.99,14.99,LAV,GBP,521022.0,521022.0
LAV Aras Coloured Highball Glasses - 365ml - 6 Colours - Pack of 6,Marketplace,325086323,16.99,16.99,LAV,GBP,590538.0,590538.0
LAV Adora Coloured Highball Glasses - 390ml - 6 Colours - Pack of 6 | Multi | Multi,Marketplace,325086324,13.99,13.99,LAV,GBP,486264.0,486264.0
LAV Tokyo Highball Glasses - 395ml - Clear - Pack of 6,Marketplace,325086325,11.99,11.99,LAV,GBP,416748.0,416748.0
LAV Tokyo Whiskey Glasses - 330ml - Clear - Pack of 6 | Clear | Clear,Marketplace,325086326,11.99,11.99,LAV,GBP,416748.0,416748.0
Rink Drink Short Stem Gin Glasses - 525ml - Pack of 6,Marketplace,325086335,31.99,31.99,Rink Drink,GBP,1111908.0,1111908.0
LAV Terra Whiskey Glasses - 475ml - Clear - Pack of 6 | Clear | Clear,Marketplace,325086337,12.99,12.99,LAV,GBP,451506.0,451506.0
Duralex Versailles Glass Coffee Mugs - 260ml  - Amber - Pack of 6 | Yellow | Amber,Marketplace,325086338,18.99,18.99,Duralex,GBP,660054.0,660054.0
LAV Nevakar Champagne Flutes - 195ml - Clear - Pack of 6,Marketplace,325086340,12.99,12.99,LAV,GBP,451506.0,451506.0
Argon Tableware Corto Stemless Champagne Flutes - 230ml - Pack of 6,Marketplace,325086342,14.99,14.99,Argon Tableware,GBP,521022.0,521022.0
Bormioli Rocco America '20s Champagne Saucers - 230ml - Clear - Pack of 6,Marketplace,325086343,33.99,33.99,Bormioli Rocco,GBP,1181424.0,1181424.0
Nicola Spring Meknes 325ml Highball Glasses - Hand-Blown Moroccan Recycled Water Juice Drinking Glasses - Clear Glass - Set of 6 | Clear | Clear | 325ml: 12 x 7.5 x 7.5 CM | 6,Marketplace,325086347,21.99,21.99,Nicola Spring,GBP,764328.0,764328.0
RCR Crystal Orchestra Cut Glass DOF Double Old Fashioned Whiskey Glasses Tumblers Set - 340ml - Pack of 6 | Clear | Clear,Marketplace,325086351,22.99,22.99,RCR,GBP,799086.0,799086.0
RCR Crystal Melodia Whisky Glasses - 340ml - Pack of 6 | Clear | Clear,Marketplace,325086353,24.99,24.99,RCR,GBP,868602.0,868602.0
Rink Drink 305ml Coloured Water Glasses - 6 Colours - Drinking Glasses Tumblers Stackable Glasses Dishwasher Safe | Clear,Marketplace,325086354,18.99,18.99,Rink Drink,GBP,660054.0,660054.0
RCR Crystal Orchestra Cut Glass Champagne Flutes Glasses Set - 200ml - Pack of 6,Marketplace,325086357,22.99,22.99,RCR,GBP,799086.0,799086.0
LAV Sude Highball Glasses - 415ml - Clear,Marketplace,325086360,11.99,11.99,LAV,GBP,416748.0,416748.0
"Duralex 6 Piece Picardie Drinking Tumbler Glasses Set - Tempered Glass Tumblers for Water, Juice, Whisky - 3 Colours - 250ml | Multi | Multi-Coloured",Marketplace,325086361,16.99,16.99,Duralex,GBP,590538.0,590538.0
LAV Sorgum Pilsner Beer Glasses - 380ml - Clear - Pack of 6 | Clear | Clear,Marketplace,325086363,13.99,13.99,LAV,GBP,486264.0,486264.0
Nicola Spring Merzouga Recycled Glass Tumblers - 200ml - Blue - Pack of 6 | Blue | Blue | 6,Marketplace,325086364,16.99,16.99,Nicola Spring,GBP,590538.0,590538.0
Nicola Spring Meknes 325ml Highball Glasses - Hand-Blown Moroccan Recycled Water Juice Drinking Glasses - Green Glass - Set of 6 | Green | Green | 325ml: 12 x 7.5 x 7.5 CM | 6,Marketplace,325086367,21.99,21.99,Nicola Spring,GBP,764328.0,764328.0
Nicola Spring Meknes 215ml Glass Tumblers - Hand-Blown Moroccan Recycled Whisky Water Drinking Glasses - Blue Glass - Set of 6 | Blue | Blue | 215ml: 9 x 7 x 7 CM | 6,Marketplace,325086368,17.99,17.99,Nicola Spring,GBP,625296.0,625296.0
Rink Drink 200ml Double Walled Glasses Set - Set of 2 - Heat Resistant Tumbler Cups Insulated Glass Drinking Glasses | Clear | Clear | One Size | 2,Marketplace,325086369,10.99,10.99,Rink Drink,GBP,381990.0,381990.0
Nicola Spring Meknes 215ml Glass Tumblers - Hand-Blown Moroccan Recycled Whisky Water Drinking Glasses - Green Glass - Set of 6 | Green | Green | 215ml: 9 x 7 x 7 CM | 6,Marketplace,325086372,17.99,17.99,Nicola Spring,GBP,625296.0,625296.0
LAV Venue Red Wine Glasses - 340ml - Clear - Pack of 6,Marketplace,325086373,15.99,15.99,LAV,GBP,555780.0,555780.0
LAV Nora Highball Glasses - 325ml - Pack of 6,Marketplace,325086375,12.99,12.99,LAV,GBP,451506.0,451506.0
Nicola Spring Merzouga Recycled Glass Tumblers - 260ml - Blue - Pack of 6 | Blue | Blue | 6,Marketplace,325086376,18.99,18.99,Nicola Spring,GBP,660054.0,660054.0
LAV Venue Glass Champagne Flutes - 220ml - Clear - Pack of 6,Marketplace,325086377,14.99,14.99,LAV,GBP,521022.0,521022.0
Bormioli Rocco Florian Champagne Flutes - 210ml - Blue - Pack of 6,Marketplace,325086378,30.99,30.99,Bormioli Rocco,GBP,1077150.0,1077150.0
LAV Odin Highball Glasses - 356ml - Clear - Pack of 6 | Clear | Clear,Marketplace,325086379,14.99,14.99,LAV,GBP,521022.0,521022.0
RCR Crystal Orchestra Cut Glass Highball Cocktail Glasses Tumblers Set - 396ml - Pack of 6 | Clear | Clear,Marketplace,325086381,22.99,22.99,RCR,GBP,799086.0,799086.0
Nicola Spring Merzouga Recycled Glass Tumblers - 260ml - Clear - Pack of 6 | Clear | Clear | 6,Marketplace,325086384,18.99,18.99,Nicola Spring,GBP,660054.0,660054.0
Nicola Spring Merzouga Recycled Highball Glasses - 320ml - Blue - Pack of 6 | Blue | Blue | 6,Marketplace,325086385,19.99,19.99,Nicola Spring,GBP,694812.0,694812.0
RCR Crystal  Orchestra Wine Glasses - 290ml - Clear - Pack of 6,Marketplace,325086389,22.99,22.99,RCR,GBP,799086.0,799086.0
LAV Terra Tumbler Glasses - 360ml - Clear - Pack of 6 | Clear | Clear,Marketplace,325086390,12.99,12.99,LAV,GBP,451506.0,451506.0
Nicola Spring Merzouga Recycled Glass Tumblers - 260ml - Green - Pack of 6 | Green | Green | 6,Marketplace,325086391,18.99,18.99,Nicola Spring,GBP,660054.0,660054.0
LAV Vega Highball Glasses - 415ml - Clear - Pack of 6,Marketplace,325086392,12.99,12.99,LAV,GBP,451506.0,451506.0
Nicola Spring Meknes 215ml Glass Tumblers - Hand-Blown Moroccan Recycled Whisky Water Drinking Glasses - Clear Glass - Set of 6 | Clear | Clear | 215ml: 9 x 7 x 7 CM | 6,Marketplace,325086393,17.99,17.99,Nicola Spring,GBP,625296.0,625296.0
LAV Vega Water Glasses - 340ml - Clear - Pack of 6 | Clear | Clear,Marketplace,325086394,11.99,11.99,LAV,GBP,416748.0,416748.0
Nicola Spring Meknes 325ml Highball Glasses - Hand-Blown Moroccan Recycled Water Juice Drinking Glasses - Blue Glass - Set of 6 | Blue | Blue | 325ml: 12 x 7.5 x 7.5 CM | 6,Marketplace,325086395,21.99,21.99,Nicola Spring,GBP,764328.0,764328.0
RCR Crystal Melodia Red Wine Glasses - 270ml - Pack of 6,Marketplace,325086398,24.99,24.99,RCR,GBP,868602.0,868602.0
LAV Keops Whisky Glasses - 345ml - Clear - Pack of 6 | Clear | Clear,Marketplace,325086399,11.99,11.99,LAV,GBP,416748.0,416748.0
LAV Misket Martini Glasses - 175ml - Pack of 6,Marketplace,325086403,13.99,13.99,LAV,GBP,486264.0,486264.0
LAV Sude Highball Glasses - 315ml - Clear - Pack of 6 | Clear | Clear,Marketplace,325086404,9.99,9.99,LAV,GBP,347232.0,347232.0
LAV Odin Whiskey Glasses - 330ml - Clear - Pack of 6 | Clear | Transparent,Marketplace,325086405,12.99,12.99,LAV,GBP,451506.0,451506.0
LAV Lal Sherry Glasses - 80ml - Clear - Pack of 6,Marketplace,325086406,11.99,11.99,LAV,GBP,416748.0,416748.0
LAV Nevakar Hurricane Beer Glasses - 385ml - Clear - Pack of 6 | Clear | Clear,Marketplace,325086409,13.99,13.99,LAV,GBP,486264.0,486264.0
LAV Vega Glass Coffee Mugs - 300ml - Clear - Pack of 6 | Clear | Transparent | 6,Marketplace,325086410,13.99,13.99,LAV,GBP,486264.0,486264.0
LAV Nevakar White Wine Glasses - 240ml - Clear - Pack of 6,Marketplace,325086411,12.99,12.99,LAV,GBP,451506.0,451506.0
LAV Helen Stacking Highball Glasses - 400ml - Pack of 6,Marketplace,325086412,13.99,13.99,LAV,GBP,486264.0,486264.0
LAV Gaia Stemless White Wine Glasses - 360ml - Clear - Pack of 6 | Clear,Marketplace,325086413,11.99,11.99,LAV,GBP,416748.0,416748.0
LAV Misket Craft Beer Glasses - 400ml - Clear - Pack of 6,Marketplace,325086414,13.99,13.99,LAV,GBP,486264.0,486264.0
LAV Misket Gin & Tonic Glasses - 645ml - Clear - Pack of 6,Marketplace,325086417,16.99,16.99,LAV,GBP,590538.0,590538.0
LAV Nevakar Red Wine Glasses  - 320ml - Clear - Pack of 6,Marketplace,325086418,13.99,13.99,LAV,GBP,486264.0,486264.0
LAV Misket Magarita Glasses - 300ml - Pack of 6,Marketplace,325086419,14.99,14.99,LAV,GBP,521022.0,521022.0
LAV Fiesta Pina Colada Glasses - 460ml - Clear - Pack of 6,Marketplace,325086420,15.99,15.99,LAV,GBP,555780.0,555780.0
LAV Gaia Stemless Red Wine Glasses - 475ml - Clear - Pack of 6 | Clear,Marketplace,325086421,10.99,10.99,LAV,GBP,381990.0,381990.0
LAV 12 Piece Keops Glassware Set - Clear | Clear | Clear,Marketplace,325086422,17.99,17.99,LAV,GBP,625296.0,625296.0
LAV Misket White Wine Glasses - 170ml - Pack of 6,Marketplace,325086423,12.99,12.99,LAV,GBP,451506.0,451506.0
LAV Noniq Pint Beer Glasses - 570ml - Clear - Pack of 6 | Clear | Clear,Marketplace,325086424,12.99,12.99,LAV,GBP,451506.0,451506.0
LAV Misket Red Wine Glasses - 365ml - Pack of 6,Marketplace,325086425,13.99,13.99,LAV,GBP,486264.0,486264.0
LAV Helen Stacking Whisky Glasses - 325ml - Pack of 6,Marketplace,325086426,12.99,12.99,LAV,GBP,451506.0,451506.0
LAV Liberty Highball Glasses - 360ml - Clear - Pack of 6 | Clear | Transparent,Marketplace,325086427,11.99,11.99,LAV,GBP,416748.0,416748.0
LAV Lal Highball Glasses - 480ml - Clear - Pack of 6 | Clear | Transparent,Marketplace,325086429,12.99,12.99,LAV,GBP,451506.0,451506.0
LAV Galata Stacking Tumbler Glasses - 285ml - Clear - Pack of 6 | Clear | Clear,Marketplace,325086430,10.99,10.99,LAV,GBP,381990.0,381990.0
LAV Nevakar White Wine Glasses - 200ml - Clear,Marketplace,325086432,12.99,12.99,LAV,GBP,451506.0,451506.0
LAV Misket Glass Champagne Saucers - 235ml - Pack of 6,Marketplace,325086433,13.99,13.99,LAV,GBP,486264.0,486264.0
LAV  Keops Highball Glasses - 460ml - Clear | Clear | Clear,Marketplace,325086434,12.99,12.99,LAV,GBP,451506.0,451506.0
LAV Misket Brandy Snifter Glasses - 390ml - Clear - Pack of 6 | Clear | Clear,Marketplace,325086435,13.99,13.99,LAV,GBP,486264.0,486264.0
LAV Empire Red Wine Glasses - 590ml - Pack of 6,Marketplace,325086437,16.99,16.99,LAV,GBP,590538.0,590538.0
LAV Elegan Shot Glasses - 80ml - Clear - Pack of 6 | Clear | Transparent,Marketplace,325086439,9.99,9.99,LAV,GBP,347232.0,347232.0
LAV Empire Whiskey Glasses - 405ml - Clear - Pack of 6 | Clear | Clear,Marketplace,325086440,12.99,12.99,LAV,GBP,451506.0,451506.0
LAV Brit Highball Glasses - 356ml - Clear - Pack of 6 | Clear | Clear,Marketplace,325086441,13.99,13.99,LAV,GBP,486264.0,486264.0
LAV Elegan Whisky Glasses - 315ml - Clear - Pack of 6 | Clear | Transparent,Marketplace,325086443,11.99,11.99,LAV,GBP,416748.0,416748.0
LAV Elegan Highball Glasses - 370ml - Clear - Pack of 6 | Clear | Clear,Marketplace,325086446,12.99,12.99,LAV,GBP,451506.0,451506.0
LAV Empire White Wine Glasses - 205ml - Pack of 6,Marketplace,325086447,12.99,12.99,LAV,GBP,451506.0,451506.0
LAV Aras Whisky Glasses - 305ml - Clear - Pack of 6 | Clear | Clear,Marketplace,325086448,11.99,11.99,LAV,GBP,416748.0,416748.0
LAV Bodega Whisky Glasses - 240ml - Clear - Pack of 6 | Clear | Clear,Marketplace,325086452,10.99,10.99,LAV,GBP,381990.0,381990.0
LAV Derin Turkish Tea Glass Saucers - 13cm - Clear - Pack of 6 | Clear | Transparent,Marketplace,325086459,9.99,9.99,LAV,GBP,347232.0,347232.0
LAV Ella Whisky Glasses - 370ml - Clear - Pack of 6,Marketplace,325086460,11.99,11.99,LAV,GBP,416748.0,416748.0
LAV Empire Snifter Beer Glasses - 590ml - Clear - Pack of 6 | Clear | Clear,Marketplace,325086462,16.99,16.99,LAV,GBP,590538.0,590538.0
LAV Ada Highball Glasses - 315ml - Clear - Pack of 6,Marketplace,325086463,11.99,11.99,LAV,GBP,416748.0,416748.0
LAV Ella Highball Glasses - 495ml - Clear - Pack of 6 | Clear | Clear,Marketplace,325086465,12.99,12.99,LAV,GBP,451506.0,451506.0
LAV Bardi Willi Becher Beer Glasses - 370ml - Clear - Pack of 6 | Clear | Clear,Marketplace,325086466,10.99,10.99,LAV,GBP,381990.0,381990.0
Duralex Picardie Glass Tumblers - 250ml - Plum - Pack of 4 | Purple | Plum,Marketplace,325086467,15.99,15.99,Duralex,GBP,555780.0,555780.0
LAV Brit Whiskey Glasses - 325ml - Clear - Pack of 6 | Clear | Clear,Marketplace,325086468,13.99,13.99,LAV,GBP,486264.0,486264.0
BillyCan Hand-Painted Picnic Cups - 300ml - Carbon Peony | Grey,Marketplace,325086469,37.99,37.99,Billy Can,GBP,1320456.0,1320456.0
LAV Ada Shot Glasses - 150ml - Clear - Pack of 6 | Clear | Clear,Marketplace,325086472,10.99,10.99,LAV,GBP,381990.0,381990.0
LAV Aras Water Glasses - 200ml - Clear - Pack of 6 | Clear | Clear,Marketplace,325086473,10.99,10.99,LAV,GBP,381990.0,381990.0
LAV Diamond Highball Glasses - 215ml - Clear - Pack of 6 | Clear | Transparent,Marketplace,325086475,10.99,10.99,LAV,GBP,381990.0,381990.0
LAV Aras Highball Glasses - 300ml - Clear - Pack of 12 | Clear | Clear,Marketplace,325086476,12.99,12.99,LAV,GBP,451506.0,451506.0
Nicola Spring White Farmhouse Espresso Cups - 90ml - Pack of 6 | White | White,Marketplace,325086477,14.99,14.99,Nicola Spring,GBP,521022.0,521022.0
Argon Tableware White Enamel Espresso Cups - 130ml - Green - Pack of 6 | Green | Green,Marketplace,325086478,13.99,13.99,Argon Tableware,GBP,486264.0,486264.0
"Duralex 6 Piece Picardie Drinking Tumbler Glasses Set - Tempered Glass Tumblers for Water, Juice, Whisky - Grey - 250ml | Grey | Grey",Marketplace,325086479,18.99,18.99,Duralex,GBP,660054.0,660054.0
LAV Diamond Shot Glasses - 80ml - Clear - Pack of 6 | Clear | Clear,Marketplace,325086483,9.99,9.99,LAV,GBP,347232.0,347232.0
Nicola Spring 270ml Farmhouse Teacups - Set of 6 Porcelain Tea Cups Rustic Cottage Drinkware with Rolled Rim & Comfort Handle | White | White/Blue Rim | One Size | 6,Marketplace,325086487,22.99,22.99,Nicola Spring,GBP,799086.0,799086.0
LAV Bodega Water Glasses - 345ml - Clear - Pack of 6 | Clear | Clear,Marketplace,325086491,10.99,10.99,LAV,GBP,381990.0,381990.0
Duralex Picardie Glass Tumblers - 250ml - Jungle Green - Pack of 6,Marketplace,325086492,18.99,18.99,Duralex,GBP,660054.0,660054.0
LAV Angelina Tulip Beer Glasses - 570ml - Clear - Pack of 6 | Clear | Clear,Marketplace,325086493,15.99,15.99,LAV,GBP,555780.0,555780.0
Duralex Lys Tumbler Glasses - 210ml - Amber - Pack of 6 | Yellow | Transparent,Marketplace,325086495,14.99,14.99,Duralex,GBP,521022.0,521022.0
LAV Bodega Highball Glasses - 520ml - Clear - Pack of 6 | Clear | Clear,Marketplace,325086496,12.99,12.99,LAV,GBP,451506.0,451506.0
LAV Artemis Highball Glasses - 415ml - Clear - Pack of 6 | Clear | Clear,Marketplace,325086497,12.99,12.99,LAV,GBP,451506.0,451506.0
LAV Artemis Water Glasses - 340ml - Clear - Pack of 6 | Clear | Clear,Marketplace,325086500,10.99,10.99,LAV,GBP,381990.0,381990.0
LAV Diamond Water Glasses - 215ml - Clear - Pack of 6 | Clear | Clear,Marketplace,325086501,10.99,10.99,LAV,GBP,381990.0,381990.0
Duralex Lys Highball Glasses - 280ml - Clear - Pack of Six | Clear | Clear,Marketplace,325086503,21.99,21.99,Duralex,GBP,764328.0,764328.0
LAV Combinato Gin Glasses - 730ml - Clear - Pack of 6,Marketplace,325086504,16.99,16.99,LAV,GBP,590538.0,590538.0
Duralex Picardie Glass Tumblers - 250ml - Pink - Pack of 4 | Pink | Pink,Marketplace,325086505,15.99,15.99,Duralex,GBP,555780.0,555780.0
"Duralex 12 Piece Picardie Drinking Tumbler Glasses Set - Tempered Glass Tumblers for Water, Juice, Whisky - Grey - 250ml | Grey | Grey",Marketplace,325086509,31.99,31.99,Duralex,GBP,1111908.0,1111908.0
LAV Ada Whisky Glasses - 305ml - Clear - Pack of 6 | Clear | Clear,Marketplace,325086511,12.99,12.99,LAV,GBP,451506.0,451506.0
Duralex Picardie Glass Tumblers - 250ml - Sapphire - Pack of 6 | Blue | Sapphire,Marketplace,325086512,18.99,18.99,Duralex,GBP,660054.0,660054.0
Nicola Spring Farmhouse Teacup Saucers - Set of 6 White Porcelain Rustic Country Cottage Tea & Coffee Cup Plates with Rolled Rims | White | White/Blue Rim | One Size | 6,Marketplace,325086514,19.99,19.99,Nicola Spring,GBP,694812.0,694812.0
Argon Tableware White Enamel Espresso Cups - 130ml - Black - Pack of 6 | Black | Black,Marketplace,325086515,13.99,13.99,Argon Tableware,GBP,486264.0,486264.0
Bormioli Rocco Officina 1825 Double Whisky Glasses - 300ml - Pack of 6,Marketplace,325086516,22.99,22.99,Bormioli Rocco,GBP,799086.0,799086.0
Argon Tableware White Enamel Espresso Cups - 130ml - Yellow - Pack of 6 | Yellow | Yellow,Marketplace,325086517,13.99,13.99,Argon Tableware,GBP,486264.0,486264.0
Argon Tableware White Enamel Espresso Cups - 130ml - Grey - Pack of 6 | Grey | Grey,Marketplace,325086526,13.99,13.99,Argon Tableware,GBP,486264.0,486264.0
Nicola Spring 12pc Farmhouse Teacups & Saucers Set - 270ml Coffee Cup & Saucer Cappuccino Mugs Latte Drinking Mug Tea Plates,Marketplace,325086528,33.99,33.99,Nicola Spring,GBP,1181424.0,1181424.0
Argon Tableware White Enamel Espresso Cups - 130ml - Red - Pack of 6 | Red | Red,Marketplace,325086530,13.99,13.99,Argon Tableware,GBP,486264.0,486264.0
Bormioli Rocco Officina 1825 Highball Glasses - 475ml - Pack of 6 | Clear | Clear,Marketplace,325086531,26.99,26.99,Bormioli Rocco,GBP,938118.0,938118.0
Nicola Spring White Farmhouse Espresso Saucers - 13cm - Pack of 6 | White | White,Marketplace,325086535,15.99,15.99,Nicola Spring,GBP,555780.0,555780.0
Arden Grange Large Breed Puppy/Junior Food With Fresh Chicken and Rice - 12kg,Marketplace,325086543,50.0,50.0,Arden Grange,GBP,1737900.0,1737900.0
Arden Grange Large Breed Adult Dog Food With Fresh Chicken and Rice - 12kg,Marketplace,325086544,50.0,50.0,Arden Grange,GBP,1737900.0,1737900.0
Arden Grange Senior Dog Food With Fresh Chicken and Rice - 12kg,Marketplace,325086552,50.0,50.0,Arden Grange,GBP,1737900.0,1737900.0
Arden Grange Adult Dog Food With Fresh Salmon and Rice - 12kg,Marketplace,325086554,50.0,50.0,Arden Grange,GBP,1737900.0,1737900.0
Arden Grange Grain Free Light/Senior Dog Food Chicken and Superfoods 12kg,Marketplace,325086558,65.0,65.0,Arden Grange,GBP,2259270.0,2259270.0
Arden Grange Adult Dog Food With Fresh Lamb and Rice - 12kg,Marketplace,325086559,59.99,59.99,Arden Grange,GBP,2085132.0,2085132.0
Arden Grange Puppy/Junior Food With Fresh Chicken and Rice - 12kg,Marketplace,325086561,50.0,50.0,Arden Grange,GBP,1737900.0,1737900.0
Arden Grange Grain Free Adult Dog Food Lamb and Superfoods 12kg,Marketplace,325086563,65.0,65.0,Arden Grange,GBP,2259270.0,2259270.0
Arden Grange Grain Free Adult Dog Food Duck and Superfoods 12kg,Marketplace,325086564,65.0,65.0,Arden Grange,GBP,2259270.0,2259270.0
Arden Grange Adult Dog Food With Fresh Pork and Rice - 12kg,Marketplace,325086565,50.0,50.0,Arden Grange,GBP,1737900.0,1737900.0
Nicola Spring 12 Piece White Farmhouse Espresso Cup & Saucer Set - 90ml | White | White,Marketplace,325086567,22.99,22.99,Nicola Spring,GBP,799086.0,799086.0
Bormioli Rocco Bar Glass Cappuccino Saucers - 14cm - Pack of 6 | Clear | Clear,Marketplace,325086586,15.99,15.99,Bormioli Rocco,GBP,555780.0,555780.0
Bormioli Rocco Bartender Novecento Nick & Nora Glasses - 155ml - Pack of 6,Marketplace,325086589,25.99,25.99,Bormioli Rocco,GBP,903360.0,903360.0
Bormioli Rocco Pulsar Double Old Fashioned Glasses - 390ml - Purple - Pack of 6 | Purple | Purple,Marketplace,325086591,21.99,21.99,Bormioli Rocco,GBP,764328.0,764328.0
Bormioli Rocco Aere Water Glasses - 280ml - Pack of 4 | Clear | Clear,Marketplace,325086600,12.99,12.99,Bormioli Rocco,GBP,451506.0,451506.0
Bormioli Rocco Sorgente Water Glasses - 300ml - Pack of 6 | Clear | Clear,Marketplace,325086605,25.99,25.99,Bormioli Rocco,GBP,903360.0,903360.0
Bormioli Rocco Romantic Wine Glasses - 320ml - Clear - Pack of 6,Marketplace,325086607,28.99,28.99,Bormioli Rocco,GBP,1007634.0,1007634.0
Bormioli Rocco Diamond Water Glasses - 300ml - Clear - Pack of 6 | Clear | Clear,Marketplace,325086608,16.99,16.99,Bormioli Rocco,GBP,590538.0,590538.0
Bormioli Rocco Florian Highball Glasses - 430ml - Clear - Pack of 6,Marketplace,325086610,25.99,25.99,Bormioli Rocco,GBP,903360.0,903360.0
Bormioli Rocco Electra Liqueur Glasses - 190ml - Pack of 6,Marketplace,325086611,33.99,33.99,Bormioli Rocco,GBP,1181424.0,1181424.0
Bormioli Rocco Aere Water Glasses - 280ml - Pack of 6 | Clear | Clear,Marketplace,325086613,15.99,15.99,Bormioli Rocco,GBP,555780.0,555780.0
Bormioli Rocco Sorgente Double Whisky Glasses - 420ml - Pack of 6,Marketplace,325086624,27.99,27.99,Bormioli Rocco,GBP,972876.0,972876.0
Bormioli Rocco Restaurant Liqueur Glasses - 80ml - Pack of 6,Marketplace,325086626,23.99,23.99,Bormioli Rocco,GBP,833844.0,833844.0
Bormioli Rocco America '20s Sherry Glasses - 80ml - Pack of 6,Marketplace,325086628,29.99,29.99,Bormioli Rocco,GBP,1042392.0,1042392.0
Bormioli Rocco Sorgente Highball Glasses - 460ml - Pack of 4 | Clear | Clear,Marketplace,325086633,25.99,25.99,Bormioli Rocco,GBP,903360.0,903360.0
Bormioli Rocco Florian Double Whisky Glasses - 375ml - Clear - Pack of 6 | Clear | Clear,Marketplace,325086634,23.99,23.99,Bormioli Rocco,GBP,833844.0,833844.0
Bormioli Rocco America '20s Highball Glasses - 400ml - Clear - Pack of 6,Marketplace,325086636,24.99,24.99,Bormioli Rocco,GBP,868602.0,868602.0
Bormioli Rocco America '20s Water Glasses - 300ml - Lilac Rose - Pack of 6 | Pink | Lilac Rose,Marketplace,325086637,27.99,27.99,Bormioli Rocco,GBP,972876.0,972876.0
Bormioli Rocco America '20s Highball Glasses - 480ml - Clear - Pack of 6 | Clear | Clear,Marketplace,325086644,26.99,26.99,Bormioli Rocco,GBP,938118.0,938118.0
Bormioli Rocco Bartender Novecento Cocktail Glasses - 250ml - Pack of 6,Marketplace,325086645,28.99,28.99,Bormioli Rocco,GBP,1007634.0,1007634.0
Bormioli Rocco Luna Highball Glasses - 340ml - Pack of 4 | Clear | Clear,Marketplace,325086648,17.99,17.99,Bormioli Rocco,GBP,625296.0,625296.0
Bormioli Rocco America '20s Gin Glasses - 240ml - Clear - Pack of 6,Marketplace,325086653,43.99,43.99,Bormioli Rocco,GBP,1529004.0,1529004.0
Bormioli Rocco America '20s Nick & Nora Glasses - 140ml - Clear - Pack of 6,Marketplace,325086659,29.99,29.99,Bormioli Rocco,GBP,1042392.0,1042392.0
Bormioli Rocco Barglass Highball Glasses - 375ml - Pack of 6 | Clear | Clear,Marketplace,325086660,22.99,22.99,Bormioli Rocco,GBP,799086.0,799086.0
Bormioli Rocco Sour Pineapple Cocktail Glasses - 455ml,Marketplace,325086662,22.99,22.99,Bormioli Rocco,GBP,799086.0,799086.0
Bormioli Rocco America '20s Cocktail Glasses - 250ml - Clear - Pack of 6,Marketplace,325086663,33.99,33.99,Bormioli Rocco,GBP,1181424.0,1181424.0
Bormioli Rocco Officina 1825 Olive Oil Bottle with Pourer - 268ml,Marketplace,325086666,11.99,11.99,Bormioli Rocco,GBP,416748.0,416748.0
Bormioli Rocco America '20s Whisky Glasses - 300ml - Clear - Pack of 6,Marketplace,325086669,24.99,24.99,Bormioli Rocco,GBP,868602.0,868602.0
Bormioli Rocco Barglass Whisky Glasses - 280ml - Pack of 6 | Clear | Clear,Marketplace,325086670,21.99,21.99,Bormioli Rocco,GBP,764328.0,764328.0
Bormioli Rocco Fiore Water Glasses - 365ml - Pack of 6 | Clear | Clear,Marketplace,325086672,19.99,19.99,Bormioli Rocco,GBP,694812.0,694812.0
Bormioli Rocco Barglass Shot Glasses - 65ml - Pack of 6,Marketplace,325086676,15.99,15.99,Bormioli Rocco,GBP,555780.0,555780.0
Bormioli Rocco America '20s Shot Glasses - 80ml - Clear - Pack of 6 | Clear | Clear,Marketplace,325086677,16.99,16.99,Bormioli Rocco,GBP,590538.0,590538.0
Bormioli Rocco Officina 1825 Glass Carafe - 1.2 Litre,Marketplace,325086680,11.99,11.99,Bormioli Rocco,GBP,416748.0,416748.0
Bormioli Rocco America '20s Martini Glasses - 155ml - Clear - Pack of 6,Marketplace,325086681,29.99,29.99,Bormioli Rocco,GBP,1042392.0,1042392.0
Bormioli Rocco Aquaria Glass Carafe - 1.2 Litre,Marketplace,325086682,12.99,12.99,Bormioli Rocco,GBP,451506.0,451506.0
Bormioli Rocco Aquaria Glass Carafe with Cork Lid - 1.2 Litre,Marketplace,325086683,14.99,14.99,Bormioli Rocco,GBP,521022.0,521022.0
Harbour Housewares Plastic Fillable Parasol Base - 20 Litre - Grey,Marketplace,325086686,17.99,17.99,Harbour Housewares,GBP,625296.0,625296.0
Harbour Housewares Metal Beach Parasol & Base Set - 1.74 x 1.93m - Blue Stripe/Grey,Marketplace,325086688,28.99,28.99,Harbour Housewares,GBP,1007634.0,1007634.0
Harbour Housewares Metal Beach Parasol & Base Set - 1.74 x 1.93m - Grey/Grey,Marketplace,325086689,28.99,28.99,Harbour Housewares,GBP,1007634.0,1007634.0
Harbour Housewares Metal Beach Parasol with White Base - 1.8m  - Green Stripe,Marketplace,325086690,28.99,28.99,Harbour Housewares,GBP,1007634.0,1007634.0
Harbour Housewares Wooden Garden Parasol - 2.7m - Black | Black | Black,Marketplace,325086691,38.99,38.99,Harbour Housewares,GBP,1355214.0,1355214.0
Harbour Housewares Metal Beach Parasol with Grey Base - 1.8m  - Green Stripe,Marketplace,325086693,28.99,28.99,Harbour Housewares,GBP,1007634.0,1007634.0
Harbour Housewares Metal Beach Parasol & Base Set - 1.74 x 1.93m - Blue Stripe/White,Marketplace,325086694,28.99,28.99,Harbour Housewares,GBP,1007634.0,1007634.0
Harbour Housewares Metal Beach Parasol & Base Set - 1.74 x 1.93m - Grey/Green,Marketplace,325086695,28.99,28.99,Harbour Housewares,GBP,1007634.0,1007634.0
Harbour Housewares Metal Beach Parasol with Green Base - 1.8m  - Green Stripe,Marketplace,325086696,28.99,28.99,Harbour Housewares,GBP,1007634.0,1007634.0
Harbour Housewares Metal Beach Parasol with Grey Base - 1.8m  - Yellow Stripe,Marketplace,325086697,28.99,28.99,Harbour Housewares,GBP,1007634.0,1007634.0
Harbour Housewares Metal Beach Parasol with Grey Base - 1.8m  - Red Stripe,Marketplace,325086698,28.99,28.99,Harbour Housewares,GBP,1007634.0,1007634.0
Harbour Housewares Metal Beach Parasol with Green Base - 1.8m  - Red Stripe,Marketplace,325086699,28.99,28.99,Harbour Housewares,GBP,1007634.0,1007634.0
Harbour Housewares Wooden Garden Parasol & Base Set - 2.7m - Black,Marketplace,325086701,57.99,57.99,Harbour Housewares,GBP,2015616.0,2015616.0
Harbour Housewares Metal Beach Parasol - 1.8m  - Red Stripe,Marketplace,325086703,11.99,11.99,Harbour Housewares,GBP,416748.0,416748.0
Harbour Housewares Wooden Garden Parasol - 2.7m - Green,Marketplace,325086704,38.99,38.99,Harbour Housewares,GBP,1355214.0,1355214.0
Harbour Housewares Wooden Garden Parasol & Base Set - 2.7m - Green,Marketplace,325086705,57.99,57.99,Harbour Housewares,GBP,2015616.0,2015616.0
Harbour Housewares Wooden Garden Parasol - 2.7m - Grey | Grey | Grey,Marketplace,325086706,38.99,38.99,Harbour Housewares,GBP,1355214.0,1355214.0
Harbour Housewares Metal Beach Parasol - 1.8m  - Yellow Stripe,Marketplace,325086707,11.99,11.99,Harbour Housewares,GBP,416748.0,416748.0
Harbour Housewares Wooden Garden Parasol & Base Set - 2.7m - Grey,Marketplace,325086708,57.99,57.99,Harbour Housewares,GBP,2015616.0,2015616.0
Harbour Housewares Metal Beach Parasol - 1.8m  - Green Stripe | Green | Green Stripe,Marketplace,325086709,11.99,11.99,Harbour Housewares,GBP,416748.0,416748.0
Harbour Housewares Wooden Garden Parasol - 2.7m - Natural,Marketplace,325086710,38.99,38.99,Harbour Housewares,GBP,1355214.0,1355214.0
Harbour Housewares Plastic Fillable Parasol Base - 20 Litre - Green,Marketplace,325086711,17.99,17.99,Harbour Housewares,GBP,625296.0,625296.0
Harbour Housewares Plastic Fillable Parasol Base - 20 Litre - White,Marketplace,325086712,17.99,17.99,Harbour Housewares,GBP,625296.0,625296.0
Harbour Housewares Concrete Garden Parasol Base - 12kg - Black,Marketplace,325086714,26.99,26.99,Harbour Housewares,GBP,938118.0,938118.0
Saturn 1.7L Kettle Grey with Chrome Accents,Marketplace,325086755,29.99,29.99,Tower,GBP,1042392.0,1042392.0
Sera 1.7L 3KW Kettle Grey Smoked Black Trim,Marketplace,325086758,39.99,39.99,Tower,GBP,1389972.0,1389972.0
Renaissance 1.7L 3KW Kettle Grey,Marketplace,325086759,59.99,59.99,Tower,GBP,2085132.0,2085132.0
Charles Bentley Garden Outdoor 6 Piece Rattan Dining Set Grey,"Garden, DIY & Car Care",325086766,679.99,679.99,Charles Bentley,GBP,23635092.0,23635092.0
Charles Bentley FSC Acacia White Washed Wooden Garden Patio Outdoor Bench,Marketplace,325086767,103.99,103.99,Charles Bentley,GBP,3614484.0,3614484.0
Charles Bentley FSC Certified Eucalyptus White Washed Double Deck Chair - Grey,Marketplace,325086770,103.99,103.99,Charles Bentley,GBP,3614484.0,3614484.0
Charles Bentley Cast Aluminium Table and 4 Chairs Set Black Outdoor Dining Table,"Garden, DIY & Car Care",325086771,539.99,539.99,Charles Bentley,GBP,18768972.0,18768972.0
Charles Bentley FSC Acacia Hardwood Rectangular Folding Table,"Garden, DIY & Car Care",325086772,89.99,89.99,Charles Bentley,GBP,3127872.0,3127872.0
Charles Bentley Zanzibar Tea for Two Bistro Set Natural Cafe 2 Chairs and Table,"Garden, DIY & Car Care",325086773,127.49,127.49,Charles Bentley,GBP,4431297.0,4431297.0
Charles Bentley Zanzibar Rattan Garden Sun Lounger Bed - Grey,"Garden, DIY & Car Care",325086774,161.99,161.99,Charles Bentley,GBP,5630448.0,5630448.0
Charles Bentley Wrought Iron Rustic Companion Seat for Two - Sage Green,Marketplace,325086783,134.99,134.99,Charles Bentley,GBP,4691982.0,4691982.0
Charles Bentley Pair of Moroccan Round Stone Planters Plant Pots -  Dia. 43cm,Marketplace,325086786,49.99,49.99,Charles Bentley,GBP,1737552.0,1737552.0
Charles Bentley Rattan Corner Sofa & Coffee Table - Grey,Marketplace,325086788,509.99,509.99,Charles Bentley,GBP,17726232.0,17726232.0
Charles Bentley Indoor/Outdoor Inflatable Foot Stool Pouffe Bean Bag - Grey,Marketplace,325086792,19.99,19.99,Charles Bentley,GBP,694812.0,694812.0
"Charles Bentley 190L Outdoor Garden Plastic Storage Box, Grey",Marketplace,325086795,49.99,49.99,Charles Bentley,GBP,1737552.0,1737552.0
Charles Bentley Ward Plastic 322L Storage Box Black,Marketplace,325086796,59.99,59.99,Charles Bentley,GBP,2085132.0,2085132.0
"Charles Bentley 390L Large Outdoor Garden Plastic Storage Box, Grey/Black","Garden, DIY & Car Care",325086797,80.99,80.99,Charles Bentley,GBP,2815050.0,2815050.0
"Charles Bentley 270L Outdoor Garden Plastic Storage Box, Grey/Black","Garden, DIY & Car Care",325086798,56.99,56.99,Charles Bentley,GBP,1980858.0,1980858.0
Charles Bentley Metal Cast Aluminum 7 Piece Garden Furniture Table Patio Set With Cushions,"Garden, DIY & Car Care",325086800,599.99,599.99,Charles Bentley,GBP,20854452.0,20854452.0
Charles Bentley Metal Cast Aluminum 5 Piece Garden Furniture Patio Set With Cushions,Marketplace,325086801,341.99,341.99,Charles Bentley,GBP,11886888.0,11886888.0
Charles Bentley Odyssey Folding Reclining Garden Chair Camping Lounger Grey,Marketplace,325086804,31.99,31.99,Charles Bentley,GBP,1111908.0,1111908.0
Ceraglide 2400W 1.5L Steam Gen Champagne Gold and Black,Marketplace,325086807,74.99,74.99,Tower,GBP,2606502.0,2606502.0
Tower T900304 Smart Start 5Pc Cookware Set Black,Marketplace,325086810,119.99,119.99,Tower,GBP,4170612.0,4170612.0
Smart Start 28cm Multi-Pan with Aeroglide Coating,Marketplace,325086817,37.99,37.99,Tower,GBP,1320456.0,1320456.0
Tower T900301 Smart Start 28Cm Frying Pan Black,Marketplace,325086819,31.99,31.99,Tower,GBP,1111908.0,1111908.0
Tower T81282 Frying Pan Set Graphite,Marketplace,325086820,26.99,26.99,Tower,GBP,938118.0,938118.0
Outsunny Gas BBQ Grill 4 + 1 Stainless Steel Burner Garden Barbecue Cooker | Black | Black | One Size,Marketplace,325086825,175.99,175.99,Outsunny,GBP,6117060.0,6117060.0
Outsunny 2 Pieces Outdoor Beach Mat Steel Reclining Chair Set w/ Pillow Grey | Grey | Grey | L,Marketplace,325086827,27.99,27.99,Outsunny,GBP,972876.0,972876.0
"Outsunny 3PC Zero Gravity Chairs Sun Lounger Table Set w/ Cup Holders, Beige | Cream",Marketplace,325086829,78.99,78.99,Outsunny,GBP,2745534.0,2745534.0
"Outsunny Zero Gravity Chair Metal Frame Texteline Armchair Outdoor Folding and Reclining Sun Lounger with Head Pillow for Patio Decking Gardens Camping, Grey",Marketplace,325086830,38.99,38.99,Outsunny,GBP,1355214.0,1355214.0
"Outsunny Outdoor Sun Recliner Loungers with Adjustable Footrest, Beige | White | Beige",Marketplace,325086831,71.99,71.99,Outsunny,GBP,2502228.0,2502228.0
"Vinsetto Office Chair, Ergonomic Desk Chair, High Back Computer Chair with Adjustable Height, Swivel Rolling Wheels, Mesh Back and Linen-Feel Fabric Seat for Home and Study, Grey",Marketplace,325086832,65.99,65.99,Vinsetto,GBP,2293680.0,2293680.0
"HOMCOM 30 Freestanding Tower Fan, 3 Speed 3 Mode, 10h Timer, 70 Degree Oscillation, LED Light, 5M Remote Controller, White",Marketplace,325086835,42.99,42.99,HOMCOM,GBP,1494246.0,1494246.0
"HOMCOM 18 Pedestal Fan with Water Mist Spray, Standing Fan with 3 Speeds, 2.8L Water Tank, Timer and Remote, Black",Marketplace,325086836,62.99,62.99,HOMCOM,GBP,2189406.0,2189406.0
"HOMCOM Portable Air Cooler, 3L Tank Evaporative Ice Cooling Tower Fan with 3 Modes, 3 Speeds, Remote, Timer, 60 Oscillating, Portable Swamp Cooler for Home Bedroom, White",Marketplace,325086838,87.99,87.99,HOMCOM,GBP,3058356.0,3058356.0
"HOMCOM Portable Air Cooler, 6L Tank with 3 Ice Packs, Oscillating Evaporative Air Cooler Fan with 3 Modes Speed, 10H Timer, Detachable Washable Filter, LED Display Remote Control for Home, White",Marketplace,325086839,89.99,89.99,HOMCOM,GBP,3127872.0,3127872.0
HOMCOM Kettle and Toaster Set 1.7L Kettle & 2 Slice Toaster Set Grey | Grey,Marketplace,325086841,42.99,42.99,HOMCOM,GBP,1494246.0,1494246.0
HOMCOM Kettle and Toaster Set 1.7L Kettle & 2 Slice Toaster Set White | Cream,Marketplace,325086842,46.99,46.99,HOMCOM,GBP,1633278.0,1633278.0
"HOMCOM Evaporative Air Cooler, 5L Water Tank Oscillating Ice Cooling Fan with 3 Modes, 3 Speeds, 10H Timer, Detachable Washable Filter, LED Display Remote Control and Oscillation, White",Marketplace,325086843,79.99,79.99,HOMCOM,GBP,2780292.0,2780292.0
"HOMCOM Kettle and Toaster Sets, 3000W 1.7L Rapid Boil Kettle & 4 Slice Toaster with 7 Browning Controls, Defrost, Reheat and Crumb Tray, UK Otter thermostat, Green",Marketplace,325086844,54.99,54.99,HOMCOM,GBP,1911342.0,1911342.0
"HOMCOM Mobile Air Cooler, 12L Tank Evaporative Ice Cooling Fan Water Conditioner Humidifier Unit with 3 Modes, 3 Speed, Remote, Timer, Oscillating for Home Bedroom",Marketplace,325086845,94.99,94.99,HOMCOM,GBP,3301662.0,3301662.0
"HOMCOM 2.8L 2-in-1 Evaporative Air Cooler, Portable Tower Fan with 4 Modes, 3 Speed, Remote Control, 12H Timer, Oscillating for Home Bedroom, Black",Marketplace,325086846,77.39,77.39,HOMCOM,GBP,2689922.0,2689922.0
"Outsunny 13 x 11ft Garden Shed Storage with Foundation Kit and Vents, Green | Green",Marketplace,325086847,445.99,445.99,Outsunny,GBP,15501720.0,15501720.0
"Outsunny 9 x 4FT Metal Garden Storage Shed w/ 2 Door, Light Green | Green",Marketplace,325086849,195.99,195.99,Outsunny,GBP,6812220.0,6812220.0
"Outsunny 7.7 x 5.7ft Metal Garden Shed with Ventilation Slots and Sliding Doors, Galvanised Outdoor Tool Storage House, Green",Marketplace,325086850,219.99,219.99,Outsunny,GBP,7646412.0,7646412.0
"Outsunny 336 Litre Rolling Outdoor Garden Storage Box, Plastic Container, Black | Black",Marketplace,325086852,105.99,105.99,Outsunny,GBP,3684000.0,3684000.0
"Outsunny 9 x 7.5 ft Outdoor Garden Storage Shed, Waterproof Bike Tent with Double Rollup Zipper Door, Metal Frame, Portable Shed Shelter Carport for Motorcycle Garden Tools Dark Grey",Marketplace,325086853,116.99,116.99,Outsunny,GBP,4066338.0,4066338.0
"Outsunny Garden Storage Cabinet Potting Bench Table with Galvanized Top, Grey | Grey",Marketplace,325086854,103.99,103.99,Outsunny,GBP,3614484.0,3614484.0
Silentnight 7.5 Tog Anti Allergy Duvet | White,Marketplace,325086856,24.64,24.64,Silentnight,GBP,856437.0,856437.0
Silentnight Anti Allergy Duvet - 10.5 Tog | White | SuperKing,Marketplace,325086859,28.04,28.04,Silentnight,GBP,974614.0,974614.0
Silentnight Summer Breeze 4.5 Tog Duvet | White,Marketplace,325086860,21.99,21.99,Silentnight,GBP,764328.0,764328.0
Silentnight 4.5 Tog Anti-Allergy Duvet | White | King,Marketplace,325086863,20.39,20.39,Silentnight,GBP,708716.0,708716.0
Silentnight 4.5 Tog Anti-Allergy Duvet | White | Single,Marketplace,325086864,19.99,19.99,Silentnight,GBP,694812.0,694812.0
"Teamson Home Wicker Gas Tank Table for Fire Pits for 20 lb Propane Tank Cover, Brown",Marketplace,325086881,53.99,53.99,Teamson Home,GBP,1876584.0,1876584.0
"Teamson Home Outdoor Garden Propane Gas Fire Pit Tall Table Burner with Lava Rocks & Cover, Brown",Marketplace,325086882,149.99,149.99,Teamson Home,GBP,5213352.0,5213352.0
"Teamson Home 1/2 Inch Reflective Tempered Fireplace Fire Glass Safe for Indoor or Outdoor, Brown",Marketplace,325086883,29.99,29.99,Teamson Home,GBP,1042392.0,1042392.0
Teamson Home Square Stone Finish 19 Inch Propane Gas Fire Pit,Marketplace,325086887,259.99,259.99,Teamson Home,GBP,9036732.0,9036732.0
Teamson Kids Sunny Safari Toddler Bookshelf,Marketplace,325086889,39.99,39.99,Teamson Kids,GBP,1389972.0,1389972.0
Teamson Home Tyler Wooden Bathroom Free Standing Cabinet,Marketplace,325086891,54.99,54.99,Teamson Home,GBP,1911342.0,1911342.0
"Teamson Kids Magic Garden Kids Wooden Adjustable 3 x 3 Cube Storage Unit, Pink",Marketplace,325086892,99.99,99.99,Teamson Kids,GBP,3475452.0,3475452.0
Teamson Kids Magic Garden Toddler Bookshelf,Marketplace,325086893,39.99,39.99,Teamson Kids,GBP,1389972.0,1389972.0
Teamson Home Wooden Bathroom Medicine Cabinet Mirrored White,Marketplace,325086895,59.99,59.99,Teamson Home,GBP,2085132.0,2085132.0
Teamson Home Outdoor Garden Decor 2 in 1 Round Large Solar Powered Lantern LED Light,Marketplace,325086898,34.99,34.99,Teamson Home,GBP,1216182.0,1216182.0
Teamson Home Outdoor 30 Inch Large Square Light Concrete Top Propane Gas Fire Pit,Marketplace,325086899,179.99,179.99,Teamson Home,GBP,6256092.0,6256092.0
"Teamson Kids Children's 3 Shelf Bookcase, White",Marketplace,325086901,59.99,59.99,Teamson Kids,GBP,2085132.0,2085132.0
"Teamson Home 27in Outdoor Round Wood Burning Fire Pit with Light Concrete and Steel Base, Stone/Black",Marketplace,325086903,179.99,179.99,Teamson Home,GBP,6256092.0,6256092.0
Teamson Home Patio Cylinder Bamboo Side Table with Iron Tabletop - Large,Marketplace,325086905,34.99,34.99,Teamson Home,GBP,1216182.0,1216182.0
Teamson Home 28in Textilene Base Metal Top Propane Gas Fire Pit,"Garden, DIY & Car Care",325086908,109.99,109.99,Teamson Home,GBP,3823032.0,3823032.0
"Teamson Home 1/2 Inch Reflective Tempered Fireplace Fire Glass Safe for Indoor or Outdoor, Green","Garden, DIY & Car Care",325086913,17.99,17.99,Teamson Home,GBP,625296.0,625296.0
"Teamson Home Medium Sized Natural Lava Rocks Safe for Indoor or Outdoor Use, Brown",Marketplace,325086914,14.99,14.99,Teamson Home,GBP,521022.0,521022.0
Teamson Home Patio Cylinder Bamboo Side Table with Iron Tabletop - Small,Marketplace,325086915,29.99,29.99,Teamson Home,GBP,1042392.0,1042392.0
"Teamson Home Tyler Modern Wooden Linen Tower Tall Storage Cabinet with Two Doors, Walnut/White",Marketplace,325086921,69.99,69.99,Teamson Home,GBP,2432712.0,2432712.0
Teamson Home Outdoor Round Stone Look Propane Gas Fire Pit,"Garden, DIY & Car Care",325086922,159.99,159.99,Teamson Home,GBP,5560932.0,5560932.0
Teamson Home Round Stone Finish 71 cm Propane Gas Fire Pit,"Garden, DIY & Car Care",325086923,183.99,183.99,Teamson Home,GBP,6395124.0,6395124.0
Teamson Home Wooden Bathroom Wall Medicine Cabinet Storage,Marketplace,325086926,62.49,62.49,Teamson Home,GBP,2172027.0,2172027.0
Teamson Kids Outdoor 46in x 46in Sand Box with Adjustable Canopy,Marketplace,325086928,69.99,69.99,Teamson Kids,GBP,2432712.0,2432712.0
"Teamson Home Bathroom Wooden Free Standing Tall Linen Storage Cabinet Tower, White",Marketplace,325086929,139.99,139.99,Teamson Home,GBP,4865772.0,4865772.0
Teamson Home Wooden Bathroom Wall Cabinet 2 Glass Doors Grey,Marketplace,325086930,69.99,69.99,Teamson Home,GBP,2432712.0,2432712.0
Teamson Home Bathroom Wall Cabinet With Two Doors Grey Dawson,Marketplace,325086934,59.99,59.99,Teamson Home,GBP,2085132.0,2085132.0
Teamson Home Wooden Bathroom Floor Cabinet White Stratford,Marketplace,325086935,109.99,109.99,Teamson Home,GBP,3823032.0,3823032.0
Teamson Home Outdoor 33in large Square Wood Propane Gas Fire Pit,Marketplace,325086936,199.99,199.99,Teamson Home,GBP,6951252.0,6951252.0
Teamson Home Bathroom Wall Cabinet 2 Glass Doors White Connor,Marketplace,325086937,79.99,79.99,Teamson Home,GBP,2780292.0,2780292.0
Teamson Home Outdoor 16.5in Large Square Light Concrete Propane Gas Fire Pit,Marketplace,325086938,169.99,169.99,Teamson Home,GBP,5908512.0,5908512.0
Teamson Home Wooden Bathroom Cabinet Tall Standing Grey Glancy,Marketplace,325086940,134.99,134.99,Teamson Home,GBP,4691982.0,4691982.0
"Teamson Home Outdoor 24in Wood Burning Fire Pit with Decorative Geometric Base, Black","Garden, DIY & Car Care",325086941,69.99,69.99,Teamson Home,GBP,2432712.0,2432712.0
Teamson Home Delaney Multi Functional Tall Free Standing Linen Storage Tower with Single Drawer,Marketplace,325086942,119.99,119.99,Teamson Home,GBP,4170612.0,4170612.0
"Outsunny Rattan Garden Furniture for 4, Dining Table and Chairs, Mixed Grey | Grey",Marketplace,325086964,242.99,242.99,Outsunny,GBP,8445846.0,8445846.0
"Outsunny 3 x 3(m) Universal Gazebo Replacement Sidewall Set, 4 Panels, Beige | White",Marketplace,325086969,44.99,44.99,Outsunny,GBP,1563762.0,1563762.0
"Outsunny 3 x 3M Garden Pop Up Gazebo Height Adjustable Marquee Party Tent Wedding Canopy with Carrying Bag, Blue","Garden, DIY & Car Care",325086970,51.99,51.99,Outsunny,GBP,1807068.0,1807068.0
"Teamson Kids Children's 3 Shelf Bookcase, Grey",Marketplace,325086980,59.99,59.99,Teamson Kids,GBP,2085132.0,2085132.0
BillyCan Hand-Painted Picnic Snack Bowls - 14.5cm - Ocean Pansy - Pack of 6 | Blue,Marketplace,325087010,71.99,71.99,Billy Can,GBP,2502228.0,2502228.0
BillyCan Hand-Painted Picnic Snack Bowls - 14.5cm - Cotton Pansy - Pack of 6 | White,Marketplace,325087011,71.99,71.99,Billy Can,GBP,2502228.0,2502228.0
Bormioli Rocco White Moon Glass Serving Bowls - 27cm - Pack of 6 | White | White,Marketplace,325087017,28.99,28.99,Bormioli Rocco,GBP,1007634.0,1007634.0
Bormioli Rocco White Moon Glass Serving Bowl - 27cm | White | White,Marketplace,325087018,10.99,10.99,Bormioli Rocco,GBP,381990.0,381990.0
Bormioli Rocco Prometo Glass Serving Bowl - 15cm - White | White | White,Marketplace,325087019,8.99,8.99,Bormioli Rocco,GBP,312474.0,312474.0
Bormioli Rocco Prometo Glass Serving Bowls - 15cm - White - Pack of 6 | White | White,Marketplace,325087020,14.99,14.99,Bormioli Rocco,GBP,521022.0,521022.0
Bormioli Rocco Prometeo Oval Glass Salad Bowls - 25cm - White - Pack of 6,Marketplace,325087021,28.99,28.99,Bormioli Rocco,GBP,1007634.0,1007634.0
Bormioli Rocco Mr Chef Glass Nesting Mixing Bowl - 4 Litres - Pack of 6,Marketplace,325087023,21.99,21.99,Bormioli Rocco,GBP,764328.0,764328.0
LAV Destina Glass Ice Cream Bowls - 285ml - Multicolour - Pack of 6,Marketplace,325087024,20.99,20.99,LAV,GBP,729570.0,729570.0
LAV Destina Glass Ice Cream Bowls - 285ml - Pack of 6 | Clear | Clear,Marketplace,325087025,12.99,12.99,LAV,GBP,451506.0,451506.0
LAV Derin Glass Serving Bowl - 7cm - Clear | Clear | Clear,Marketplace,325087026,7.99,7.99,LAV,GBP,277716.0,277716.0
LAV Derin Glass Serving Bowl - 23cm - Clear | Clear | Clear,Marketplace,325087027,10.99,10.99,LAV,GBP,381990.0,381990.0
LAV Frosty Ice Cream Bowls - 9cm - Clear - Pack of 6 | Clear | Clear,Marketplace,325087028,13.99,13.99,LAV,GBP,486264.0,486264.0
LAV Vega Glass Serving Bowl - 10.5cm - Clear | Clear | Clear,Marketplace,325087029,7.99,7.99,LAV,GBP,277716.0,277716.0
LAV Vega Glass Serving Bowl - 12cm - Clear | Clear | Clear,Marketplace,325087031,7.99,7.99,LAV,GBP,277716.0,277716.0
LAV Vega Glass Serving Bowl - 22.5cm - Clear | Clear | Clear,Marketplace,325087032,9.99,9.99,LAV,GBP,347232.0,347232.0
Nicola Spring White Farmhouse Cereal Bowls - 15cm - Pack of 6 | White | White,Marketplace,325087035,32.99,32.99,Nicola Spring,GBP,1146666.0,1146666.0
"Argon Tableware 16cm Coloured Enamel Bowls - Set of 6 - Lightweight Metal Camping Serving Bowls for Snacks, Pasta, Salad | Green | Green",Marketplace,325087040,16.99,16.99,Argon Tableware,GBP,590538.0,590538.0
"Argon Tableware 16cm Coloured Enamel Bowls - Set of 6 - Lightweight Metal Camping Serving Bowls for Snacks, Pasta, Salad | Yellow | Yellow",Marketplace,325087041,16.99,16.99,Argon Tableware,GBP,590538.0,590538.0
"Argon Tableware 16cm Coloured Enamel Bowls - Set of 6 - Lightweight Metal Camping Serving Bowls for Snacks, Pasta, Salad | Blue | Navy",Marketplace,325087042,16.99,16.99,Argon Tableware,GBP,590538.0,590538.0
"Argon Tableware 16cm Coloured Enamel Bowls - Set of 6 - Lightweight Metal Camping Serving Bowls for Snacks, Pasta, Salad | Grey | Grey",Marketplace,325087043,16.99,16.99,Argon Tableware,GBP,590538.0,590538.0
"Argon Tableware 16cm Coloured Enamel Bowls - Set of 6 - Lightweight Metal Camping Serving Bowls for Snacks, Pasta, Salad | Black | Black",Marketplace,325087044,16.99,16.99,Argon Tableware,GBP,590538.0,590538.0
"Argon Tableware 16cm Coloured Enamel Bowls - Set of 6 - Lightweight Metal Camping Serving Bowls for Snacks, Pasta, Salad | Red | Red",Marketplace,325087045,16.99,16.99,Argon Tableware,GBP,590538.0,590538.0
Argon Tableware White Enamel Deep Bowls - 19cm - Navy - Pack of 6 | Blue | Navy,Marketplace,325087046,16.99,16.99,Argon Tableware,GBP,590538.0,590538.0
Argon Tableware White Enamel Deep Bowls - 22.5cm - Navy - Pack of 6 | Blue | Navy,Marketplace,325087048,22.99,22.99,Argon Tableware,GBP,799086.0,799086.0
Argon Tableware Enamel Mixing Bowl Set - 2 Piece Large Enamelware Metal Nesting Kitchen Mixing Bowls - 1.6L & 1.1L | White | Blue Rim,Marketplace,325087049,13.99,13.99,Argon Tableware,GBP,486264.0,486264.0
Argon Tableware Enamel Mixing Bowl Set - 2 Piece Large Enamelware Metal Nesting Kitchen Mixing Bowls - 1.6L & 1.1L | White | Green Rim,Marketplace,325087050,13.99,13.99,Argon Tableware,GBP,486264.0,486264.0
Harbour Housewares Round Glass Kitchen Chopping Board - 30cm - Clear | Clear | Clear,Marketplace,325087051,9.99,9.99,Harbour Housewares,GBP,347232.0,347232.0
Harbour Housewares Round Glass Kitchen Chopping Board - 30cm - Black | Black | Black,Marketplace,325087052,9.99,9.99,Harbour Housewares,GBP,347232.0,347232.0
Argon Tableware Rectangular Wooden Chopping Board - 30cm x 20cm | Brown | Brown,Marketplace,325087053,10.99,10.99,Argon Tableware,GBP,381990.0,381990.0
Argon Tableware Rectangular Wooden Chopping Board - 40cm x 30cm | Brown | Brown,Marketplace,325087054,12.99,12.99,Argon Tableware,GBP,451506.0,451506.0
Argon Tableware 6x Linea Slate Coasters - Round Drink Coasters Black Stone Natural Slate Smooth Edge Drink Mat Cup Mats,Marketplace,325087057,10.99,10.99,Argon Tableware,GBP,381990.0,381990.0
Argon Tableware 12pc Linea Round Slate Placemats & Coasters Set - Black Natural Stone Dinnerware Plate Placemats Drink Mats | Grey | Grey | One Size | 12,Marketplace,325087058,32.99,32.99,Argon Tableware,GBP,1146666.0,1146666.0
Argon Tableware 12pc Linea Rectangular Slate Placemats & Coasters Set - Black Natural Stone Dinnerware Plate Placemats Drink Mats | Grey | Grey | One Size | 12,Marketplace,325087059,28.99,28.99,Argon Tableware,GBP,1007634.0,1007634.0
Argon Tableware 12pc Linea Square Slate Placemats & Coasters Set - Black Natural Stone Dinnerware Plate Placemats Drink Mats | Grey | Grey | One Size | 12,Marketplace,325087060,30.99,30.99,Argon Tableware,GBP,1077150.0,1077150.0
Argon Tableware 6x Linea Slate Coasters - Square Drink Coasters Black Stone Natural Slate Smooth Edge Drink Mat Cup Mats,Marketplace,325087061,10.99,10.99,Argon Tableware,GBP,381990.0,381990.0
Argon Tableware Marble Round Coasters - 10cm - White - Pack of 6,Marketplace,325087062,13.99,13.99,Argon Tableware,GBP,486264.0,486264.0
Argon Tableware 12pc Round Slate Placemats & Round Coasters Set - Black Natural Stone Dinnerware Plate Placemats Drink Mats | Grey | Grey | One Size | 12,Marketplace,325087063,35.99,35.99,Argon Tableware,GBP,1250940.0,1250940.0
Argon Tableware 12pc Hexagonal Slate Placemats & Coasters Set - Black Natural Stone Dinnerware Plate Placemats Drink Mats | Grey | Grey | One Size | 12,Marketplace,325087064,27.99,27.99,Argon Tableware,GBP,972876.0,972876.0
Argon Tableware 6x Hexagonal Slate Coasters - Drink Coasters Black Stone Natural Slate Rough Edge Drink Mat Cup Mats,Marketplace,325087065,10.99,10.99,Argon Tableware,GBP,381990.0,381990.0
Argon Tableware 12pc Rectangular Slate Placemats & Coasters Set - Black Natural Stone Dinnerware Plate Placemats Drink Mats | Grey | Grey | One Size | 12,Marketplace,325087066,41.99,41.99,Argon Tableware,GBP,1459488.0,1459488.0
Argon Tableware Round Coasters - 10cm - Set of 6 - Woven Palm Leaf Bar Drink Mat Table Protector Coasters,Marketplace,325087067,8.99,8.99,Argon Tableware,GBP,312474.0,312474.0
Argon Tableware 12 Piece Square Slate Placemats & Coasters Set | Multi | Multi,Marketplace,325087068,31.99,31.99,Argon Tableware,GBP,1111908.0,1111908.0
Argon Tableware 12pc Round Placemats & Coasters Set - Woven Palm Leaf Kitchen Dining Table Mats Drinks Coaster Protector Mats | Brown | Brown | One Size | 12,Marketplace,325087069,18.99,18.99,Argon Tableware,GBP,660054.0,660054.0
Argon Tableware Round Coasters - 10cm - Set of 6 - Woven Seagrass Bar Drink Mat Table Protector Coasters,Marketplace,325087070,8.99,8.99,Argon Tableware,GBP,312474.0,312474.0
Harbour Housewares 12pc Glass Placemats & Coasters Set - 30cm x 20cm - White | White | White,Marketplace,325087071,15.99,15.99,Harbour Housewares,GBP,555780.0,555780.0
Harbour Housewares 12pc Glass Placemats & Coasters Set - 40cm x 30cm - Clear | Clear | Clear,Marketplace,325087072,25.99,25.99,Harbour Housewares,GBP,903360.0,903360.0
Harbour Housewares 12pc Glass Placemats & Coasters Set - 30cm x 20cm - Black | Black | Black,Marketplace,325087073,15.99,15.99,Harbour Housewares,GBP,555780.0,555780.0
Harbour Housewares 12pc Glass Placemats & Coasters Set - 40cm x 30cm - White | White | White,Marketplace,325087075,25.99,25.99,Harbour Housewares,GBP,903360.0,903360.0
Harbour Housewares 6x Square Glass Coasters - 10cm - Tabletop Protection Mat Drink Coaster Decorative Dining Placemat | White | White,Marketplace,325087079,8.99,8.99,Harbour Housewares,GBP,312474.0,312474.0
Harbour Housewares 12 Piece Glass Placemats & Square Coasters Set - 30 x 20cm - Grey | Grey | Grey,Marketplace,325087080,15.99,15.99,Harbour Housewares,GBP,555780.0,555780.0
Harbour Housewares 12 Piece Glass Placemats & Round Coasters Set - 30 x 20cm - Grey | Grey | Grey,Marketplace,325087082,15.99,15.99,Harbour Housewares,GBP,555780.0,555780.0
Harbour Housewares 12 Piece Glass Placemats & Round Coasters Set - 30 x 20cm - Hague Blue | Blue | Hague Blue,Marketplace,325087083,15.99,15.99,Harbour Housewares,GBP,555780.0,555780.0
Harbour Housewares Glass Round Coasters - 10cm - Hague Blue - Pack of 6,Marketplace,325087084,8.99,8.99,Harbour Housewares,GBP,312474.0,312474.0
Harbour Housewares 12 Piece Round Glass Placemats & Coasters Set - 30cm - Clear | Clear | Clear,Marketplace,325087085,23.99,23.99,Harbour Housewares,GBP,833844.0,833844.0
Harbour Housewares 12 Piece Round Glass Placemats & Coasters Set - 30cm - Black | Black | Black,Marketplace,325087086,25.99,25.99,Harbour Housewares,GBP,903360.0,903360.0
Argon Tableware Stainless Steel Mixing Bowl - 3.6L,Marketplace,325087087,8.99,8.99,Argon Tableware,GBP,312474.0,312474.0
Argon Tableware Stainless Steel Mixing Bowl - 3L,Marketplace,325087089,8.99,8.99,Argon Tableware,GBP,312474.0,312474.0
Argon Tableware Stainless Steel Mixing Bowl - 1L,Marketplace,325087090,7.99,7.99,Argon Tableware,GBP,277716.0,277716.0
Argon Tableware Stainless Steel Mixing Bowl - 500ml,Marketplace,325087091,7.99,7.99,Argon Tableware,GBP,277716.0,277716.0
Argon Tableware Stainless Steel Mixing Bowl - 2.4L,Marketplace,325087092,8.99,8.99,Argon Tableware,GBP,312474.0,312474.0
Duralex Lys Stacking Glass Cooking / Ingredients / Food Bowl - 6cm | Clear | Clear,Marketplace,325087093,6.99,6.99,Duralex,GBP,242958.0,242958.0
"Argon Tableware 375ml Enamel Belly Mugs - Set of 6 Metal Drinking Cups Coffee Teacup Mug Set Hot, Cold Drinks Cups | Blue | Navy",Marketplace,325087094,21.99,21.99,Argon Tableware,GBP,764328.0,764328.0
"Argon Tableware 375ml Enamel Belly Mugs - Set of 6 Metal Drinking Cups Coffee Teacup Mug Set Hot, Cold Drinks Cups | Yellow | Yellow",Marketplace,325087096,21.99,21.99,Argon Tableware,GBP,764328.0,764328.0
"Argon Tableware 375ml Enamel Belly Mugs - Set of 6 Metal Drinking Cups Coffee Teacup Mug Set Hot, Cold Drinks Cups | Red | Red",Marketplace,325087097,21.99,21.99,Argon Tableware,GBP,764328.0,764328.0
"Argon Tableware 375ml Enamel Belly Mugs - Set of 6 Metal Drinking Cups Coffee Teacup Mug Set Hot, Cold Drinks Cups | Pink | Pink/Cream",Marketplace,325087098,21.99,21.99,Argon Tableware,GBP,764328.0,764328.0
"Argon Tableware 375ml Enamel Belly Mugs - Set of 6 Metal Drinking Cups Coffee Teacup Mug Set Hot, Cold Drinks Cups | Green | Green",Marketplace,325087100,21.99,21.99,Argon Tableware,GBP,764328.0,764328.0
"Argon Tableware 375ml Enamel Belly Mugs - Set of 6 Metal Drinking Cups Coffee Teacup Mug Set Hot, Cold Drinks Cups | Grey | Grey/Cream",Marketplace,325087101,21.99,21.99,Argon Tableware,GBP,764328.0,764328.0
"Argon Tableware 375ml Enamel Mugs - Set of 6 Metal Drinking Cups Coffee Teacup Mug Set Hot, Cold Drinks Cups | Yellow | Yellow",Marketplace,325087102,21.99,21.99,Argon Tableware,GBP,764328.0,764328.0
"Argon Tableware 375ml Enamel Mugs - Set of 6 Metal Drinking Cups Coffee Teacup Mug Set Hot, Cold Drinks Cups | Blue | Navy",Marketplace,325087103,21.99,21.99,Argon Tableware,GBP,764328.0,764328.0
"Argon Tableware 375ml Enamel Mugs - Set of 6 Metal Drinking Cups Coffee Teacup Mug Set Hot, Cold Drinks Cups | Green | Green",Marketplace,325087104,21.99,21.99,Argon Tableware,GBP,764328.0,764328.0
"Argon Tableware 375ml Enamel Mugs - Set of 6 Metal Drinking Cups Coffee Teacup Mug Set Hot, Cold Drinks Cups | Red | Red",Marketplace,325087105,21.99,21.99,Argon Tableware,GBP,764328.0,764328.0
"Argon Tableware 375ml Enamel Belly Mugs - Set of 6 Metal Drinking Cups Coffee Teacup Mug Set Hot, Cold Drinks Cups | Cream | Cream/Grey",Marketplace,325087107,21.99,21.99,Argon Tableware,GBP,764328.0,764328.0
"Argon Tableware 375ml Enamel Mugs - Coloured Rim - Set of 6 Metal Drinking Cups Coffee Teacup Mug Set Hot, Cold Drinks Cups | Yellow | Yellow Rim",Marketplace,325087109,21.99,21.99,Argon Tableware,GBP,764328.0,764328.0
"Argon Tableware 375ml Enamel Mugs - Coloured Rim - Set of 6 Metal Drinking Cups Coffee Teacup Mug Set Hot, Cold Drinks Cups | Green | Green Rim",Marketplace,325087111,21.99,21.99,Argon Tableware,GBP,764328.0,764328.0
"Argon Tableware 375ml Enamel Mugs - Coloured Rim - Set of 6 Metal Drinking Cups Coffee Teacup Mug Set Hot, Cold Drinks Cups | Black | Black Rim",Marketplace,325087113,21.99,21.99,Argon Tableware,GBP,764328.0,764328.0
"Argon Tableware 375ml Enamel Mugs - Coloured Rim - Set of 6 Metal Drinking Cups Coffee Teacup Mug Set Hot, Cold Drinks Cups | Blue | Navy Rim",Marketplace,325087114,21.99,21.99,Argon Tableware,GBP,764328.0,764328.0
Tower T17123 Vortx Colour Display 7.5L Black,Marketplace,325087119,89.99,89.99,Tower,GBP,3127872.0,3127872.0
Tower T17137MSH Vortx 8.5L Dual Basket Latte,Marketplace,325087122,119.99,119.99,Tower,GBP,4170612.0,4170612.0
Argon Tableware 350ml Coloured Coffee Mugs - Gloss Ceramic Stoneware Latte Cappuccino Cups Hot Chocolate Cups | Pink | Pink | 6,Marketplace,325087124,15.99,15.99,Argon Tableware,GBP,555780.0,555780.0
Argon Tableware 350ml Coloured Coffee Mugs - Gloss Ceramic Stoneware Latte Cappuccino Cups Hot Chocolate Cups | Red | Red | 6,Marketplace,325087127,15.99,15.99,Argon Tableware,GBP,555780.0,555780.0
Argon Tableware 350ml Coloured Coffee Mugs - Gloss Ceramic Stoneware Latte Cappuccino Cups Hot Chocolate Cups | Yellow | Yellow | 6,Marketplace,325087128,15.99,15.99,Argon Tableware,GBP,555780.0,555780.0
Argon Tableware 350ml Coloured Coffee Mugs - Gloss Ceramic Stoneware Latte Cappuccino Cups Hot Chocolate Cups | Purple | Purple | 6,Marketplace,325087129,15.99,15.99,Argon Tableware,GBP,555780.0,555780.0
Argon Tableware 350ml Coloured Coffee Mugs - Gloss Ceramic Stoneware Latte Cappuccino Cups Hot Chocolate Cups | Grey | Grey | 6,Marketplace,325087130,15.99,15.99,Argon Tableware,GBP,555780.0,555780.0
Argon Tableware 350ml Coloured Coffee Mugs - Gloss Ceramic Stoneware Latte Cappuccino Cups Hot Chocolate Cups | Green | Green | 6,Marketplace,325087131,15.99,15.99,Argon Tableware,GBP,555780.0,555780.0
Argon Tableware 350ml Matt Coloured Coffee Mugs - Ceramic Stoneware Latte Cappuccino Cups Hot Chocolate Cups | Grey | Grey | 6,Marketplace,325087132,15.99,15.99,Argon Tableware,GBP,555780.0,555780.0
Argon Tableware 350ml Matt Coloured Coffee Mugs - Ceramic Stoneware Latte Cappuccino Cups Hot Chocolate Cups | Red | Red | 6,Marketplace,325087133,15.99,15.99,Argon Tableware,GBP,555780.0,555780.0
Argon Tableware 350ml Coloured Coffee Mugs - Gloss Ceramic Stoneware Latte Cappuccino Cups Hot Chocolate Cups | Blue | Navy | 6,Marketplace,325087134,15.99,15.99,Argon Tableware,GBP,555780.0,555780.0
Argon Tableware 350ml Matt Coloured Coffee Mugs - Ceramic Stoneware Latte Cappuccino Cups Hot Chocolate Cups | Black | Black | 6,Marketplace,325087135,15.99,15.99,Argon Tableware,GBP,555780.0,555780.0
Argon Tableware 350ml Coloured Coffee Mugs - Gloss Ceramic Stoneware Latte Cappuccino Cups Hot Chocolate Cups | White | White | 6,Marketplace,325087136,15.99,15.99,Argon Tableware,GBP,555780.0,555780.0
Nicola Spring 380ml Farmhouse Mugs - Set of 6 Porcelain Tea & Coffee Cup Rustic Cottage Drinkware with Rolled Rim & Comfort Handle | White | White/Blue Rim | 12.5 x 10 x 9.5 CM | 6,Marketplace,325087144,21.99,21.99,Nicola Spring,GBP,764328.0,764328.0
Nicola Spring Ceramic Dipped Dash Coffee Mugs - 475ml - Mustard - Pack of 6 | Yellow | Mustard,Marketplace,325087145,18.99,18.99,Nicola Spring,GBP,660054.0,660054.0
Nicola Spring Ceramic Dipped Dash Coffee Mugs - 475ml - Red - Pack of 6 | Red | Red,Marketplace,325087148,18.99,18.99,Nicola Spring,GBP,660054.0,660054.0
Nicola Spring Ceramic Dipped Dots Coffee Mugs - 385ml - Pink - Pack of 6 | Pink | Pink,Marketplace,325087150,21.99,21.99,Nicola Spring,GBP,764328.0,764328.0
Nicola Spring Ceramic Dipped Dots Coffee Mugs - 385ml - Mustard - Pack of 6 | Yellow | Mustard,Marketplace,325087152,21.99,21.99,Nicola Spring,GBP,764328.0,764328.0
Nicola Spring Ceramic Dipped Dots Coffee Mugs - 385ml - Grey - Pack of 6 | Grey | Grey,Marketplace,325087153,21.99,21.99,Nicola Spring,GBP,764328.0,764328.0
Nicola Spring Soy Wax Scented Candle - 350g - Green Pomelo & Passion Fruit | Grey | Grey,Marketplace,325087156,10.99,10.99,Nicola Spring,GBP,381990.0,381990.0
Nicola Spring Soy Wax Scented Candle - 350g - Patchouli & Rosewood | Blue | Blue,Marketplace,325087157,10.99,10.99,Nicola Spring,GBP,381990.0,381990.0
Nicola Spring Soy Wax Scented Candle - 350g - Cinnamon & Orange | Purple | Purple,Marketplace,325087158,10.99,10.99,Nicola Spring,GBP,381990.0,381990.0
Nicola Spring Soy Wax Scented Candle - 350g - Wild Fig & Cassis | Red | Red,Marketplace,325087160,10.99,10.99,Nicola Spring,GBP,381990.0,381990.0
Nicola Spring Soy Wax Scented Candle - 350g - Sandalwood & Jasmine | Orange | Orange,Marketplace,325087161,10.99,10.99,Nicola Spring,GBP,381990.0,381990.0
Nicola Spring Soy Wax Scented Candle - 130g - Sandalwood & Jasmine | Orange | Orange,Marketplace,325087163,9.99,9.99,Nicola Spring,GBP,347232.0,347232.0
Renaissance 20L 800W Microwave Digital Black,Marketplace,325087172,129.99,129.99,Tower,GBP,4518192.0,4518192.0
Townhouse 2 Slice Toaster Cream,Marketplace,325087176,29.99,29.99,Swan,GBP,1042392.0,1042392.0
Sera 4 Slice Toaster Grey Smoked Black Trim,Marketplace,325087177,49.99,49.99,Tower,GBP,1737552.0,1737552.0
Townhouse 2 Slice Toaster Grey,Marketplace,325087178,29.99,29.99,Swan,GBP,1042392.0,1042392.0
Tower T843090 2 X Round Foldable Trays Black,Marketplace,325087184,14.99,14.99,Tower,GBP,521022.0,521022.0
"OHS Faux Fur Rib Fleece Blanket, 125x150cm - White",Marketplace,325087215,14.49,14.49,OHS,GBP,503643.0,503643.0
Tower T843092 2 X Square Foldable Trays Black,Marketplace,325087229,9.99,9.99,Tower,GBP,347232.0,347232.0
"Teamson Kids Sunny Safari Monkey Wall Clock for Children's Room, Brown/Green",Marketplace,325087251,19.99,19.99,Teamson Kids,GBP,694812.0,694812.0
Teamson Kids Dinosaur Kingdom Bookshelf Toy Furniture,Marketplace,325087252,99.99,99.99,Teamson Kids,GBP,3475452.0,3475452.0
Teamson Kids Sunny Safari Bookshelf Toy Furniture,Marketplace,325087254,99.99,99.99,Teamson Kids,GBP,3475452.0,3475452.0
Teamson Home Outdoor 34in Round Steel Wood Burning Fire Pit,Marketplace,325087255,149.99,149.99,Teamson Home,GBP,5213352.0,5213352.0
Swan SI12022N Portable Garment Steamer Grey,Marketplace,325087350,34.99,34.99,Swan,GBP,1216182.0,1216182.0
Townhouse 1.7L Jug Kettle Black,Marketplace,325087351,29.99,29.99,Swan,GBP,1042392.0,1042392.0
Funko Game: Something Wild Disney Toy Story Woody,Marketplace,325087375,7.99,7.99,Funko,GBP,277716.0,277716.0
Funko Game: Something Wild - Disney Aladdin Genie,Marketplace,325087376,6.99,6.99,Funko,GBP,242958.0,242958.0
Mermaid Fun,Marketplace,325087391,15.25,15.25,Orchard Toys,GBP,530060.0,530060.0
"Outsunny 9 x 4FT Metal Garden Storage Shed w/ 2 Door, Dark Grey | Grey","Garden, DIY & Car Care",325087419,199.99,199.99,Outsunny,GBP,6951252.0,6951252.0
Outsunny 2.6M Patio Umbrella Outdoor Sunshade Canopy w/ Tilt and Crank Orange,Marketplace,325087441,42.99,42.99,Outsunny,GBP,1494246.0,1494246.0
HOMCOM Full Length Mirror Farmhouse Wall Mirror Hanging Freestanding Natural | Brown,Marketplace,325087442,39.99,39.99,HOMCOM,GBP,1389972.0,1389972.0
Outsunny 2.5m Round Curved Adjustable Parasol Sun Umbrella Metal Pole Green | Green,Marketplace,325087443,48.99,48.99,Outsunny,GBP,1702794.0,1702794.0
"HOMCOM Jewellery Cabinet, Standing Mirror with LED Lights, Full-Length Mirror with Storage Drawers, Hooks and Shelves, Make-Up Armoire, Jewellery Organiser for Bedroom, White",Marketplace,325087445,71.99,71.99,HOMCOM,GBP,2502228.0,2502228.0
"PawHut Raised Pet Bowls w/ Storage, Two Stainless Bowls, Elevated Base - Grey",Marketplace,325087446,40.94,40.94,PawHut,GBP,1422993.0,1422993.0
"Outsunny 3.5M X 3.5M Metal Pergola Gazebo Awning Retractable Canopy Outdoor Garden Sun Shade Shelter Marquee Party BBQ, Beige",Marketplace,325087447,212.99,212.99,Outsunny,GBP,7403106.0,7403106.0
Outsunny Charcoal BBQ Grill Trolley Barbecue Patio Outdoor Garden Heating Smoker | Black | Black,Marketplace,325087448,33.99,33.99,Outsunny,GBP,1181424.0,1181424.0
"Outsunny Charcoal Barbecue BBQ Grill Trolley  Shelves, Lid and Thermometer",Marketplace,325087451,69.99,69.99,Outsunny,GBP,2432712.0,2432712.0
Outsunny Round Garden Table Outdoor Side Table with Steel Frame Black,Marketplace,325087454,46.99,46.99,Outsunny,GBP,1633278.0,1633278.0
"Outsunny Portable BBQ Grill with Suitcase Design for Camping Picnic Party, Black | Black | Black | 47 x 30 x 28 cm",Marketplace,325087455,27.99,27.99,Outsunny,GBP,972876.0,972876.0
"PawHut Large Cat Litter Box w/ Scoop, Front Entrance, 53 x 51 x 48cm - Green",Marketplace,325087456,19.99,19.99,PawHut,GBP,694812.0,694812.0
"PawHut 60cm Soft Side Pet Carrier w/ Cushion, for Miniature Dogs - Purple",Marketplace,325087457,26.99,26.99,PawHut,GBP,938118.0,938118.0
"PawHut 8 Panels Heavy Duty Puppy Play Pen for Small, Medium Dogs 79Hcm",Marketplace,325087458,72.99,72.99,PawHut,GBP,2536986.0,2536986.0
"Outsunny 3 x 3m Garden Pergola, Outdoor Pergola Gazebo with Adjustable Canopy, Sun Shade Patio Canopy Shelter, Grey",Marketplace,325087462,269.99,269.99,Outsunny,GBP,9384312.0,9384312.0
Outsunny 3.6 x 4m Aluminium Hardtop Gazebo Canopy w/ Polycarbonate Top | Black | Black and Dark Grey | 420cm x 360cm x 265cm,Marketplace,325087463,929.99,929.99,Outsunny,GBP,32324592.0,32324592.0
"PawHut 2 in 1 Dog Pen, Safety Pet Gate, 6 Panels, for Medium Dogs, 90Hcm - White",Marketplace,325087464,72.99,72.99,PawHut,GBP,2536986.0,2536986.0
PawHut Wood Cat Shelf Perch Bed Curved Climber Wall-Mounted Brown,Marketplace,325087466,12.99,12.99,PawHut,GBP,451506.0,451506.0
Outsunny 4 x 3 Meters Canopy Metal Wall Gazebo Awning Garden Marquee Shelter Door Porch  Grey,Marketplace,325087468,175.99,175.99,Outsunny,GBP,6117060.0,6117060.0
Outsunny Charcoal Tall Ovan Pizza Maker BBQ Grill Outdoor Picnic  Thermometer,Marketplace,325087471,111.99,111.99,Outsunny,GBP,3892548.0,3892548.0
"Outsunny 5 PCs Garden Dining Set, Garden Furniture Set, Brown | Brown",Marketplace,325087472,309.99,309.99,Outsunny,GBP,10774632.0,10774632.0
"PawHut 8 Panels Heavy Duty Puppy Play Pen for Large, Medium Dogs 100Hcm",Marketplace,325087473,79.99,79.99,PawHut,GBP,2780292.0,2780292.0
PawHut Outdoor 3 PC Dog Pet Agility Training Garden Starter Obstacle Set for Dog,Marketplace,325087475,37.99,37.99,PawHut,GBP,1320456.0,1320456.0
Outsunny Portable Charcoal Barbecue Grill with Seasoning Baskets and Hooks,Marketplace,325087476,,,Outsunny,GBP,,
Outsunny 2-Tier Plant Stand Storage Organizer Steel Display Shelf for Patio,Marketplace,325087479,45.99,45.99,Outsunny,GBP,1598520.0,1598520.0
Outsunny Charcoal Grill BBQ Trolley w/ Adjustable Charcoal Height & Thermometer | Black | Black,Marketplace,325087480,122.99,122.99,Outsunny,GBP,4274886.0,4274886.0
Outsunny Garden Raised Bed Planter Grow Containers Flower Pot PP 120 x 90cm,"Garden, DIY & Car Care",325087481,28.99,28.99,Outsunny,GBP,1007634.0,1007634.0
Outsunny Barrel Charcoal Barbecue BBQ Grill Trolley W/ Ash Catcher Thermometer | Black | Black,Marketplace,325087485,91.99,91.99,Outsunny,GBP,3197388.0,3197388.0
"Outsunny 3 Tier Raised Garden Bed Wooden Elevated Planter Box Kit, Green | Green | Green",Marketplace,325087488,57.99,57.99,Outsunny,GBP,2015616.0,2015616.0
Outsunny Trolley Charcoal Barbecue Grill Cart 2 Rolling Wheels Black | Black | Black,"Garden, DIY & Car Care",325087489,79.99,79.99,Outsunny,GBP,2780292.0,2780292.0
Outsunny Charcoal Grill BBQ Trolley Wheels Shelf Side Thermometer Steel Black,Marketplace,325087490,113.99,113.99,Outsunny,GBP,3962064.0,3962064.0
Outsunny Raised Wood Garden Bed Planter Vegetables Grow Flower Herbs,Marketplace,325087491,50.99,50.99,Outsunny,GBP,1772310.0,1772310.0
Outsunny Wooden Raised Garden Bed Plant Stand Box with Clapboard,Marketplace,325087492,67.99,67.99,Outsunny,GBP,2363196.0,2363196.0
Outsunny Wood Raised Planter  Trellis Drain Holes Elevated Garden Bed Grey,Marketplace,325087495,65.99,65.99,Outsunny,GBP,2293680.0,2293680.0
Outsunny 2 Tier Galvanised Raised Garden Bed Planter Box Open Bottom Dark Grey | Grey | Dark Grey,"Garden, DIY & Car Care",325087496,51.99,51.99,Outsunny,GBP,1807068.0,1807068.0
Outsunny Wood Raised Planter w/ Trellis Drain Holes Elevated Garden Bed Natural | Brown | Natural wood finish,Marketplace,325087497,62.99,62.99,Outsunny,GBP,2189406.0,2189406.0
"Outsunny Square Propane Gas Fire Pit Table, 40000 BTU Rattan Smokeless Firepit Patio Heater with Lava Rocks and Lid, 71cm x 71cm x 62cm, Black",Marketplace,325087501,162.99,162.99,Outsunny,GBP,5665206.0,5665206.0
"TY Squish-A-Boo Zoey The Zebra Cushion 14"" Plush",Marketplace,325087541,15.99,15.99,Ty,GBP,555780.0,555780.0
TY Original Beanie Babies Snort II Plush,Marketplace,325087548,9.99,9.99,Ty,GBP,347232.0,347232.0
"TY Squishy Beanie Toofers the Walrus 10"" Plush",Marketplace,325087554,9.99,9.99,Ty,GBP,347232.0,347232.0
TY Disney Dumbo With Sound Large Plush,Marketplace,325087557,38.99,38.99,Ty,GBP,1355214.0,1355214.0
"TY Squishy Beanie Lana the Llama 10"" Plush",Marketplace,325087558,9.99,9.99,Ty,GBP,347232.0,347232.0
TY Flippable Sequins MelTY The Snowman Medium Plush,Marketplace,325087567,18.99,18.99,Ty,GBP,660054.0,660054.0
"Outsunny 13 x 11ft Garden Shed Storage with Foundation Kit and Vents, Grey | Grey",Marketplace,325087577,502.99,502.99,Outsunny,GBP,17482926.0,17482926.0
PawHut Wooden Cat House Cat Cave Pet Shelter Condos Outdoor Natural Wood Finish,Marketplace,325087581,87.99,87.99,PawHut,GBP,3058356.0,3058356.0
Schleich Gallimimus Figure,Marketplace,325087582,16.99,16.99,SCHLEICH,GBP,590538.0,590538.0
Harbour Housewares Glass Placemats - 30 x 20cm - Grey - Pack of 6 | Grey | Grey,Marketplace,325087596,13.99,13.99,Harbour Housewares,GBP,486264.0,486264.0
Harbour Housewares Glass Placemats - 30 x 20cm - Hague Blue - Pack of 6 | Blue | Hague Blue,Marketplace,325087600,13.99,13.99,Harbour Housewares,GBP,486264.0,486264.0
Nicola Spring Cotton Fabric Placemats - Baby Pink - Pack of 6 | Pink | Pink,Marketplace,325087601,13.99,13.99,Nicola Spring,GBP,486264.0,486264.0
Harbour Housewares Round Glass Placemats - 30cm - Black - Pack of 6 | Black | Black,Marketplace,325087603,18.99,18.99,Harbour Housewares,GBP,660054.0,660054.0
Harbour Housewares Round Glass Placemats - 30cm - Clear - Pack of 6 | Clear | Clear,Marketplace,325087604,18.99,18.99,Harbour Housewares,GBP,660054.0,660054.0
Nicola Spring Cotton Fabric Placemats - Natural - Pack of 6 | Brown | Natural,Marketplace,325087605,13.99,13.99,Nicola Spring,GBP,486264.0,486264.0
Nicola Spring Ribbed Cotton Placemats - 48 x 33cm - Grey - Pack of 6 | Grey | Grey,Marketplace,325087606,13.99,13.99,Nicola Spring,GBP,486264.0,486264.0
Bormioli Rocco Prometeo Glass Dinner Plates - 27 x 24cm - White - Pack of 6,Marketplace,325087615,19.99,19.99,Bormioli Rocco,GBP,694812.0,694812.0
Bormioli Rocco Prometeo Oval Glass Soup Plates - 23cm - White - Pack of 6 | White | White,Marketplace,325087616,17.99,17.99,Bormioli Rocco,GBP,625296.0,625296.0
Bormioli Rocco Prometeo Glass Dessert Plates - 24 x 19.5cm - White - Pack of 6 | White | White,Marketplace,325087618,16.99,16.99,Bormioli Rocco,GBP,590538.0,590538.0
Argon Tableware Classic White Dinner Plates - 30cm - Pack of 6 | White | White,Marketplace,325087619,37.99,37.99,Argon Tableware,GBP,1320456.0,1320456.0
Nicola Spring White Farmhouse Side Plates - 16cm - Pack of 6 | White | White,Marketplace,325087620,19.99,19.99,Nicola Spring,GBP,694812.0,694812.0
Nicola Spring Ceramic Dipped Flecked Dinner Plates - 20.5cm - Mustard - Pack of 4 | Yellow | Mustard,Marketplace,325087622,18.99,18.99,Nicola Spring,GBP,660054.0,660054.0
Nicola Spring White Farmhouse Dinner Plates - 26cm - Pack of 6 | White | White,Marketplace,325087625,36.99,36.99,Nicola Spring,GBP,1285698.0,1285698.0
Nicola Spring White Farmhouse Soup Plates - 22cm - Pack of 6 | White | White,Marketplace,325087627,31.99,31.99,Nicola Spring,GBP,1111908.0,1111908.0
Argon Tableware 25.5cm Enamel Dinner Plates - Coloured Rim - Set of 6 - 10inch Large Dish Plates Metal Enamel Tableware Dinner Set | Red | Red Rim,Marketplace,325087629,19.99,19.99,Argon Tableware,GBP,694812.0,694812.0
Argon Tableware 20cm Enamel Side Plates - Coloured Rim - Set of 6 - 8inch Small Dish Plates Metal Enamel Tableware Dinner Set | Blue | Navy Rim,Marketplace,325087630,16.99,16.99,Argon Tableware,GBP,590538.0,590538.0
Argon Tableware 20cm Enamel Side Plates - Coloured Rim - Set of 6 - 8inch Small Dish Plates Metal Enamel Tableware Dinner Set | Black | Black Rim,Marketplace,325087631,16.99,16.99,Argon Tableware,GBP,590538.0,590538.0
Argon Tableware 20cm Enamel Side Plates - Coloured Rim - Set of 6 - 8inch Small Dish Plates Metal Enamel Tableware Dinner Set | Green | Green Rim,Marketplace,325087632,16.99,16.99,Argon Tableware,GBP,590538.0,590538.0
Argon Tableware 20cm Enamel Side Plates - Coloured Rim - Set of 6 - 8inch Small Dish Plates Metal Enamel Tableware Dinner Set | Yellow | Yellow Rim,Marketplace,325087633,16.99,16.99,Argon Tableware,GBP,590538.0,590538.0
Argon Tableware 25.5cm Enamel Dinner Plates - Coloured Rim - Set of 6 - 10inch Large Dish Plates Metal Enamel Tableware Dinner Set | Yellow | Yellow Rim,Marketplace,325087634,19.99,19.99,Argon Tableware,GBP,694812.0,694812.0
Argon Tableware 20cm Enamel Side Plates - Coloured Rim - Set of 6 - 8inch Small Dish Plates Metal Enamel Tableware Dinner Set | Grey | Grey Rim,Marketplace,325087636,16.99,16.99,Argon Tableware,GBP,590538.0,590538.0
Argon Tableware 20cm Enamel Side Plates - Coloured Rim - Set of 6 - 8inch Small Dish Plates Metal Enamel Tableware Dinner Set | Red | Red Rim,Marketplace,325087637,16.99,16.99,Argon Tableware,GBP,590538.0,590538.0
Argon Tableware 25.5cm Enamel Dinner Plates - Coloured Rim - Set of 6 - 10inch Large Dish Plates Metal Enamel Tableware Dinner Set | Grey | Grey Rim,Marketplace,325087640,19.99,19.99,Argon Tableware,GBP,694812.0,694812.0
Argon Tableware 12 Piece Metallic Charger Plates Set - Rose Gold,Marketplace,325087642,19.99,19.99,Argon Tableware,GBP,694812.0,694812.0
Argon Tableware 18 Piece Metallic Charger Plates Set - Rose Gold,Marketplace,325087643,21.99,21.99,Argon Tableware,GBP,764328.0,764328.0
Argon Tableware 25.5cm Enamel Dinner Plates - Coloured Rim - Set of 6 - 10inch Large Dish Plates Metal Enamel Tableware Dinner Set | Black | Black Rim,Marketplace,325087645,19.99,19.99,Argon Tableware,GBP,694812.0,694812.0
Argon Tableware 25.5cm Enamel Dinner Plates - Coloured Rim - Set of 6 - 10inch Large Dish Plates Metal Enamel Tableware Dinner Set | Blue | Navy Rim,Marketplace,325087646,19.99,19.99,Argon Tableware,GBP,694812.0,694812.0
Argon Tableware 25.5cm Enamel Dinner Plates - Coloured Rim - Set of 6 - 10inch Large Dish Plates Metal Enamel Tableware Dinner Set | Green | Green Rim,Marketplace,325087647,19.99,19.99,Argon Tableware,GBP,694812.0,694812.0
Argon Tableware Metallic Charger Plates - 33cm - Gold - Pack of 6 | Gold | Gold,Marketplace,325087662,14.99,14.99,Argon Tableware,GBP,521022.0,521022.0
Argon Tableware Metallic Charger Plates - 33cm - Silver - Pack of 6 | Silver | Silver,Marketplace,325087664,14.99,14.99,Argon Tableware,GBP,521022.0,521022.0
Argon Tableware 12 Piece Metallic Charger Plates Set - Blue,Marketplace,325087669,19.99,19.99,Argon Tableware,GBP,694812.0,694812.0
Argon Tableware 18 Piece Metallic Charger Plates Set - Blue,Marketplace,325087671,21.99,21.99,Argon Tableware,GBP,764328.0,764328.0
Argon Tableware Metallic Charger Plates - 33cm - Blue - Pack of 6 | Blue | Blue,Marketplace,325087672,14.99,14.99,Argon Tableware,GBP,521022.0,521022.0
Argon Tableware Metallic Charger Plates - 33cm - Rose Gold - Pack of 6,Marketplace,325087673,14.99,14.99,Argon Tableware,GBP,521022.0,521022.0
Argon Tableware Hammered Charger Plates - 33cm - Silver - Pack of 6 | Silver | Hammered Silver,Marketplace,325087675,14.99,14.99,Argon Tableware,GBP,521022.0,521022.0
Argon Tableware Hammered Charger Plates - 33cm - Gold - Pack of 6 | Gold | Hammered Gold,Marketplace,325087676,14.99,14.99,Argon Tableware,GBP,521022.0,521022.0
Argon Tableware Glass Storage Jars with Wooden Clip Lids - 1.75 Litre - Pack of 3,Marketplace,325087679,21.99,21.99,Argon Tableware,GBP,764328.0,764328.0
Argon Tableware Square Glass Storage Jars with Wooden Lids - 2.2 Litre - Pack of 3,Marketplace,325087680,22.99,22.99,Argon Tableware,GBP,799086.0,799086.0
Argon Tableware Square Glass Storage Jars with Wooden Lids - 1.9 Litre - Pack of 3,Marketplace,325087681,20.99,20.99,Argon Tableware,GBP,729570.0,729570.0
Argon Tableware Glass Storage Jars with Wooden Clip Lids - 1.4 Litre - Pack of 3,Marketplace,325087683,20.99,20.99,Argon Tableware,GBP,729570.0,729570.0
Argon Tableware Glass Jam Jars with Lids - 42ml - Pack of 6,Marketplace,325087684,8.99,8.99,Argon Tableware,GBP,312474.0,312474.0
Argon Tableware Glass Jam Jars with Lids - 42ml - Pack of 6,Marketplace,325087685,8.99,8.99,Argon Tableware,GBP,312474.0,312474.0
Argon Tableware Glass Jam Jars with Lids - 42ml - Pack of 6,Marketplace,325087686,8.99,8.99,Argon Tableware,GBP,312474.0,312474.0
Argon Tableware Glass Jam Jars - 110ml - Pack of 6,Marketplace,325087687,8.99,8.99,Argon Tableware,GBP,312474.0,312474.0
Argon Tableware Glass Jam Jars with Lids - 110ml - Pack of 6,Marketplace,325087689,9.99,9.99,Argon Tableware,GBP,347232.0,347232.0
Argon Tableware Glass Jam Jars with Lids - 110ml - Pack of 6,Marketplace,325087690,9.99,9.99,Argon Tableware,GBP,347232.0,347232.0
Argon Tableware Glass Jam Jars - 150ml - Pack of 6,Marketplace,325087692,8.99,8.99,Argon Tableware,GBP,312474.0,312474.0
Argon Tableware Glass Jam Jars with Lids - 110ml - Pack of 6,Marketplace,325087693,9.99,9.99,Argon Tableware,GBP,347232.0,347232.0
Argon Tableware Glass Jam Jars with Lids - 110ml - Pack of 6,Marketplace,325087694,9.99,9.99,Argon Tableware,GBP,347232.0,347232.0
Argon Tableware Glass Jam Jars with Lids - 150ml - Pack of 6,Marketplace,325087696,9.99,9.99,Argon Tableware,GBP,347232.0,347232.0
Argon Tableware Glass Jam Jars with Lids - 150ml - Pack of 6,Marketplace,325087697,9.99,9.99,Argon Tableware,GBP,347232.0,347232.0
Argon Tableware Glass Jam Jars with Lids - 150ml - Pack of 6,Marketplace,325087698,9.99,9.99,Argon Tableware,GBP,347232.0,347232.0
Argon Tableware Glass Jam Jars - 185ml - Pack of 6,Marketplace,325087699,9.99,9.99,Argon Tableware,GBP,347232.0,347232.0
Argon Tableware Glass Jam Jars with Lids - 150ml - Pack of 6,Marketplace,325087701,9.99,9.99,Argon Tableware,GBP,347232.0,347232.0
Argon Tableware Glass Jam Jars with Lids - 310ml - Pack of 6,Marketplace,325087702,10.99,10.99,Argon Tableware,GBP,381990.0,381990.0
Argon Tableware Glass Jam Jars with Lids - 185ml - Pack of 6,Marketplace,325087703,9.99,9.99,Argon Tableware,GBP,347232.0,347232.0
Argon Tableware Glass Jam Jars with Lids - 185ml - Pack of 6,Marketplace,325087704,9.99,9.99,Argon Tableware,GBP,347232.0,347232.0
Argon Tableware Glass Jam Jars - 310ml - Pack of 6,Marketplace,325087705,9.99,9.99,Argon Tableware,GBP,347232.0,347232.0
Argon Tableware Glass Jam Jars with Lids - 310ml - Pack of 6,Marketplace,325087707,10.99,10.99,Argon Tableware,GBP,381990.0,381990.0
Argon Tableware Glass Jam Jars with Lids - 185ml - Pack of 6,Marketplace,325087708,9.99,9.99,Argon Tableware,GBP,347232.0,347232.0
Argon Tableware Glass Jam Jars with Lids - 450ml - Pack of 6,Marketplace,325087709,10.99,10.99,Argon Tableware,GBP,381990.0,381990.0
Argon Tableware Glass Jam Jars with Lids - 310ml - Pack of 6,Marketplace,325087711,10.99,10.99,Argon Tableware,GBP,381990.0,381990.0
Argon Tableware Glass Jam Jars with Lids - 310ml - Pack of 6,Marketplace,325087712,10.99,10.99,Argon Tableware,GBP,381990.0,381990.0
Argon Tableware Glass Jam Jars with Lids - 450ml - Pack of 6,Marketplace,325087713,10.99,10.99,Argon Tableware,GBP,381990.0,381990.0
Argon Tableware Glass Jam Jars - 450ml - Pack of 6,Marketplace,325087714,9.99,9.99,Argon Tableware,GBP,347232.0,347232.0
Nicola Spring Cotton Fabric Table Runner - 48cm x 183cm - Steel Grey | Grey | Steel Grey,Marketplace,325087715,10.99,10.99,Nicola Spring,GBP,381990.0,381990.0
Nicola Spring Cotton Fabric Table Runner - 48cm x 183cm - Olympic Blue | Blue | Olympic Blue,Marketplace,325087719,10.99,10.99,Nicola Spring,GBP,381990.0,381990.0
Nicola Spring Cotton Fabric Table Runner - 48cm x 183cm - Baby Pink | Pink | Baby Pink,Marketplace,325087720,10.99,10.99,Nicola Spring,GBP,381990.0,381990.0
Nicola Spring Cotton Fabric Table Runner - 48cm x 183cm - Beige | Cream | Beige,Marketplace,325087722,10.99,10.99,Nicola Spring,GBP,381990.0,381990.0
Harbour Housewares Metallic Vanity Mirror - Adjustable Tilt Dressing Table Mirror Sleek Modern Makeup Mirror | Gold | Gold | 39 x 22cm,Marketplace,325087724,15.99,15.99,Harbour Housewares,GBP,555780.0,555780.0
Harbour Housewares Round Full-Length Mirror - 153cm x 30cm - Large Tall Freestanding Mirror for Bedrooms & Hallways | Black | Black | One Size,Marketplace,325087726,30.99,30.99,Harbour Housewares,GBP,1077150.0,1077150.0
Harbour Housewares Square Full-Length Mirror - 137cm x 35.5cm - Large Tall Freestanding Mirror for Bedrooms & Hallways | White | White | One Size,Marketplace,325087728,38.99,38.99,Harbour Housewares,GBP,1355214.0,1355214.0
Harbour Housewares Square Full-Length Mirror - 137cm x 35.5cm - Large Tall Freestanding Mirror for Bedrooms & Hallways | Black | Black | One Size,Marketplace,325087729,38.99,38.99,Harbour Housewares,GBP,1355214.0,1355214.0
Harbour Housewares Metallic Vanity Mirror - Adjustable Tilt Dressing Table Mirror Sleek Modern Makeup Mirror | Gold | Gold | 50 x 32cm | 1,Marketplace,325087730,20.99,20.99,Harbour Housewares,GBP,729570.0,729570.0
"Nicola Spring 3D Box Photo Frame with A4 Mount - A3 (12"" x 17"") - Black/White",Marketplace,325087736,17.99,17.99,Nicola Spring,GBP,625296.0,625296.0
"Nicola Spring Hanging Metal Photo Frame - 4"" x 6"" - Black",Marketplace,325087740,9.99,9.99,Nicola Spring,GBP,347232.0,347232.0
"Nicola Spring Hanging Metal Photo Frame - 4"" x 4"" - Black",Marketplace,325087741,9.99,9.99,Nicola Spring,GBP,347232.0,347232.0
"Nicola Spring Hanging Metal Photo Frame - 6"" x 4"" - Black",Marketplace,325087742,8.99,8.99,Nicola Spring,GBP,312474.0,312474.0
"Nicola Spring 8 x 8"" Deep Photo Frame - Light Wood - 3D Deep Box Picture Frame Portrait Display Case (22.5 x 22.5cm)",Marketplace,325087744,12.99,12.99,Nicola Spring,GBP,451506.0,451506.0
"Nicola Spring Hanging Metal Photo Frame - 5"" x 7"" - Black",Marketplace,325087745,9.99,9.99,Nicola Spring,GBP,347232.0,347232.0
"Nicola Spring Standing Metal Photo Frame - Picture Frame Freestanding Frame Display Poster Frame | Gold | Gold | 8"" x 10""",Marketplace,325087750,14.99,14.99,Nicola Spring,GBP,521022.0,521022.0
"Nicola Spring Standing Metal Photo Frame - Picture Frame Freestanding Frame Display Poster Frame | Silver | Silver | 6"" x 8""",Marketplace,325087751,12.99,12.99,Nicola Spring,GBP,451506.0,451506.0
"Nicola Spring Standing Metal Photo Frame - Picture Frame Freestanding Frame Display Poster Frame | Silver | Silver | 5"" x 7""",Marketplace,325087752,11.99,11.99,Nicola Spring,GBP,416748.0,416748.0
"Nicola Spring Standing Metal Photo Frame - Picture Frame Freestanding Frame Display Poster Frame | Gold | Gold | 6"" x 8""",Marketplace,325087754,12.99,12.99,Nicola Spring,GBP,451506.0,451506.0
"Nicola Spring Standing Metal Photo Frame - Picture Frame Freestanding Frame Display Poster Frame | Gold | Gold | 5"" x 7""",Marketplace,325087758,11.99,11.99,Nicola Spring,GBP,416748.0,416748.0
"Nicola Spring Photo Frame - 5"" x 7"" - Grey",Marketplace,325087759,7.99,7.99,Nicola Spring,GBP,277716.0,277716.0
"Nicola Spring Photo Frame - 4"" x 6"" - Grey",Marketplace,325087760,7.99,7.99,Nicola Spring,GBP,277716.0,277716.0
"Nicola Spring Photo Frame - 5"" x 7"" - Black",Marketplace,325087761,7.99,7.99,Nicola Spring,GBP,277716.0,277716.0
"Nicola Spring Photo Frame - 4"" x 6"" - White",Marketplace,325087762,7.99,7.99,Nicola Spring,GBP,277716.0,277716.0
"Nicola Spring Photo Frame - 8"" x 10"" - White",Marketplace,325087763,10.99,10.99,Nicola Spring,GBP,381990.0,381990.0
"Nicola Spring Photo Frame - 5"" x 7"" - White",Marketplace,325087765,7.99,7.99,Nicola Spring,GBP,277716.0,277716.0
"Nicola Spring 3D Deep Box Photo Frame - 16 x 16"" - Black",Marketplace,325087768,20.99,20.99,Nicola Spring,GBP,729570.0,729570.0
"Nicola Spring 3D Deep Box Photo Frame - 4 x 4"" - Black",Marketplace,325087769,9.99,9.99,Nicola Spring,GBP,347232.0,347232.0
"Nicola Spring 3D Deep Box Photo Frame - 12 x 12"" - Black",Marketplace,325087770,15.99,15.99,Nicola Spring,GBP,555780.0,555780.0
"Nicola Spring 8 x 8"" Deep Photo Frame - Black - 3D Deep Box Picture Frame Portrait Display Case (22.5 x 22.5cm)",Marketplace,325087771,13.99,13.99,Nicola Spring,GBP,486264.0,486264.0
"Nicola Spring 3D Deep Box Photo Frame - 12 x 12"" - White",Marketplace,325087772,15.99,15.99,Nicola Spring,GBP,555780.0,555780.0
"Nicola Spring 3D Deep Box Photo Frame - 10 x 10"" - White",Marketplace,325087773,13.99,13.99,Nicola Spring,GBP,486264.0,486264.0
"Nicola Spring 6 x 6"" Deep Photo Frame - Black - 3D Deep Box Picture Frame Portrait Display Case (16 x 16cm)",Marketplace,325087774,10.99,10.99,Nicola Spring,GBP,381990.0,381990.0
"Nicola Spring 3D Deep Box Photo Frame - 10 x 10"" - Black",Marketplace,325087775,13.99,13.99,Nicola Spring,GBP,486264.0,486264.0
"Nicola Spring 10 x 10"" Photo Frame - Black - 3D Photo Frame Picture Frame Box Portrait Display Case (53 x 53cm)",Marketplace,325087777,12.99,12.99,Nicola Spring,GBP,451506.0,451506.0
"Nicola Spring 10 x 10"" Photo Frame - White - 3D Photo Frame Picture Frame Box Portrait Display Case (53 x 53cm)",Marketplace,325087778,12.99,12.99,Nicola Spring,GBP,451506.0,451506.0
"Nicola Spring 3D Box Photo Frame - 5 x 7"" - Grey",Marketplace,325087779,9.99,9.99,Nicola Spring,GBP,347232.0,347232.0
"Nicola Spring 4 x 6"" Photo Frame - Grey - 3D Photo Frame Picture Frame Box Portrait Display Case (17.5 x 12.5cm)",Marketplace,325087780,8.99,8.99,Nicola Spring,GBP,312474.0,312474.0
"Nicola Spring 3D Box Photo Frame - 8 x 10"" - Grey",Marketplace,325087781,11.99,11.99,Nicola Spring,GBP,416748.0,416748.0
"Nicola Spring 4 x 4"" Photo Frame - Grey - 3D Photo Frame Picture Frame Box Portrait Display Case (12.5 x 12.5cm)",Marketplace,325087782,8.99,8.99,Nicola Spring,GBP,312474.0,312474.0
Harbour Housewares Folding Metal Beach Chairs - Grey - Pack of 2 | Grey | Grey,Marketplace,325087788,24.99,24.99,Harbour Housewares,GBP,868602.0,868602.0
Harbour Housewares Folding Metal Beach Chairs - Black - Pack of 2 | Black | Black,Marketplace,325087791,23.99,23.99,Harbour Housewares,GBP,833844.0,833844.0
Harbour Housewares 2x Folding Metal Beach Chairs - Banana Leaf - Folding Chair Camping Chair Outdoor Chair Beach Chair Deck Chair | Green,Marketplace,325087792,23.99,23.99,Harbour Housewares,GBP,833844.0,833844.0
Harbour Housewares 2 Person Garden Furniture Set - Glass Top Outdoor Patio Coffee Bistro Table and Chairs - 90 x 90cm - Black,Marketplace,325087794,86.99,86.99,Harbour Housewares,GBP,3023598.0,3023598.0
Redwood Insulated Cool Bag - 30L - Red,Marketplace,325087798,12.99,12.99,Redwood,GBP,451506.0,451506.0
"HOMCOM 12L 8 in 1 Digital Air Fryer Oven with Roast, Bake, Dehydrate, 8 Preset Modes, Rapid Air Circulation, Timer, Inner Light, Memory Function, 1800W, Dish Wash Accessory, Black",Home & Furniture,325087803,68.39,68.39,HOMCOM,GBP,2377100.0,2377100.0
Nicola Spring Coir Double Door Mat - 120 x 40cm - Grey Border,Marketplace,325087809,13.99,13.99,Nicola Spring,GBP,486264.0,486264.0
Nicola Spring Coir Double Door Mat - 120 x 40cm - Grey Inset Decorative Indoor Outdoor Front Door Entry Dirt Trapper Rug Doormat,Marketplace,325087810,13.99,13.99,Nicola Spring,GBP,486264.0,486264.0
Nicola Spring Coir Double Door Mat - 120 x 40cm - Classic,Marketplace,325087811,12.99,12.99,Nicola Spring,GBP,451506.0,451506.0
Nicola Spring Coir Step Mat - 60 x 20cm - Hello,Marketplace,325087812,8.99,8.99,Nicola Spring,GBP,312474.0,312474.0
Nicola Spring Coir Step Mat - 60 x 20cm - Classic,Marketplace,325087813,8.99,8.99,Nicola Spring,GBP,312474.0,312474.0
Nicola Spring Halloween Coir Door Mat - 60 x 40cm - Wizards Welcome - Decorative Indoor Front Door Entry Dirt Trapper Rug Doormat,Marketplace,325087814,9.99,9.99,Nicola Spring,GBP,347232.0,347232.0
Nicola Spring Coir Door Mat - 60 x 40cm - Zig Zag,Marketplace,325087815,9.99,9.99,Nicola Spring,GBP,347232.0,347232.0
Nicola Spring Coir Half Moon Door Mat - 60 x 40cm - Rainbow,Marketplace,325087817,9.99,9.99,Nicola Spring,GBP,347232.0,347232.0
Nicola Spring Coir Half Moon Door Mat - 60 x 40cm - Embossed,Marketplace,325087818,9.99,9.99,Nicola Spring,GBP,347232.0,347232.0
Nicola Spring Coir Half Moon Door Mat - 60 x 40cm - Classic,Marketplace,325087820,9.99,9.99,Nicola Spring,GBP,347232.0,347232.0
Nicola Spring Coir Door Mat - 60 x 40cm - Leopard Heart,Marketplace,325087821,9.99,9.99,Nicola Spring,GBP,347232.0,347232.0
Nicola Spring Coir Door Mat - 60 x 40cm - Banana Leaf,Marketplace,325087822,9.99,9.99,Nicola Spring,GBP,347232.0,347232.0
Nicola Spring Coir Door Mat - 60 x 40cm - Leopard,Marketplace,325087823,9.99,9.99,Nicola Spring,GBP,347232.0,347232.0
Nicola Spring Coir Door Mat - 60 x 40cm - Embossed Heart,Marketplace,325087824,9.99,9.99,Nicola Spring,GBP,347232.0,347232.0
Nicola Spring Coir Door Mat - 60 x 40cm - Embossed Home,Marketplace,325087825,9.99,9.99,Nicola Spring,GBP,347232.0,347232.0
Nicola Spring Coir Scraper Door Mat - 60 x 40cm - Natural,Marketplace,325087827,12.99,12.99,Nicola Spring,GBP,451506.0,451506.0
Nicola Spring Heavy Duty Door Mat - 60 x 40cm - Black,Marketplace,325087828,8.99,8.99,Nicola Spring,GBP,312474.0,312474.0
Nicola Spring Heavy Duty Door Mat - 60 x 40cm - Mosaic,Marketplace,325087829,8.99,8.99,Nicola Spring,GBP,312474.0,312474.0
Nicola Spring Heavy Duty Door Mat - 60 x 40cm Diagonals Indoor Outdoor Doormats Durable Non-Slip PVC Backing Dirt Trapper,Marketplace,325087830,8.99,8.99,Nicola Spring,GBP,312474.0,312474.0
Nicola Spring Heavy Duty Door Mat - 60 x 40cm - Grey,Marketplace,325087831,8.99,8.99,Nicola Spring,GBP,312474.0,312474.0
Nicola Spring Heavy Duty Door Mat - 60 x 40cm - Black Waves,Marketplace,325087832,7.99,7.99,Nicola Spring,GBP,277716.0,277716.0
Nicola Spring Coir Door Mat - 60 x 40cm - Hello,Marketplace,325087833,9.99,9.99,Nicola Spring,GBP,347232.0,347232.0
Nicola Spring Coir Door Mat - 90 x 60cm - Classic - Indoor Outdoor Floor Mat Dirt Trapper Rug Non Slip Backing Doormat,Marketplace,325087834,11.99,11.99,Nicola Spring,GBP,416748.0,416748.0
Nicola Spring Coir Door Mat - 60 x 40cm - Black Heart,Marketplace,325087835,9.99,9.99,Nicola Spring,GBP,347232.0,347232.0
Nicola Spring Coir Door Mat - 60 x 40cm - Black Star,Marketplace,325087836,9.99,9.99,Nicola Spring,GBP,347232.0,347232.0
Nicola Spring Coir Door Mat - 60 x 40cm - White Heart,Marketplace,325087837,9.99,9.99,Nicola Spring,GBP,347232.0,347232.0
Nicola Spring Coir Door Mat - 60 x 40cm - Classic,Marketplace,325087839,9.99,9.99,Nicola Spring,GBP,347232.0,347232.0
Argon Tableware White Enamel Pie Dish - 20cm - Navy,Marketplace,325087841,9.99,9.99,Argon Tableware,GBP,347232.0,347232.0
Argon Tableware 4.5L Round Cast Iron Casserole Dish with Self-Basting Lid - 4.75QT Dutch Oven Roasting Dish Pot | Grey | Slate Grey | 1,Marketplace,325087842,34.99,34.99,Argon Tableware,GBP,1216182.0,1216182.0
Argon Tableware 2.3L Shallow Cast Iron Casserole Dish with Self-Basting Lid - 2.43QT Dutch Oven Roasting Dish | Blue | Midnight Blue | 1,Marketplace,325087846,37.99,37.99,Argon Tableware,GBP,1320456.0,1320456.0
Argon Tableware Enamel Baking Tray - Coloured Rim - Lightweight Metal Square Enamel Oven Tray Kitchen Bakeware Flat Cooking Pan | White | Green Rim,Marketplace,325087847,11.99,11.99,Argon Tableware,GBP,416748.0,416748.0
Argon Tableware Enamel Baking Tray - Coloured Rim - Lightweight Metal Square Enamel Oven Tray Kitchen Bakeware Flat Cooking Pan | White | Blue Rim,Marketplace,325087848,11.99,11.99,Argon Tableware,GBP,416748.0,416748.0
Argon Tableware Mesh Pizza Screen - Non-Stick Metal Aluminium Pizza Trays Round Oven Safe Cooking Baking Pan Tray | Silver | Silver | 2,Marketplace,325087850,8.99,8.99,Argon Tableware,GBP,312474.0,312474.0
Argon Tableware Enamel Baking Tray - Coloured Rim - Lightweight Metal Rectangular Enamel Oven Tray Kitchen Bakeware Flat Cooking Pan | White | Green Rim,Marketplace,325087851,14.99,14.99,Argon Tableware,GBP,521022.0,521022.0
Nicola Spring Hand-Printed Tumblers - 280ml - Orange - Pack of 6 | Orange | Orange | 6,Marketplace,325087864,15.99,15.99,Nicola Spring,GBP,555780.0,555780.0
Argon Tableware Marble Wine Bottle Cooler - 13cm - Black | Black | Black,Marketplace,325087870,18.99,18.99,Argon Tableware,GBP,660054.0,660054.0
Argon Tableware Glass Storage Bottles with Cork Lids - 375ml - Pack of 3,Marketplace,325087871,12.99,12.99,Argon Tableware,GBP,451506.0,451506.0
Argon Tableware Glass Storage Bottles with Cork Lids - 180ml - Pack of 3,Marketplace,325087872,11.99,11.99,Argon Tableware,GBP,416748.0,416748.0
Argon Tableware Glass Storage Bottles with Cork Lids - 720ml - Pack of 3,Marketplace,325087873,13.99,13.99,Argon Tableware,GBP,486264.0,486264.0
Nicola Spring Jebel Recycled Glass Vase - 3.5 Litre - Green | Green | Green,Marketplace,325087875,25.99,25.99,Nicola Spring,GBP,903360.0,903360.0
LAV Fonte Glass Carafe - 1.2L - White Lid,Marketplace,325087882,9.99,9.99,LAV,GBP,347232.0,347232.0
LAV Fonte Glass Carafe - 700ml - White Lid,Marketplace,325087883,8.99,8.99,LAV,GBP,312474.0,312474.0
Nicola Spring Farmhouse Water Jug - 1L - White Porcelain Rustic Cottage Pitcher Rolled Rims Comfort Handle & Tapered Spout,Marketplace,325087884,15.99,15.99,Nicola Spring,GBP,555780.0,555780.0
LAV Fonte Optic Glass Carafe - 1.2L - White Lid,Marketplace,325087885,9.99,9.99,LAV,GBP,347232.0,347232.0
LAV Vera Glass Carafe - 1.2L - White Lid,Marketplace,325087887,9.99,9.99,LAV,GBP,347232.0,347232.0
Argon Tableware Brocca Glass Carafe with Silicone Lid - 700ml,Marketplace,325087890,10.99,10.99,Argon Tableware,GBP,381990.0,381990.0
"Argon Tableware Enamel Butter Dish - Enamel Margarine, Cheese, Butter Dish Fridge Kitchen Food Storage Container | White | Blue Rim",Marketplace,325087891,14.99,14.99,Argon Tableware,GBP,521022.0,521022.0
Nicola Spring Jebel Recycled Glass Jug - 1 Litre - Green,Marketplace,325087893,18.99,18.99,Nicola Spring,GBP,660054.0,660054.0
Nicola Spring Jebel Recycled Glass Jug - 1 Litre - Blue,Marketplace,325087894,18.99,18.99,Nicola Spring,GBP,660054.0,660054.0
Tiny Dining Silicone Weaning Bib - Ochre - Silicone Baby Weaning Bib Food Catcher Waterproof Toddler Bibs | Yellow | Ochre | 25 x 23 x 3 CM | 1,Marketplace,325087898,7.99,7.99,Tiny Dining,GBP,277716.0,277716.0
Tiny Dining Silicone Weaning Bib - Dusty Rose - Silicone Baby Weaning Bib Food Catcher Waterproof Toddler Bibs | Pink | Dusty Rose | 25 x 23 x 3 CM | 1,Marketplace,325087899,7.99,7.99,Tiny Dining,GBP,277716.0,277716.0
Tiny Dining Silicone Weaning Bib - Silver Sage - Silicone Baby Weaning Bib Food Catcher Waterproof Toddler Bibs | Green | Silver Sage | 25 x 23 x 3 CM | 1,Marketplace,325087900,7.99,7.99,Tiny Dining,GBP,277716.0,277716.0
Tiny Dining Silicone Training Cup - 170ml  - Ochre - BPA Free Silicone Water Tumbler Cup Baby Toddler Drinking Bottle | Yellow | Ochre | 14.5 x 10.5 x 6 CM | 1,Marketplace,325087901,8.99,8.99,Tiny Dining,GBP,312474.0,312474.0
Tiny Dining Silicone Training Cup - 170ml  - Tradewinds - BPA Free Silicone Water Tumbler Cup Baby Toddler Drinking Bottle | Blue | Tradewinds | 14.5 x 10.5 x 6 CM | 1,Marketplace,325087902,8.99,8.99,Tiny Dining,GBP,312474.0,312474.0
Tiny Dining Silicone Training Cup - 170ml  - Silver Sage - BPA Free Silicone Water Tumbler Cup Baby Toddler Drinking Bottle | Green | Silver Sage | 14.5 x 10.5 x 6 CM | 1,Marketplace,325087903,8.99,8.99,Tiny Dining,GBP,312474.0,312474.0
Tiny Dining Silicone Weaning Bib - Tradewinds - Silicone Baby Weaning Bib Food Catcher Waterproof Toddler Bibs | Blue | Tradewinds | 25 x 23 x 3 CM | 1,Marketplace,325087904,7.99,7.99,Tiny Dining,GBP,277716.0,277716.0
Tiny Dining Bamboo Trainer Cup - 130ml - Olive Green - Toddler Tumbler Eco-Friendly Natural Baby Trainer Open Weaning Cup | Green | Olive Green | 9.5 x 8 x 8 CM | 1,\N,325087906,11.99,11.99,Tiny Dining,GBP,416748.0,416748.0
Harbour Housewares Metal Glass Top Garden Table - 120cm x 70cm - Black,Marketplace,325087914,57.99,57.99,Harbour Housewares,GBP,2015616.0,2015616.0
Harbour Housewares Folding Metal Camping Table - 80cm x 60cm - Black | Black | Black,Marketplace,325087915,18.99,18.99,Harbour Housewares,GBP,660054.0,660054.0
Harbour Housewares 4 Seater Metal Garden Furniture Set - 120cm x 70cm - Black,Marketplace,325087916,146.99,146.99,Harbour Housewares,GBP,5109078.0,5109078.0
Harbour Housewares Folding Metal Camping Table - 80cm x 60cm - Wood | Brown | Wood,Marketplace,325087918,18.99,18.99,Harbour Housewares,GBP,660054.0,660054.0
Harbour Housewares Folding Metal Camping Table - 80cm x 60cm - White | White | White,Marketplace,325087919,18.99,18.99,Harbour Housewares,GBP,660054.0,660054.0
Harbour Housewares 2 Seater Sussex Bistro Set - Round - Yellow | Yellow | Yellow,Marketplace,325087925,69.99,69.99,Harbour Housewares,GBP,2432712.0,2432712.0
Harbour Housewares Folding Beach Loungers - Banana Leaf - Pack of 2,Marketplace,325087931,23.99,23.99,Harbour Housewares,GBP,833844.0,833844.0
Harbour Housewares Folding Beach Loungers - Grey - Pack of 2,Marketplace,325087932,23.99,23.99,Harbour Housewares,GBP,833844.0,833844.0
Harbour Housewares Washing Powder Storage Container Tin - Metal Vintage Under Sink Storage Caddy Cupboard Organiser | Black | Black | 1,Marketplace,325087937,14.99,14.99,Harbour Housewares,GBP,521022.0,521022.0
Harbour Housewares Washing Tablet Storage Container - Metal Vintage Industrial Under Sink Storage Caddy Cupboard Organiser | Grey | Grey | 1,Marketplace,325087938,12.99,12.99,Harbour Housewares,GBP,451506.0,451506.0
Harbour Housewares Washing Powder Storage Container Tin - Metal Vintage Under Sink Storage Caddy Cupboard Organiser | Cream | Cream | 1,Marketplace,325087939,14.99,14.99,Harbour Housewares,GBP,521022.0,521022.0
Harbour Housewares Washing Powder Storage Container Tin - Metal Vintage Under Sink Storage Caddy Cupboard Organiser | Grey | Grey | 1,Marketplace,325087940,14.99,14.99,Harbour Housewares,GBP,521022.0,521022.0
Harbour Housewares Washing Powder Storage Container Tin - Metal Vintage Under Sink Storage Caddy Cupboard Organiser | White | White | 1,Marketplace,325087941,14.99,14.99,Harbour Housewares,GBP,521022.0,521022.0
Harbour Housewares Washing Tablet Storage Container - Metal Vintage Industrial Under Sink Storage Caddy Cupboard Organiser | Cream | Cream | 1,Marketplace,325087942,12.99,12.99,Harbour Housewares,GBP,451506.0,451506.0
Harbour Housewares Washing Tablet Storage Container - Metal Vintage Industrial Under Sink Storage Caddy Cupboard Organiser | White | White | 1,Marketplace,325087943,12.99,12.99,Harbour Housewares,GBP,451506.0,451506.0
Harbour Housewares Washing Tablet Storage Container - Metal Vintage Industrial Under Sink Storage Caddy Cupboard Organiser | Black | Black | 1,Marketplace,325087944,12.99,12.99,Harbour Housewares,GBP,451506.0,451506.0
Hammer and Tongs Steel Wellington Boot Rack - 6 Pair - Black | Black | Black,Marketplace,325087945,22.99,22.99,Hammer & Tongs,GBP,799086.0,799086.0
Argon Tableware 3x Food Storage Containers - 700ml - White Reusable Airtight Stackable Meal Prep Lunch Box with Clip-Lock Lid,Marketplace,325087946,11.99,11.99,Argon Tableware,GBP,416748.0,416748.0
Argon Tableware 3x Food Storage Containers - 1.8 Litre - White Reusable Airtight Stackable Meal Prep Lunch Box with Clip-Lock Lid,Marketplace,325087948,17.99,17.99,Argon Tableware,GBP,625296.0,625296.0
Argon Tableware 3x Food Storage Containers - 1.3 Litre - White Reusable Airtight Stackable Meal Prep Lunch Box with Clip-Lock Lid,Marketplace,325087950,14.99,14.99,Argon Tableware,GBP,521022.0,521022.0
Argon Tableware 3x Food Storage Containers - 460ml - White Reusable Airtight Stackable Meal Prep Lunch Box with Clip-Lock Lid,Marketplace,325087951,10.99,10.99,Argon Tableware,GBP,381990.0,381990.0
Goose on the Loose,Marketplace,325087954,13.63,13.63,Orchard Toys,GBP,473752.0,473752.0
Dino-snore-us,Marketplace,325087955,15.99,15.99,Orchard Toys,GBP,555780.0,555780.0
Dinosaur Opposites,Marketplace,325087956,13.75,13.75,Orchard Toys,GBP,477922.0,477922.0
Dress up Nelly,Marketplace,325087957,13.5,13.5,Orchard Toys,GBP,469233.0,469233.0
Orchard Toys Pigs in Blankets Mini Game,Marketplace,325087958,9.99,9.99,Orchard Toys,GBP,347232.0,347232.0
Animal Match - Mini Game,Marketplace,325087959,9.99,9.99,Orchard Toys,GBP,347232.0,347232.0
Jungle Heads & Tails,Marketplace,325087961,13.5,13.5,Orchard Toys,GBP,469233.0,469233.0
Magical,Marketplace,325087963,10.5,10.5,Orchard Toys,GBP,364959.0,364959.0
Jumble Jungle,Marketplace,325087966,13.5,13.5,Orchard Toys,GBP,469233.0,469233.0
Dinosaur Lotto,Marketplace,325087968,13.5,13.5,Orchard Toys,GBP,469233.0,469233.0
Orchard Toys Dirty Dinos Learning Game,Marketplace,325087969,13.5,13.5,Orchard Toys,GBP,469233.0,469233.0
Alphabet Flashcards,Marketplace,325087981,13.5,13.5,Orchard Toys,GBP,469233.0,469233.0
Peter Rabbit Veg Patch Lotto,Marketplace,325087982,15.99,15.99,Orchard Toys,GBP,555780.0,555780.0
Peter Rabbit Rabbit Race,Marketplace,325087983,13.99,13.99,Orchard Toys,GBP,486264.0,486264.0
Peter Rabbit Fish and Count,Marketplace,325087987,13.99,13.99,Orchard Toys,GBP,486264.0,486264.0
FUN FOOD BINGO,Marketplace,325087988,13.43,13.43,Orchard Toys,GBP,466800.0,466800.0
BUZZ WORDS,Marketplace,325087991,13.5,13.5,Orchard Toys,GBP,469233.0,469233.0
Eugy Pterodactyl 3D Craft Kit,Marketplace,325087995,12.99,12.99,Eugy,GBP,451506.0,451506.0
Eugy Tyranno T-Rex Dinosaur 3D Craft Kit,Marketplace,325087997,12.99,12.99,Eugy,GBP,451506.0,451506.0
Eugy Lion 3D Craft Kit,Marketplace,325087998,12.99,12.99,Eugy,GBP,451506.0,451506.0
Eugy Tiger 3D Craft Kit,Marketplace,325087999,12.99,12.99,Eugy,GBP,451506.0,451506.0
Eugy Blue Whale 3D Craft Kit,Marketplace,325088000,12.99,12.99,Eugy,GBP,451506.0,451506.0
Eugy Shark 3D Craft Kit,Marketplace,325088001,12.99,12.99,Eugy,GBP,451506.0,451506.0
Eugy Owl 3D Craft Kit,Marketplace,325088002,12.99,12.99,Eugy,GBP,451506.0,451506.0
Eugy Rhino 3D Craft Kit,Marketplace,325088005,12.99,12.99,Eugy,GBP,451506.0,451506.0
Eugy Dolphin 3D Craft Kit,Marketplace,325088006,12.99,12.99,Eugy,GBP,451506.0,451506.0
Eugy Unicorn 3D Craft Kit,Marketplace,325088008,12.99,12.99,Eugy,GBP,451506.0,451506.0
Eugy Stego Dinosaur 3D Craft Kit,Marketplace,325088009,12.99,12.99,Eugy,GBP,451506.0,451506.0
Eugy Orca 3D Craft Kit,Marketplace,325088010,12.99,12.99,Eugy,GBP,451506.0,451506.0
Eugy Kangaroo 3D Craft Kit,Marketplace,325088011,12.99,12.99,Eugy,GBP,451506.0,451506.0
Eugy Badger 3D Craft Kit,Marketplace,325088018,12.99,12.99,Eugy,GBP,451506.0,451506.0
Eugy Armadillo 3D Craft Kit,Marketplace,325088019,12.99,12.99,Eugy,GBP,451506.0,451506.0
Eugy Holstein Friesian Cow 3D Craft Kit,Marketplace,325088020,12.99,12.99,Eugy,GBP,451506.0,451506.0
Eugy Gorilla 3D Craft Kit,Marketplace,325088022,12.99,12.99,Eugy,GBP,451506.0,451506.0
Eugy Elephant 3D Craft Kit,Marketplace,325088024,12.99,12.99,Eugy,GBP,451506.0,451506.0
Eugy Crocodile 3D Craft Kit,Marketplace,325088025,12.99,12.99,Eugy,GBP,451506.0,451506.0
Eugy Spino 3D Craft Kit,Marketplace,325088026,12.99,12.99,Eugy,GBP,451506.0,451506.0
Nicola Spring Soy Wax Scented Candle - 130g - Patchouli & Rosewood | Blue | Blue,Marketplace,325088029,9.99,9.99,Nicola Spring,GBP,347232.0,347232.0
Eugy Tricera Dinosaur 3D Craft Kit,Marketplace,325088031,12.99,12.99,Eugy,GBP,451506.0,451506.0
Eugy Sheep 3D Craft Kit,Marketplace,325088032,12.99,12.99,Eugy,GBP,451506.0,451506.0
Eugy Meerkat 3D Craft Kit,Marketplace,325088033,12.99,12.99,Eugy,GBP,451506.0,451506.0
Eugy Unicorn Sky 3D Craft Kit,Marketplace,325088035,12.99,12.99,Eugy,GBP,451506.0,451506.0
Tiny Dining Bamboo Silicone Tip Spoon - Beige - Children's Baby Toddler Soft Curved Feeding Weaning Spoon,Marketplace,325088040,6.99,6.99,Tiny Dining,GBP,242958.0,242958.0
Tiny Dining Bamboo Silicone Tip Spoon - Green - Children's Baby Toddler Soft Curved Feeding Weaning Spoon,Marketplace,325088041,6.99,6.99,Tiny Dining,GBP,242958.0,242958.0
Tiny Dining Bamboo Silicone Tip Spoon - Pastel Pink - Children's Baby Toddler Soft Curved Feeding Weaning Spoon,Marketplace,325088042,6.99,6.99,Tiny Dining,GBP,242958.0,242958.0
Tiny Dining Bamboo Silicone Tip Spoon - Grey - Children's Baby Toddler Soft Curved Feeding Weaning Spoon,Marketplace,325088043,6.99,6.99,Tiny Dining,GBP,242958.0,242958.0
Tiny Dining Bamboo Silicone Tip Spoon - White - Children's Baby Toddler Soft Curved Feeding Weaning Spoon,Marketplace,325088044,6.99,6.99,Tiny Dining,GBP,242958.0,242958.0
Tiny Dining 3pc Bamboo Suction Feeding Set - Segmented/Blue - Divided Non-Slip Bamboo Baby Self-Feeding Dining Weaning Set,Marketplace,325088051,18.99,18.99,Tiny Dining,GBP,660054.0,660054.0
Tiny Dining 3pc Bamboo Suction Feeding Set - Unicorn/Pastel Pink - Divided Non-Slip Bamboo Baby Self-Feeding Dining Weaning Set,Marketplace,325088061,21.99,21.99,Tiny Dining,GBP,764328.0,764328.0
Tiny Dining 3pc Unicorn Bamboo Suction Dinner Set - Olive Green,Marketplace,325088062,21.99,21.99,Tiny Dining,GBP,764328.0,764328.0
Tiny Dining 3pc Bamboo Suction Feeding Set - Unicorn/White - Divided Non-Slip Bamboo Baby Self-Feeding Dining Weaning Set,Marketplace,325088063,21.99,21.99,Tiny Dining,GBP,764328.0,764328.0
Tiny Dining 3pc Bamboo Suction Feeding Set - Llama/White - Divided Non-Slip Bamboo Baby Self-Feeding Dining Weaning Set,Marketplace,325088065,22.99,22.99,Tiny Dining,GBP,799086.0,799086.0
Tiny Dining Bamboo Suction Plate - Llama/Yellow - Divided Non-Slip Bamboo Self-Feeding Baby Weaning Plate | White | White,Marketplace,325088067,14.99,14.99,Tiny Dining,GBP,521022.0,521022.0
Tiny Dining 3pc Bamboo Suction Feeding Set - Llama/Red - Divided Non-Slip Bamboo Baby Self-Feeding Dining Weaning Set,Marketplace,325088068,22.99,22.99,Tiny Dining,GBP,799086.0,799086.0
Tiny Dining 3pc Bamboo Suction Feeding Set - Penguin/Grey - Divided Non-Slip Bamboo Baby Self-Feeding Dining Weaning Set,Marketplace,325088070,22.99,22.99,Tiny Dining,GBP,799086.0,799086.0
Tiny Dining 3pc Bamboo Suction Feeding Set - Penguin/Blue - Divided Non-Slip Bamboo Baby Self-Feeding Dining Weaning Set,Marketplace,325088072,22.99,22.99,Tiny Dining,GBP,799086.0,799086.0
Tiny Dining 3pc Bamboo Suction Feeding Set - Penguin/Black - Divided Non-Slip Bamboo Baby Self-Feeding Dining Weaning Set,Marketplace,325088073,22.99,22.99,Tiny Dining,GBP,799086.0,799086.0
Tiny Dining 3pc Penguin Bamboo Suction Dinner Set - Olive Green,Marketplace,325088075,22.99,22.99,Tiny Dining,GBP,799086.0,799086.0
Tiny Dining Baby Silicone Suction Bowl - Ochre - Non-Slip Silicone Toddler Weaning Bowl Feeding Silicone Bowl | Yellow | Ochre,Marketplace,325088082,8.99,8.99,Tiny Dining,GBP,312474.0,312474.0
Tiny Dining Baby Silicone Suction Bowl with Lid - Tradewinds - Non-Slip Silicone Toddler Weaning Bowl Feeding Silicone Bowl | Blue | Tradewinds,Marketplace,325088085,10.99,10.99,Tiny Dining,GBP,381990.0,381990.0
Tiny Dining Baby Silicone Suction Bowl with Lid - Dusty Rose - Non-Slip Silicone Toddler Weaning Bowl Feeding Silicone Bowl | Pink | Dusty Rose,Marketplace,325088086,10.99,10.99,Tiny Dining,GBP,381990.0,381990.0
Tiny Dining Baby Silicone Suction Bowl - Tradewinds - Non-Slip Silicone Toddler Weaning Bowl Feeding Silicone Bowl | Blue | Tradewinds,Marketplace,325088087,8.99,8.99,Tiny Dining,GBP,312474.0,312474.0
Tiny Dining Baby Silicone Suction Bowl - Dusty Rose - Non-Slip Silicone Toddler Weaning Bowl Feeding Silicone Bowl | Pink | Dusty Rose,Marketplace,325088088,8.99,8.99,Tiny Dining,GBP,312474.0,312474.0
Tiny Dining Baby Silicone Suction Bowl with Lid - Ochre - Non-Slip Silicone Toddler Weaning Bowl Feeding Silicone Bowl | Yellow | Ochre,Marketplace,325088089,10.99,10.99,Tiny Dining,GBP,381990.0,381990.0
Argon Tableware Prysm Highball Glasses - 356ml - Pack of 6,Marketplace,325088098,,,Argon Tableware,GBP,,
Nicola Spring Coir Door Mat - 90 x 60cm - Monstera - Indoor Outdoor Floor Mat Dirt Trapper Rug Non Slip Backing Doormat,Marketplace,325088099,14.99,14.99,Nicola Spring,GBP,521022.0,521022.0
Nicola Spring Coir Door Mat - 60 x 40cm - Monstera,Marketplace,325088100,9.99,9.99,Nicola Spring,GBP,347232.0,347232.0
Nicola Spring Coir Door Mat - 90 x 60cm - Pinstripe - Indoor Outdoor Floor Mat Dirt Trapper Rug Non Slip Backing Doormat,Marketplace,325088101,14.99,14.99,Nicola Spring,GBP,521022.0,521022.0
"Outsunny 3m Patio Offset Parasol Roma Umbrella Cantilever Hanging Sun Shade Canopy Shelter Tilt 360 Rotation with Aluminium Frame Hand Crank Cross Base, Beige",Marketplace,325088102,96.99,96.99,Outsunny,GBP,3371178.0,3371178.0
Nicola Spring Half Moon Coir Door Mat - 60 x 40cm - Rainbow Pastel Indoor Front Door Entry Dirt Trapper Non Slip Backing Doormat,Marketplace,325088103,9.99,9.99,Nicola Spring,GBP,347232.0,347232.0
Outsunny 3(m) Cantilever Parasol 360 Degrees Rotation Roma Umbrella Grey | Grey,Marketplace,325088105,132.99,132.99,Outsunny,GBP,4622466.0,4622466.0
"Outsunny 3M Cantilever Parasol, Hanging Garden Umbrella Sun Shade with 360 Rotation, Aluminium Frame, Cross Base, Hand Crank, Grey","Garden, DIY & Car Care",325088106,103.99,103.99,Outsunny,GBP,3614484.0,3614484.0
"Outsunny 3 x 3m Cantilever Parasol with Cross Base, Garden Umbrella with 360 Rotation, Crank Handle and Tilt for Outdoor, Patio, Grey",Marketplace,325088111,122.99,122.99,Outsunny,GBP,4274886.0,4274886.0
Outsunny 2.5 x 2.5m Patio Offset Parasol Umbrella Cantilever Hanging Aluminium Sun Shade Canopy Shelter with Crank Handle and Cross Base | Cream | Cream,Marketplace,325088114,121.99,121.99,Outsunny,GBP,4240128.0,4240128.0
Nicola Spring Coir Door Mat - 60 x 40cm - Sausage Dog,Marketplace,325088115,9.99,9.99,Nicola Spring,GBP,347232.0,347232.0
"Outsunny Cantilever Parasol Roma Umbrella w/ Base Weights, Dark Grey | Grey | Dark Grey",Marketplace,325088117,236.99,236.99,Outsunny,GBP,8237298.0,8237298.0
"Outsunny 2.5M Garden Cantilever Parasol, Offset Roma Patio Umbrella Hanging Sun Shade Canopy Shelter with 360 Rotation and Cross Base, Dark Grey",Marketplace,325088118,65.99,65.99,Outsunny,GBP,2293680.0,2293680.0
"Outsunny 3 x 3m Cantilever Roma Parasol, Square Garden Umbrella with Cross Base, Crank Handle, Tilt, 360 Rotation and Aluminium Frame, Grey",Marketplace,325088121,156.99,156.99,Outsunny,GBP,5456658.0,5456658.0
"Outsunny 3m Patio Offset Parasol Roma Umbrella Cantilever Hanging Sun Shade Canopy Shelter Tilt 360 Rotation with Aluminium Frame Hand Crank Cross Base, Dark Grey",Marketplace,325088124,107.99,107.99,Outsunny,GBP,3753516.0,3753516.0
"Outsunny 2.5M Garden Cantilever Parasol, Offset Roma Patio Umbrella Hanging Sun Shade Canopy Shelter with 360 Rotation and Cross Base, Beige",Marketplace,325088125,67.99,67.99,Outsunny,GBP,2363196.0,2363196.0
"Outsunny 360 Degree Cantilever Parasol Roma Umbrella with Base Weight, Beige | White | Beige",Marketplace,325088126,218.99,218.99,Outsunny,GBP,7611654.0,7611654.0
Nicola Spring Coir Door Mat - 70 x 40cm - Classic,Marketplace,325088127,9.99,9.99,Nicola Spring,GBP,347232.0,347232.0
Nicola Spring Coir Door Mat - 60 x 40cm - Hello Black,Marketplace,325088128,9.99,9.99,Nicola Spring,GBP,347232.0,347232.0
Nicola Spring Coir Door Mat - 60 x 40cm - Paws,Marketplace,325088129,9.99,9.99,Nicola Spring,GBP,347232.0,347232.0
Nicola Spring Coir Door Mat - 90 x 60cm - Paws - Indoor Outdoor Floor Mat Dirt Trapper Rug Non Slip Backing Doormat,Marketplace,325088130,13.99,13.99,Nicola Spring,GBP,486264.0,486264.0
Nicola Spring Coir Door Mat - 90 x 60cm - Hello - Indoor Outdoor Floor Mat Dirt Trapper Rug Non Slip Backing Doormat,Marketplace,325088131,13.99,13.99,Nicola Spring,GBP,486264.0,486264.0
"Outsunny 3m Cantilever Shanghai Parasol Garden Hanging Banana Sun Umbrella with Crank Handle, 18 Sturdy Ribs and Cross Base, White","Garden, DIY & Car Care",325088134,81.99,81.99,Outsunny,GBP,2849808.0,2849808.0
"Outsunny 2.7 m Cantilever Shanghai Parasol w/ Crank Handle, Cross Base, Turquoise | Blue",Marketplace,325088135,91.99,91.99,Outsunny,GBP,3197388.0,3197388.0
"Outsunny 2.5M Garden Cantilever Parasol, Offset Roma Patio Umbrella Hanging Sun Shade Canopy Shelter with 360 Rotation and Cross Base, Green",Marketplace,325088141,60.99,60.99,Outsunny,GBP,2119890.0,2119890.0
"Outsunny 2.7m Garden Banana Parasol Cantilever Umbrella with Crank Handle, Double Tier Canopy and Cross Base for Outdoor, Hanging Sun Shade, Dark Grey",Marketplace,325088142,69.99,69.99,Outsunny,GBP,2432712.0,2432712.0
"Outsunny 2.7m Garden Banana Parasol Cantilever Umbrella with Crank Handle and Cross Base for Outdoor, Hanging Sun Shade, Green",Marketplace,325088143,67.99,67.99,Outsunny,GBP,2363196.0,2363196.0
"Outsunny 2.7m Garden Banana Parasol Cantilever Umbrella with Crank Handle, Double Tier Canopy and Cross Base for Outdoor, Hanging Sun Shade, Black",Marketplace,325088144,72.99,72.99,Outsunny,GBP,2536986.0,2536986.0
"Outsunny 2.7m Garden Banana Parasol Cantilever Umbrella with Crank Handle and Cross Base for Outdoor, Hanging Sun Shade, Wine Red",Marketplace,325088145,68.99,68.99,Outsunny,GBP,2397954.0,2397954.0
"Outsunny 2.7m Garden Banana Parasol Cantilever Umbrella with Crank Handle and Cross Base for Outdoor, Hanging Sun Shade, Black",Marketplace,325088146,63.99,63.99,Outsunny,GBP,2224164.0,2224164.0
"Outsunny 2.7m Garden Banana Parasol Cantilever Umbrella with Crank Handle and Cross Base for Outdoor, Hanging Sun Shade, Dark Grey",Marketplace,325088147,69.99,69.99,Outsunny,GBP,2432712.0,2432712.0
"Outsunny 2.7m Garden Banana Parasol Cantilever Umbrella with Crank Handle and Cross Base for Outdoor, Hanging Sun Shade, Light Brown",Marketplace,325088148,66.99,66.99,Outsunny,GBP,2328438.0,2328438.0
"Outsunny 2.7m Garden Banana Parasol Cantilever Umbrella with Crank Handle and Cross Base for Outdoor, Hanging Sun Shade, Cream White",Marketplace,325088151,69.99,69.99,Outsunny,GBP,2432712.0,2432712.0
"Outsunny 2.7m Garden Banana Parasol Cantilever Umbrella with Crank Handle, Double Tier Canopy and Cross Base for Outdoor, Hanging Sun Shade, Green",Marketplace,325088155,79.99,79.99,Outsunny,GBP,2780292.0,2780292.0
Outsunny 3(m) Garden Parasol Sun Shade Outdoor Umbrella Canopy Red,Marketplace,325088164,49.99,49.99,Outsunny,GBP,1737552.0,1737552.0
"Outsunny 3m Garden Parasol, Pulley Operated Patio Umbrella, Wooden Parasol, Table Market Umbrella with Rope Pulley Mechanism and 8 Ribs, White",Marketplace,325088168,66.99,66.99,Outsunny,GBP,2328438.0,2328438.0
Outsunny 3(m) Wooden Garden Parasol Sun Shade Outdoor Umbrella Canopy Khaki | Brown,Marketplace,325088169,56.99,56.99,Outsunny,GBP,1980858.0,1980858.0
Outsunny 3(m) Patio Umbrella Sunshade Canopy with Tilt & Crank Black,Marketplace,325088175,45.99,45.99,Outsunny,GBP,1598520.0,1598520.0
Outsunny 3(m) Patio Umbrella Outdoor Sunshade Canopy Tilt Grey,Marketplace,325088179,46.99,46.99,Outsunny,GBP,1633278.0,1633278.0
Outsunny 3(m) Patio Umbrella Sunshade Canopy with Tilt & Crank Beige,Marketplace,325088180,49.99,49.99,Outsunny,GBP,1737552.0,1737552.0
Harbour Housewares Garden Hammock with Spreader Bars - Natural,Marketplace,325088181,17.99,17.99,Harbour Housewares,GBP,625296.0,625296.0
Harbour Housewares Garden Spreader Bar Hammock with Stand - Multi Stripe,Marketplace,325088182,51.99,51.99,Harbour Housewares,GBP,1807068.0,1807068.0
Harbour Housewares Garden Spreader Bar Hammock with Stand - Natural,Marketplace,325088183,51.99,51.99,Harbour Housewares,GBP,1807068.0,1807068.0
Harbour Housewares Garden Hammock with Spreader Bars - Multi Stripe,Marketplace,325088184,17.99,17.99,Harbour Housewares,GBP,625296.0,625296.0
Harbour Housewares Garden Hammock with Spreader Bars - Navy Stripe,Marketplace,325088185,17.99,17.99,Harbour Housewares,GBP,625296.0,625296.0
Harbour Housewares Garden Spreader Bar Hammock with Stand - Navy Stripe,Marketplace,325088188,51.99,51.99,Harbour Housewares,GBP,1807068.0,1807068.0
Harbour Housewares Texteline Canvas Garden Chairs - Black - Pack of 2 | Black | Black,Marketplace,325088189,45.99,45.99,Harbour Housewares,GBP,1598520.0,1598520.0
Harbour Housewares 4 Person Garden Furniture Set - Glass Top Outdoor Patio Coffee Bistro Table and Chairs - 90 x 90cm - Black,Marketplace,325088190,129.99,129.99,Harbour Housewares,GBP,4518192.0,4518192.0
Harbour Housewares 2 Seater Sussex Bistro Set - Round - Navy | Blue | Navy | 1,Marketplace,325088191,69.99,69.99,Harbour Housewares,GBP,2432712.0,2432712.0
Harbour Housewares 2 Seater Sussex Bistro Set - Round - Sage Green | Green | Sage Green | 1,Marketplace,325088192,69.99,69.99,Harbour Housewares,GBP,2432712.0,2432712.0
Harbour Housewares 2 Seater Sussex Round Bistro Set - Orange - Outdoor Table Garden Furniture Set Patio Table Patio Set Folding Table Folding Chairs | Multi,Marketplace,325088193,69.99,69.99,Harbour Housewares,GBP,2432712.0,2432712.0
Hammer & Tongs Fireside Log Storage Rack - Black,Marketplace,325088200,25.99,25.99,Hammer & Tongs,GBP,903360.0,903360.0
Harbour Housewares Metal Bread Bin - Vintage Retro Bread Tin Canister Storage Jar Kitchen Caddy Food Storage Box Container | Black | Black,Marketplace,325088214,16.99,16.99,Harbour Housewares,GBP,590538.0,590538.0
Harbour Housewares Metal Bread Bin - Round Retro Bread Tin Canister Storage Jar Kitchen Caddy Food Storage Box Container | Black | Black,Marketplace,325088217,16.99,16.99,Harbour Housewares,GBP,590538.0,590538.0
Harbour Housewares Metal Bread Bin - Vintage Retro Bread Tin Canister Storage Jar Kitchen Caddy Food Storage Box Container | White | White,Marketplace,325088218,16.99,16.99,Harbour Housewares,GBP,590538.0,590538.0
Harbour Housewares Metal Bread Bin - Round Retro Bread Tin Canister Storage Jar Kitchen Caddy Food Storage Box Container | White | White,Marketplace,325088219,16.99,16.99,Harbour Housewares,GBP,590538.0,590538.0
Argon Tableware Metallic Napkin Rings - 4.5cm - Black - Pack of 6 | Black | Black,Marketplace,325088220,9.99,9.99,Argon Tableware,GBP,347232.0,347232.0
Argon Tableware Metallic Napkin Rings - 4.5cm - Blue - Pack of 6 | Blue | Blue,Marketplace,325088221,9.99,9.99,Argon Tableware,GBP,347232.0,347232.0
Argon Tableware Metallic Napkin Rings - 4.5cm - Rose Gold - Pack of 6 | Pink | Rose Gold,Marketplace,325088225,9.99,9.99,Argon Tableware,GBP,347232.0,347232.0
Harbour Housewares Metal Biscuit Tin - Vintage Retro Biscuit Barrel Canister Cookie Jar Kitchen Caddy Food Storage Container | Black | Black,Marketplace,325088226,8.99,8.99,Harbour Housewares,GBP,312474.0,312474.0
Harbour Housewares Metal Biscuit Tin - Round Retro Biscuit Barrel Canister Cookie Jar Kitchen Caddy Food Storage Container | White | White,Marketplace,325088227,8.99,8.99,Harbour Housewares,GBP,312474.0,312474.0
Harbour Housewares Metal Tea Coffee Sugar Canister Set - 3pc Round Retro Food Storage Canister Caddy Container Tin | Grey | Grey,Marketplace,325088232,12.99,12.99,Harbour Housewares,GBP,451506.0,451506.0
Nicola Spring White Farmhouse Tea Canister - 11cm,Marketplace,325088236,14.99,14.99,Nicola Spring,GBP,521022.0,521022.0
Harbour Housewares Metal Tea Coffee Sugar Canister Set - 3pc Vintage Retro Food Storage Canister Caddy Container Tin | Black | Black,Marketplace,325088237,13.99,13.99,Harbour Housewares,GBP,486264.0,486264.0
Harbour Housewares Metal Biscuit Tin - Round Retro Biscuit Barrel Canister Cookie Jar Kitchen Caddy Food Storage Container | Black | Black,Marketplace,325088238,8.99,8.99,Harbour Housewares,GBP,312474.0,312474.0
Bormioli Rocco Quattro Stagioni Glass Storage Jars - 500ml - Pack of 3,Marketplace,325088243,14.99,14.99,Bormioli Rocco,GBP,521022.0,521022.0
"Nicola Spring 3D Box Photo Frame - 6"" x 6"" - Light Brown",Marketplace,325088245,10.99,10.99,Nicola Spring,GBP,381990.0,381990.0
"Nicola Spring 3D Box Photo Frame with A4 Mount - A3 (12"" x 17"") - White/White",Marketplace,325088246,17.99,17.99,Nicola Spring,GBP,625296.0,625296.0
"Nicola Spring 5 x 7"" Deep Photo Frame - White - 3D Deep Box Picture Frame Portrait Display Case (20 x 15cm)",Marketplace,325088247,10.99,10.99,Nicola Spring,GBP,381990.0,381990.0
"Nicola Spring 3D Box Photo Frame with A4 Mount - A3 (12"" x 17"") - Grey/White",Marketplace,325088248,17.99,17.99,Nicola Spring,GBP,625296.0,625296.0
"Nicola Spring 3D Box Photo Frame - A4 (8"" x 12"") - Grey",Marketplace,325088249,12.99,12.99,Nicola Spring,GBP,451506.0,451506.0
"Nicola Spring 8 x 10"" Deep Photo Frame - Black - 3D Deep Box Picture Frame Portrait Display Case (27.5 x 22.5cm)",Marketplace,325088251,12.99,12.99,Nicola Spring,GBP,451506.0,451506.0
"Nicola Spring 5 x 7"" Deep Photo Frame - Black - 3D Deep Box Picture Frame Portrait Display Case (20 x 15cm)",Marketplace,325088253,10.99,10.99,Nicola Spring,GBP,381990.0,381990.0
"Nicola Spring 4 x 6"" Deep Photo Frame - White - 3D Deep Box Picture Frame Portrait Display Case (17.5 x 12.5cm)",Marketplace,325088254,9.99,9.99,Nicola Spring,GBP,347232.0,347232.0
"Nicola Spring 4 x 6"" Deep Photo Frame - Black - 3D Deep Box Picture Frame Portrait Display Case (17.5 x 12.5cm)",Marketplace,325088255,9.99,9.99,Nicola Spring,GBP,347232.0,347232.0
"Nicola Spring 3D Box Photo Frame - 20 x 20"" - White",Marketplace,325088256,18.99,18.99,Nicola Spring,GBP,660054.0,660054.0
"Nicola Spring 3D Box Photo Frame - 20 x 20"" - Grey",Marketplace,325088257,18.99,18.99,Nicola Spring,GBP,660054.0,660054.0
"Nicola Spring 10 x 10"" Photo Frame - Grey - 3D Photo Frame Picture Frame Box Portrait Display Case (53 x 53cm)",Marketplace,325088258,12.99,12.99,Nicola Spring,GBP,451506.0,451506.0
"Nicola Spring 3D Deep Box Photo Frame - 4 x 4"" - White",Marketplace,325088260,9.99,9.99,Nicola Spring,GBP,347232.0,347232.0
"Nicola Spring 6 x 6"" Deep Photo Frame - White - 3D Deep Box Picture Frame Portrait Display Case (16 x 16cm)",Marketplace,325088261,10.99,10.99,Nicola Spring,GBP,381990.0,381990.0
Outsunny Aluminium Sun Umbrella Parasol Patio Rectangular 2M x 1.3M Green | Green,Marketplace,325088270,31.99,31.99,Outsunny,GBP,1111908.0,1111908.0
Outsunny Aluminium Sun Umbrella Parasol Patio Rectangular 2M x 1.3M Red | Red,Marketplace,325088272,34.99,34.99,Outsunny,GBP,1216182.0,1216182.0
Outsunny Aluminium Sun Umbrella Parasol Patio Rectangular 2M x 1.3M Beige | White,Marketplace,325088280,30.99,30.99,Outsunny,GBP,1077150.0,1077150.0
Outsunny 2.5m Wood Garden Parasol Sun Shade Patio Umbrella Canopy,Marketplace,325088282,36.99,36.99,Outsunny,GBP,1285698.0,1285698.0
Outsunny 2.5m Round Curved Adjustable Parasol Outdoor Metal Pole Off-White | White,Marketplace,325088286,52.99,52.99,Outsunny,GBP,1841826.0,1841826.0
Outsunny 2.5m Round Curved Adjustable Parasol Sun Umbrella Metal Pole Blue,Marketplace,325088288,47.99,47.99,Outsunny,GBP,1668036.0,1668036.0
Outsunny 2.5m Round Curved Adjustable Parasol Sun Umbrella Metal Pole Grey | Grey,Marketplace,325088290,51.99,51.99,Outsunny,GBP,1807068.0,1807068.0
Outsunny 2.5m Round Curved Adjustable Parasol Sun Umbrella Metal Pole Red | Red,Marketplace,325088295,49.99,49.99,Outsunny,GBP,1737552.0,1737552.0
"Outsunny 2.7m Patio Umbrella Garden Parasol with Crank, Ruffles 8 Ribs Wine Red | Red",Marketplace,325088309,46.99,46.99,Outsunny,GBP,1633278.0,1633278.0
"Outsunny 2m Parasol Patio Umbrella, Outdoor Sun Shade with 6 Ribs Dark Grey",Marketplace,325088316,28.99,28.99,Outsunny,GBP,1007634.0,1007634.0
"Outsunny 2.7m Patio Umbrella Garden Parasol with Crank, Ruffles, 8 Ribs, White | White",Marketplace,325088317,45.99,45.99,Outsunny,GBP,1598520.0,1598520.0
"Outsunny 2.7m Patio Umbrella Garden Parasol with Crank, Ruffles, 8 Ribs, Grey | Grey",Marketplace,325088318,41.99,41.99,Outsunny,GBP,1459488.0,1459488.0
"Outsunny 2.7m Patio Umbrella Garden Parasol with Crank, Ruffles, 8 Ribs, Green",Marketplace,325088319,43.99,43.99,Outsunny,GBP,1529004.0,1529004.0
Argon Tableware Serving Tray - 34.5 x 25cm - Rectangular Tray Metallic Decorative Breakfast Tray Melamine Food Tray | Silver | Silver | One Size | 1,Marketplace,325088321,12.99,12.99,Argon Tableware,GBP,451506.0,451506.0
Argon Tableware Serving Tray - 33cm - Square Tray Metallic Decorative Breakfast Tray Melamine Food Tray | Gold | Gold | One Size | 1,Marketplace,325088323,12.99,12.99,Argon Tableware,GBP,451506.0,451506.0
Argon Tableware Serving Tray - 33cm - Square Tray Metallic Decorative Breakfast Tray Melamine Food Tray | Silver | Silver | One Size | 1,Marketplace,325088325,15.99,15.99,Argon Tableware,GBP,555780.0,555780.0
Argon Tableware Serving Tray - 33cm - Square Tray Metallic Decorative Breakfast Tray Melamine Food Tray | Pink | Rose Gold | One Size | 1,Marketplace,325088326,12.99,12.99,Argon Tableware,GBP,451506.0,451506.0
Argon Tableware Serving Tray - 33cm - Round Tray Metallic Decorative Breakfast Tray Melamine Food Tray | Silver | Silver | One Size | 1,Marketplace,325088327,11.99,11.99,Argon Tableware,GBP,416748.0,416748.0
Argon Tableware Serving Tray - 33cm - Round Tray Metallic Decorative Breakfast Tray Melamine Food Tray | Pink | Rose Gold | One Size | 1,Marketplace,325088328,12.99,12.99,Argon Tableware,GBP,451506.0,451506.0
Argon Tableware Serving Tray with Rope Handles - 40 x 20cm Natural Slate Serving Platter Tray Bread Cheese Board | Black | Black | One Size | 1,Marketplace,325088329,10.99,10.99,Argon Tableware,GBP,381990.0,381990.0
Argon Tableware Stainless Steel Egg Cup - Pack of 2,Marketplace,325088330,6.99,6.99,Argon Tableware,GBP,242958.0,242958.0
Argon Tableware 33cm Round Serving Platter - Natural Slate Raw Cut Serving Platter Savoury Placemat Cheese Board | Black | Black | One Size,Marketplace,325088331,12.99,12.99,Argon Tableware,GBP,451506.0,451506.0
Argon Tableware 35cm Round Serving Paddle - Natural Slate Raw Cut Serving Platter Pizza Savoury Placemat Cheese Board | Black | Black | One Size | 1,Marketplace,325088332,11.99,11.99,Argon Tableware,GBP,416748.0,416748.0
Argon Tableware Coloured Ceramic Egg Cups - 5cm - Yellow - Pack of 2,Marketplace,325088336,8.99,8.99,Argon Tableware,GBP,312474.0,312474.0
Nicola Spring Farmhouse Cake Stand - White Porcelain Rustic Country Cottage Afternoon Tea Stand with Rolled Rims & Hoop Handle | White | White/Blue Rim | One Size | 1,Marketplace,325088339,13.99,13.99,Nicola Spring,GBP,486264.0,486264.0
Nicola Spring White Farmhouse Egg Cups - 5cm - Pack of 2,Marketplace,325088340,7.99,7.99,Nicola Spring,GBP,277716.0,277716.0
"Outsunny 3 m Cantilever Roma Parasol Garden Sun Umbrella Outdoor Patio with 360 Degree Rotation Crank and Tilt Aluminium Frame LED Solar Light Cross Base, Blue",Marketplace,325088347,132.99,132.99,Outsunny,GBP,4622466.0,4622466.0
"Outsunny 3 m Cantilever Roma Parasol with LED Solar Lights, Crank and Tilt, Aluminium Frame, Cross Base and Adjustable Canopy 360 Rotating Sun Umbrella with 2Tier Shade, Beige",Marketplace,325088348,297.99,297.99,Outsunny,GBP,10357536.0,10357536.0
"Outsunny 3 x 3(m) Cantilever Roma Parasol Garden Sun Umbrella, Two-tier 250g Polyester Sun Shade with LED Solar Light, Aluminium Frame",Marketplace,325088350,297.99,297.99,Outsunny,GBP,10357536.0,10357536.0
"Outsunny 3(m) LED Patio Banana Umbrella Cantilever Parasol w/ Crank, Off-White | Cream","Garden, DIY & Car Care",325088352,92.99,92.99,Outsunny,GBP,3232146.0,3232146.0
"Outsunny 3m Cantilever Roma Parasol Patio Sun Umbrella with Crank  Tilt LED Solar Light Cross Base 360 Rotating Outdoor, Beige",Marketplace,325088356,158.99,158.99,Outsunny,GBP,5526174.0,5526174.0
Outsunny 2.7m Garden Parasol Umbrella w/ LED Solar Light Crank Tilt Blue | Blue,Marketplace,325088358,76.99,76.99,Outsunny,GBP,2676018.0,2676018.0
Outsunny 3(m) Half Round Parasol Garden Sun Umbrella with Crank Black,Marketplace,325088359,38.99,38.99,Outsunny,GBP,1355214.0,1355214.0
Outsunny 2.7m Metal Frame Garden Furniture Parasol Half Round Umbrella,Marketplace,325088361,44.99,44.99,Outsunny,GBP,1563762.0,1563762.0
Outsunny 3(m) Half Round Parasol Garden Sun Umbrella Metal w/ Crank Green,Marketplace,325088362,41.99,41.99,Outsunny,GBP,1459488.0,1459488.0
Outsunny 2.7m Patio LED Umbrella with Push Button Tilt/Crank 8 Ribs Grey | Grey,Marketplace,325088364,73.99,73.99,Outsunny,GBP,2571744.0,2571744.0
Outsunny 3m Cantilever Parasol with Easy Lever Crank Handle 6 Metal Ribs White | Cream | Cream,Marketplace,325088365,81.99,81.99,Outsunny,GBP,2849808.0,2849808.0
Outsunny 2.67m Patio LED Umbrella with Push Button Tilt/Crank 8 Ribs Green | Green,Marketplace,325088368,55.99,55.99,Outsunny,GBP,1946100.0,1946100.0
Argon Tableware 6x Linea Slate Placemats - 33cm - Square Natural Stone Smooth Edge Slate Dinner Mats Dinnerware Plate Placemats | Black | Natural | One Size | 6,Marketplace,325088372,26.99,26.99,Argon Tableware,GBP,938118.0,938118.0
Argon Tableware Square Slate Placemats - 33cm - Pack of 6 | Black | Natural,Marketplace,325088373,26.99,26.99,Argon Tableware,GBP,938118.0,938118.0
"Outsunny Garden Parasol Umbrella with LED Lights and Tilt, Table Umbrella",Marketplace,325088374,65.99,65.99,Outsunny,GBP,2293680.0,2293680.0
"Outsunny 3(m) Cantilever Parasol Hanging Banana Umbrella w/ lights, Black",Marketplace,325088375,119.99,119.99,Outsunny,GBP,4170612.0,4170612.0
Argon Tableware 6x Linea Slate Placemats - Rectangular Natural Stone Smooth Edge Slate Dinner Mats Dinnerware Plate Placemats | Black | Natural | One Size | 6,Marketplace,325088378,29.99,29.99,Argon Tableware,GBP,1042392.0,1042392.0
Argon Tableware Round Coasters - 10cm - Set of 6 - Woven Typha Bar Drink Mat Table Protector Coasters,Marketplace,325088379,8.99,8.99,Argon Tableware,GBP,312474.0,312474.0
Argon Tableware 6x Linea Slate Placemats - 30cm - Round Natural Stone Smooth Edge Slate Dinner Mats Dinnerware Plate Placemats | Black | Natural | One Size | 6,Marketplace,325088380,29.99,29.99,Argon Tableware,GBP,1042392.0,1042392.0
Argon Tableware Hexagonal Slate Placemats - Natural Stone Rough Edge Slate Dinner Mats Dinnerware Plate Placemats | Black | Black | 6,Marketplace,325088381,27.99,27.99,Argon Tableware,GBP,972876.0,972876.0
"Outsunny 3m Cantilever Parasol with Solar LED and Easy Lever, Garden Parasol Umbrella with Cross Base and Waterproof Cover, Outdoor Sun Shades, Beige",Marketplace,325088382,76.99,76.99,Outsunny,GBP,2676018.0,2676018.0
"Outsunny 3m Cantilever Parasol with Solar LED and Easy Lever, Garden Parasol Umbrella with Cross Base and Waterproof Cover, Outdoor Sun Shades, Dark Grey","Garden, DIY & Car Care",325088387,83.99,83.99,Outsunny,GBP,2919324.0,2919324.0
"Outsunny 3m Cantilever Parasol with Solar LED and Easy Lever, Garden Parasol Umbrella with Cross Base and Waterproof Cover, Outdoor Sun Shades, Black",Marketplace,325088388,76.99,76.99,Outsunny,GBP,2676018.0,2676018.0
Outsunny 2.3m Garden Umbrella Parasol Table Net Cover Screen Bug Netting Cover | Black,Marketplace,325088392,23.99,23.99,Outsunny,GBP,833844.0,833844.0
Outsunny 2.3m Garden Balcony Half Round Parasol Umbrella Green,Marketplace,325088394,41.99,41.99,Outsunny,GBP,1459488.0,1459488.0
Outsunny 2.3m Garden Balcony Half Round Parasol Umbrella Beige,Marketplace,325088399,43.99,43.99,Outsunny,GBP,1529004.0,1529004.0
Harbour Housewares Glass Kitchen Chopping Board - 50 x 40cm - Red | Red | Red,Marketplace,325088402,11.99,11.99,Harbour Housewares,GBP,416748.0,416748.0
Harbour Housewares Glass Kitchen Chopping Board - 50 x 40cm - White | White | White,Marketplace,325088403,12.99,12.99,Harbour Housewares,GBP,451506.0,451506.0
Harbour Housewares Glass Kitchen Chopping Board - 30 x 20cm - Grey | Grey | Grey,Marketplace,325088404,8.99,8.99,Harbour Housewares,GBP,312474.0,312474.0
Harbour Housewares Glass Kitchen Chopping Board - 30 x 20cm - Hague Blue | Blue | Hague Blue,Marketplace,325088406,8.99,8.99,Harbour Housewares,GBP,312474.0,312474.0
Argon Tableware Measuring Cup Set - 4 Piece Stackable Nesting Metal Kitchen Gadget Utensils Set Enamel Measuring Cups | White | Blue,Marketplace,325088407,14.99,14.99,Argon Tableware,GBP,521022.0,521022.0
Argon Tableware Measuring Cup Set - 4 Piece Stackable Nesting Metal Kitchen Gadget Utensils Set Enamel Measuring Cups | White | Green,Marketplace,325088411,14.99,14.99,Argon Tableware,GBP,521022.0,521022.0
Outsunny 2.5m Round Curved Adjustable Parasol Sun Umbrella Metal Pole Grey,Marketplace,325088422,51.99,51.99,Outsunny,GBP,1807068.0,1807068.0
"Outsunny 2.7m Cantilever Parasol with Cross Base, Banana Parasol with Crank Handle and 16 Fibreglass Ribs, Round Hanging Patio Umbrella for Outdoor Pool, Garden, Balcony, Grey",Marketplace,325088424,51.99,51.99,Outsunny,GBP,1807068.0,1807068.0
"Outsunny 2.5m Square Cantilever Garden Parasol Umbrella with Cross Base, Beige | White",Marketplace,325088426,75.99,75.99,Outsunny,GBP,2641260.0,2641260.0
Outsunny 2 x 3(m) Garden Parasol Rectangular Market Umbrella w/ Crank Dark Grey | Grey,Marketplace,325088429,59.99,59.99,Outsunny,GBP,2085132.0,2085132.0
"Outsunny 3 m Cantilever Parasol with Cross Base, Crank Handle, 6 Ribs, Beige",Marketplace,325088430,64.99,64.99,Outsunny,GBP,2258922.0,2258922.0
"Outsunny 3x2m Cantilever Parasol with Cross Base, Banana Parasol with Crank Handle and 6 Ribs, Rectangular Hanging Patio Umbrella for Outdoor Pool, Garden, Balcony, Brown",Marketplace,325088432,59.99,59.99,Outsunny,GBP,2085132.0,2085132.0
Outsunny 9kg Half Round Parasol Base Heavy Duty Weighted Umbrella Holder Stand | Black | Black,Marketplace,325088442,22.99,22.99,Outsunny,GBP,799086.0,799086.0
Outsunny 18KG Heavy Duty Steel Parasol Base Square Umbrella Base Stand Black | Black | Black,Marketplace,325088445,40.99,40.99,Outsunny,GBP,1424730.0,1424730.0
"Outsunny Solar Patio Garden Parasol with Lights for Outdoor, Blue | Blue","Garden, DIY & Car Care",325088449,68.99,68.99,Outsunny,GBP,2397954.0,2397954.0
Outsunny 2.7m Metal Frame Garden Furniture Parasol Half Round Umbrella | Brown | Brown,Marketplace,325088452,,,Outsunny,GBP,,
Outsunny 13KG Round Parasol Base Heavy Duty Cement Stand Umbrella Holder Bronze | Bronze | Bronze Tone,Marketplace,325088455,24.99,24.99,Outsunny,GBP,868602.0,868602.0
"Outsunny 14KG Round Garden Parasol Base, Fits 35mm, 38mm, 48mm Pole - Black | Black | Black",Marketplace,325088458,23.99,23.99,Outsunny,GBP,833844.0,833844.0
"Outsunny 13kg Garden Parasol Base Holder, Cement Outdoor Market Umbrella Stand, Fits 35mm38mm48mm Poles, Black",Marketplace,325088463,22.99,22.99,Outsunny,GBP,799086.0,799086.0
15KG Outsunny Garden Patterned Umbrella Stand Holder Parasol Base Stand 15kg | Bronze | Bronze,Marketplace,325088465,27.99,27.99,Outsunny,GBP,972876.0,972876.0
"Outsunny Garden Parasol Base Stand Up to 28kg Water or 40kg Sand Filled, Black | Black | Black",Marketplace,325088466,30.99,30.99,Outsunny,GBP,1077150.0,1077150.0
Outsunny Resin Patio Umbrella Base Parasol Stand Weight Deck w/ Wheels | Black | Black,Marketplace,325088467,42.99,42.99,Outsunny,GBP,1494246.0,1494246.0
Bormioli Rocco Ypsilon Ice Cream Bowls - 375ml - Pack of 6 | Clear | Clear,Marketplace,325088473,25.99,25.99,Bormioli Rocco,GBP,903360.0,903360.0
LAV Crema Ice Cream Bowls - 11cm - Clear - Pack of 6 | Clear | Clear,Marketplace,325088475,12.99,12.99,LAV,GBP,451506.0,451506.0
LAV Petit Glass Ice Cream Bowls - 240ml - Pack of 6 | Clear | Clear,Marketplace,325088476,10.99,10.99,LAV,GBP,381990.0,381990.0
Outsunny Garden Parasol Base 43kg Water or 60kg Sand Filled with Wheels | Black | Black,Marketplace,325088478,51.99,51.99,Outsunny,GBP,1807068.0,1807068.0
"Outsunny 19kg Square Resin Garden Parasol Base for Poles of 32mm, 38mm, 48mm | Black | Black",Marketplace,325088481,31.99,31.99,Outsunny,GBP,1111908.0,1111908.0
Outsunny Cantilever Parasol Base for Banana Parasol w/ Wheels Water Sand Filled | Black | Black | 79L x 58W x 20Hcm,Marketplace,325088483,55.99,55.99,Outsunny,GBP,1946100.0,1946100.0
Outsunny 11kg Concrete Square Garden Parasol Base Holder for Table Umbrella | Black | Black,Marketplace,325088486,17.99,17.99,Outsunny,GBP,625296.0,625296.0
Outsunny 18kg Concrete Parasol Base with Rattan Effect Heavy Duty Umbrella Stand | Black | Black,Marketplace,325088489,24.99,24.99,Outsunny,GBP,868602.0,868602.0
Outsunny 13kg Garden Parasol Base Round Resin Umbrella Stand Holder Bronze Tone | Bronze | Bronze,Marketplace,325088491,22.99,22.99,Outsunny,GBP,799086.0,799086.0
Outsunny 60kg Square Parasol Base with Wheels Fillable Plastic Umbrella Stand | Black | Black,Marketplace,325088492,63.99,63.99,Outsunny,GBP,2224164.0,2224164.0
Nicola Spring Hand-Printed Cereal Bowls - 16cm - Orange - Pack of 6 | Multi | Multi,Marketplace,325088495,20.99,20.99,Nicola Spring,GBP,729570.0,729570.0
Outsunny 25kg Round Resin Garden Parasol Base for Poles of 38mm-48mm | Black | Black,Marketplace,325088498,47.99,47.99,Outsunny,GBP,1668036.0,1668036.0
Nicola Spring Hand-Printed Cereal Bowls - 16cm - Blue - Pack of 6 | Multi | Multi,Marketplace,325088499,20.99,20.99,Nicola Spring,GBP,729570.0,729570.0
Outsunny 18kg Round Resin Garden Parasol Base for Poles of 38mm-48mm | Bronze | Bronze Tone,Marketplace,325088500,28.99,28.99,Outsunny,GBP,1007634.0,1007634.0
Nicola Spring Hand-Printed Cereal Bowls - 16cm - Purple - Pack of 6 | Multi | Multi,Marketplace,325088502,22.99,22.99,Nicola Spring,GBP,799086.0,799086.0
Harbour Housewares 12pc Glass Placemats & Coasters Set - 30cm x 20cm - Clear | Clear | Clear,Marketplace,325088506,15.99,15.99,Harbour Housewares,GBP,555780.0,555780.0
Argon Tableware 350ml Coloured Coffee Mugs - Gloss Ceramic Stoneware Latte Cappuccino Cups Hot Chocolate Cups | Blue | Blue | 6,Marketplace,325088507,15.99,15.99,Argon Tableware,GBP,555780.0,555780.0
"Outsunny 2m Half Garden Parasol Market Umbrella w/ Crank Handle, Base Dark Grey",Marketplace,325088510,66.99,66.99,Outsunny,GBP,2328438.0,2328438.0
"Outsunny 2m Half Parasol Market Umbrella Garden Balcony Parasol with Crank Handle, Cross Base, DoubleSided Canopy, Dark Grey",Marketplace,325088513,72.99,72.99,Outsunny,GBP,2536986.0,2536986.0
"Outsunny 2m Half Parasol Market Umbrella Garden Balcony Parasol with Crank Handle, Cross Base, DoubleSided Canopy, Black",Marketplace,325088524,65.99,65.99,Outsunny,GBP,2293680.0,2293680.0
Outsunny 4.4m Double-Sided Sun Umbrella Patio Parasol Solar Lights Khaki,Marketplace,325088534,92.99,92.99,Outsunny,GBP,3232146.0,3232146.0
"Outsunny 4.6M Garden Umbrella Canopy Sun Shade, Only Cross Base, Green | Green",Marketplace,325088537,88.99,88.99,Outsunny,GBP,3093114.0,3093114.0
Outsunny 4.4m Double-Sided Sun Umbrella Patio Parasol Solar Lights Khaki,Marketplace,325088539,109.99,109.99,Outsunny,GBP,3823032.0,3823032.0
Ravensburger Dragon Race 1000 Piece Jigsaw Puzzle,Marketplace,325088542,18.99,18.99,Ravensburger,GBP,660054.0,660054.0
Ravensburger Minu's Pond Daydreams 500 Piece Jigsaw Puzzle,Marketplace,325088543,14.99,14.99,Ravensburger,GBP,521022.0,521022.0
Ravensburger Batman Challenge 1000 Piece Jigsaw Puzzle,Marketplace,325088550,17.99,17.99,Ravensburger,GBP,625296.0,625296.0
Ravensburger Villainous Jafar 1000 Piece  Jigsaw Puzzle,Marketplace,325088551,17.99,17.99,Ravensburger,GBP,625296.0,625296.0
Ravensburger New York Postcard 500 Piece Jigsaw Puzzle,Marketplace,325088561,14.99,14.99,Ravensburger,GBP,521022.0,521022.0
Ravensburger Scarborough North Bay & Pool 1000 Piece Jigsaw Puzzle,Marketplace,325088564,18.99,18.99,Ravensburger,GBP,660054.0,660054.0
Lord of the Rings Adventure Book Game,Marketplace,325088573,41.16,41.16,zatu games,GBP,1430639.0,1430639.0
Ravensburger Windsor Wives 1000 Piece Jigsaw Puzzle,Marketplace,325088574,18.99,18.99,Ravensburger,GBP,660054.0,660054.0
Ravensburger Romeo and Juliet 1000 Piece Jigsaw Puzzle,Marketplace,325088575,18.99,18.99,Ravensburger,GBP,660054.0,660054.0
Ravensburger Coastal Collage 1500 Piece Jigsaw Puzzle,Marketplace,325088587,21.99,21.99,Ravensburger,GBP,764328.0,764328.0
Ravensburger Art Gallery 1000 Piece Jigsaw Puzzle,Marketplace,325088592,18.99,18.99,Ravensburger,GBP,660054.0,660054.0
Ravensburger You Wild Animal 1000 Piece Jigsaw Puzzle,Marketplace,325088594,18.99,18.99,Ravensburger,GBP,660054.0,660054.0
Outsunny 9PCs Patio Dining Sets 4 Chairs 4 Ottoman Cushioned Seating and Back | Grey,Marketplace,325088602,449.99,449.99,Outsunny,GBP,15640752.0,15640752.0
"Outsunny Kids Foldable Four-Piece Garden Set w Table, Chairs, Umbrella - Blue",Marketplace,325088605,33.99,33.99,Outsunny,GBP,1181424.0,1181424.0
"Outsunny Kids Outdoor Table and Chairs Garden Furniture Ladybird Pattern with Removable & Height Adjustable Sun Umbrella, Red | Red | Red",Marketplace,325088606,38.99,38.99,Outsunny,GBP,1355214.0,1355214.0
"Outsunny Kids Outdoor Table and Chairs Garden Furniture Frog Pattern with Removable & Height Adjustable Sun Umbrella, Green | Green | Green",Marketplace,325088607,46.99,46.99,Outsunny,GBP,1633278.0,1633278.0
"Outsunny 9 Pieces Garden Dining Set with Cushion, 8 Seater Garden Table and Chairs Cube Set with Glass Top Dining Table, 4 Chairs and 4 Footstools, Grey",Marketplace,325088608,537.99,537.99,Outsunny,GBP,18699456.0,18699456.0
"Outsunny Kids Bistro Table and Chair Set w Fairy Theme, Adjustable Parasol",Marketplace,325088609,38.99,38.99,Outsunny,GBP,1355214.0,1355214.0
Outsunny Kids Folding Picnic Table Chair Set Butterfly Pattern Outdoor Parasol,Marketplace,325088610,35.99,35.99,Outsunny,GBP,1250940.0,1250940.0
"Outsunny Kids Bistro Table and Chair Set w Cowboy Theme, Adjustable Parasol",Marketplace,325088614,37.99,37.99,Outsunny,GBP,1320456.0,1320456.0
"Outsunny 6 Seater Rattan Dining Set with Glass Top Table and Cushions, Grey | Grey",Marketplace,325088616,872.99,872.99,Outsunny,GBP,30343386.0,30343386.0
"Outsunny 7 Piece Rattan Garden Furniture Set with Cushions, 6 Seater Garden Table and Chairs, Rattan Dining Set with 6 Armchairs, Rectangular Glass Top Table, Brown",Marketplace,325088624,369.99,369.99,Outsunny,GBP,12860112.0,12860112.0
"Outsunny 4 Seater Rattan Dining Set with Rectangular Glass Top Table and 4 Armchairs, PE Rattan Garden Furniture Set, Outdoor Dining Table and Chairs for Patio, Balcony, Terrace, Grey",Marketplace,325088629,223.99,223.99,Outsunny,GBP,7785444.0,7785444.0
"Outsunny Outdoor 4 Pieces Patio Furniture Set with Breathable Mesh Fabric Seat & Backrest, Garden Set with Two Foldable Armchairs, a Loveseat & Glass Top Table, Mixed Grey",Marketplace,325088632,119.99,119.99,Outsunny,GBP,4170612.0,4170612.0
Outsunny 5 Pieces Patio Dining Set with Foldable Back | Grey,Marketplace,325088633,255.99,255.99,Outsunny,GBP,8897700.0,8897700.0
"Outsunny 2 Seater Rattan Cube Garden Furniture Set, Rattan Dining Set with Cushions, Outdoor Dining Table and Chairs with 2 Armchairs, 2 Stools, Rectangular Glass Top Table for Patio, Balcony, Grey",Marketplace,325088634,230.99,230.99,Outsunny,GBP,8028750.0,8028750.0
"Outsunny 10 Seater Rattan Cube Garden Furniture Set, Rattan Dining Set with Cushions, Outdoor Dining Table and Chairs with 6 Armchairs, 4 Stools, Rectangular Wood Grain Plastic Top Table, Black",Marketplace,325088635,446.99,446.99,Outsunny,GBP,15536478.0,15536478.0
"Outsunny 5 Pieces Garden Dining Set with Cushions, Outdoor Patio Table and 4 Stackable Chairs, Metal Top Table with Umbrella Hole, Black",Marketplace,325088636,229.99,229.99,Outsunny,GBP,7993992.0,7993992.0
Outsunny 11PC Garden Rattan Dining Set Cushion Patio Table Chair Conservatory,Marketplace,325088638,649.99,649.99,Outsunny,GBP,22592352.0,22592352.0
"Outsunny 4 Seater Rattan Dining Set with Cushions, 5 Pieces Garden Dining Set with Glass Tabletop, PE Rattan Garden Furniture Set with Dining Table and Armchairs for Patio, Balcony, Mixed Grey",Marketplace,325088639,232.99,232.99,Outsunny,GBP,8098266.0,8098266.0
"Outsunny 7 Pieces Garden Dining Set with Glass Top Dining Table, Outdoor Patio Table and 6 Armchairs with Texteline Fabric Seats and Backrest, Wood-plastic Composite Armrests Top, Grey",Marketplace,325088641,279.99,279.99,Outsunny,GBP,9731892.0,9731892.0
"Outsunny 7 PCs Garden Dining Set w/ Stackable Chairs and Metal Top Table, Black | Black",Marketplace,325088642,304.99,304.99,Outsunny,GBP,10600842.0,10600842.0
Outsunny 106cm Round Garden Dining Table with Parasol Hole Tempered Glass Top Steel Frame,Marketplace,325088646,74.99,74.99,Outsunny,GBP,2606502.0,2606502.0
"Outsunny Extendable Outdoor Dining Table Patio Table, Black | Black | Charcoal black frame, black glass | 160 x 80 x 75 cm (extended)",Marketplace,325088647,136.99,136.99,Outsunny,GBP,4761498.0,4761498.0
"Outsunny 80 cm Round Garden Dining Table with Parasol Hole for 4, Outdoor Coffee Bistro End Side Table with Tempered Glass Top and Steel Frame for Patio, Porch, Black",Marketplace,325088649,50.99,50.99,Outsunny,GBP,1772310.0,1772310.0
"Outsunny 76 cm Square Dining Table with Parasol Hole, Outdoor Coffee End Side Table with Tempered Glass Top, Steel Frame for Garden, Patio, Black",Marketplace,325088650,43.99,43.99,Outsunny,GBP,1529004.0,1529004.0
"Outsunny 80 cm Round Dining Table with Parasol Hole, Outdoor Coffee End Side Table with Tempered Glass Top, Steel Frame for Garden, Black",Marketplace,325088651,41.99,41.99,Outsunny,GBP,1459488.0,1459488.0
"Outsunny 78 cm Round Garden Dining Table with Parasol Hole Antique Cast Aluminium Outdoor Table Only, Black",Marketplace,325088652,91.99,91.99,Outsunny,GBP,3197388.0,3197388.0
"Outsunny Metal Garden Dining Table Outdoor Patio w/ Glass, Umbrella Hole | Grey | Charcoal grey | 140 x 80 x 70 cm",Marketplace,325088653,69.99,69.99,Outsunny,GBP,2432712.0,2432712.0
Outsunny Extendable Garden Table 10 Seater for Lawn Balcony and Backyard Grey | Grey | Dark Grey | 270cm x 90cm x 75cm,Marketplace,325088656,295.99,295.99,Outsunny,GBP,10288020.0,10288020.0
Outsunny Folding Rectangular Garden Dining Table for 6 with Parasol Hole | Black,Marketplace,325088657,61.99,61.99,Outsunny,GBP,2154648.0,2154648.0
"Outsunny 94 x 94 cm Garden Dining Table with Parasol Hole, Square Patio Table with Slatted Metal Plate Top, Black",Marketplace,325088658,89.99,89.99,Outsunny,GBP,3127872.0,3127872.0
"Outsunny 5 Piece Garden Dining Set, 4 Seater Outdoor Table and Chairs with Texteline Seat, Space Saving Cube Set with Foldable Backrest, Tempered Glass Table Top, for Patio, Black",Marketplace,325088660,269.99,269.99,Outsunny,GBP,9384312.0,9384312.0
"Outsunny Metal Garden Dining Table Outdoor Patio w/ Glass, Umbrella Hole | Grey | Charcoal grey | 120 x 80 x 70 cm",Marketplace,325088662,54.99,54.99,Outsunny,GBP,1911342.0,1911342.0
"Outsunny 45cm Garden Side Table, Outdoor Round Folding Patio Table with Imitation Marble Glass Top, Small Coffee Table, Black",Marketplace,325088666,28.99,28.99,Outsunny,GBP,1007634.0,1007634.0
Outsunny Rattan Wicker Tea Coffee Table w/ Umbrella Hole Storage Space Brown | Brown,Marketplace,325088668,47.99,47.99,Outsunny,GBP,1668036.0,1668036.0
Outsunny 60cm Round Hollow Top Design Side Table with Cast Aluminum Frame,Marketplace,325088669,54.99,54.99,Outsunny,GBP,1911342.0,1911342.0
"Outsunny Garden Rattan Side Table,Wicker Coffee Desk, Glass Top, Mixed Brown",Marketplace,325088670,58.49,58.49,Outsunny,GBP,2032995.0,2032995.0
"Outsunny 54 x 54cm Aluminium Outdoor Garden Side Table w/ Umbrella Hole, Bronze",Marketplace,325088671,56.99,56.99,Outsunny,GBP,1980858.0,1980858.0
Outsunny Folding Square Rattan Coffee Table w/ Steel Frame Bistro Garden Brown | Brown,Marketplace,325088672,19.99,19.99,Outsunny,GBP,694812.0,694812.0
"Outsunny Round Folding Side Table w/ Imitation Marble Glass Top, Black",Marketplace,325088675,26.99,26.99,Outsunny,GBP,938118.0,938118.0
"Outsunny Folding Rattan Garden Coffee Table, Small Square Outdoor Bistro Side Table with Rattan Top for Patio, Balcony, Porch, 40 x 40 x 40 cm, Grey",Marketplace,325088679,22.99,22.99,Outsunny,GBP,799086.0,799086.0
Outsunny 3 Pieces Outdoor Dining Set Metal Picnic Table Bench Patio Garden,Marketplace,325088681,111.99,111.99,Outsunny,GBP,3892548.0,3892548.0
"Outsunny Garden Dining Table with Steel Frame and Slatted Top, Black | Black | Black | 150L x 90W x 73H cm",Marketplace,325088684,129.99,129.99,Outsunny,GBP,4518192.0,4518192.0
"Outsunny Outdoor PE Rattan Gas Fire Pit Table, Patio Square Propane Heater with Rain Cover, Mesh Lid and Lava Stone, 40,000 BTU, Mixed Grey",Marketplace,325088685,180.99,180.99,Outsunny,GBP,6290850.0,6290850.0
"Outsunny Patio PE Rattan Side Table, Square Outdoor Coffee Table w Tempered Glass Top, Mixed Grey",Marketplace,325088688,45.99,45.99,Outsunny,GBP,1598520.0,1598520.0
Outsunny Patio Wicker Coffee Table w/ Glass Top Suitable for Garden Backyard | Grey | 65cm x 65cm x 38 cm,Marketplace,325088690,66.99,66.99,Outsunny,GBP,2328438.0,2328438.0
Outsunny 90 cm Patio Rattan Coffee Table Outdoor Wicker Side Table Furniture,Marketplace,325088693,43.99,43.99,Outsunny,GBP,1529004.0,1529004.0
"Outsunny Folding Rattan Garden Dining Table, 68 cm Round Rattan Garden Table with Water Ripple Tempered Glass Top, Wicker Edging and Steel Frame for Outdoor, Patio, Brown",Marketplace,325088694,44.09,44.09,Outsunny,GBP,1532480.0,1532480.0
"Outsunny Foldable Outdoor Side Table, Rattan Garden Coffee Table with Steel Frame, Space Saving Bistro Garden Furniture for Patio, Balcony, 60 x 41 x 41 cm, Mixed Grey",Marketplace,325088695,30.99,30.99,Outsunny,GBP,1077150.0,1077150.0
"Outsunny PE Wicker Outdoor Coffee Table, Rattan Side Table w/ Plastic Board",Marketplace,325088696,35.99,35.99,Outsunny,GBP,1250940.0,1250940.0
"Outsunny Rattan Garden Coffee Table, 55.5 cm Square Wicker Patio Side Coffee Table with 4 cm Umbrella Hole, Metal Bottom and Slatted Top for Outdoor, Balcony, Brown",Marketplace,325088697,49.99,49.99,Outsunny,GBP,1737552.0,1737552.0
"Outsunny Rattan Side Table, Outdoor Coffee Table with Plastic Board Under the Full Woven Table Top for Patio, Garden, Balcony, Black","Garden, DIY & Car Care",325088698,31.99,31.99,Outsunny,GBP,1111908.0,1111908.0
"Outsunny Outdoor PE Rattan Gas Fire Pit Table, Patio Square Propane Heater with Marble Desktop, Rain Cover, Glass Windscreen, and Glass Stones, 50,000 BTU, Black",Marketplace,325088699,242.99,242.99,Outsunny,GBP,8445846.0,8445846.0
Outsunny Patio Wicker Coffee Table w/ Glass Top Suitable for Garden Backyard | Grey,Marketplace,325088700,78.99,78.99,Outsunny,GBP,2745534.0,2745534.0
"Outsunny PE Rattan Outdoor Coffee Table, Modern Rattan Side Table, Mixed Grey",Marketplace,325088701,31.99,31.99,Outsunny,GBP,1111908.0,1111908.0
"Outsunny Rattan Side Table, Outdoor Coffee Table with Plastic Board Under the Full Woven Table Top for Patio, Garden, Balcony, Mixed Brown",Marketplace,325088705,31.99,31.99,Outsunny,GBP,1111908.0,1111908.0
"Outsunny Outdoor Dining Table for 6 People, 150 x 88 cm Rectangular Garden Table with Aluminium Frame, Tempered Glass Top and Height Adjustable Feet for Balcony, Porch, Terrace, Grey",Marketplace,325088706,94.99,94.99,Outsunny,GBP,3301662.0,3301662.0
"Outsunny 94 x 94 cm Garden Dining Table with Parasol Hole, Square Patio Table with Slatted Metal Plate Top, Dark Grey",Marketplace,325088708,86.99,86.99,Outsunny,GBP,3023598.0,3023598.0
"Outsunny 246 cm Extending Garden Table, Rectangle Outdoor Dining Table for 6 8, Aluminium Frame for Patio, Balcony Charcoal Grey",Marketplace,325088709,365.99,365.99,Outsunny,GBP,12721080.0,12721080.0
"Outsunny Outdoor Dining Table for 6, Aluminium Rectangular Garden Table with Tempered Glass Tabletop for Yard, Deck, Patio, 150 x 90 x 74 cm, Black",Marketplace,325088711,97.99,97.99,Outsunny,GBP,3405936.0,3405936.0
"Outsunny Outdoor PE Rattan Dining Table w/ Wood-plastic Composite Top, Grey | Grey | Mixed Grey | 70x70x73cm",Marketplace,325088712,74.99,74.99,Outsunny,GBP,2606502.0,2606502.0
"Outsunny 80x80cm Outdoor Dining Table, Faux marbled Garden Table with Umbrella Hole, Square Patio Table with Steel Frame for Porch, Balcony, Black",Marketplace,325088717,56.99,56.99,Outsunny,GBP,1980858.0,1980858.0
"Outsunny 145cm Garden Table with Slatted Aluminium Top, Steel Legs, Dark Grey | Grey",Marketplace,325088723,117.99,117.99,Outsunny,GBP,4101096.0,4101096.0
"Outsunny Outdoor PE Rattan Gas Fire Pit Table, Patio Square Propane Heater with Rain Cover, Glass Windscreen, and Lava Stone, 50,000 BTU, Grey",Marketplace,325088724,218.99,218.99,Outsunny,GBP,7611654.0,7611654.0
"Outsunny 7 Piece Garden Dining Set, Outdoor Table and 6 Chair, Aluminium, Grey | Grey",Marketplace,325088725,309.99,309.99,Outsunny,GBP,10774632.0,10774632.0
Outsunny 3 Pcs Aluminium Bistro Set Garden Furniture Dining Table Chairs Antique Outdoor Seat Patio Seater White,Marketplace,325088730,109.99,109.99,Outsunny,GBP,3823032.0,3823032.0
Outsunny Extendable Outdoor Dining Table Aluminium Rectangle Patio Table Grey | Grey | Grey wood-effect | 160L x 80W x 75H cm,Marketplace,325088732,179.99,179.99,Outsunny,GBP,6256092.0,6256092.0
"Outsunny Foldable PE Rattan Outdoor Coffee Table, Metal Frame Wicker Round Side Table, Coffee Table Side Table for Lawn, Garden, Mixed Brown",Marketplace,325088733,25.99,25.99,Outsunny,GBP,903360.0,903360.0
"Outsunny 7 Pieces Garden Dining Set, Outdoor Rectangular Dining Table and 6 Cushioned Armchairs, Tempered Glass Top Table w Umbrella Hole, Texteline Seats, Beige",Marketplace,325088735,369.99,369.99,Outsunny,GBP,12860112.0,12860112.0
"Outsunny 5 Pieces Garden Dining Set, Outdoor Square Dining Table and 4 Cushioned Armchairs, Tempered Glass Top Table w Umbrella Hole, Texteline Seats, Beige",Marketplace,325088738,247.99,247.99,Outsunny,GBP,8619636.0,8619636.0
Outsunny Patio Bistro Set Folding Chairs Garden Coffee Table Grey,Marketplace,325088744,78.99,78.99,Outsunny,GBP,2745534.0,2745534.0
Outsunny 3 PCs Coffee Table Chairs Outdoor Garden Furniture Set w/ Umbrella Hole,Marketplace,325088750,129.99,129.99,Outsunny,GBP,4518192.0,4518192.0
Outsunny 3 PCs Garden Bistro Set W/ Balcony Table and Chairs Metal Frame | Black,Marketplace,325088757,164.99,164.99,Outsunny,GBP,5734722.0,5734722.0
Outsunny 3 PCs PE Rattan Garden Sofa Set w/ 2 Chairs & Storage Table Orange | Orange,Marketplace,325088758,199.99,199.99,Outsunny,GBP,6951252.0,6951252.0
"Outsunny Garden Bistro Set, 3 Pieces Table and Chairs Set, Outdoor Garden Furniture with Foldable Breathable Mesh Fabric Armchairs & Glass Top Coffee Table | Grey",Marketplace,325088759,64.99,64.99,Outsunny,GBP,2258922.0,2258922.0
"Outsunny 3 Pieces Folding Rattan Bistro Set, Garden Furniture Bistro Set with Folding Garden Table and Chairs, Wicker Balcony Furniture for Outdoor, Patio, Porch, Grey",Marketplace,325088760,67.99,67.99,Outsunny,GBP,2363196.0,2363196.0
"Outsunny Patio Bistro Set Folding Chairs & Coffee Table for Balcony, Brown",Marketplace,325088761,65.99,65.99,Outsunny,GBP,2293680.0,2293680.0
"Outsunny Patio Bistro Set Folding Chairs & Coffee Table for Balcony, Dark Grey | Grey",Marketplace,325088763,67.99,67.99,Outsunny,GBP,2363196.0,2363196.0
Outsunny 3 PC Outdoor Rattan Sofa Set w/ Chairs Coffee Table Cushion Light Grey | Grey,Marketplace,325088764,155.99,155.99,Outsunny,GBP,5421900.0,5421900.0
Outsunny Rattan 3PCs Chair Table Bistro Set Patio Set w/ Steel Frame White | Cream,Marketplace,325088766,186.99,186.99,Outsunny,GBP,6499398.0,6499398.0
"Outsunny 3 Pieces Rattan Bistro Set, Wicker Garden Furniture Set with Storage Coffee Table and Chairs, Thickened Cushions for Outdoor, Patio, Balcony, Grey",Marketplace,325088768,193.24,193.24,Outsunny,GBP,6716636.0,6716636.0
"Outsunny Rattan Bistro Set Garden Chair Table Patio Outdoor, Brown | Brown",Marketplace,325088773,109.99,109.99,Outsunny,GBP,3823032.0,3823032.0
"Outsunny 3 PCs Cast Aluminium Bistro Set w/ Parasol Hole for Balcony, Brown | Bronze",Marketplace,325088776,133.99,133.99,Outsunny,GBP,4657224.0,4657224.0
"Outsunny 3 Piece Garden Furniture Set, Bistro Set withChairs&1 Table",Marketplace,325088777,133.99,133.99,Outsunny,GBP,4657224.0,4657224.0
"Outsunny 3 Pieces Rattan Bistro Set, Wicker Garden Bistro Set, Glass Top Balcony Table and Chairs with Cushions for Outdoor, Patio, Balcony, Grey",Marketplace,325088785,268.99,268.99,Outsunny,GBP,9349554.0,9349554.0
Outsunny 3 Pieces Rattan Patio Bistro Set 2 Chairs Coffee Side Table Set | White,Marketplace,325088796,89.99,89.99,Outsunny,GBP,3127872.0,3127872.0
"Outsunny 3 Pieces Rattan Patio Bistro Set 2 Chairs Coffee Side Table Set, Black | Black",Marketplace,325088797,82.99,82.99,Outsunny,GBP,2884566.0,2884566.0
Charles Bentley Deluxe Charcoal BBQ Grill with Chrome Steel Warming Rack,"Garden, DIY & Car Care",325088801,249.99,249.99,Charles Bentley,GBP,8689152.0,8689152.0
Charles Bentley 120cm Extra-Large Open Bowl Mesh Cast Iron Chiminea Patio Heater - Black,"Garden, DIY & Car Care",325088802,99.99,99.99,Charles Bentley,GBP,3475452.0,3475452.0
Charles Bentley FSC Wooden Pair of Folding Directors Chairs Grey Pop-Up Garden,Marketplace,325088804,89.99,89.99,Charles Bentley,GBP,3127872.0,3127872.0
Charles Bentley Garden 4 Piece Rattan Dining Set - Grey,Marketplace,325088805,467.49,467.49,Charles Bentley,GBP,16249017.0,16249017.0
Charles Bentley Decorative Wrought Iron Outdoor Rustic Bench - Sage Green,"Garden, DIY & Car Care",325088807,99.99,99.99,Charles Bentley,GBP,3475452.0,3475452.0
Charles Bentley Pair of Tall Trojan Round Charcoal Planters - Dia. 38cm,Marketplace,325088809,49.99,49.99,Charles Bentley,GBP,1737552.0,1737552.0
Charles Bentley Zanzibar Tea for Two Bistro Set Grey Cafe 2 Chairs and Table,"Garden, DIY & Car Care",325088810,100.49,100.49,Charles Bentley,GBP,3492831.0,3492831.0
Ravensburger Marvel Villainous Hela 1000 Piece Jigsaw Puzzle,Marketplace,325088815,13.99,13.99,Ravensburger,GBP,486264.0,486264.0
Ravensburger Love Through The Ages 1500 Piece Jigsaw Puzzle,Marketplace,325088821,18.99,18.99,Ravensburger,GBP,660054.0,660054.0
Ravensburger Seiser Alm Dolomites South Tirol 1000 Piece Jigsaw Puzzle,Marketplace,325088838,18.99,18.99,Ravensburger,GBP,660054.0,660054.0
Argon Tableware Marble Rectangle Chopping Board - 30cm x 20cm - Black | Black | Black,Marketplace,325088868,12.99,12.99,Argon Tableware,GBP,451506.0,451506.0
Argon Tableware Metallic Coasters - 10cm - Rose Gold - Pack of 6,Marketplace,325088871,10.99,10.99,Argon Tableware,GBP,381990.0,381990.0
Argon Tableware Glass Storage Jars - Cork Lid - 110ml - Modern Round Scandi Organisation Container Glass Jar - Set of 3,Marketplace,325088874,9.99,9.99,Argon Tableware,GBP,347232.0,347232.0
Argon Tableware Glass Storage Jars - No Lid - 2 Litre - Kitchen Utensils Pot Bathroom Storage Open Container Glass Jar - Set of 3,Marketplace,325088875,15.99,15.99,Argon Tableware,GBP,555780.0,555780.0
Argon Tableware Glass Jam Jars with Lids - 450ml - Pack of 6,Marketplace,325088876,10.99,10.99,Argon Tableware,GBP,381990.0,381990.0
Argon Tableware Glass Storage Jars - Silver Lid - 2 Litre - Modern Round Scandi Organisation Container Glass Jar - Set of 3,Marketplace,325088877,17.99,17.99,Argon Tableware,GBP,625296.0,625296.0
Argon Tableware Glass Storage Jars - Wooden Lid - 2 Litre - Modern Round Scandi Organisation Container Glass Jar - Set of 3,Marketplace,325088878,20.99,20.99,Argon Tableware,GBP,729570.0,729570.0
Argon Tableware Glass Storage Jars - Cork Lid - 2 Litre - Modern Round Scandi Organisation Container Glass Jar - Set of 3,Marketplace,325088879,18.99,18.99,Argon Tableware,GBP,660054.0,660054.0
Argon Tableware Glass Storage Jars - Cork Lid - 1.5 Litre - Modern Round Scandi Organisation Container Glass Jar - Set of 3,Marketplace,325088880,14.99,14.99,Argon Tableware,GBP,521022.0,521022.0
Argon Tableware Glass Storage Jars - No Lid - 1.5 Litre - Kitchen Utensils Pot Bathroom Storage Open Container Glass Jar Set of 3,Marketplace,325088881,11.99,11.99,Argon Tableware,GBP,416748.0,416748.0
Argon Tableware Glass Storage Jars - Carved Wood Lid - 2 Litre - Modern Round Scandi Organisation Container Glass Jar - Set of 3,Marketplace,325088882,20.99,20.99,Argon Tableware,GBP,729570.0,729570.0
Argon Tableware Glass Storage Jars - Silver Lid - 1.5 Litre - Modern Round Scandi Organisation Container Glass Jar - Set of 3,Marketplace,325088883,15.99,15.99,Argon Tableware,GBP,555780.0,555780.0
Argon Tableware Glass Storage Jars - Leather Loop Lid - 1.5 Litre - Modern Round Scandi Organisation Container Glass Jar Set of 3,Marketplace,325088884,17.99,17.99,Argon Tableware,GBP,625296.0,625296.0
