Product_Name,Category,Product_ID,Original_Price,Discount_Price,Brand,Source_Currency,Original_Price_VND,Discount_Price_VND
Balo nữ da dầy thời trang unisex màu sắc tươi sáng TA63,Balo nữ,179731375,14250,14250,OEM,VND,14250,14250
Ví da đựng thẻ ngân hàng (7 màu) - 9205,Root,249221065,10260,10260,OEM,VND,10260,10260
"Balo nam nữ thời trang họa tiết bò sữa kiểu mới size mini, đôc đáo hàng chất lượng style kitishop",Root,102862196,19999,19999,OEM,VND,19999,19999
Vải nhũ bóng simili chống thấm may túi ví balo giày dép,Root,115740385,30000,30000,OEM,VND,30000,30000
Combo balo vừa a4 và túi tote thời trang kiểu mới giá siêu rẻ của KiTiShop,Root,102862375,29000,29000,OEM,VND,29000,29000
Balo nam nữ vải bố bama thời trang,Root,106654322,22000,22000,OEM,VND,22000,22000
BALO VỊT siêu kute cho bé thời trang kiểu mới kèm ảnh thật có nnhieeuf màu cho bé lựa chọn,Root,102862595,28900,28900,OEM,VND,28900,28900
BALO LOVE THỜI TRANG SEASON 1,Balo nữ,173564878,25000,25000,OEM,VND,25000,25000
Chamr hoạt hình nhiều mẫu cute,Root,150254088,29800,29800,OEM,VND,29800,29800
[MÓC KHÓA MẪU NGẪU NHIÊN] Móc Khóa dễ thương cute phụ kiện Balo Túi Ví trang trí xe máy ô tô sinh động Midori Studio,Balo nữ,184451143,49000,22050,Midori,VND,49000,22050
Balo Hoa cúc thời trang unisex custom kiểu mới chữ Peaceminusone,Root,102862379,25000,25000,OEM,VND,25000,25000
Balo thời trang kiểu mới vừa a4,Root,102862525,17999,17999,OEM,VND,17999,17999
BAlo gương trong thời trang kiểu mới vừa a4 cho nam và nữ stylekitishop,Root,102862187,19999,19999,OEM,VND,19999,19999
Balo Mini    Balo nữ vải canvas BÒ SỮA dễ thương - B01,Root,86561895,32032,27104,OEM,VND,32032,27104
Balo họa tiết bò sữa thời trang cho nam và nữ kiểu mới vừa a4,Root,102862418,19999,19999,OEM,VND,19999,19999
COMBO Set 4 món balo thời trang kiểu mới mèo mắt to siêu kute cho nam và nữ style kitishop,Root,102862795,28999,28999,OEM,VND,28999,28999
sét vỉ 12 cặp tách đen,Root,143613764,20000,20000,OEM,VND,20000,20000
"Gấu Bông Dễ Thương Có Móc Bằng Inox Không Gỉ Treo Chìa Khóa, Balo , Túi Xách Chất Liệu Vải Bông Mềm Mịn",Root,253296183,21000,21000,OEM,VND,21000,21000
Balo nam nữ size 25×23×10cm  xả kho đồng giá,Root,242185877,29500,29500,OEM,VND,29500,29500
Balo nam nữ size 25×23×10cm  xả kho đồng giá,Root,242225498,29000,29000,OEM,VND,29000,29000
"Gấu Bông Dễ Thương Có Móc Bằng Inox Không Gỉ Treo Chìa Khóa, Balo , Túi Xách Chất Liệu Vải Bông Mềm Mịn",Root,253349199,21000,21000,OEM,VND,21000,21000
Balo chống nước đen nam nữ Unisex thời trang balo đa năng đi học laptop sinh viên Cặp Ulzzang,Balo nữ,76296634,53500,53500,OEM,VND,53500,53500
"Balo thời trang nam nữ phong cách hàn quốc giá rẻ ,balo đi học laptop , balo ulzzang",Balo nữ,87100406,49890,49890,OEM,VND,49890,49890
Bộ Kẹp Vai Balo Cho Điện Thoại,Root,120788760,49700,49700,OEM,VND,49700,49700
Balo thời trang WIill mesh N1 Shalla,Thời Trang,26025061,64350,54450,Shalla,VND,64350,54450
"Balo thời trang nhỏ xinh , da PU bền đẹp , thiết kế thời trang hàn quốc , hợp xu hướng TK0027",Thời Trang,45842346,75000,49000,OEM,VND,75000,49000
Balo Ulzzang Cao Cấp Đựng Sách Vở  Đi Học Đi Chơi Phong Cách Thời Trang Cho Học Sinh Sinh Viên,Balo nữ,243085045,34900,34900,OEM,VND,34900,34900
Balo thời trang nam nữ Unisex chống nước balo cặp sách đi học laptop sinh viên học sinh trơn đen - MunNiNi,Balo nữ,76202712,56600,56600,OEM,VND,56600,56600
Balo thời trang nữ mini MS855,Thời Trang,10159834,43003,38458,OEM,VND,43003,38458
"BALO NỮ THỜI TRANG, NHỎ XINH G0002 KIỂU DÁNG HÀN QUỐC, SÀNH ĐIỆU, CHẤT LIỆU DA CAO CẤP, BỀN ĐẸP",Balo nữ,103665069,80000,49000,OEM,VND,80000,49000
Balo nữ da đẹp thời trang hàn quốc nhỏ gọn tiện dụng TK0041,Balo nữ,103222869,75000,49000,OEM,VND,75000,49000
Motor cánh vẫy đảo gió điều hoà DAIKIN - mô tơ máy lạnh DK,Root,168464521,40000,40000,OEM,VND,40000,40000
Balo mini thời trang nữ tay kéo thẻ VV7 Shalla,Thời Trang,44076586,43003,38458,Shalla,VND,43003,38458
"Balo Nữ Thời Trang, Balo Đi Học Phong Cách Hàn Quốc",Balo nữ,160293812,45000,45000,OEM,VND,45000,45000
Balo ulzzang thời trang đi học chống thấm nước phong cách OEM tùy chỉnh Logo,Root,147462249,32000,32000,OEM,VND,32000,32000
"Balo da nữ thời trang dễ thương, chất liệu PU bền đẹp TK0041",Thời Trang,49954016,98000,49000,OEM,VND,98000,49000
Ba lô thời trang học sinh họa tiết màu sắc,Thời Trang,14790605,37999,37999,OEM,VND,37999,37999
BALO THỔ CẨM LOẠI MINI,Root,136940136,45000,45000,OEM,VND,45000,45000
BALO THỔ CẨM MINI,Root,136940160,49000,49000,OEM,VND,49000,49000
Balo Nữ Dây Kéo Ổ Khóa Lệch Bên Phong Cách Hàn,Thời Trang,2900725,60602,51278,OEM,VND,60602,51278
"Balo đi học dung tích lớn phong cách unisex cá tính phong cách đi học, đi du lịch",Root,147464057,32000,32000,OEM,VND,32000,32000
"Balo Bò Sữa đi học, đi chơi phong cách học sinh có phụ kiện đi kèm",Root,147487728,32000,32000,OEM,VND,32000,32000
"Balo thời trang dễ thương , phong cách hàn quốc, chất liệu da PU  TK0027",Thời Trang,51513897,75000,49000,OEM,VND,75000,49000
"Mica cầu lồi trong suốt làm túi xách, balo gấu (bộ 2 tấm)",Root,213881742,39900,39900,OEM,VND,39900,39900
"Balo thời trang đa năng, thiết kế trẻ trung, chất liệu PU bền đẹp TK0066",Balo nữ,73491240,70000,49000,OEM,VND,70000,49000
Balo Xu hướng mới unisex dành cho cả nam lẫn nữ siêu HOT HIT!,Root,147485306,32000,32000,OEM,VND,32000,32000
"Balo da nữ thời trang nhỏ xinh, thiết kế trẻ trung, năng động hợp xu hướng TK0013",Thời Trang,49955511,75000,49000,OEM,VND,75000,49000
Balo nữ thời trang vải mang đậm phong cách Teen TXBL29,Root,44349072,40000,40000,OEM,VND,40000,40000
"Balo đi học phong cách Hàn Quốc vải chống nước, nhiều ngăn đựng laptop, đi chơi, du lịch",Root,72052328,35000,35000,OEM,VND,35000,35000
BALO PHỐI ĐI HỌC NAM/NỮ,Balo nữ,173694429,49000,49000,OEM,VND,49000,49000
Combo 4 in 1 set balo đi học kèm túi xách ví và hộp bút thời trang kiểu mới chữ COME ON DAISY hoạ tiết hoa cúc,Root,102862458,45999,45999,OEM,VND,45999,45999
"Balo nam nữ đi học năng động, chống nước có ngăn đựng Laptop",Balo và Vali,71098971,49000,49000,OEM,VND,49000,49000
TÚI CHÉO MISSOUT THỜI TRANG CHO NAM CẢ NỮ,Balo nữ,174176026,49000,49000,OEM,VND,49000,49000
BALO MINI KUTE 2 DÂY RÚT NHỎ XINH UNISEX CHẤT CANVAS THỜI TRANG CUTE XINH ĐẸP TIỆN ÍCH DẠO PHỐ DU 3158,Root,168527723,50000,50000,OEM,VND,50000,50000
"Balo bò sữa Ulzzang nam, nữ vải chuẩn Hàn Quốc 900PVC BL BO 02 (tặng móc khóa+ giấy thơm)",Root,130814112,45000,45000,OEM,VND,45000,45000
"MÓC KHÓA BÓP, BALÔ HOLOGRAM TIM KIM TUYẾN SÁNG BÓNG",Root,149447746,45000,45000,OEM,VND,45000,45000
Balo thổ cẩm mini,Root,136940108,45000,45000,OEM,VND,45000,45000
Ba lô nữ hình mèo chống nước phong cách Nhật Bản,Thời Trang,20888670,46000,46000,OEM,VND,46000,46000
Balo nữ mini thời trang tay kéo thẻ SI7 Shalla,Thời Trang,44076540,43003,38458,Shalla,VND,43003,38458
Combo 10 túi mắt các sai to nhỏ,Root,143613770,50000,50000,OEM,VND,50000,50000
BALO MINI BO SỮA MILK COW AOMIVN DÂY RÚT ĐEO VAI 33x38cm NHỎ XINH UNISEX CHẤT CANVAS CUTE TIỆN ÍCH DU LỊCH ĐEN TRẮNG,Root,174852388,42000,42000,OEM,VND,42000,42000
Bộ balo cổ màu,Root,176851307,48000,48000,OEM,VND,48000,48000
Balo thời trang giao màu ngẫu nhiên,Thời Trang,56687789,50000,50000,OEM,VND,50000,50000
ComBo 9 Bút Mực Gel Winzige 0.5mm - 9 Màu Dễ Thương Tuỳ Chọn Tiện Dụng Cho Học Sinh/Nhân Viên Văn Phòng,Root,247555177,41000,41000,OEM,VND,41000,41000
"Balo đi học cho bé gái Mẫu giáo, Cấp 1- Mầm non, tiểu học (từ 3 đến 12 tuổi)- Hình mèo con dễ thương",Root,247554818,49000,49000,OEM,VND,49000,49000
"Balo Nữ Thời Trang, Balo Mini Da PU Kẻ Caro Đeo Vai Phong Cách Thời Trang Nhiều Màu Lựa Chọn Đi Du Lịch/ Đi Làm/ Sử Dụng Hằng Ngày",Balo nữ,188447797,80000,80000,XUDI,VND,80000,80000
"Balo Mini Da Caro Đa Năng, Thiết Kế Trẻ Trung, Chất Liệu PU Bền Đẹp, Balo Thời Trang Nữ Hàn Quốc",Balo nữ,188994077,80000,80000,XUDI,VND,80000,80000
Balo Xiaomi Mi Casual Daypack,Thời Trang,8575130,119000,97000,Xiaomi,VND,119000,97000
Balo Nữ Đi Học Laptop  thời trang ulzzang cặp sách đi học Sinh viên học sinh Balo Đi Học XIADEA,Balo nữ,147708680,62900,62900,OEM,VND,62900,62900
Balo trơn Unisex Nam nữ đi học laptop chống nước balo cặp sách đi học học sinh sinh viên ulzzang,Balo nữ,76202565,54400,54400,OEM,VND,54400,54400
Balo nam nữ Unisex thời trang Regods club thời trang đi học cặp laptop - MunNiNi,Balo nữ,76007146,66300,66300,OEM,VND,66300,66300
Balo Ulzzang Hàn Quốc học sinh đi học đi chơi ngăn Mica trong suốt phối lưới đi học thời trang Cặp- Balo sinh viên học sinh đa năng mèo đọc sách cute,Balo nữ,151488531,69900,69900,OEM,VND,69900,69900
"SET BALO 4 MÓN ĐI HỌC, SET BALO THỜI TRANG - MICA GẤU Balo Nữ - Balo Học Sinh Sinh Viên - Combo Balo Nữ 4 Món",Balo nữ,149526693,73990,73990,OEM,VND,73990,73990
"Balo Nữ Sinh Phong Cách Hàn Quốc (EP29), Ba lô thời trang học sinh, sinh viên",Thời Trang,66677355,58900,58900,OEM,VND,58900,58900
Balo mini  Willbe thể thao M4 Shalla,Thời Trang,26029870,64350,54450,Shalla,VND,64350,54450
Balo Nữ Đi Học Thời Trang Ulzzang Cao Cấp YHAO Balo nữ món đi học thời trang sinh viên học sinh ba lô set cặp thời trang laptop,Balo nữ,149526777,65500,65500,OEM,VND,65500,65500
Balo nữ combo 4 món đi học thời trang sinh viên học sinh ba lô set cặp thời trang thỏ hồng,Balo và Vali,72626600,76500,76500,OEM,VND,76500,76500
"SET BALO 4 MÓN ĐI HỌC, SET BALO THỜI TRANG  đi học sinh viên Cặp Ulzzang Thời Trang Hàn Quốc Vải bố nam nữ, balo đi học, đựng laptop",Balo nữ,149526375,79900,79900,OEM,VND,79900,79900
"BALO ULZZANG Đi HỌC ĐI CHƠI PHONG CÁCH Hàn Quốc BALO học sinh, sinh viên đi học thời trang Cặp- Balo sinh viên học sinh đa năng mèo đọc sách cute",Balo nữ,151488097,59900,59900,OEM,VND,59900,59900
"BA LÔ ĐI HỌC, BALO CÁ MẬP NAM NỮ, BALO NAM CÁ TÍNH",Balo nữ,138662136,59000,59000,OEM,VND,59000,59000
"Set balo 4 món, Bao Thời Trang, Balo Chống Thấm Nam Nữ Balo Nữ - Balo Học Sinh Sinh Viên - Combo Balo Nữ 4 Món - SET 4 MÓN GẤU CUTE",Balo nữ,153495226,70050,70050,OEM,VND,70050,70050
Bộ Balo Nữ + Túi Đeo Chéo Nữ + Ví Nữ Lovelove Xinh Yêu,Root,11489581,69999,69999,OEM,VND,69999,69999
Bộ 5 Món Balo nữ + túi đeo chéo + ví cầm tay nữ + ví rút + hộp bút xinh xắn,Thời Trang,6476329,79999,79999,OEM,VND,79999,79999
"BALO BE YOUR STYLE CÁ TÍNH MẪU MỚI CỦA NĂM NAY BALO NAM CÁ TÍNH, BALO NAM ĐƯỢC ƯA CHUỘNG HIỆN NAY, CẶP NAM GIÁ RẺ",Root,138624523,69000,69000,OEM,VND,69000,69000
Balo Nữ Đi Học Laptop  thời trang ulzzang cặp sách đi học Sinh viên học sinh BALO ULZZANG DEMIBAG ĐẦU GẤU,Balo nữ,147708748,59900,59900,OEM,VND,59900,59900
Balo nữ thời trang đi chơi đi học phong cách Hàn Quốc BK27,Balo nữ,135111833,62900,62900,OEM,VND,62900,62900
"Ba lô đi hoc, đi làm, đi chơi đẹp giá rẻ bất ngờ",Balo nữ,190681158,59000,59000,OEM,VND,59000,59000
Balo Nữ - Balo Học Sinh Sinh Viên - Combo Balo Nữ 4 Món,Thời Trang,69557166,75990,75990,OEM,VND,75990,75990
Balo Rút Dây Họa Tiết nhỏ vải dù siêu nhẹ,Thời Trang,16326485,128000,64000,Bee Gee,VND,128000,64000
Balo gấp gọn Muhui vải dù siêu nhẹ siêu chống thấm,Thời Trang,4266309,65000,55000,OEM,VND,65000,55000
"Set balo 4 món, Bao Thời Trang, Balo Nữ - SET 4 MÓN GẤU CUTE nam nữ, balo đi học, đựng laptop",Balo nữ,149526786,79800,79800,OEM,VND,79800,79800
"Balo Thời Trang Ulzzang Nam Nữ , Balo Đi Học, Balo học Sinh ULZZANG Giá Rẻ Yikes Balo combo 4 món đi học thời trang Cặp- Balo sinh viên học sinh đa năng mèo đọc sách cute",Balo nữ,151488467,56490,56490,OEM,VND,56490,56490
Balo Mini Nhỏ Xinh Song Miêu Bl33 Da Trơn Mới,Balo nữ,198258814,80000,80000,OEM,VND,80000,80000
"Set balo 4 món, Bao Thời Trang, Balo Chống Thấm Nam Nữ - SET 4 MÓN GẤU CUTE",Root,173868934,79900,79900,OEM,VND,79900,79900
Balo Thời Trang Nam Nữ Ulzzang Hàn Quốc laptop Ulzzang BaMa đen bướm thời trang ulzzang cặp sách đi học Sinh viên học sinh,Balo nữ,136074475,54100,54100,OEM,VND,54100,54100
Balo vải chống thấm nước Balo nữ học sinh đi học laptop cặp kèm Sticker Thanks (không kèm gấu),Balo nữ,74895540,69900,69900,OEM,VND,69900,69900
"Combo balo 4 món thời trang ulzzang, Set balo 4 món đi học, balo 4 món đi học thời trang Cặp- Balo sinh viên học sinh đa năng - phối MiCa YiFang",Balo nữ,149526380,71500,71500,OEM,VND,71500,71500
Balo Mini Màu Đen,Balo và Vali,132079697,90000,90000,OEM,VND,90000,90000
balo thời trang nam nữ MiNiBag ulzzang laptop đi học balo giá rẻ,Root,108158188,51900,51900,OEM,VND,51900,51900
Set balo 4 món đi học laptop balo combo 4 món ulzzang đi học thời trang Cặp- Balo sinh viên học sinh đa năng mèo đọc sách cute ulzzang,Balo nữ,149526326,76600,76600,OEM,VND,76600,76600
Balo nữ combo 4 món đi học thời trang Cặp- Balo sinh viên học sinh đa năng mèo đọc sách cute ulzzang Back in hình sticker,Balo nữ,74683737,72350,72350,OEM,VND,72350,72350
"Balo Nữ Đi Học Laptop Chống Nước thời trang ulzzang cặp sách đi học Sinh viên học sinh Đi Học, Đi Chơi ( YOYOKO)",Balo nữ,146729769,80000,80000,OEM,VND,80000,80000
Balo Nữ - Balo Học Sinh Sinh Viên - Combo Balo Nữ 4 Món Back In hình sticker Munnini,Balo nữ,73767822,79300,79300,OEM,VND,79300,79300
"Balo Thời Trang Regods club Unisex học sinh sinh viên đi học laptop Balo đi học nam,nữ thời trang hàn quốc cặp",Balo nữ,75182575,55600,55600,OEM,VND,55600,55600
Balo thời trang nam nữ Unisex balo đi học laptop sinh viên ulzzang học sinh,Balo nữ,77895298,58500,58500,OEM,VND,58500,58500
"cặp đi học nữ, cặp đi học giá rẻ, Balo học sinh cấp 2, cấp 3, cặp đẹp giá rẻ",Root,138623576,65900,65900,OEM,VND,65900,65900
"balo thời trang, BALO HỌC SINH, BALO NAM VÀ NỮ ĐI HỌC, CẶP HỌC SINH, CẶP ĐI HỌC THỜI TRANG",Balo nữ,138662153,52500,52500,OEM,VND,52500,52500
"Balo thời trang nam nữ phong cách hàn quốc giá rẻ ,balo đi học laptop , balo ulzzang",Balo nữ,146729790,80000,80000,OEM,VND,80000,80000
Balo Mini Trơn Màu Hồng,Root,132078979,90000,90000,OEM,VND,90000,90000
"CẶP ĐI HỌC NAM ĐI HỌC ĐI CHƠI, CẶP HỌC SINH",Root,138624639,69000,69000,OEM,VND,69000,69000
Balo nữ combo 4 món đi học laptop học sinh sinh viên Cặp Ulzzang Thời Trang - balo phối about Munnini,Balo nữ,74487414,76600,76600,OEM,VND,76600,76600
"Combo balo 4 món thời trang ulzzang, Set balo 4 món đi học, balo 4 món - mèo hai khóa đọc sách kẹo",Root,173867565,79900,79900,OEM,VND,79900,79900
Balo Phản Quang Nam nữ Colkids ss4 unisex Thời Trang học sinh cặp sinh viên.,Balo và Vali,71705687,62900,62900,OEM,VND,62900,62900
"BALO NỮ THỜI TRANG, MẪU MỚI NEW-0078 PHỐI KHOÁ CÀI VÀ MÀU SẮC ĐỘC ĐÁO, CỰC ĐẸP, KIỂU DÁNG HÀN QUỐC, SÀNH ĐIỆU, CHẤT LIỆU DA BỀN ĐẸP",Balo nữ,210508410,120000,69000,OEM,VND,120000,69000
Balo VẢI Hàn Quốc học sinh đi học đi chơi ngăn Mica trong suốt phối lưới siêu xinh,Balo nữ,146730375,76000,76000,OEM,VND,76000,76000
"Balo Thời Trang Ulzzang , Balo Đi Học, Balo học Sinh HÀN QUỐC MARSOCITY",Balo nữ,147708706,76900,76900,OEM,VND,76900,76900
Balo nữ combo 4 món ulzzang - balo đi học cặp phối màu - Ba lô thời trang học sinh sinh viên Munnini,Balo nữ,73410860,79900,79900,OEM,VND,79900,79900
Balo Cặp Sách Diea Đi Học Thời Trang Nam Nữ Vải Canvas Cao Cấp-Màu Đen,Thời Trang,38075042,70500,70500,OEM,VND,70500,70500
"BALO CÁ MẬP, balo đi học nam, balo nam, balo giá rẽ của nam, cặp học sinh nam, cặp học sinh cá mập, cặp đi học cá tính",Root,138623715,69000,69000,OEM,VND,69000,69000
"Balo thời trang nam nữ Milk Tea Ulzzang laptop đi học , đi chơi Nữ học thời trang Cặp- Balo sinh viên học sinh đa năng",Balo nữ,108157821,79900,79900,OEM,VND,79900,79900
Balo nữ mini đi chơi đi học thời trang trẻ trung hàn quốc,Balo nữ,91145665,79000,79000,OEM,VND,79000,79000
Bộ ba lô thời trang 5 món học sinh giá,Thời Trang,16257171,78999,78999,OEM,VND,78999,78999
SET BALO TÚI VÍ KUTE,Root,170651647,59000,59000,OEM,VND,59000,59000
"cặp đi học, đi chơi, đi làm cho cả nam và cả nữ",Balo nữ,190681020,60500,60500,OEM,VND,60500,60500
"Balo thời trang, balo đi học, đựng laptop Balo Thời Trang Nam Nữ TITI x BIN balo nữ vải",Balo nữ,108154953,69900,69900,OEM,VND,69900,69900
"CẶP ĐI HỌC, ba lô học sinh nam nữ giá rẻ, balo đi học thời trang, túi xách nam nữ đi học",Root,138661904,59000,59000,OEM,VND,59000,59000
Ba lô thời trang kèm túi nhỏ M27(hồng và ghi),Balo nữ,90324667,51000,51000,Song An Eco,VND,51000,51000
"Balo Ulzzang , Balo Đi Học, Balo Nam Nữ, Balo Thời Trang Milk Tea",Balo nữ,136074259,74500,74500,OEM,VND,74500,74500
"Balo Thời Trang Regods club ss1 Unisex học sinh sinh viên đi học laptop Balo đi học nam,nữ thời trang hàn quốc",Balo và Vali,72878203,50900,50900,OEM,VND,50900,50900
balo thời trang nam nữ Unisex balo đi học laptop balo ulzzang đi học thời trang Cặp- Balo sinh viên học sinh đa năng mèo đọc sách cute ulzzang,Balo nữ,146730207,75000,75000,OEM,VND,75000,75000
Set balo 4 món đi học laptop balo combo 4 món ulzzang Balo nữ đẹp combo 4 món đi học thời trang Cặp- Balo sinh viên học sinh đa năng mèo đọc sách cute,Balo nam,151488238,79900,79900,OEM,VND,79900,79900
BỘ 5 BALO TÚI XÁCH HÀN QUỐC SIÊU CUTE,Root,170653347,59000,59000,OEM,VND,59000,59000
Balo Mini Nhỏ Xinh Gắn Nơ BL27 Da Trơn Mới,Balo nữ,198253957,78000,78000,OEM,VND,78000,78000
Balo nữ combo 4 món đi học thời trang sinh viên học sinh ba lô set cặp thời trang Set 4 Món M-Xixi balo nữ vải,Balo nữ,92493824,79800,79800,OEM,VND,79800,79800
Balo Siêu Mini xám,Root,132079129,90000,90000,OEM,VND,90000,90000
BALO THỔ CẨM thời trang hình cú kiểu mới,Root,102862557,75000,75000,OEM,VND,75000,75000
Balo vải dù không thấm nước thời trang hoa cúc,Root,106654265,55000,55000,OEM,VND,55000,55000
Balo thời trang Willbe thể thao M2 Shalla,Thời Trang,26029393,64350,54450,Shalla,VND,64350,54450
Balo Combo 4 món nữ laptop học sinh Sinh viên ulzzang cặp,Balo và Vali,71155777,71900,71900,OEM,VND,71900,71900
"Combo balo 4 món thời trang ulzzang, Set balo 4 món đi học, balo 4 món- phối MiCa YiFang Shop MunNINii",Balo nữ,165587315,72700,72700,OEM,VND,72700,72700
CẶP ĐI HỌC DÀNH CHO NỮ,Root,138623871,69000,69000,OEM,VND,69000,69000
ÁO BALO HOT TREND,Root,144129890,61950,61950,OEM,VND,61950,61950
Balo Nữ Học Sinh Sinh Viên Combo Balo Nữ 4 Món Back In hình sticker ulzzang,Balo nữ,76357665,72300,72300,OEM,VND,72300,72300
"Balo đi học nam,nữ thời trang hàn quốc unisex chống thấm cao cấp",Thời Trang,67546520,69900,69900,OEM,VND,69900,69900
BALO DA NỮ THỜI TRANG CÁ TÍNH MDBN203,Thời Trang,57767990,149000,149000,OEM,VND,149000,149000
Balo Kết Hợp Túi Đeo Chéo - Khóa 7 Sắc Màu 8 TU223,Root,173265437,72500,62500,OEM,VND,72500,62500
Balo Nữ - Balo Học Sinh Sinh Viên - Combo Balo Nữ 4 Món,Balo nữ,73627619,77600,77600,OEM,VND,77600,77600
Cặp đi học giá rẽ cho nam và nữ,Root,138661683,59000,59000,OEM,VND,59000,59000
Balo da nữ  MINI thời trang MADBN215,Thời Trang,49077085,65000,65000,OEM,VND,65000,65000
BALO NƠ THỜI TRANG SEASON 1,Balo nữ,173564924,69000,69000,OEM,VND,69000,69000
BALO NỮ DẠO PHỐ DU LỊCH DA PU MỀM MỊN KIỂU DÁNG NHỎ XINH THỜI TRANG DBN222TI,Balo nữ,158753707,69069,58443,OEM,VND,69069,58443
"Cặp đi học, đi chơi, đi làm cho cả nam và nữ",Balo nữ,138661549,59000,59000,OEM,VND,59000,59000
"Balo đinh hoa thời trang, xinh xắn; dùng đi học, đi chơi; chống nước",Balo nữ,128292889,65000,65000,OEM,VND,65000,65000
Balo Thời Trang Ulzzang Nam Nữ Chống Nước Mar societt,Root,173868494,69000,69000,OEM,VND,69000,69000
"CẶP ĐI HỌC ĐẸP, CẶP ĐI HỌC THỜI TRANG GIÁ RẺ, BALO HỌC SINH NỮ, BA LÔ NỮ ĐI HỌC ĐI CHƠI",Balo nữ,138661408,59000,59000,OEM,VND,59000,59000
Cặp đi học cho nam và nữ kèm quà từ shop,Root,138623913,69000,69000,OEM,VND,69000,69000
"Balo họa tiết chống nước size S 11*20*25cm  đáng yêu, thời trang - 7",Thời Trang,53667555,79000,79000,OEM,VND,79000,79000
"BA LÔ ĐI HỌC NỮ, BALO NỮ DỄ THƯƠNG, CẶP MÈO CAT GIĂ RẺ, BA LÔ HỌC SINH NỮ",Root,138661737,59000,59000,OEM,VND,59000,59000
Balo Nữ Mini Thời Trang Hàn Quốc Trẻ Trung D1247,Thời Trang,13856698,75000,75000,OEM,VND,75000,75000
Balo HARAS HR188VN (30 x 45 cm),Thời Trang,53449251,120000,69000,HARAS,VND,120000,69000
Bộ 3 món balo thời trang + túi đeo chéo + ví nhỏ love love (xanh trời),Thời Trang,32429472,79000,79000,HAKI,VND,79000,79000
BALO RÚT THỔ CẨM,Root,102862372,69000,69000,OEM,VND,69000,69000
"Balo Ulzzang Chống Thấm, Balo Unisex, Balo Thời Trang - BALO BIN ORIGINALL",Balo nữ,146730318,78000,78000,OEM,VND,78000,78000
BALO THỔ CẨM LOẠI TRUNG,Root,136940224,65000,65000,OEM,VND,65000,65000
Balo dây rút in hình Anime,Balo nữ,101142380,69000,69000,OEM,VND,69000,69000
CẶP NỮ ĐI HỌC - BALO NỮ THỜI TRANG,Balo nữ,138624442,69000,69000,OEM,VND,69000,69000
"Combo Balo 4 Món Đi Học, Set Balo Nữ Thời Trang Túi Trong 2 Túi Đan Nơ",Root,173867551,79900,79900,OEM,VND,79900,79900
Balo Cặp Sách Diea Đi Học Thời Trang Nam Nữ Vải Canvas Cao Cấp- Hồng,Thời Trang,41824303,75900,75900,OEM,VND,75900,75900
"balo thời trang nam nữ XD trong suốt balo đi học, du lịch",Root,102909134,69900,69900,OEM,VND,69900,69900
BALO VẢI THỜI TRANG NAM NỮ,Balo nữ,138661618,59000,59000,OEM,VND,59000,59000
Balo Mini Trơn Màu Đen,Root,132079507,90000,90000,OEM,VND,90000,90000
BALO THỜI TRANG/ CẶP ĐI HỌC NHIỀU MÀU,Root,138661705,59000,59000,OEM,VND,59000,59000
Balo thổ cẩm trung,Root,136939956,55000,55000,OEM,VND,55000,55000
Balo đi học đi chơi đi làm siêu rẻ,Balo nữ,190681211,69000,69000,OEM,VND,69000,69000
"Cặp đi học, đi chơi cho nữ hợp thời trang",Balo nữ,138624256,79000,79000,OEM,VND,79000,79000
"Balo Thời Trang Nam Nữ Đi Học Sinh, Sinh Viên DOUCITYUAN",Balo nữ,146730078,80000,80000,OEM,VND,80000,80000
"Ba lô nữ thời trang in hoa 3D Vintage đi học, đi chơi",Thời Trang,20880298,75000,75000,Song An Eco,VND,75000,75000
"BALO NỮ THỜI TRANG, CAO CẤP G0027 KIỂU DÁNG TRẺ TRUNG, NĂNG ĐỘNG, CHẤT LIỆU DA CAO CẤP, BỀN ĐẸP",Balo nữ,103740552,90000,59000,OEM,VND,90000,59000
Balo Nữ Đi Học Laptop  thời trang ulzzang cặp sách đi học Sinh viên học sinh KEKEMI,Balo nữ,147708820,76900,76900,OEM,VND,76900,76900
cặp đi học cá tính nam và nữ,Root,138661899,59000,59000,OEM,VND,59000,59000
"cặp học sinh nữ đẹp cá tính,Balo học sinh giá tốt,Balo Đi Học Cho Học Sinh Trung Học,Balo học sinh dễ thương",Balo nữ,138625345,69000,69000,OEM,VND,69000,69000
Cặp NỮ VỚI KIỂU DÁNG SIÊU DỄ THƯƠNG VÀ SHOP TẶNG KÈM MÓC KHÓA BÔNG SIÊU CƯNG,Balo nữ,138625265,79000,79000,OEM,VND,79000,79000
Balo Mini Nhỏ Xinh Bl30 Da Trơn Mới,Balo nữ,198256698,69000,69000,OEM,VND,69000,69000
"Balo thời trang, balo đi học, đựng laptop Balo thời trang, đi học, đựng laptop - BALO NẮP QTK 2 Khoá balo nữ vải đi học thời trang Cặp- Balo sinh viên học sinh đa năng",Balo nữ,108154769,79000,79000,OEM,VND,79000,79000
Balo mini 2 kiểu đeo thời trang nữ giá rẻ đi học đi chơi kiểu sọc phối màu nắp xinh xắn KDR - BL363 Kodoros,Balo nữ,141473141,59000,59000,OEM,VND,59000,59000
"Balo nữ đi học thời trang Ohazo! mới - Phong cách Hàn Quốc cực đẹp, cực cá tính - BL137",Thời Trang,58569295,69000,69000,Ohazo!,VND,69000,69000
"SET BALO 4 MÓN ĐI HỌC, BALO 4 MÓN THỜI TRANG NAM NỮ - SET BALO MILK TEA",Root,173867510,79900,79900,OEM,VND,79900,79900
Balo da mini Nữ thời trang cao cấp có móc treo gấu dễ thương SD2 Shalla,Thời Trang,44175883,87330,78100,Shalla,VND,87330,78100
Balo Ulzzang Nam Nữ Hàn Quốc Thời Trang Đi Học Giá Rẻ Dễ Thương Cute BL02,Root,148733024,79500,79500,OEM,VND,79500,79500
"Cặp nam và nữ dây xích, BALO phối xích, balo xích đi học, balo thời trang nam và nữ, cặp đi học đẹp, cặp nam nữ cá xích",Root,138623852,79000,79000,OEM,VND,79000,79000
"Balo du lịch, Balo thời trang, đi học,nam nữ đựng laptop cao cấp voko Mars Societt",Balo và Vali,151834649,76900,76900,OEM,VND,76900,76900
Cặp đi học nữ kèm móc khoá bông,Balo nữ,138661518,59000,59000,OEM,VND,59000,59000
(Lẻ = Sỉ) Balo Đi Học Changye Phối Túi Cực Xinh BALO THỜI TRANG NAM NỮ TO Ulzzang,Root,151834847,66900,66900,OEM,VND,66900,66900
Cặp đi học siêu hot siêu dễ thương,Balo nữ,190681218,69000,69000,OEM,VND,69000,69000
Balo Nữ Thời Trang 2018 - Xanh Dương,Thời Trang,1918669,68000,68000,OEM,VND,68000,68000
"Balo thời trang nữ Ohazo! Phong cách Hàn Quốc, Tặng ngay Túi + Hộp đựng bút Cực Cool - BL136",Thời Trang,58567095,65000,65000,Ohazo!,VND,65000,65000
"ÁO BALO HOT TREND,THIẾT KẾ HỌA TIẾT SIÊU NGẦU,CHẤT LIỆU VÃI THOÁNG MÁT THỜI TRANG KME.STORE",Root,165898198,59000,59000,OEM,VND,59000,59000
BA LÔ THỜI TRANG CHO NAM VÀ CẢ NỮ,Root,138662019,59000,59000,OEM,VND,59000,59000
"Cặp cặp đi chơi, đi học, đi làm",Root,138623898,79000,79000,OEM,VND,79000,79000
"Combo balo 4 món, Set balo 4 món đi học, balo 4 món Ulzzang - MENTUBAG",Balo nữ,153495773,76580,76580,OEM,VND,76580,76580
Balo bỉm sữa - balo tiện dụng cho mẹ và bé,Thời Trang,20708183,146000,146000,OEM,VND,146000,146000
cặp đi học nữ siêu dễ thương có tặng cục bông,Root,138623774,66000,66000,OEM,VND,66000,66000
Cặp đi học cho cả nam và nữ hợp thời trang,Balo nữ,138624150,69000,69000,OEM,VND,69000,69000
ba lô dù quảng châu cao cấp,Thời Trang,30772249,55000,55000,OEM,VND,55000,55000
Balo Thời Trang Nam Nữ Ulzzang BaMa,Root,173869110,79900,79900,OEM,VND,79900,79900
"Combo balo 4 món, Set balo 4 món đi học, balo 4 món Ulzzang - MENTUBAG",Root,173867591,79900,79900,OEM,VND,79900,79900
Balo Mini Trơn Màu Xám,Root,132079084,90000,90000,OEM,VND,90000,90000
"CẶP ĐI HỌC, ĐI CHƠI DỂ THƯƠNG",Root,138623741,70000,70000,OEM,VND,70000,70000
"Balo Thời Trang Nam Nữ, Balo Đi Học RE.GODS CLUBSS Phối Túi Trong",Root,173868327,69000,69000,OEM,VND,69000,69000
balo nữ đi học,Balo nữ,190681078,59000,59000,OEM,VND,59000,59000
Balo đi học cấp 2 cấp 3,Balo nữ,190681407,59000,59000,OEM,VND,59000,59000
"Balo Thời Trang Ulzzang Nam Nữ Chống Nước Mar societt Đi Học sinh, Sinh viên",Balo nữ,146730501,74800,74800,OEM,VND,74800,74800
CẶP/BALO/TÚI ĐEO CHÉO VỊT BẦU SIÊU DỄ THƯƠNG,Root,138661714,59000,59000,OEM,VND,59000,59000
"Balo thời trang, balo đi học, đựng laptop Balo Thời Trang Quả Bơ balo nữ vải",Balo nữ,108154764,82000,82000,OEM,VND,82000,82000
Balo Chiến Thuật PUBG Vải Dù Chống Nước (Loại Nhỏ),Thời Trang,21024671,115000,115000,OEM,VND,115000,115000
CẶP ĐI HỌC DỄ THƯƠNG CHO NỮ,Root,138624578,79000,79000,OEM,VND,79000,79000
Balo thời trang,Balo nữ,190681316,79000,79000,OEM,VND,79000,79000
BALO NỮ mini dễ thương tiện dụng thời trang hot trend VTX014,Thời Trang,54550045,65000,65000,OEM,VND,65000,65000
️️ Ba Lô Canvas Sinh Viên Phong Cách Hàn Quốc 208069,Root,106975663,74200,74200,OEM,VND,74200,74200
BALO TIBI & BIN THỜI TRANG SEASON 1,Balo nữ,173564913,69000,69000,OEM,VND,69000,69000
"Balo học sinh, cặp học sinh nhiều màu",Balo nữ,190681145,69000,69000,OEM,VND,69000,69000
Ba Lô Nữ Thời Trang Màu Đen - L28,Root,38496208,69000,69000,OEM,VND,69000,69000
Balo 4 món Combo học sinh sinh viên giá rẻ balo nữ thời trang ( không kèm túi rút),Balo và Vali,71509352,71900,71900,OEM,VND,71900,71900
"Balo đi học nam,nữ thời trang hàn quốc unisex chống nước cao cấp",Balo nữ,73956363,70200,70200,OEM,VND,70200,70200
Balo Mini Cao Cấp,Thời Trang,21165865,62000,62000,OEM,VND,62000,62000
Balo MICRO phong cách Hàn Quốc năng động trẻ trung 208131,Balo nữ,83683006,66300,66300,OEM,VND,66300,66300
Cặp đi học siêu hot siêu dễ thương,Balo nữ,190681071,79000,79000,OEM,VND,79000,79000
Cặp đi học cho nam và nữ,Root,138661983,59000,59000,OEM,VND,59000,59000
Bộ 3 ba lô thời trang họa tiết love love love,Thời Trang,14787113,69999,69999,OEM,VND,69999,69999
Balo Vải Đi Học Thời Trang Phong Cách Hàn Quốc - Xanh (30 x 45cm),Thời Trang,2078619,79000,79000,OEM,VND,79000,79000
Balo nữ đi học thời trang chống nước kèm sticker kiểu dáng Hàn Quốc,Thời Trang,67326498,66900,66900,OEM,VND,66900,66900
Balo dây rút in hình One Piece,Balo nữ,101142297,69000,69000,OEM,VND,69000,69000
Balo dây rút Fairy Tail,Balo nữ,101155708,69000,69000,OEM,VND,69000,69000
"CẶP ĐI HỌC, ĐI CHƠI XÍCH CHO CẢ NAM VÀ NỮ",Balo nữ,138625154,63000,63000,OEM,VND,63000,63000
Balo đen thời trang,Root,152059215,71000,71000,OEM,VND,71000,71000
"Balo Thời Trang Nam Nữ, Balo Đi Học REGODS. S CLUBSS Phối Túi Trong",Balo nữ,147702951,76900,76900,OEM,VND,76900,76900
SALE GIÁ GỐC BALO ĐI HỌC GIÁ RẺ,Root,138661999,59000,59000,OEM,VND,59000,59000
cặp học sinh đẹp cá tính của năm,Root,138624161,69000,69000,OEM,VND,69000,69000
Balo Nữ Đi Học Laptop Chống Nước thời trang ulzzang cặp sách đi học Sinh viên học sinh THE WENT DAY,Balo nam,146729699,74900,74900,OEM,VND,74900,74900
Balo đi học đẹp giá rẻ,Balo nữ,190681235,69000,69000,OEM,VND,69000,69000
Balo Nữ Thời Trang 3in1 Hinh2 BTS MH555,Thời Trang,13763748,65000,49000,OEM,VND,65000,49000
Balo Nữ Đi Học Đi Chơi Đi Du Lịch M07013,Balo nữ,75618123,88000,88000,OEM,VND,88000,88000
"Balo Ulzzang Hàn Quốc nam nữ chống nước, balo đi học Ulzzang 604ULZ  ( TẶNG 1 STICK)",Balo nữ,153495292,69900,69900,OEM,VND,69900,69900
Balo Kết Hợp Túi Đeo Chéo - Đa Sắc Màu - Hàng Nhập 8 TU223,Root,173265258,72500,62500,OEM,VND,72500,62500
Balo dây rút EXO,Balo nữ,101142268,69000,69000,OEM,VND,69000,69000
Balo đeo chéo nam nữ thời trang Hàn quốc BEE GEE 076 chống thấm nước đẹp giá rẻ chất lượng tốt,Balo nữ,80047066,150000,75000,Bee Gee,VND,150000,75000
Balo Phản Quang Colkids Club unisex - SS3 - Đen,Balo và Vali,49866856,73900,73900,OEM,VND,73900,73900
BALO THỜI TRANG ĐI HỌC HỢP TRONG SUỐT PHONG CÁCH HÀN QUỐC TA042,Balo nữ,179731557,75050,75050,OEM,VND,75050,75050
"Cặp đi học, đi chơi, đi làm cho cả nam và nữ",Root,138623795,78000,78000,OEM,VND,78000,78000
Balo nữ nam món đi học laptop sinh viên Cặp Ulzzang Thời Trang Hàn Quốc Vải bố,Balo nữ,146729955,78000,78000,OEM,VND,78000,78000
"balo đi học, đi chơi, đi làm cho học sinh và sinh viên",Balo nữ,190681176,69000,69000,OEM,VND,69000,69000
"( Tặng 1 sticker huy hiệu) Balo Ulzzang Chống Nước, Balo Thời Trang Đi Học Nam Nữ DEMIBAG ĐẦU GẤU",Root,173868633,79000,79000,OEM,VND,79000,79000
"Set balo 4 món, Bao Thời Trang, Balo Chống Thấm Nam Nữ - Combo 4 Món Ulzzang Đi Học Cute Liitle",Balo nữ,203428500,79900,79900,OEM,VND,79900,79900
cặp nữ đi học,Root,138623769,76000,76000,OEM,VND,76000,76000
túi đeo chéo trong suốt dành cho nữ có hộp mặt trước thiết kế kiểu balo TA117,Balo nữ,222711442,55000,55000,OEM,VND,55000,55000
BALO THỜI TRANG CHỐNG TRỘM CAO CẤP S-MUSIC,Thời Trang,58811301,79000,79000,OEM,VND,79000,79000
ặp đi học thời trang mẫu mã đẹp,Root,138661792,59000,59000,OEM,VND,59000,59000
Balo Mini Nhỏ Xinh Bl29 Da Trơn Mới,Balo nữ,198256139,68000,68000,OEM,VND,68000,68000
"Balo Thời Trang Nam Nữ,Balo Đẹp,Balo Giá Rẻ,Balo Nữ,Balo Teen,Balo Đi Học,Balo Da,Balo Mini,Balo Học Sinh,Balo Nam",Root,106657583,77000,77000,OEM,VND,77000,77000
BALO NỮ THỜI TRANG KIỂU DÁNG HÀN QUỐC DỄ THƯƠNG G0041 CHẤT LIỆU DA CAO CẤP BỀN ĐẸP,Balo nữ,103856590,61000,59000,OEM,VND,61000,59000
CẶP ĐI HỌC CHO NAM VÀ NỮ DỂ THƯƠNG,Root,138623793,79000,79000,OEM,VND,79000,79000
"Balo mini, túi đeo chéo nữ TX18",Thời Trang,29530190,74000,74000,OEM,VND,74000,74000
Balo dễ thương,Balo nữ,190680805,100000,100000,OEM,VND,100000,100000
Balo comb 4 món nữ đi học - Balo thời trang laptop ulzzang học sinh giá rẻ đa năng,Balo nữ,74610276,78500,78500,OEM,VND,78500,78500
Balo Mini Nhỏ Xinh Trái Tim Bl37 Da Trơn Mới,Balo nữ,198268779,65000,65000,OEM,VND,65000,65000
Bộ Ba Lô Kèm Ví Mây Xinh Xắn 39x13x28 cm,Root,13300620,69000,69000,OEM,VND,69000,69000
Ba lô nữ kẻ thời trang mẫu mới,Thời Trang,20880268,75000,75000,OEM,VND,75000,75000
Balo Ulzzang Học Sinh Chống Nước Hàn Quốc MARSOCITY,Balo nữ,146730442,79000,79000,OEM,VND,79000,79000
Balo khóa mèo thời trang dạo phỗ Shalla JHY50,Balo nữ,190514909,114000,74349,OEM,VND,114000,74349
BALO NỮ sọc xinh xắn kèm móc khóa thời trang BLN1009,Balo nữ,194104680,129000,129000,OEM,VND,129000,129000
Ba Lô Canvas Sinh Viên Phong Cách Hàn Quốc 208069,Root,89940923,76800,66300,OEM,VND,76800,66300
Balo dây rút Sơn Tùng,Balo nữ,101135393,69000,69000,OEM,VND,69000,69000
Balo Mini Nhỏ Xinh Bl31 Da Trơn Mới,Balo nữ,198257013,73000,73000,OEM,VND,73000,73000
Balo Thời Trang Nam Nữ Ullzang  Chang yue,Balo nữ,147708775,75500,75500,OEM,VND,75500,75500
Ba Lô Canvas Sinh Viên Phong Cách Hàn Quốc 208069 2(đỏ),Root,116115858,66000,62700,OEM,VND,66000,62700
Balo teen cao cấp màu sắc nổi bật dễ phối đồ,Root,31840634,70499,70499,EMELY BOUTIQUE,VND,70499,70499
BALO DA THỜI TRANG DÀNH CHO NỮ PHONG CÁCH HÀN QUỐC TA005 MÀU XANH DA TRỜI,Balo nam,179731636,65550,65550,OEM,VND,65550,65550
"( Tăng 1 Sticker hoăc móc khoá) Balo Ullzang chống thấm, balo Mr mibag 2 khoá - ARMIBAG 001",Balo nữ,135092473,79900,79900,OEM,VND,79900,79900
Balo Mini Nhỏ Xinh Bl39 Da Trơn Mới,Balo nữ,198270956,80000,80000,OEM,VND,80000,80000
Cặp đi học siêu hot siêu dễ thương,Balo nữ,190681045,69000,69000,OEM,VND,69000,69000
Balo dây rút Molang,Balo nữ,101155442,69000,69000,OEM,VND,69000,69000
SET BALO 4 MÓN THỜI TRANG MILK TEA,Balo nữ,133932838,79900,79900,OEM,VND,79900,79900
"Set balo 4 món, Bao Thời Trang, Balo Chống Thấm Nam Nữ - Combo Ba lô 4 Món Chiếc Ly Today",Balo nữ,203428486,79900,79900,OEM,VND,79900,79900
Balo Combo 4 món nữ laptop học sinh Sinh viên ulzzang cặp đi học,Balo và Vali,72013733,79200,79200,OEM,VND,79200,79200
Balo mini thời trang 2 PAT hàn quốc GH2 Shalla,Thời Trang,41246072,80844,72299,Shalla,VND,80844,72299
"Cặp sách cho học sinh, sin viên đi học",Balo nữ,190681384,59000,59000,OEM,VND,59000,59000
Bộ ba lô 3 món lovelove 40x13x30 cm,Root,14422636,69999,69999,OEM,VND,69999,69999
"Cặp sách, ba lô học sinh trung học",Balo nữ,190681197,59000,59000,OEM,VND,59000,59000
"BALO ĐI HỌC CÁ TÍNH, BALO HI XÍCH NỮ, CẶP ĐI HỌC, BALO HỌC SINH, CẶP ĐI HỌC GIÁ RẺ",Balo nữ,138661629,59000,59000,OEM,VND,59000,59000
Balo dây rút Công Chúa Phép Thuật Winx,Balo nữ,101155944,69000,69000,OEM,VND,69000,69000
Balo đi học đi học đi chơi đi làm cho nam và nữ,Balo nữ,190681372,69000,69000,OEM,VND,69000,69000
Cặp đi học nam và nữ,Root,138661954,59000,59000,OEM,VND,59000,59000
balo thổ cẩm dây rút,Balo nữ,136940093,60000,60000,OEM,VND,60000,60000
Balo Thời Trang Đi Học Unisex THB03-1 - Xanh (30 x 45cm),Thời Trang,2078665,79000,79000,OEM,VND,79000,79000
balo đi học đi chơi cho nam và nữ,Root,138624790,76000,76000,OEM,VND,76000,76000
"balo đi học dễ thương,balo nam, Balo Thời Trang Nam Nữ Chất Liệu Vải Bố Bền Bỉ, Độc Đáo Thiết Kế Năng Động, Trẻ Trung",Balo nữ,138624653,69000,69000,OEM,VND,69000,69000
CẶP ĐI HỌC NAM VÀ NỮ DƯỚI 120K,Root,138624016,79000,79000,OEM,VND,79000,79000
Balo thời trang,Balo nữ,190681198,79000,79000,OEM,VND,79000,79000
Balo GD có thể đeo chéo,Thời Trang,36426217,76000,76000,OEM,VND,76000,76000
Balo Mini Nhỏ Xinh Khóa Trái Tim Bl38 Da Trơn Mới,Balo nữ,198269494,65000,65000,OEM,VND,65000,65000
Túi đeo kiêm balo độc đáo 9800107,Thời Trang,36157423,99000,94050,OEM,VND,99000,94050
BALO nữ thời trang Hàn Quốc đi học du lịch siêu tiện lợi chống thấm nước đẹp rẻ Milk Tea - GOMIA BL3061,Balo nữ,151491268,68800,68800,OEM,VND,68800,68800
Balo Combo 4 món Back nữ sinh viên học sinh cặp in sticker,Balo nữ,76247079,74400,74400,OEM,VND,74400,74400
"Ba Lô Canvas Sinh Viên Phong Cách Hàn Quốc - balo nữ Hàn Quốc,balo nữ đi học 208069",Root,116116138,66000,62700,OEM,VND,66000,62700
Ba lô trẻ em phong cách Hàn Quốc 205923,Balo nữ,73485298,75000,71250,OEM,VND,75000,71250
BA LÔ ĐI HỌC CÁ TÍNH THỜI TRANG NAM VÀ NỮ,Root,138662048,59000,59000,OEM,VND,59000,59000
Balo Mini Thời Trang Nữ Mới Song Hạc BL45,Balo nữ,198272946,73000,73000,OEM,VND,73000,73000
cap di hoc nam nu ca tinh,Balo nữ,190680936,59000,59000,OEM,VND,59000,59000
BALO DA ĐA NĂNG ĐEO 2 KIỂU THỜI TRANG DÀNH CHO NỮ TA049,Balo nữ,179731562,65550,65550,OEM,VND,65550,65550
Ba lô tán đinh mini cho bạn gái siêu xinh KDR-BL224 Kodoros,Balo nữ,141474122,76000,76000,OEM,VND,76000,76000
Cặp đi học thời trang cho nam cả nữ,Root,138623850,69000,69000,OEM,VND,69000,69000
Balo dây rút hoạt hình Fairy Tail,Balo nữ,101155976,69000,69000,OEM,VND,69000,69000
Balo đi học siêu hot siêu dễ thương,Balo nữ,190681046,69000,69000,OEM,VND,69000,69000
BALO ĐI HOC A3 A4 BALO XÍCH HÓT TREND,Root,138661886,59000,59000,OEM,VND,59000,59000
"Balo Nữ Đi Học , Balo Đi Học Nữ Thời Trang Nữ Phong Cách Hàn Quốc Cực Xinh Cá Tính",Balo nữ,138661470,59000,59000,OEM,VND,59000,59000
"ÁO BALO HOT TREND,THIẾT KẾ HỌA TIẾT SIÊU NGẦU,CHẤT LIỆU VÃI THOÁNG MÁT LANA FASHION",Root,154906690,71000,71000,OEM,VND,71000,71000
Ba Lô Kèm Ví Nhỏ Xinh 43x28x13 cm,Root,13300586,79000,79000,OEM,VND,79000,79000
BALO DA THỜI TRANG DÀNH CHO NỮ KIỂU 1 HỘP TA006 CÓ ĐỦ MÀU,Balo nữ,179731411,65550,65550,OEM,VND,65550,65550
Balo nữ thời trang phong cách Hàn Quốc 2 trong 1 8220TU,Root,145111058,78785,78785,OEM,VND,78785,78785
Set Ba lô kèm Ví họa tiết kute,Root,170651757,59000,59000,OEM,VND,59000,59000
Bộ 5 món gồm balo đi học + túi đeo chéo nữ + ví nữ + hộp bút + ví rút (Hồng),Thời Trang,7082637,80000,80000,OEM,VND,80000,80000
Balo Thời Trang Nam Nữ 2 Khoá Doudouxiang Sọc Caro,Root,125428381,70000,70000,OEM,VND,70000,70000
"Balo thời trang nữ đựng laptop, du lịch, đi học hot cặp túi chéo balo ulzzang 3 Chiễ Lá Cute balo nữ vải",Balo nữ,92493719,78500,78500,OEM,VND,78500,78500
Balo Vịt AHO đa năng,Thời Trang,29567394,110000,110000,OEM,VND,110000,110000
BALO NỮ mini dễ thương tiện dụng thời trang Hàn Quốc 2021 VTX021,Balo nữ,85924979,60000,60000,TNP,VND,60000,60000
Ba Lô Canvas Sinh Viên Phong Cách Hàn Quốc 208069 1 (đen),Root,216201652,71300,65600,OEM,VND,71300,65600
Ba lô canvas thời trang phong cách Hàn Quốc 208127,Root,172994243,78000,78000,OEM,VND,78000,78000
️️ Ba Lô Sinh Viên Đồ Da Thành Long TLG Tặng 01 Bút Bi Cao Cấp TLG 208069,Root,177554861,78853,78853,OEM,VND,78853,78853
Ba Lô Canvas Sinh Viên Phong Cách Hàn Quốc 208069 1 (đen),Root,145111508,66000,62700,OEM,VND,66000,62700
Balo Đi Học PUBG Xám Rằn Ri Chất Liệu Cao Cấp,Thời Trang,41823851,59000,59000,OEM,VND,59000,59000
"BALO ULZZANG món đi học thời trang sinh viên học sinh BALO ĐI HỌC, BALO HOT TREND - REGOGS CLUBS",Balo nữ,136074033,69800,69800,OEM,VND,69800,69800
Balo thời trang mini 2 Pát hàn quốc K21 Shalla,Root,41232011,80844,72299,Shalla,VND,80844,72299
Bộ Ba Lô Kèm Ví Đám Mây,Root,13373192,69000,69000,OEM,VND,69000,69000
Cặp đi học nam và nữ dây xích cá tính,Root,138661689,59000,59000,OEM,VND,59000,59000
Cặp siêu cưng dày dặn tặng móc khóa bông dễ thương,Root,138624452,70000,70000,OEM,VND,70000,70000
Balo Mini Nhỏ Xinh Gấu Trúc Bl23 Da Trơn Mới,Balo nữ,198223255,60000,60000,OEM,VND,60000,60000
Ba lô hình hoa mẫu M29,Balo nữ,90325543,73000,73000,Song An Eco,VND,73000,73000
Cặp đi học siêu hot siêu dễ thương,Balo nữ,190681085,79000,79000,OEM,VND,79000,79000
Bộ 5 món gồm balo đi học + túi đeo chéo nữ + ví nữ + hộp bút + ví rút (ĐEN),Thời Trang,7087381,79999,79999,OEM,VND,79999,79999
"SET BALO 4 MÓN ĐI HỌC, BALO 4 MÓN THỜI TRANG NAM NỮ - SET BALO MILK TEA",Root,152381333,79900,79900,OEM,VND,79900,79900
Ba lô thời trang mini da pu phong cách trẻ trung KDR-BL280,Root,141474174,58000,58000,OEM,VND,58000,58000
Balo dây rút Stitch,Balo nữ,101156672,69000,69000,OEM,VND,69000,69000
Balo dây rút Shin Cậu Bé Bút Chì,Balo nữ,101135210,69000,69000,OEM,VND,69000,69000
Balo dây rút in hình Anime,Balo nữ,101135345,69000,69000,OEM,VND,69000,69000
"ÁO BALO HOT TREND,THIẾT KẾ HỌA TIẾT SIÊU NGẦU,CHẤT LIỆU VÃI THOÁNG MÁT KHÁNH AN STORE",Root,168815404,71000,71000,OEM,VND,71000,71000
Balo colkids club ss4 - Balo Nam Nữ Đi Học phảng quang Unisex (Tặng Full tag và giấy thơm)-Munnini02,Balo và Vali,71687546,80000,80000,OEM,VND,80000,80000
"Combo balo 4 món, Set balo 4 món đi học, balo 4 món Ulzzang - MENTUBAG UNISEX",Balo nữ,149526978,78100,78100,OEM,VND,78100,78100
"Balo thời trang nam nữ phong cách hàn quốc giá rẻ ,balo đi học laptop , balo ulzzang Marit",Balo nữ,108154858,74200,74200,OEM,VND,74200,74200
Balo Chéo MUSIC Năng Động Bạc,Thời Trang,6242963,96000,96000,OEM,VND,96000,96000
"Balo Combo 4 món Nữ Sinh, Balo Học Sinh/Sinh Viên Thời Trang Mèo đọc Sách ( không Kèm túi Rút)",Balo và Vali,72866578,78700,78700,OEM,VND,78700,78700
BALO NỮ hình trái tim xinh xắn nhỏ gọn thời trang BLN1001,Balo nữ,194133330,129000,129000,OEM,VND,129000,129000
Balo Level 3 PUBG,Thời Trang,11058738,59000,59000,OEM,VND,59000,59000
Balo mini lovely sister phong cách Hàn Quốc 2 khóa kéo cực xinh - M16B08,Thời Trang,26710259,60000,60000,OEM,VND,60000,60000
Ba lô da nữ phong cách thời trang cá tính các loại 205928 205980 069,Root,150529273,66000,62700,OEM,VND,66000,62700
Ba lô da nữ phong cách thời trang cá tính các loại 205928 205980 069,Root,173252192,76800,66300,OEM,VND,76800,66300
Balo da Nữ thời trang cao cấp có móc treo gấu dễ thương D22 Shalla,Thời Trang,44062610,87369,78135,Shalla,VND,87369,78135
"balo đi học, đi chơi, đi làm cho nam và nữ",Root,138623946,69000,69000,OEM,VND,69000,69000
Set Ba lô kèm Ví họa tiết kute,Root,170650108,59000,59000,OEM,VND,59000,59000
"Cặp đi học, đi chơi, đi làm cho cả nam và nữ",Balo nữ,138661407,59000,59000,OEM,VND,59000,59000
Balo dây rút My Little Pony,Balo nữ,101145559,69000,69000,OEM,VND,69000,69000
BALO PHỐI MÀU THỜI TRANG - BALO TEEN - NĂNG ĐỘNG - TRẺ TRUNG,Root,170652454,79000,79000,OEM,VND,79000,79000
Balo Ulzzang Hàn Quốc học sinh đi học đi chơi ngăn Mica trong suốt phối lưới siêu xinh,Root,173869067,79000,79000,OEM,VND,79000,79000
Balo thời trang  Living Travelling Share Siêu Rộng Với Quai Xách Chắc Chắn,Thời Trang,21967193,59000,59000,OEM,VND,59000,59000
Balo Đi Học Hàn Quốc Dễ Thương AZDB01TI,Thời Trang,4532713,79000,79000,OEM,VND,79000,79000
"Balo thời trang, balo đi học, đựng laptop Balo Thời Trang Quả Bơ balo nữ vải",Balo nữ,87100112,69900,69900,OEM,VND,69900,69900
"BALO NỮ THỜI TRANG, PHỐI CARO VÀ HÌNH THIÊN NGA CỰC XINH NEW-0038 KIỂU DÁNG HÀN QUỐC, SÀNH ĐIỆU, CHẤT LIỆU BỀN ĐẸP",Balo nữ,163015380,100000,59000,OEM,VND,100000,59000
ba lô thời trang nữ mini nhỏ xinh_cao cấp,Balo nữ,115124753,72000,72000,OEM,VND,72000,72000
Balo đi học dễ thương giá rẻ,Balo nữ,190681112,59000,59000,OEM,VND,59000,59000
Cặp đi học siêu hot siêu dễ thương,Balo nữ,190681349,69000,69000,OEM,VND,69000,69000
"(XẢ KHO)Balo Nam Nữ Học Sinh Hàn Quốc Balo thời trang, Balo vải bố ,Baloteen,Balo đẹp ,Balo đi học ,Balo Nam Be your style- vừaA4",Balo nữ,166437121,56000,56000,OEM,VND,56000,56000
Ba Lô Kèm Ví Nhỏ Xinh 43x28x13 cm,Root,13373242,69000,69000,OEM,VND,69000,69000
Balo Nơ Thời Trang,Balo nữ,173564906,69000,69000,OEM,VND,69000,69000
Balo dây rút Conan,Balo nữ,101142055,69000,69000,OEM,VND,69000,69000
Cặp đi học cá tính nam nữ đều sử dụng được,Balo nữ,138662118,59000,59000,OEM,VND,59000,59000
Balo thời trang,Balo nữ,190681119,79000,79000,OEM,VND,79000,79000
Balo thời trang cao cấp dành cho phái đẹp,Thời Trang,14786369,69000,69000,OEM,VND,69000,69000
Ba Lô Canvas Sinh Viên Phong Cách Hàn Quốc 208069,Balo nữ,73507935,66000,62700,OEM,VND,66000,62700
Ba lô da nữ phong cách thời trang cá tính các loại 205928 205980 069,Root,161862725,54500,54500,OEM,VND,54500,54500
"ba lô thời trang đi học, đi chơi, đi làm nam và nữ",Balo nữ,190681114,59000,59000,OEM,VND,59000,59000
Ba lô vải bố Canvas cao cấp nữ thời trang Hàn Quốc,Root,129863346,70000,70000,OEM,VND,70000,70000
Balo Summer Phối Màu Thời Trang,Thời Trang,24960733,79000,79000,OEM,VND,79000,79000
Ba lô da đen hoa hồng M43,Balo nữ,90325901,71000,71000,Song An Eco,VND,71000,71000
Balo dây rút Khuyển Dạ Xoa Inuyasha,Balo nữ,101155227,69000,69000,OEM,VND,69000,69000
Bộ 5 món gồm balo đi học + túi đeo chéo nữ + ví nữ + hộp bút + ví rút (Xanh Trời) (40 x 30 x 15cm),Thời Trang,7080831,79999,79999,OEM,VND,79999,79999
"Balo nữ thời trang hàn quốc đa năng, thiết kế trẻ trung, chất liệu PU bền đẹp G0066",Balo nữ,104250345,61000,59000,OEM,VND,61000,59000
"BALO NỮ ĐI HỌC , BALO ĐI HỌC NỮ THỜI TRANG",Root,138661521,59000,59000,OEM,VND,59000,59000
ba lô đi học siêu dễ thương,Balo nữ,138624571,69000,69000,OEM,VND,69000,69000
"BALO NỮ THỜI TRANG, MẪU MỚI, ĐỘC LẠ NEW-0065 THIẾT KẾ HÌNH CỔ ÁO VÀ PHỐI CARO TRẺ TRUNG, NĂNG ĐỘNG, CHẤT LIỆU DA BỀN ĐẸP",Balo nữ,194179579,100000,59000,OEM,VND,100000,59000
BALO/CẶP ĐI HỌC NAM NỮ/ DÂY XÍCH,Balo nữ,138661415,59000,59000,OEM,VND,59000,59000
Balo dễ thương,Balo nữ,138624403,62000,62000,OEM,VND,62000,62000
"Cặp học sinh, BALO NỮ ĐI HỌC, BALO GIÁ RẺ, CẶP NỮ DỄ THƯƠNG, CẶP BALO BẰNG VẢI VỚI HỌA TIẾT DỄ THƯƠNG",Root,138661920,59000,59000,OEM,VND,59000,59000
balo trong suốt thời trang màu đen cá tính size nhỏ hợp thời trang TA119,Balo nữ,222711462,79000,79000,OEM,VND,79000,79000
siêu sale giá gốc-BALO THỜI TRANG NAM NỮ,Balo nữ,138661559,59000,59000,OEM,VND,59000,59000
balo đi học dễ thương giá rẻ,Balo nữ,190681400,69000,69000,OEM,VND,69000,69000
balo đi học đi chơi thời trang,Balo nữ,190680800,62000,62000,OEM,VND,62000,62000
"cặp đi học, đi chơi, đi làm cho cả nam và cả nữ",Balo nữ,190681359,69000,69000,OEM,VND,69000,69000
BALO NỮ THỜI TRANG PHONG CÁCH MỚI TRẺ TRUNG NĂNG ĐỘNG G0033 CHẤT LIỆU BỀN ĐẸP,Balo nữ,103855689,61000,59000,OEM,VND,61000,59000
Bao Thời Trang Phong Cách Hàn Quốc Trẻ Trung Năng Động Balo Vải Cao Cấp Balo Nam Nữ Đi Học Đi Chơi Đi Làm BL16,Balo nữ,78025681,79900,79900,OEM,VND,79900,79900
Balo Da Màu Kẹo Hình Tai Thỏ 16x6x14cm,Thời Trang,49654709,76000,76000,OEM,VND,76000,76000
"Ba lô vải nữ thời trang, thiết kế in hình BƯỚM xinh xắn",Thời Trang,32945595,58000,58000,OEM,VND,58000,58000
Ba Lô Canvas Sinh Viên Phong Cách Hàn Quốc 208069,Root,172993600,80000,80000,OEM,VND,80000,80000
Cặp đi học siêu hot siêu dễ thương,Balo nữ,190681344,69000,69000,OEM,VND,69000,69000
cặp đi học siêu hot siêu dể thương,Balo nữ,138661664,59000,59000,OEM,VND,59000,59000
Balo hoa quả,Root,103461939,77000,77000,OEM,VND,77000,77000
"Balo đinh hoa thời trang, xinh xắn; dùng đi học, đi chơi; chống nước - Tặng quà",Root,103459592,77000,77000,OEM,VND,77000,77000
Balo nam nữ đi học thời trang Ohazo! mới HÓT 2020 - BL138,Thời Trang,58570103,59000,59000,Ohazo!,VND,59000,59000
Balo Teen Phù Hợp Nam Nữ Viền Nổi Bật,Thời Trang,48510303,79000,79000,HAKI,VND,79000,79000
Balo Nữ Balo Set 4 Học Sinh Sinh Viên Combo Balo Nữ 4 Món Mèo Munini,Balo nữ,76357701,78900,78900,OEM1,VND,78900,78900
Balo Đi Học Nam Nữ COOLKIDS BACKPACK SS3 Phản Quang Size Lớn,Thời Trang,58952871,69900,69900,OEM,VND,69900,69900
"Balo học sinh,Cặp đi học Tặng kèm móc khóa bông cute",Balo nữ,138661578,59000,59000,OEM,VND,59000,59000
Balo dây rút Batman,Balo nữ,101155192,69000,69000,OEM,VND,69000,69000
"Ba lô đi học, đi chơi, đi du lịch 2020 Tặng Móc Khóa Bông",Root,138623867,69000,69000,OEM,VND,69000,69000
"Balo nữ thời trang hàn quốc, mẫu mới NEW-0077 thiết kế caro và khoá cài trẻ trung, sành điệu, chất liệu da cao cấp, bền đẹp",Balo nữ,210275920,100000,59000,OEM,VND,100000,59000
Balo dây rút Con Heo,Balo nữ,101145815,69000,69000,OEM,VND,69000,69000
(Tặng kèm móc khóa) Balo Đi Học Thời Trang Teen Hàn Quốc,Root,138624527,63000,63000,OEM,VND,63000,63000
Balo dây rút Luffy One Piece,Balo nữ,101155669,69000,69000,OEM,VND,69000,69000
Balo dây rút Liên Minh Huyền Thoại League of Legends,Balo nữ,101145191,69000,69000,OEM,VND,69000,69000
Set Ba lô kèm Ví họa tiết kute,Root,170651180,59000,59000,OEM,VND,59000,59000
Balo vải bố phối kiểu mới phối màu thời trang cho nam và nữ,Root,102862718,75000,75000,OEM,VND,75000,75000
Balo Mini Nhỏ Xinh BL24 Da Trơn Mới,Balo nữ,198223341,78000,78000,OEM,VND,78000,78000
Balo dây rút Anime,Balo nữ,101155664,69000,69000,OEM,VND,69000,69000
"Balo nữ con Ong - Y11, balo mini, balo đẹp, balo thời trang, balo da, balo mini, balo đi chơi",Balo nữ,149179097,79200,79200,OEM,VND,79200,79200
Balo Mini Nhỏ Xinh ĐÍnh Nơ  Bl20 Da Trơn,Balo nữ,192126552,69000,69000,OEM,VND,69000,69000
Ba Lô Thời Trang Nhỏ Xinh Phong Cách Hàn Quốc L740,Thời Trang,23367757,76000,76000,OEM,VND,76000,76000
balo đi học dễ thương giá rẻ,Balo nữ,190681185,72000,72000,OEM,VND,72000,72000
cặp đi học nữ | đi chơi đi học dễ thương,Root,138623796,69000,69000,OEM,VND,69000,69000
Balo Thời Trang Đi học,Thời Trang,68767350,95000,95000,OEM,VND,95000,95000
Balo Level 3 PUBG HANAMA BL399,Túi thời trang nữ,14080572,86000,86000,OEM,VND,86000,86000
️️ Ba Lô Canvas Sinh Viên Phong Cách Hàn Quốc 208069-1 (đen),Balo nữ,116298388,76800,66300,ĐỒ DA THÀNH LONG TLG,VND,76800,66300
Ba Lô Canvas Sinh Viên Phong Cách Hàn Quốc 208069,Balo nữ,137149576,66000,62700,OEM,VND,66000,62700
Balo Nữ Thời Trang 3in1 Hình BTS MH566,Thời Trang,13768333,65000,49000,OEM,VND,65000,49000
Ba lô da nữ phong cách thời trang cá tính các loại 205928 205980 069,Root,161894276,54500,54500,OEM,VND,54500,54500
cặp đi học của nữ dễ thương 3 lá,Root,138661918,59000,59000,OEM,VND,59000,59000
Giá cả cạnh tranh - Cặp đi học nam nữ,Root,138661699,59000,59000,OEM,VND,59000,59000
BALO ĐI HỌC SIÊU HOT SIÊU DỄ THƯƠNG,Root,138662061,59000,59000,OEM,VND,59000,59000
Balo trẻ em mẫu giáo in hình gấu dễ thương,Thời Trang,20738649,69000,69000,OEM,VND,69000,69000
CẶP NAM CẶP NAM CẶP NAM,Root,138623824,69000,69000,OEM,VND,69000,69000
cặp đẹp cho nữa,Root,138624489,69000,69000,OEM,VND,69000,69000
SET BALO TÚI VÍ KUTE,Root,170652690,59000,59000,OEM,VND,59000,59000
Cặp nữ siêu dễ thương có kèm quà,Balo nữ,138624372,79000,79000,OEM,VND,79000,79000
Bộ 5 món gồm balo đi học + túi đeo chéo nữ + ví nữ + hộp bút + ví rút (Xám),Thời Trang,7087385,79999,79999,OEM,VND,79999,79999
"Balo đi học, đi chơi, đi làm giá rẻ",Balo nữ,190681037,69000,69000,OEM,VND,69000,69000
"Balo Thời Trang nam nữ đi học sinh cấp 1,2 hình 3 Chú Gà Đan Nơ Cực Cute",Balo nữ,146730295,70000,70000,OEM,VND,70000,70000
Balo Cặp Sách Diea Đi Học Thời Trang Nam Nữ Vải Canvas Cao Cấp-Màu Hồng,Thời Trang,38074581,79000,79000,OEM,VND,79000,79000
CẶP ĐI HỌC NAM VÀ NỮ CÁ TÍNH,Balo nữ,148599708,69000,69000,OEM,VND,69000,69000
"Balo đi học, đi chơi, đi làm cho nam và nữ",Balo nữ,190681076,69000,69000,OEM,VND,69000,69000
Ba Lô Thời Trang Nữ Đính Hạt Đồ Da Thành Long TLG 208147 2(xám),Root,145114054,54000,51300,OEM,VND,54000,51300
Ba Lô Canvas Sinh Viên Phong Cách Hàn Quốc 208069 1 (đen),Root,177603844,79926,79926,OEM,VND,79926,79926
Balo nữ thời trang phong cách Hàn Quốc 2 trong 1 8220TU,Root,177612650,78785,78785,OEM,VND,78785,78785
Ba Lô Canvas Sinh Viên Phong Cách Hàn Quốc 208069 1 (đen),Root,109816825,76800,66300,OEM,VND,76800,66300
Ví nữ thời trang da cao cấp 40580,Root,89951687,52200,45000,OEM,VND,52200,45000
Ba Lô Canvas Sinh Viên Phong Cách Hàn Quốc 208069,Balo nữ,84208347,66000,62700,OEM,VND,66000,62700
Balo Mini Nhỏ Xinh Con Mèo Bl28 Da Trơn Mới,Balo nữ,198255448,69000,69000,OEM,VND,69000,69000
Balo Mini Nhỏ Xinh Bl40 Da Trơn Mới,Balo nữ,198271153,72000,72000,OEM,VND,72000,72000
cặp đi học hot 2020,Balo nữ,190681419,69000,69000,OEM,VND,69000,69000
Balo da nữ off white Style Hàn Quốc (25 x 15 cm),Balo nữ,183042338,75000,75000,OEM,VND,75000,75000
Set 2 Món Ba lô kèm Ví họa tiết kute,Root,170651618,59000,59000,OEM,VND,59000,59000
"Cặp đi học, đi chơi, đi làm cho nam và cả nữ",Balo nữ,138624188,69000,69000,OEM,VND,69000,69000
Ba lô da thời trang Mẫu M53,Balo nữ,90322254,73000,73000,Song An Eco,VND,73000,73000
"[HOT TREND 2020] BALO TRAI TIM THỦY TIÊN NỮ SỌC V NỔI THỜI TRANG, CHẤT LIỆU DA MỀM MẠI PHOM CỨNG",Balo và Vali,72684958,77000,77000,OEM,VND,77000,77000
Ba Lô Nữ Da Thời Trang Phong Cách Hàn Quốc 205980 (Đen),Root,115255034,76800,66300,OEM,VND,76800,66300
Ba Lô Canvas Sinh Viên Phong Cách Hàn Quốc 208069,Balo nữ,133896428,66000,62700,OEM,VND,66000,62700
Ba Lô Canvas Sinh Viên Phong Cách Hàn Quốc 208069,Root,116843543,66000,62700,OEM,VND,66000,62700
Balo thời trang HOT TREND Cặp Ulzzang logo 2 túi hộp GUIYUBAN thiết kế năng động trẻ trung,Balo nữ,146730018,78000,78000,OEM,VND,78000,78000
Balo dây rút EXO,Balo nữ,101135414,69000,69000,OEM,VND,69000,69000
Balo thời trang kèm quà tặng từ shop,Balo nữ,138624337,69000,69000,OEM,VND,69000,69000
Balo dây rút hình Inuyasha,Balo nữ,101156508,69000,69000,OEM,VND,69000,69000
"Balo bò sữa Ulzzang nam, nữ vải chuẩn Hàn Quốc 900PVC BL BO 01 (tặng móc khóa+ giấy thơm)",Root,130813859,70000,70000,OEM,VND,70000,70000
BALO 3 PUBG loại nhỏ,Thời Trang,19730502,68880,61600,OEM,VND,68880,61600
SIÊU SALE GIÁ GỐC - CẶP ĐI HỌC NAN NỮ THỜI TRANG,Balo nữ,138661685,59000,59000,OEM,VND,59000,59000
Balo Nữ Dây Kéo Ổ Khóa Lệch Bên,Thời Trang,4982175,57338,51278,OEM,VND,57338,51278
️ Deal Sốc ️ Ba Lô Canvas Sinh Viên Phong Cách Hàn Quốc 208069,Root,112099384,66000,62700,OEM,VND,66000,62700
balo đinh size nhỡ_balo đinh siêu đẹp siêu bền,Root,115125443,84000,84000,OEM,VND,84000,84000
Balo Trám mini hot hit cực cool,Root,134390841,70000,70000,OEM,VND,70000,70000
Balo rút blackping – Túi rút Blackping tặng 1 móc khóa blacping,Balo nữ,92811199,65000,65000,OEM,VND,65000,65000
Cặp học sinh,Root,138661679,59000,59000,OEM,VND,59000,59000
"Bộ lắp ghép, balo xếp hình 1 cánh quạt",Root,164542322,55000,55000,OEM,VND,55000,55000
CẶP ĐI HỌC HOT SIÊU DỂ THƯƠNG,Root,138624459,79000,79000,OEM,VND,79000,79000
BALO PHỐI MÀU THỜI TRANG - BALO TEEN - NĂNG ĐỘNG - TRẺ TRUNG,Root,170649161,79000,79000,OEM,VND,79000,79000
Ba lô da nữ phong cách thời trang cá tính các loại 205928 205980 069,Root,183511129,71300,65600,OEM,VND,71300,65600
BALO PHỐI MÀU XÌ TEEN,Root,170653400,79000,79000,OEM,VND,79000,79000
BALO NỮ sọc ngang xinh xắn kèm móc khóa xinh xắn BLN1012,Balo nữ,194102399,129000,129000,OEM,VND,129000,129000
Ba lô canvas thời trang phong cách Hàn Quốc Đồ Da Thành Long TLG 208127,Root,172995784,76000,76000,OEM,VND,76000,76000
Balo đi học dễ thương giá rẻ,Balo nữ,190681100,69000,69000,OEM,VND,69000,69000
Cặp đi học siêu hot siêu dễ thương,Balo nữ,138625239,69000,69000,OEM,VND,69000,69000
Balo nữ thời trang 3 màu siêu xinh trẻ trung loại 1 - GT41,Root,89058655,120000,60000,OEM,VND,120000,60000
Túi Xách Du Lịch Cao Cấp Praza TX082 (Đen),Thời Trang,3006993,168000,159000,Praza,VND,168000,159000
TÚI KÉO DU LỊCH 3CE,Root,164073371,178000,178000,OEM,VND,178000,178000
Túi du lịch cỡ lớn BIG-OXFORD sang trọng V3 Shalla,Thời Trang,34575595,289050,258500,Shalla,VND,289050,258500
Cốp đựng đồ trang điểm nhiều ngăn,Túi trống,142801905,190000,190000,OEM,VND,190000,190000
Túi trống phối màu - May’s Tote Bag,Root,188902980,170000,170000,OEM,VND,170000,170000
Túi Đeo Bụng Đeo Chéo 7D,Thời Trang,21459829,177450,177450,OEM,VND,177450,177450
Túi đựng bình nước có quai đeo chéo,Thời Trang,55966925,157500,157500,OEM,VND,157500,157500
Túi du lịch 3ce kéo,Root,164361071,250000,250000,OEM,VND,250000,250000
"Túi xách đựng đồ đa năng, nhiều ngăn, có ngăn chống thấm, thay đổi dung lích, túi du lích - Hàng chính hãng",Túi trống,75003617,185000,175750,MO hi,VND,185000,175750
Túi Bảo Vệ Phụ Kiện Thông Minh Đa Năng Cao Cấp Galaxy Store GTPK01 (24x17x6.5 cm) - Hàng Chính Hãng,Thời Trang,52582741,300000,173000,Galaxy Store,VND,300000,173000
"Balo kiêm Túi đeo Du lịch VLQUE, Đa năng, Chống thấm Nước, Có Ngăn để Giày, Đựng đồ ướt, Dày dặn, Thời trang",Root,211299843,129000,129000,OEM,VND,129000,129000
Túi Du Lịch Gấp Gọn Siêu Nhẹ WIND BLOWS Túi Du Lịch Xách Tay Chống Thấm Nước Gắn Vali Kéo,Túi trống,119368423,100000,100000,OEM,VND,100000,100000
Túi Du Lịch Tập Gym Pink D098,Thời Trang,19823340,149000,149000,OEM,VND,149000,149000
Túi Trống Du Lịch Việt Toàn Size Lớn,Balo và Vali,195436237,145000,145000,OEM,VND,145000,145000
"Túi trống du lịch Việt Toàn size lớn chất liệu vải dù chống thấm nước cao cấp phù hợp đi du lịch, đi làm, về quê TT002",Túi trống,155551275,169000,169000,OEM,VND,169000,169000
Túi thể thao tập gym XBAGS Xb 6002 Túi trống du lịch cỡ nhỏ,Túi trống,177713200,390000,199000,XBags,VND,390000,199000
"Túi Du Lịch,Phượt, Gym Đa Năng Size Lớn Chống Nước, Có Ngăn Để Giày",Thời Trang,20810964,155000,155000,OEM,VND,155000,155000
Túi trống xách tay du lịch BIG_ OXF002 thời trang cao cấp mẫu mới Tặng móc khóa nam siêu ngầu,Túi trống,75980161,305500,258500,OEM,VND,305500,258500
Túi xách du lịch chống thấm gấp gọn,Root,144480887,180000,180000,OEM,VND,180000,180000
"Túi du lịch di dộng đa chức năng không thấm nước, thoáng khí tay cầm mềm nam nữ",Túi trống,186351880,249000,249000,OEM,VND,249000,249000
"Túi Xách Du Lịch Vải Dù Chống Nước, Túi Đựng Đồ Tập Gym Vải Polyeste (45x24cm)",Thời Trang,48209981,110000,110000,OEM,VND,110000,110000
[Hàng XK Đức] Túi Mỹ Phẩm Du Lịch Valindson - Túi Vải Chống Thấm Đựng Đồ Cá Nhân UNISEX Sành Điệu,Root,221231320,225000,225000,OEM,VND,225000,225000
Túi Pink hồng size đại du lịch,Túi trống,136874953,157900,157900,OEM,VND,157900,157900
"Túi xách du lịch vải dung tích lớn đựng hành lý khi đi máy bay, đi du lịch, đi phượt vải dầy bền chắc, sử dụng được lâu",Thời Trang,44192387,221000,209950,OEM,VND,221000,209950
Túi xách du lịch túi trống thể thao chống nước thời trang STT01,Root,107962201,179000,179000,OEM,VND,179000,179000
"DESIGN 2023 - Túi Trống Tập Gym, du lịch, Thể Thao cao cấp nam nữ - Bao Túi Xách Thể Thao, du lịch - Loại 1",Túi trống,184520944,250000,250000,OEM,VND,250000,250000
"Túi Trống Du Lịch Vải Bố Chống Thấm Nước, Tặng Kèm Khóa Số MiNi Chống Trộm size 51cm TUI-126",Túi trống,207289293,158000,158000,OEM,VND,158000,158000
Túi du lịch giao màu ngẫu nhiên,Root,143114527,190000,190000,OEM,VND,190000,190000
Túi đựng mỹ phẩm đồ dùng du lịch chống thấm nước Hàn Quốc - Màu Đen,Thời Trang,19558387,216000,216000,OEM,VND,216000,216000
Túi xách du lịch thời trang cao cấp cỡ lớn,Thời Trang,49496030,165000,165000,OEM,VND,165000,165000
"Sét 3 túi đựng mỹ phẩm trong suốt mẫu mới, sét 3 túi mỹ phẩm washbag",Root,138902891,169000,169000,OEM,VND,169000,169000
"Túi mỹ phẩm SmileBox cỡ lớn đựng đồ dùng cá nhân du lịch, túi mỹ phẩm có quai xách, vải chống thấm- Hàng chính hãng",Túi trống,86973962,172000,172000,SmileBox,VND,172000,172000
Túi xách du lịch hình trống cao cấp - BLDL,Thời Trang,54446685,159000,159000,OEM,VND,159000,159000
Túi du lịch Gấp gọn dùng cho va li kéo,Root,164532707,200000,200000,OEM,VND,200000,200000
[Hàng XK Đức] Túi Mỹ Phẩm Du Lich Travelaner- Đựng Đồ Cá Nhân UNISEX Nhiều Ngăn Tiện Lợi,Túi trống,220666067,189000,189000,OEM,VND,189000,189000
"Túi xách thể thao có ngăn để giày, túi xách du lịch Sportgirl năng động",Thời Trang,14014319,190000,190000,OEM,VND,190000,190000
Túi trống túi xách thể thao nam nữ nhiều ngăn đựng giày riêng túi tập gym đa năng chống nước 339,Túi trống,259519444,320000,185000,OEM,VND,320000,185000
"Balo du lịch nữ LVQUE túi du lịch nam đi phượt size lớn có ngăn để giày, vải dù chống nước",Root,193053418,169000,169000,OEM,VND,169000,169000
"Túi xách du lịch, túi xách thể thao sang trọng Pink-2019",Thời Trang,19756963,220000,170000,OEM,VND,220000,170000
Túi du lịch- Túi du lịch có ngăn trống nước- Màu hồng,Thời Trang,17009704,108000,108000,OEM,VND,108000,108000
Túi đeo bụng,Thời Trang,14201440,390000,390000,OEM,VND,390000,390000
Túi đeo đùi du lịch CUCYMA motor 1603 - Home and Garden,Root,195338152,540000,540000,OEM,VND,540000,540000
Túi mỹ phẩm thêu tay - Rua Hoa hồi,Túi trống,136351679,511000,511000,kim phuong,VND,511000,511000
tui my pham,Balo và Vali,73282232,373000,373000,kim phuong,VND,373000,373000
Túi xách du lịch thể thao nam nữ công suất lớn phong cách mới BEE GEE T1035,Túi trống,208256031,1040000,520000,Bee Gee,VND,1040000,520000
Túi xách du lịch nam nữ đa chức năng thời trang cao cấp mang phong cách mới,Túi trống,249574525,530000,477000,ANANSHOP688,VND,530000,477000
Túi xách du lịch thể thao nam công suất lớn phong cách châu âu hiện đại đã tích hợp công nghệ 4.0,Thời Trang,50475652,470000,423000,ANANSHOP688,VND,470000,423000
TÚI XÁCH DU LỊCH PHONG CÁCH RETRO,Túi trống,177561335,459000,459000,OEM,VND,459000,459000
Hộp xách tay lưu trữ văn phòng phẩm kiểu Nhật Bản - Home and Garden,Root,91127766,526500,526500,OEM,VND,526500,526500
Túi Du Lịch KINGBAG SKY – Black,Túi trống,207356535,490000,490000,King Bag,VND,490000,490000
Túi đựng hộ chiếu chống nước đa chức năng (Đen),Root,91130664,526500,526500,OEM,VND,526500,526500
Túi trống da WOHLBEGE (57x27x28)cm - Home and Garden,Root,195341625,468000,468000,OEM,VND,468000,468000
Túi xách da bò đeo eo cho nam giới,Root,143886187,430800,430800,OEM,VND,430800,430800
Túi đeo hông đa năng chống trộm (Nâu | Xám),Root,91126758,426075,426075,OEM,VND,426075,426075
Túi xách du lịch thể thao DA phong cách mới BEE GEE TT1039,Túi trống,214823934,770000,385000,Bee Gee,VND,770000,385000
Túi xách du lịch thể thao nam nữ công suất lớn phong cách mới BEE GEE T1022,Túi trống,190551773,860000,430000,Bee Gee,VND,860000,430000
Túi du lịch Mr Vui DL100 thời trang và thanh lịch,Túi trống,207779736,425000,382500,MRVUI,VND,425000,382500
"Túi xách du lịch, túi trống chất liệu da cao cấp chống thấm nước, chống bụi, có ngăn để đồ thoải mái -",Root,206667898,428000,428000,OEM,VND,428000,428000
Túi Trống Simplecarry Gym Bag (23 x 42cm) - Flower,Thời Trang,33107196,530000,477000,SimpleCarry,VND,530000,477000
"Túi trống du lịch, túi tập Gym thời trang Nam-Nữ, có ngăn để giày.",Root,113583278,399000,399000,OEM,VND,399000,399000
Combo 10 túi đựng mỹ phẩm ( trộn màu ),Túi trống,138905394,420000,420000,OEM,VND,420000,420000
Khuyến mãi - Túi xách du lịch đi công tác ngắn ngày Carry-on HappyTravel,Root,148716390,468000,468000,OEM,VND,468000,468000
Túi đeo Gym bag small Grey/Orange,Thời Trang,7089777,540000,540000,SimpleCarry,VND,540000,540000
Túi Trống Gym Bag SimpleCarry (42 x 23 cm),Thời Trang,2229669,540000,540000,SimpleCarry,VND,540000,540000
"Túi đựng phụ kiện Rivacase 5617 dành cho Tablet 10.1"" Hàng Chính Hãng",Túi trống,200688448,490000,490000,RivaCase,VND,490000,490000
"Áo gile nam nữ, gile hộp nhiều túi vải mềm siêu nhẹ phong cách thể thao Hàn Quốc trẻ trung, năng động cá tính Qc9",Root,196190655,269000,269000,OEM,VND,269000,269000
Túi Du lịch Pink Đen ( 50x30x20 ),Thời Trang,33337444,188825,188825,OEM,VND,188825,188825
TÚI XÁCH DU LỊCH CARO,Túi trống,177559174,449000,449000,OEM,VND,449000,449000
Túi du lịch thời trang TRAVEL BAG,Túi trống,95289510,550000,550000,ARTË,VND,550000,550000
Túi du lịch dung lượng lớn Business Travel Bag 47x20x28 cm,Root,98737876,544700,544700,OEM,VND,544700,544700
Túi Đựng đồ đi mua sắm SHOPPING BAG on HAND (Grey Black),Root,94587194,377000,377000,OEM,VND,377000,377000
Túi trống da quai xách có ngăn để giày dép WOHLBEGE 57x27x28cm,Root,94586573,510900,510900,OEM,VND,510900,510900
Túi đựng điện thoại tiện lợi đa năng,Root,94584739,507000,507000,OEM,VND,507000,507000
Túi xách du lịch đa chức năng UNISEX - Best Seller,Root,148717592,538800,538800,OEM,VND,538800,538800
"Lọ chiết mỹ phẩm, chiết serum 5ml",Root,115896564,6000,6000,OEM,VND,6000,6000
Túi Du Lịch Túi Rỗng Dùng Chiết Mỹ Phẩm Du Lịch Tiện Dụng Cho Dầu Gội/Sữa Tắm/Sữa Dưỡng Thể,Root,217169174,15000,15000,OEM,VND,15000,15000
"Chai đựng serum màu nâu Rabbit Lab 5ml, 10ml, 15ml, 20ml, 30ml, 50ml, 100ml",Túi chống sốc,171510759,3500,3500,OEM,VND,3500,3500
"Tuýp chiết mỹ phẩm tròn Rabbit Lab nắp bật 50ml, 70ml, 80ml",Túi chống sốc,171096675,4500,4500,OEM,VND,4500,4500
Túi Đựng Mỹ Phẩm/Đồ Dùng Cá Nhân Bằng Da PU Chống Nước Trong Suốt In Màu TA065,Túi chống sốc,179731517,14250,14250,OEM,VND,14250,14250
Tuýp chiết mỹ phẩm tròn Rabbit Lab nắp vặn tròn màu trắng sữa 10gr,Túi chống sốc,171510780,3000,3000,OEM,VND,3000,3000
Túi đựng đồ mỹ phẩm chống nước - nhiều màu F121SP1,Root,114688218,14300,14300,OEM,VND,14300,14300
TÚI ĐEO CHÉO BLVCK BÓNG KIẾNG THỜI TRANG SỐ 1 HÀN QUỐC DÀNH CHO NAM VÀ NỮ TA061,Túi chống sốc,179731544,14250,14250,OEM,VND,14250,14250
"Tuýp chiết mỹ phẩm dẹp Rabbit Lab nắp vặn màu trắng sữa 50ml, 100ml",Túi chống sốc,171510717,8000,8000,OEM,VND,8000,8000
"Tuýp chiết mỹ phẩm dẹp Rabbit Lab nắp vặn dài màu trắng sữa 10gr, 15gr, 25gr",Túi chống sốc,171510716,6000,6000,OEM,VND,6000,6000
Chai xịt phun sương mini có móc treo Rabbit Lab 100ml,Túi chống sốc,176610197,14000,14000,OEM,VND,14000,14000
"Túi bánh đa, vỏ bánh đa quấn nem Làng Chều",Root,175780881,12840,12840,OEM,VND,12840,12840
Hũ trộn kem chiết mỹ phẩm - hộp để đồ trang sức,Túi chống sốc,114688118,4544,4544,OEM,VND,4544,4544
"Chai đựng serum mờ Rabbit Lab 5ml, 10ml, 20ml, 30ml, 50ml",Túi chống sốc,171510755,9000,9000,OEM,VND,9000,9000
"Chai thủy tinh chiết mỹ phẩm du lịch đầu nhỏ giọt Rabbit Lab 30 ml, 50 ml",Túi chống sốc,174673858,12500,12500,OEM,VND,12500,12500
Hủ nhựa tròn nắp bạc chiết kem Rabbit Lab 5gr,Túi chống sốc,176610187,6000,6000,OEM,VND,6000,6000
Cây lăn mắt chứa kem dưỡng da mắt Rabbit Lab 15ml,Túi chống sốc,176610179,11000,11000,OEM,VND,11000,11000
"Set 50 Túi Đựng Thẻ Căn Cước Công Dân, Túi Bọc, Bao Đựng, Vỏ Bọc Thẻ Trong Suốt Đa Năng Tiện Dụng",Root,158850151,12999,12349,OEM,VND,12999,12349
"Thanh lý Túi ipad, đeo chéo đựng mỹ phẩm, vật dụng tiện ích",Root,170296268,15000,15000,OEM,VND,15000,15000
Chai chiết nước hoa vuông màu trắng Rabbit Lab 5ml,Túi chống sốc,171510735,8000,8000,OEM,VND,8000,8000
"Chai nhỏ giọt hút chân không trong suốt Rabbit Lab 5ml, 10ml, 15ml, 30ml, 50ml, 100ml",Túi chống sốc,171096630,15000,15000,OEM,VND,15000,15000
"Hủ PET nhựa tròn nắp vặn Rabbit Lab 500gr, 200gr",Túi chống sốc,176610186,6000,6000,OEM,VND,6000,6000
Chai xịt phun sương có móc treo Rabbit Lab 110ml,Túi chống sốc,176610235,14000,14000,OEM,VND,14000,14000
"Chai chiết nước hoa thủy tinh nắp mạ màu Rabbit Lab 20 ml, 25ml",Túi chống sốc,174673870,11000,11000,OEM,VND,11000,11000
"Chai dựng nước tẩy trang, nước rửa chén, sữa tắm, hóa chất Rabbit Lab 200ml",Túi chống sốc,176610182,6000,6000,OEM,VND,6000,6000
Túi Lưới Đựng Đồ Tiện Lợi - Túi Đựng Mỹ Phẩm Nhà Tắm - Túi giặt đựng quần áo - Túi Đựng Hành Tỏi Rau Củ Quả Nhà Bếp,Root,190631633,9000,9000,OEM,VND,9000,9000
"Bộ 3 Chai Chiết Mỹ Phẩm -Dầu Gội, Sữa Tắm Túi Chiết Mỹ Phẩm -Du Lịch Trong Suốt Mini Chống Nước 30ml/ 50ml/ 100ml",Root,261819184,15000,15000,OEM,VND,15000,15000
"Bộ 3 Chai Chiết Mỹ Phẩm -Dầu Gội, Sữa Tắm Túi Chiết Mỹ Phẩm -Du Lịch Trong Suốt Mini Chống Nước 30ml/ 50ml/ 100ml",Root,253161872,13000,13000,OEM,VND,13000,13000
"Túi đựng tiện ích,đa năng sắc màu xinh xắn,Túi mỹ phẩm",Root,202957056,15000,15000,OEM,VND,15000,15000
"Túi chống sốc Laptop 14 inch - 15,6 inch - Màu đen - Cực tiện lợi",Túi chống sốc,133139236,31031,26257,OEM,VND,31031,26257
TÚI CHỐNG SỐC LAPTOP KHÓA KÉO,Thời Trang,47061771,27050,23503,OEM,VND,27050,23503
LỌ CHIẾT MỸ PHẨM / CHAI CHIẾT/ ỐNG CHIẾT NƯỚC HOA TỰ ĐỘNG DẠNG XỊT (5ML),Balo và Vali,144509819,24000,24000,OEM,VND,24000,24000
Bộ chiết mỹ phẩm du lịch tiện dụng,Root,79837290,29000,29000,OEM,VND,29000,29000
Túi Đựng Giày Dây Rút -TG.NQ01,Thời Trang,34503107,29000,29000,OEM,VND,29000,29000
Túi Chống Sốc Lưới,Thời Trang,11510592,31031,26257,OEM,VND,31031,26257
"Túi chống sốc đựng Laptop14 inch, 15 inch",Thời Trang,13951718,30600,30600,OEM,VND,30600,30600
Túi Đựng Laptop Chống Sốc (11/13/15.6inch),Thời Trang,5756295,23000,23000,OEM,VND,23000,23000
Bộ chiết mỹ phẩm du lịch 6 món tiện dụng + túi zip chống nước,Balo và Vali,11423486,30896,30896,OEM,VND,30896,30896
Túi Chống Sốc Dành Cho Laptop 15 Inch,Thời Trang,7675492,31000,31000,OEM,VND,31000,31000
Túi chống sốc Laptop giá rẻ  lưới xốp size 13-17inch,Túi chống sốc,80974293,21000,19000,OEM,VND,21000,19000
TÚI DÙNG CHỐNG SÔC CHO LAPTOP 15INCH - MÀU NGẪU NHIÊN,Balo và Vali,41794061,25000,23513,OEM,VND,25000,23513
Bộ Chiết Mỹ Phẩm 7 Món Mini Hàn Quốc Tiện Dụng,Túi chống sốc,110298865,34000,34000,OEM,VND,34000,34000
Túi bảo vệ chống sốc Laptop vải lưới polyester 15 inch  _ Đen,Balo và Vali,23965041,29800,29800,OEM,VND,29800,29800
"Túi Chống Sốc LapTop 15,6 inch Loại Tốt",Root,135389897,31031,26257,OEM,VND,31031,26257
Bộ Chiết Mỹ Phẩm Du Lịch,Thời Trang,24659536,25000,23750,OEM,VND,25000,23750
Bộ chiết mỹ phẩm du lịch 7 món,Root,147383278,27500,27500,OEM,VND,27500,27500
Túi chống sốc laptop macbook 13 inch 13 3 inch 14 inch 15 inch 15 6 inch 17 inch cute LUVIBA S01,Túi chống sốc,155724100,31031,26257,OEM,VND,31031,26257
Túi Chống Sốc Laptop 17 Inch Có Dây Kéo Tiện Lợi,Root,124274929,32000,30400,OEM,VND,32000,30400
Bộ chiết mỹ phẩm mini Hàn Quốc 7 Món Tiện Lợi,Thời Trang,32057202,24990,23741,OEM,VND,24990,23741
BỘ CHIẾT MỸ PHẨM,Túi chống sốc,124887395,25000,25000,OEM,VND,25000,25000
Móc khóa mèo thần tài may mắn hot trend 2023 phụ kiện túi xách Daiquang Group,Root,210164848,25000,25000,OEM,VND,25000,25000
Bộ 2 Chai Chiết Mỹ Phẩm Du Lịch,Thời Trang,32079976,19000,13300,OEM,VND,19000,13300
Bộ chiết mỹ phẩm mini Hàn Quốc 7 Món,Thời Trang,32060501,29000,29000,OEM,VND,29000,29000
"TÚI DÙNG CHỐNG SỐC CHO LAPTOP 17INCH - ,MÀU NGẪU NHIÊN - HÀNG NHẬP KHẨU",Thời Trang,41794318,29300,27000,OEM,VND,29300,27000
"Chiết mỹ phẩm mini du lịch bộ 7 món chai nhấn, bình xịt, lọ toner, hộp chiết kem tiện lợi",Túi chống sốc,120460252,29000,29000,OEM,VND,29000,29000
Bộ Chiết Mỹ Phẩm Du Lịch Tiện Lợi,Thời Trang,46304334,38000,38000,OEM,VND,38000,38000
Túi chống sốc (14-15.6 inch),Thời Trang,20876970,27900,22000,OEM,VND,27900,22000
BỘ CHIẾT MỸ PHẨM DU LỊCH,Thời Trang,31695558,22400,22400,OEM,VND,22400,22400
Bộ chiết mỹ phẩm du lịch nhiều món túi zip như hình,Root,252628641,21000,21000,OEM,VND,21000,21000
Hũ 10g 15g chiết mỹ phẩm kem,Root,155773895,17000,17000,OEM,VND,17000,17000
Túi Chống Sốc Laptop 14 Inch Có Dây Kéo Tiện Lợi,Root,124276032,27000,25650,OEM,VND,27000,25650
Túi chống sốc laptop 11 - 13 - 14 -15 inch elastic siêu đàn hồi cao cấp SK95,Thời Trang,57045167,30000,28500,OEM,VND,30000,28500
túi chống sốc 13inch,Thời Trang,12729010,38400,38400,OEM,VND,38400,38400
Túi Đựng Đồ Mỹ Phẩm Cotton Tiện Dụng Đồ Da Thành Long 205880 12(cam),Root,177604852,33113,33113,OEM,VND,33113,33113
"Túi Chống sốc 13 inch Dành Cho Macbook, Laptop",Thời Trang,7947255,27900,27900,OEM,VND,27900,27900
Túi Đựng Đồng Hồ Vạn Năng,Root,102581772,24000,24000,OEM,VND,24000,24000
Hũ chiết mỹ phẩm mica cao cấp nắp vặn Rabbit Lab 30gr,Túi chống sốc,173798763,20000,20000,OEM,VND,20000,20000
"Hộp Đựng Thuốc Mini, Dùng Hàng Ngày, Tiện Dụng, An Toàn, Nhỏ Gọn Mang Theo Túi Quần Và Túi Xách. TakyHome 7122",Túi chống sốc,147965052,19000,19000,taky home,VND,19000,19000
Túi chống sốc  siêu bền hình trơn macbook cao cấp,Thời Trang,56092676,40344,36080,OEM,VND,40344,36080
1 Chai Chiếc Mỹ Phẩm Đi Du Lịch Tai Thỏ Và Gấu - Màu Ngẫu Nhiên,Thời Trang,35865615,29000,29000,OEM,VND,29000,29000
Túi Chống Sốc Laptop 14 Inch Có Dây Kéo Tiện Lợi,Root,146492894,62000,55000,OEM,VND,62000,55000
"10 Hũ đựng mỹ phẩm, lọ đựng mỹ phẩm 3g 5g tiện lợi",Root,155774355,15300,15300,OEM,VND,15300,15300
Túi đựng đồ mỹ phẩm chống thấm nước trong suốt (TMP01) Vbig Mart,Root,168167884,17000,17000,OEM,VND,17000,17000
Túi Chiết Mỹ Phẩm Hình Trái Cây Tiện Ích - 1 Cái - Màu Ngẫu Nhiên,Balo và Vali,27734448,50000,25750,OEM,VND,50000,25750
Hộp đựng tai nghe Earphone phụ kiện - Đen,Thời Trang,10833150,30000,28500,OEM,VND,30000,28500
"Chai chiết nước hoa vỏ nhôm, đầu phun xanh Rabbit Lab 12ml",Túi chống sốc,174673863,17800,17800,OEM,VND,17800,17800
Túi đựng băng vệ sinh/mỹ phẩm phong cách Hàn Quốc xinh xắn nhỏ gọn chống thấm nước,Root,206665012,24990,24990,OEM,VND,24990,24990
Chai Chiết Nước Hoa Mini Tiện Dụng (Tặng Kèm 02 Que Thử Mùi Nước Hoa) - Lọ Chiết 5ml Sang Chảnh - Dạng Vòi Xịt Phun Sương,Thời Trang,67919730,45000,25000,OEM,VND,45000,25000
Chai đựng kem nền bằng thủy tinh cao cấp màu nâu 50ml,Túi chống sốc,173798775,22000,22000,OEM,VND,22000,22000
"Bộ chiết mỹ phẩm du lịch 7 món nhỏ gọn tiện lợi túi dây rút gồm bình xịt phun sương, lọ nhỏ, túi đựng nhỏ",Root,171554622,44400,44400,OEM,VND,44400,44400
Bộ Chiết Mỹ Phẩm Du Lịch 7 Món Nhỏ Gọn Tiện Lợi - MP036,Thời Trang,10814342,25898,24603,OEM,VND,25898,24603
Túi Đựng Mỹ Phẩm Đồ Dùng Cá Nhân Nhiều Ngăn Chống Nước Tiện Lợi Khi Du Lịch,Túi chống sốc,193340942,60000,30000,OEM,VND,60000,30000
"Chai chiếc nước hoa 10ML thủy tinh 8,5cm",Root,165927818,20000,20000,OEM,VND,20000,20000
Chai chiết mỹ phẩm in hình cute,Root,111286846,30000,30000,OEM,VND,30000,30000
Chai nhựa chiết mỹ phẩm Hàn Quốc Beauty Tool Cap Bottle 30ml,Túi chống sốc,171171588,25000,25000,OEM,VND,25000,25000
TÚI CHỐNG SỐC DẠNG TRƠN DÀNH CHO LAPTOP,Root,96079749,27880,25000,OEM,VND,27880,25000
Lọ Đựng Dung Dịch,Root,169928181,18430,18430,OEM,VND,18430,18430
Bộ chiết mỹ phẩm 5 món dành cho phái đẹp 2020,Thời Trang,45162457,29000,29000,OEM,VND,29000,29000
"500gr túi xốp đen/ trắng zin bóng hai quai, túi PE đen bóng loại tốt (đựng hàng ,gói hàng )",Root,168794626,20000,20000,OEM,VND,20000,20000
Túi chống sốc Laptop xốp lưới,Root,193622399,23000,23000,OEM,VND,23000,23000
Bộ chiết mỹ phẩm du lịch nhiều món túi zip như hình,Root,249815748,29000,29000,OEM,VND,29000,29000
"Chống sốc LAPTOP vải Lưới siêu thoáng có mush dầy13""6 -14""6-15""6 inch K19 tặng bọc căn cước",Túi chống sốc,185829701,32032,27104,OEM,VND,32032,27104
Túi Chống Sốc Laptop 15 Inch Có Dây Kéo,Root,253076373,27000,27000,OEM,VND,27000,27000
Dụng cụ chiết mỹ phẩm cho bạn gái,Túi chống sốc,78015369,26000,26000,OEM,VND,26000,26000
Túi du lịch đựng đồ trang điểm và đồ dùng - MS02,Root,32689452,29000,27550,OEM,VND,29000,27550
"Túi chống sốc cho Laptop và Macbook (13""-14""-15,6"")",Thời Trang,14875582,28000,28000,OEM,VND,28000,28000
Túi nilon bao quản tien giay,Túi chống sốc,177133251,25000,25000,OEM,VND,25000,25000
Túi chống sốc 15inch,Thời Trang,12729963,27900,26000,OEM,VND,27900,26000
"Chai nhỏ giọt hút chân không Rabbit Lab màu vàng 15ml, 30ml, 50ml",Túi chống sốc,173798735,18000,18000,OEM,VND,18000,18000
"Hủ nhựa tròn kèm muỗng đựng kem dưỡng, kem ủ Rabbit Lab 200 gr",Túi chống sốc,176610172,17000,17000,OEM,VND,17000,17000
Chai đựng sữa rửa mặt tròn có đầu bàn chải massage Rabbit Lab 100ml,Túi chống sốc,173798821,21000,21000,OEM,VND,21000,21000
Túi đựng đồ dùng cá nhân và BVS tiện ích,Root,144737785,28000,28000,OEM,VND,28000,28000
Combo 2 Túi đựng mỹ phẩm tiện dụng SGT,Root,168562965,28000,28000,OEM,VND,28000,28000
Túi Chống Sốc Laptop 15 Inch Có Dây Kéo Tiện Lợi,Root,146492929,31031,26257,OEM,VND,31031,26257
"Chai hút chân không mini đựng dầu dưỡng màu bạc Rabbit Lab 5ml, 15ml, 20ml",Túi chống sốc,173798737,18000,18000,OEM,VND,18000,18000
Hộp kim chỉ đa năng hỗ trợ may vá cho gia đình bạn GD407-HopKimChi,Root,171436630,28120,28120,OEM,VND,28120,28120
"Tuýp chiết lotion nắp nhấn cao cấp Rabbit Lab 50ml, 70ml",Túi chống sốc,174673876,28000,28000,OEM,VND,28000,28000
Bộ chiết mỹ phẩm du lịch 7 món,Root,142391991,22000,22000,OEM,VND,22000,22000
Chai xịt khoáng phun sương hình tròn màu trắng Rabbit Lab 100ml,Túi chống sốc,173798773,16000,16000,OEM,VND,16000,16000
Bộ chiết mỹ phẩm du lịch nhiều món túi zip như hình,Root,251016270,25000,25000,OEM,VND,25000,25000
Kẹp nơ hoa nhí siêu xinh,Root,190852566,25000,25000,OEM,VND,25000,25000
Bộ chiết mỹ phẩm du lịch nhiều món túi zip như hình,Root,251021549,25000,25000,OEM,VND,25000,25000
Bộ chiết mỹ phẩm du lịch nhiều món túi zip như hình,Root,253243681,22500,22500,OEM,VND,22500,22500
Túi Đựng Đồ Mỹ Phẩm Cotton Tiện Dụng Đồ Da Thành Long 205880 13(hồng),Root,145114687,25000,23750,OEM,VND,25000,23750
Bộ chiết mỹ phẩm du lịch nhiều món túi zip như hình,Root,252622554,22500,22500,OEM,VND,22500,22500
Túi Chống Sốc Laptop 14 Inch Có Dây Kéo Tiện Lợi,Root,253078549,27000,27000,OEM,VND,27000,27000
Túi Đựng mỹ Phẩm Chống Nước - Túi Đựng Đồ Du Lịch Cá Nhân Tiện Lợi,Root,252037063,27000,27000,OEM,VND,27000,27000
"Set 10 Khăn lau 2 mặt đa năng mềm mịn xịn xò thấm hút cực tốt, siêu sạch bề mặt",Root,205272885,27000,27000,OEM,VND,27000,27000
Túi Chống Sốc Laptop 15 Inch Có Dây Kéo Tiện Lợi,Root,253072492,27000,27000,OEM,VND,27000,27000
Bộ chiết mỹ phẩm du lịch nhiều món túi zip như hình,Root,217569699,29000,29000,OEM,VND,29000,29000
"Hộp Đựng Thuốc Mini, Dùng Hàng Ngày, Tiện Dụng, An Toàn, Nhỏ Gọn Mang Theo Túi Quần Và Túi Xách. TakyHome 7122",Túi chống sốc,143006637,19000,19000,taky home,VND,19000,19000
túi đựng mỹ phẩm cá nhân,Root,241892076,28000,28000,OEM,VND,28000,28000
Bộ chiếc mỹ phẩm 7 món du lịch - Bộ 5 chai lọ chiết kem mỹ phẩm đa năng nhỏ gọn bằng silicon dẻo trong suốt,Root,252888073,29000,29000,OEM,VND,29000,29000
Túi Chống Sốc Laptop 17 Inch Có Dây Kéo Tiện Lợi,Root,253074741,27000,27000,OEM,VND,27000,27000
BK3B - 1 Cuộn băng keo HÀNG DỄ VỠ 4.7cm x 6 cuộn/1.2kg - Băng dính niêm phong đóng hàng,Túi chống sốc,212475440,20400,20400,MAGIX,VND,20400,20400
"Túi Đựng Hành Tỏi , Túi Đựng Mỹ Phẩm Treo Tường Tiện Dụng",Root,247448241,16500,16500,OEM,VND,16500,16500
Bộ chiết mỹ phẩm du lịch nhiều món túi zip như hình,Root,252625711,22500,22500,OEM,VND,22500,22500
Túi Đựng Đồ Mỹ Phẩm Cotton Tiện Dụng Đồ Da Thành Long 205880-13(hồng),Root,144700779,25000,23750,OEM,VND,25000,23750
Túi vải tiên ích đựng dụng cụ SAKOS,Thời Trang,51564423,66000,66000,Sakos,VND,66000,66000
Chậu Gấp Gọn Cho Bé Đa Năng Tiện Lợi Siêu Tiết kiệm Không Gian,Túi chống sốc,196998262,59000,59000,OEM,VND,59000,59000
MTS0AH - 16x14cm - COMBO 25 TÚI GÓI HÀNG CHỐNG SỐC BỌC BÓNG KHÍ MÀU HỒNG PASTEL,Túi chống sốc,208632016,47250,47250,MAGIX,VND,47250,47250
"Túi đựng mỹ phẩm, đồ trang điểm đi du lịch trong suốt, chống thấm nước tiện dụng - HENRYSA",Túi chống sốc,173731769,60000,45000,HENRYSA Bạn của mọi nhà,VND,60000,45000
MTS1 - 18x16 cm - 25 Túi chống sốc bọc bóng khí,Túi chống sốc,145620960,42000,42000,MAGIX,VND,42000,42000
TÚI DÙNG CHỐNG SÔC CHO LAPTOP SIZE 14INCH -MÀU NGẪU NHIÊN - HÀNG NHẬP KHẨU,Thời Trang,41793833,43000,43000,OEM,VND,43000,43000
Túi chống sốc LAPTOP LOẠI DÀY từ 10 inch -> 17 inch,Root,187855274,35000,35000,OEM,VND,35000,35000
Túi chống sốc 12inch,Thời Trang,12728380,37900,35000,OEM,VND,37900,35000
Túi Chống Sốc Laptop 13 Inch Có Dây Kéo,Túi chống sốc,150780244,35000,33250,OEM,VND,35000,33250
Túi chống sốc LAPTOP LOẠI DÀY từ 10 inch -> 17 inch - Logo 3D,Root,187855177,99000,99000,OEM,VND,99000,99000
Túi Chống Sốc Laptop 17 Inch Có Dây Kéo Tiện Lợi,Root,181219040,62000,56000,OEM,VND,62000,56000
Bộ Chiết Mỹ Phẩm Du Lịch 5 Món,Root,124275929,38000,38000,OEM,VND,38000,38000
"Túi đựng laptop, máy tính bảng, hồ sơ tài liệu chống sốc, chống thấm nước có quai xách tiện lợi - giao màu ngẫu nhiên",Thời Trang,42974533,38400,38400,OEM,VND,38400,38400
"Túi Chống Sốc, Túi dựng giảm sốc laptop, macbook cho màn hình 14 inch, 15 inch hàng chất lượng.Homecomputer",Root,112331520,39000,39000,OEM,VND,39000,39000
"Set 3 Lọ chiết mỹ phẩm, dầu gội du lịch siêu tiện lợi",Root,215197915,41000,41000,OEM,VND,41000,41000
TÚI CHỐNG SỐC 13inch tặng kèm bộ vệ sinh 4 món,Thời Trang,22956798,46000,46000,OEM,VND,46000,46000
BỘ 3  CHAI LỌ CHIẾT MỸ PHẨM DU LỊCH TIỆN DỤNG - NHỰA CAO CẤP MẪU MỚI NHẤT TL216,Thời Trang,46314559,34000,34000,OEM,VND,34000,34000
Set 2 lọ chiết mỹ phẩm du lịch 40ml kèm hộp đựng Japan Tặng Cafe MeetMore,Thời Trang,39947560,42000,42000,OEM,VND,42000,42000
"bộ dụng cụ chiết mỹ phẩm, mỹ phẩm giá rẻ- Túi đựng mỹ phẩm du lịch và bộ chiết mỹ phẩm mini 5 món tiện lợi cho chị em",Root,139727147,39900,39900,OEM,VND,39900,39900
TÚI CHỐNG SỐC 14',Thời Trang,13336439,37900,37900,OEM,VND,37900,37900
Set 2 lọ chiết mỹ phẩm 40ml kèm hộp đựng nhập trực tiếp Nhật Bản,Root,189675845,42000,42000,OEM,VND,42000,42000
TÚI BỌC BALO CHỐNG NƯỚC MƯA DUNG TÍCH 45 LÍT,Root,217145755,35000,35000,OEM,VND,35000,35000
COMBO 25 TÚI GÓI HÀNG CHỐNG SỐC BỌC BÓNG KHÍ MÀU HỒNG PASTEL - NHIỀU SIZE,Túi chống sốc,208632953,44750,44750,MAGIX,VND,44750,44750
Túi đựng đồ lót du lịch đa năng,Thời Trang,31700989,30000,30000,OEM,VND,30000,30000
Túi chống sốc 17inch,Thời Trang,12730380,34900,34900,OEM,VND,34900,34900
Túi đựng mỹ phẩm chống nước,Túi chống sốc,182104446,50000,50000,OEM,VND,50000,50000
mua lọ chiết mỹ phẩm min - Túi đựng mỹ phẩm du lịch và bộ chiết mỹ phẩm du lịch 5 món tiện lợi hữu ích cho chị em phụ nữ,Root,116793483,35000,35000,OEM,VND,35000,35000
"Túi chống sốc giá tốt cho laptop, máy tính bảng",Túi chống sốc,163581033,32000,32000,OEM,VND,32000,32000
MTS2 - 21.5x12 cm - 25 Túi chống sốc bọc bóng khí,Túi chống sốc,145626742,42000,42000,MAGIX,VND,42000,42000
MTS0 - 16x11 cm - 25 Túi chống sốc bọc bóng khí,Túi chống sốc,145619638,31500,31500,MAGIX,VND,31500,31500
Túi đựng đồ mỹ phẩm cotton tiện dụng HQ 205880-3,Root,172191714,44000,44000,OEM,VND,44000,44000
"Bộ chiết mỹ phẩm mini hàn quốc 5 món tiện dụng, lọ chiết mỹ phẩm du lịch FASOLA",Root,172872972,50000,50000,OEM,VND,50000,50000
Túi Chống Sốc Laptop 15 Inch Có Dây Kéo,Root,124275458,39000,37050,OEM,VND,39000,37050
mua lọ chiết mỹ phẩm min - Túi đựng mỹ phẩm du lịch và bộ chiết mỹ phẩm du lịch 5 món tiện lợi hữu ích cho chị em phụ nữ,Root,116799219,37000,37000,OEM,VND,37000,37000
Bộ Chiết Mỹ Phẩm 3 Lọ 60ml Bằng Nhựa Dẻo Loại Tốt Dễ Bóp Dành Cho Du Lịch,Root,217168270,39000,39000,OEM,VND,39000,39000
"Túi chống sốc Nỉ cao cấp dành cho Laptop và Macbook Từ 11"" đến 15,6"" - Màu Đen",Thời Trang,21460471,49100,44000,OEM,VND,49100,44000
BỘ CHIẾT mỹ PHẨM 8 MÓN TIỆN LỢI - TL042,Thời Trang,19733553,45998,45998,OEM,VND,45998,45998
"Túi đựng mỹ phẩm, đồ dùng cá nhân",Root,165778874,32300,32300,OEM,VND,32300,32300
Túi chống sốc Laptop nhiều kích thước,Túi chống sốc,194857408,49000,49000,OEM,VND,49000,49000
Túi Màu Đỏ Tươi Đựng Mỹ Phẩm Du Lịch Chuyên Dụng,Root,113481474,35000,33250,OEM,VND,35000,33250
Túi Đựng Mỹ Phẩm Đồ Trang Điểm Makeup Cá Nhân Travel Chống Thấm Nước Tiện Lợi Đi Du Lịch,Túi chống sốc,248498891,99000,49900,OEM,VND,99000,49900
"Túi Chống Sốc Laptop Macbook 11""-13""-14""-15"" inch siêu mỏng hình trơn coler I10",Thời Trang,55021526,57687,51590,OEM,VND,57687,51590
Túi đựng mỹ phẩm du lịch và bộ chiết mỹ phẩm mini 5 món tiện lợi hữu ích cho chị em,Túi chống sốc,116796089,43000,43000,OEM,VND,43000,43000
Túi Cốp Đựng Mỹ Phẩm Chống Nước0,Root,138384322,45999,43699,OEM,VND,45999,43699
TÚI DÙNG CHỐNG SỐC CHO LAPTOP SIZE 13INCH- MÀU NGẪU NHIÊN - HÀNG CHÍNH HÃNG,Thời Trang,41793235,38900,36000,OEM,VND,38900,36000
Bộ Chiết Mỹ Phẩm Du Lịch Tiện Lợi - BC45 (Giao ngẫu nhiên mẫu),Thời Trang,45301483,75000,75000,OEM,VND,75000,75000
MTS - COMBO 25 TÚI GÓI HÀNG CHỐNG SỐC BỌC BÓNG KHÍ - NHIỀU MÀU - NHIỀU SIZE,Túi chống sốc,212471311,31500,31500,MAGIX,VND,31500,31500
Túi đựng giấy tờ và thẻ ATM 12 ngăn,Root,125100405,35000,35000,OEM,VND,35000,35000
"Túi đựng mỹ phẩm, đồ trang điểm mini Thiết kế nhỏ gọn dễ dàng mang theo người",Root,160133072,38880,38880,OEM,VND,38880,38880
"Túi Đeo Tay Chạy Bộ Đựng Điện Thoại Chống Sốc Đa Năng Quấn Bắp Tay Cho Chạy Bộ, Đi Bộ, Tập Thể Thao, Tập Gym - Mai Lee",Thời Trang,39377570,39000,39000,Mai Lee,VND,39000,39000
Bộ dụng cụ chiết mỹ phẩm 7 món đựng túi zip chống nước,Thời Trang,15948681,36900,36900,OEM,VND,36900,36900
"Cầu vai bảo vệ xanh dương viền vàng, sao inox - TT08 (1 cặp)",Root,216902545,38000,38000,OEM,VND,38000,38000
"combo 2 Chai chiết nước hoa 5ml mang theo khi đi du lịch, công tác, dã ngoại (giao màu ngẫu nhiên)",Túi chống sốc,98332959,41000,41000,OEM,VND,41000,41000
MTS2 MTS2H - 21.5x12cm - COMBO 25 TÚI GÓI HÀNG CHỐNG SỐC BỌC BÓNG KHÍ - NHIỀU MÀU,Túi chống sốc,212474771,42000,42000,MAGIX,VND,42000,42000
Túi Bao Tử Kết Hợp Đeo Chéo Ngực Phối Màu Phong Cách,Root,70191374,50000,50000,OEM,VND,50000,50000
TÚI HỘP ĐỰNG MỸ PHẨM TRONG SUỐT CẦM TAY TIỆN DỤNG,Túi chống sốc,186634977,49000,49000,OEM,VND,49000,49000
Bộ chiết mỹ phẩm du lịch 7 món,Root,117637378,34000,34000,OEM,VND,34000,34000
Túi đựng mỹ phẩm đồ trang điểm đồ dùng cá nhân nhỏ gọn tiện lợi MP01,Root,146949930,51000,51000,OEM,VND,51000,51000
Túi Đựng Mỹ Phẩm Trang Điểm  Xách Tay Du Lịch,Thời Trang,12422098,47000,47000,OEM,VND,47000,47000
Túi đựng mỹ phẩm,Root,166071756,36000,36000,OEM,VND,36000,36000
Túi chống sốc 14inch,Thời Trang,12729585,41000,41000,OEM,VND,41000,41000
TÚI CHỐNG SỐC 15' tặng kèm bộ  vệ sinh 4 món,Thời Trang,22967716,50000,50000,OEM,VND,50000,50000
"Túi chống sốc và bảo vệ Laptop, Macbook nhung viền đỏ dùng cho Laptop, Macbook nhiều kích thước",Root,160551056,42000,42000,OEM,VND,42000,42000
MTS0A - 16x14 cm - 25 Túi chống sốc bọc bóng khí,Túi chống sốc,145620844,34250,34250,MAGIX,VND,34250,34250
"Bộ chiết mỹ phẩm mini Hàn Quốc tiện ích kèm 5 món, lọ chiết mỹ phẩm cao cấp FAMAHA",Root,159497492,50000,50000,OEM,VND,50000,50000
Túi đựng mỹ phẩm du lịch chống thấm nước họa tiết hoa,Root,169849094,72000,72000,OEM,VND,72000,72000
"Túi Đựng Mỹ Phẩm Chống Nước, Túi Đựng Đồ Du Lịch Cá Nhân Du Lịch",Root,253164319,47000,47000,OEM,VND,47000,47000
Túi Cốp Đựng Mỹ Phẩm Chống Nước0,Túi chống sốc,155241090,49899,47404,OEM,VND,49899,47404
Túi treo đồ lót 2 mặt 30 ô đa năng nhiều ngăn để tất vớ có móc ích lợi và tiện dụng kiểu mới,Root,149461286,34999,34999,OEM,VND,34999,34999
Túi Đựng Mỹ Phẩm Du Lịch Chống Nước,Túi chống sốc,191542841,35000,35000,OEM,VND,35000,35000
Túi bảo vệ chống sốc Laptop vải lưới polyester 15 inch loại dày _ Đen,Thời Trang,23966378,44900,42000,OEM,VND,44900,42000
"Túi đựng tài liệu, máy tính bảng Bonheur Constant (1 cái) - giao màu ngẫu nhiên",Túi chống sốc,75583269,45900,45900,OEM,VND,45900,45900
MTS2A - 21.5x15 cm - 25 Túi chống sốc bọc bóng khí,Túi chống sốc,145626923,44750,44750,MAGIX,VND,44750,44750
TÚI HỘP ĐỰNG MỸ PHẨM TRONG SUỐT CẦM TAY TIỆN DỤNG,Túi chống sốc,186634980,49000,49000,OEM,VND,49000,49000
Túi Mỹ Phẩm Nhiều Ngăn Chống Thấm,Root,144754292,39000,39000,OEM,VND,39000,39000
Hũ chiết kem dưỡng cao cấp nút nhân Rabbit Lab 30gr,Túi chống sốc,173798774,37000,37000,OEM,VND,37000,37000
"Túi đựng mỹ phẩm chống nước, túi đựng đồ du lịch cá nhân MÀU TÍM NÂU",Root,119446321,49000,49000,OEM,VND,49000,49000
"Túi chống sốc sọc đỏ 13"" 14"" 15"" và 17"" dùng cho laptop VT",Túi chống sốc,176928000,50000,50000,OEM,VND,50000,50000
"TÚI DÙNG CHỐNG SỐC CHO LAPTOP SIZE 7-8INCH - ,MÀU NGẪU NHIÊN - HÀNG NHẬP KHẨU",Thời Trang,41792535,37000,37000,OEM,VND,37000,37000
Túi đựng đồ lót tất- túi treo đồ đa năng 30 ngăn có móc treo - Hàng dày,Root,170985899,39840,39840,OEM,VND,39840,39840
"bộ dụng cụ chiết mỹ phẩm, mỹ phẩm giá rẻ- Túi đựng mỹ phẩm du lịch và bộ chiết mỹ phẩm mini 5 món tiện lợi cho chị em",Root,116800821,42000,42000,OEM,VND,42000,42000
"Túi đựng mỹ phẩm, đồ trang điểm mini hàng Nội địa Nhật Bản (Giao Màu Ngẫu nhiên)",Thời Trang,56073397,55000,55000,OEM,VND,55000,55000
Bộ Chiết Mỹ Phẩm 3 Lọ 60ml Bằng Nhựa Dẻo Loại Tốt Dễ Bóp Dành Cho Du Lịch,Root,253162101,44000,44000,OEM,VND,44000,44000
Combo 2 Hộp Đựng Tai Nghe Cáp Sạc Du Lịch Họa Tiết Giáng Sinh(Họa Tiết Ngẫu Nhiên),Thời Trang,7219525,61000,61000,OEM,VND,61000,61000
Combo 2 Lọ Chiết Nước Hoa Mini  (Tặng Kèm 02 Giấy Thử Mùi Nước Hoa) - Chai Chiết Nước Hoa 5ml Dạng Vòi Xịt Phun Sương Tiện Dụng - Giao Màu Ngẫu Nhiên,Thời Trang,68746097,65000,49000,OEM,VND,65000,49000
Bộ Chiết Mỹ Phẩm 7 Món Du Lịch Tiện Lợi,Thời Trang,25311015,33000,33000,OEM,VND,33000,33000
TÚI CHỐNG SỐC 17' tặng kèm bộ vệ sinh 4 món,Thời Trang,22967866,44900,41000,OEM,VND,44900,41000
10 hủ 20g chiếc mỹ phẩm,Root,155773757,45000,45000,OEM,VND,45000,45000
Túi treo đồ lót 2 mặt 30 ô đa năng nhiều ngăn để tất vớ có móc ích lợi và tiện dụng kiểu mới,Root,149773952,38700,38700,OEM,VND,38700,38700
"( HANGHOT ) Túi lưới xách tay đựng đồ du lịch dạng vải lưới, túi đựng mỹ phẩm, đồ thể thao có quai xách",Túi chống sốc,198510423,39000,39000,OEM,VND,39000,39000
"bộ chiết mỹ phẩm, chai lọ mỹ phẩm- Túi đựng mỹ phẩm du lịch và bộ chiết mỹ phẩm mini 5 món tiện lợi hữu ích cho chị em",Root,116801074,39000,39000,OEM,VND,39000,39000
BỘ CHIẾT MỸ PHẨM 7 MÓN CAO CẤP,Túi chống sốc,142391962,35000,35000,OEM,VND,35000,35000
TÚI CHỐNG SỐC 15' tặng kèm bộ  vệ sinh 4 món,Thời Trang,22967712,50000,50000,OEM,VND,50000,50000
Túi đựng mỹ phẩm,Root,200738812,32000,32000,OEM,VND,32000,32000
Túi đựng mỹ phẩm đựng đồ trang điểm đồ cá nhân chống thấm nước,Root,243806458,37000,37000,OEM,VND,37000,37000
CHAI CHIẾT MỸ PHẨM ĐI DU LỊCH CÔNG TÁC HÌNH GẤU VÀ THỎ CHẤT LIỆU SILICON CAO CẤP,Root,253295677,36000,36000,OEM,VND,36000,36000
"Bộ Chiết Mỹ Phẩm 5 Món Hàn Quốc Tiện Dụng - Set 5 Lọ Chiết Mỹ Phẩm Dầu Gội, Sữa Tắm Du Lịch Mini Có Túi Zip Siêu Xinh",Root,253296025,37000,37000,OEM,VND,37000,37000
CHAI CHIẾT MỸ PHẨM ĐI DU LỊCH CÔNG TÁC HÌNH GẤU VÀ THỎ CHẤT LIỆU SILICON CAO CẤP,Root,253348435,36000,36000,OEM,VND,36000,36000
Bộ tú mạ vàng,Root,157481527,45000,45000,OEM,VND,45000,45000
MTS0A MTS0AH - 16x14cm - COMBO 25 TÚI GÓI HÀNG CHỐNG SỐC BỌC BÓNG KHÍ - NHIỀU MÀU,Túi chống sốc,212474675,34250,34250,MAGIX,VND,34250,34250
"Túi Lưới Đa Năng, Túi Đựng Mỹ Phẩm, Vật Dụng Cá Nhân, Đựng Hành Tỏi, Hoa Quả Cho Nhà Bếp, Tặng Kèm Móc Dán, TakyHome 5270",Túi chống sốc,143007072,39000,39000,TakyHome,VND,39000,39000
MTS0 MTS0H - 16x11cm - COMBO 25 TÚI GÓI HÀNG CHỐNG SỐC BỌC BÓNG KHÍ - NHIỀU MÀU,Túi chống sốc,212474358,31500,31500,MAGIX,VND,31500,31500
Túi Ví Đựng Kéo Lược Cắt Tóc Sang Trọng,Root,201967737,39000,39000,OEM,VND,39000,39000
Túi mèo tài lộc 2023,Root,206247241,49000,49000,OEM,VND,49000,49000
"Túi đựng mỹ phẩm , đựng đồ du lịch cá nhân vải dù chống thấm nước",Root,253296641,46000,46000,OEM,VND,46000,46000
"TÚI ĐỰNG ĐỒ LÓT , VẬT DỤNG CÁ NHÂN DU LỊCH CHỐNG THẤM NƯỚC - TÚI ĐỰNG MỸ PHẨM , ĐỒ LÓT NHIỀU NGĂN ĐƯỜNG MAY CHẮC CHẮN TI",Root,253348806,49900,49900,OEM,VND,49900,49900
Túi Đựng Đồ Du Lịch Nhiều Ngăn Lm30,Root,253076352,36000,36000,OEM,VND,36000,36000
Bộ Chiết Mỹ Phẩm Du Lịch 5 Món,Root,253078240,38000,38000,OEM,VND,38000,38000
Túi Chống Sốc Laptop 15 Inch Loại Dày Có Dây Kéo,Túi chống sốc,263036260,49000,46550,OEM,VND,49000,46550
MTS2A MTS2AH - 21.5x15cm - COMBO 25 TÚI GÓI HÀNG CHỐNG SỐC BỌC BÓNG KHÍ - NHIỀU MÀU,Túi chống sốc,212475058,44750,44750,MAGIX,VND,44750,44750
Túi treo đựng mỹ phẩm du lịch nhiều ngăn MÀU TRƠN có móc treo tiện lợi - Túi đựng đồ du lịch cá nhân gấp gọn treo tường,Root,252891303,49000,49000,OEM,VND,49000,49000
Túi Đựng Mỹ Phẩm Sọc,Root,248263120,45000,45000,OEM,VND,45000,45000
Túi khóa kéo đôi đựng mỹ phẩm đồ trang điểm mang du lịch tiện dụng,Root,262019411,36000,36000,OEM,VND,36000,36000
Túi đựng đồ lót du lịch chống thấm oxford 205899,Root,150536479,38000,38000,OEM,VND,38000,38000
MTS3KV - 23x16.5 cm - 25 túi giấy Kraft bọc bóng khí gói hàng chống sốc màu vàng nâu,Túi chống sốc,243090177,47500,47500,MAGIX,VND,47500,47500
Túi Chống Sốc Laptop 14 Inch Loại Dày Có Dây Kéo,Túi chống sốc,262971093,45000,42750,OEM,VND,45000,42750
"Túi Chống Sốc Đựng Laptop 13 inch, 14 inch, 15.6 inch, 17 inch",Túi chống sốc,249010671,52000,52000,OEM,VND,52000,52000
"Túi đựng mỹ phẩm , đựng đồ du lịch cá nhân vải dù chống thấm nước",Root,253348023,46000,46000,OEM,VND,46000,46000
1Kg Túi (Size 37 Đựng 10Kg) Nilon Đen Bóng Dẻo Dai Có Quai Sách,Root,253072571,38000,38000,OEM,VND,38000,38000
"TÚI ĐỰNG ĐỒ LÓT , VẬT DỤNG CÁ NHÂN DU LỊCH CHỐNG THẤM NƯỚC - TÚI ĐỰNG MỸ PHẨM , ĐỒ LÓT NHIỀU NGĂN ĐƯỜNG MAY CHẮC CHẮN TI",Root,253297096,49900,49900,OEM,VND,49900,49900
"Bộ Chiết Mỹ Phẩm 5 Món Hàn Quốc Tiện Dụng - Set 5 Lọ Chiết Mỹ Phẩm Dầu Gội, Sữa Tắm Du Lịch Mini Có Túi Zip Siêu Xinh",Root,253347953,37000,37000,OEM,VND,37000,37000
Ống tay chống nắng xỏ ngón cái che mu bàn tay vải thun co giãn thấm hút tốt chạy xe thể thao ngoài trời,Root,205711515,30800,30800,OEM,VND,30800,30800
Bộ Chiết Mỹ Phẩm 7 Món Travel Mini Tiện Lợi Khi Đi Du Lịch,Root,262597975,31500,31500,OEM,VND,31500,31500
Bộ Chiết Mỹ Phẩm 3 Lọ 60ml Bằng Nhựa Dẻo Loại Tốt Dễ Bóp Dành Cho Du Lịch,Root,216851680,34000,34000,OEM,VND,34000,34000
MTS1 MTS1H -18x16cm - COMBO 25 TÚI GÓI HÀNG CHỐNG SỐC BỌC BÓNG KHÍ - NHIỀU MÀU,Túi chống sốc,212474648,42000,42000,MAGIX,VND,42000,42000
MTS0H - 16x11cm - COMBO 25 TÚI GÓI HÀNG CHỐNG SỐC BỌC BÓNG KHÍ MÀU HỒNG PASTEL,Túi chống sốc,208631974,44750,44750,MAGIX,VND,44750,44750
Túi đựng đồ mỹ phẩm cotton tiện dụng HQ 205880-2,Root,172192367,45000,45000,OEM,VND,45000,45000
Bộ chiết mỹ phẩm du lịch 5 món (TGBS),Root,248262324,43000,43000,OEM,VND,43000,43000
Túi Đựng Mỹ Phẩm Nước Hoa Nữ Di Động Phong Cách Houndstooth Dung Lượng Lớn Túi Bảo Quản Mỹ Phẩm Giá Trị Cao,Root,252758240,45900,45900,OEM,VND,45900,45900
Bộ Chiết Mỹ Phẩm 3 Lọ 60ml Bằng Nhựa Dẻo Loại Tốt Dễ Bóp Dành Cho Du Lịch,Root,261819144,39000,39000,OEM,VND,39000,39000
MTS2KV - 23x13 cm - 25 túi giấy Kraft bọc bóng khí gói hàng chống sốc màu vàng nâu,Túi chống sốc,243089051,42500,42500,MAGIX,VND,42500,42500
"Túi chống sốc laptop GuBag cao cấp, túi chống sốc macbook pro, air chống nước, bền đẹp",Túi chống sốc,82360496,99000,56000,Gubag,VND,99000,56000
Túi Chống Sốc Ổ Cứng Di Động - Ổ Cứng Laptop - Bao Đựng HDD ( Màu Ngẫu Nhiên ),Thời Trang,19418352,65000,65000,OEM,VND,65000,65000
"Túi chống sốc đệm viền dày GuBag, đựng vừa các dòng laptop, chống nước, chống xước",Túi chống sốc,129025988,99000,61000,Gubag,VND,99000,61000
"Túi Chống Sốc Máy Đọc Sách 6inch, 6.8inch, 7inch dành cho Máy Đọc Sách, Điện Thoại, Đồ Cá Nhân",Túi chống sốc,207163260,69000,69000,OEM,VND,69000,69000
Túi Đựng Đồ Du Lịch Nhiều Ngăn Lm30,Root,146493331,83000,73000,OEM,VND,83000,73000
TÚI CHỐNG SỐC NHUNG CHO LAPTOP 15-15.6 INCH,Thời Trang,22274336,64900,60000,OEM,VND,64900,60000
Ví Đựng Mỹ Phẩm mini Bộ 3 Hình Vương Miệng nhựa trong suốt CH6 Shalla,Root,144755348,66000,66000,OEM,VND,66000,66000
Túi Chống Sốc Laptop 13 inch 14 inch 15 inch 17inch HARAS TC001,Túi chống sốc,204875405,99000,79000,HARAS,VND,99000,79000
"Túi Đựng Phụ Kiện Công Nghệ Chống Nước, Chống Sốc Cao Cấp – Chọn Màu - Túi Bảo Vệ Phụ Kiện Điện Thoại Máy Tính Bảng Laptop Tai Nghe Cáp Sạc Củ Sạc Pin Dự Phòng Chính Hãng Dododios",Túi chống sốc,149964632,89000,84550,dododios,VND,89000,84550
"Túi Chống Sốc Laptop Macbook 13inch, 14 inch, 15.6 inch, 17inch - TXTK092",Túi chống sốc,183338620,99000,79000,Praza,VND,99000,79000
Túi chống sốc laptop elastic siêu bền màu trơn DA59,Túi chống sốc,99364291,62400,52800,OEM,VND,62400,52800
Túi Chống Sốc Laptop 14 Inch Có Dây Kéo Tiện Lợi,Root,181217908,62000,55000,OEM,VND,62000,55000
"Túi đựng phụ kiện công nghệ, mỹ phẩm, đồ trang điểm chống sốc, chống nước tiện lợi đi du lịch (24.5x18x10cm)",Root,186288567,75900,75900,OEM,VND,75900,75900
"Túi Chống Sốc Ổ Cứng Di Động, Ổ Cứng Laptop Orico - Hàng Chính Hãng",Thời Trang,26048365,79000,79000,Orico,VND,79000,79000
Túi Đeo Hông Kiểu Quân Đội (12 x 18 cm),Thời Trang,3172887,61000,61000,OEM,VND,61000,61000
Túi Nỉ Chống Sốc Bảo Vệ Laptop - Macbook Air Pro 11 inch - 16 inch.,Root,173054252,79000,79000,OEM,VND,79000,79000
Túi Đựng Phụ Kiện Laptop Macbook Surface Phụ Kiện Tiện Ích,Túi chống sốc,111199831,136000,95200,OEM,VND,136000,95200
"Túi chống sốc Macbook Air, Macbook Pro, Laptop siêu mỏng nhẹ",Thời Trang,38543329,70200,59400,OEM,VND,70200,59400
️ Túi Chống Sốc Macbook iPad Vải Dạ Cao Cấp - Đủ Size 11 inch - 16 inch.,Root,173036095,69000,69000,OEM,VND,69000,69000
Túi Chống Sốc Laptop 15 Inch Có Dây Kéo,Root,181219116,62000,56000,OEM,VND,62000,56000
BỘ CHIẾT MỸ PHẨM DU LỊCH TIỆN LỢI,Thời Trang,14454266,59999,59999,OEM,VND,59999,59999
Túi chống sốc hình trơn MP012 thời trang SD3,Thời Trang,56092710,73164,61908,OEM,VND,73164,61908
"Túi Chống Sốc Laptop, Macbook Cao CấpCó Quai Xách - Đủ Size 11 inch - 16 inch",Root,173054828,79000,79000,OEM,VND,79000,79000
"️ Túi Chống Sốc Laptop, Macbook Cao CấpCó Quai Xách - Đủ Size 11 inch, 12 inch, 13 inch, 14 inch, 15 inch, 16 inch",Root,173035732,77000,77000,OEM,VND,77000,77000
Túi đựng mỹ phẩm dây rút chống sốc (xanh lá),Root,125100297,55000,55000,OEM,VND,55000,55000
Hộp túi đựng đồ dùng y tế khung cứng chống sốc đi du lịch nhỏ gọn,Thời Trang,22143702,116373,81461,OEM,VND,116373,81461
Túi Xách Mini PU Dẻo Trong Suốt Cầm Tay Đựng Mỹ Phẩm Vật Dụng Cá Nhân,Thời Trang,56596757,57000,57000,OEM,VND,57000,57000
TÚI CHỐNG SỐC NHUNG CHO LAPTOP 14-14.6 INCH,Thời Trang,22274769,54900,54900,OEM,VND,54900,54900
️ Túi nỉ dạ đựng laptop macbook mỏng gọn nhiều màu sắc cho bạn nữ cá tính.,Root,173056873,65000,65000,OEM,VND,65000,65000
Bộ Chiết Mỹ Phẩm Du Lịch 6 Món,Root,176133292,54000,54000,OEM,VND,54000,54000
Túi chống sốc dành cho Laptop 14inch - Màu ngẫu nhiên - Hàng nhập khẩu,Thời Trang,36873406,64900,64900,OEM,VND,64900,64900
"( Size Lớn ) Túi Đựng Mỹ Phẩm, Đồ Trang Điểm WASHBAG - Túi Đựng Đồ Cá Nhân Du Lịch Thời Trang Chống Thấm Nước",Root,253296204,72000,72000,OEM,VND,72000,72000
Set 3 Túi Đựng Mỹ Phẩm Du Lịch Chống Nước Tuyệt Đối -Kèm 2 Miếng Bọt Rửa Mặt Nhật Bản,Thời Trang,57844776,149000,149000,OEM,VND,149000,149000
"Túi đựng mĩ phẩm, đồ trang điểm du lịch cá nhân Phụ Kiện Girl túi đa năng chống thấm nước cao cấp tiện ích",Túi chống sốc,230367266,62500,58000,OEM,VND,62500,58000
TÚI CHỐNG SỐC 12'tặng kèm bộ vệ sinh 4 món,Thời Trang,22956623,59000,39000,OEM,VND,59000,39000
Combo 2 bộ kit chiết mỹ phẩm du lịch (màu ngẫn nhiên),Thời Trang,21713846,50000,50000,OEM,VND,50000,50000
Túi đựng mỹ phẩm trong suốt siêu xinh,Root,118841878,65000,65000,OEM,VND,65000,65000
Túi Chống Sốc Laptop 17 Inch Có Dây Kéo Tiện Lợi  TP'S,Root,144197246,62000,54000,OEM,VND,62000,54000
Túi Chống Sốc Laptop 15 Inch Có Dây Kéo,Root,146492642,62000,55000,OEM,VND,62000,55000
Bộ túi đa năng giúp chia hành lý du lịch (Hồng đậm),Túi chống sốc,125100934,59000,59000,OEM,VND,59000,59000
Túi Chống Sốc Macbook iPad Vải Dạ Cao Cấp - Đủ Size 11 inch - 16 inch.,Root,173056469,69000,69000,OEM,VND,69000,69000
Bình chiết mỹ phẩm dầu gội đi du lịch 4in1,Thời Trang,35596283,77000,77000,OEM,VND,77000,77000
"Túi đựng mĩ phẩm, đồ trang điểm du lịch cá nhân Phụ Kiện Girl túi đa năng chống thấm nước cao cấp tiện ích,",Túi chống sốc,202775080,75989,70000,OEM,VND,75989,70000
Túi đựng mỹ phẩm trong suốt đa năng siêu cute,Root,118833147,73000,73000,OEM,VND,73000,73000
Túi đựng mỹ phẩm đa năng có móc,Root,217568781,65000,65000,OEM,VND,65000,65000
Túi cỏ bàng đựng máy tính bảng ipad Green Joy,Túi chống sốc,198650000,80000,80000,Green Joy,VND,80000,80000
"Bộ 04 Chai Chiết Xuất Mỹ Phẩm,Chai Xịt Khử Trùng",Thời Trang,36630060,48500,48500,OEM,VND,48500,48500
Bộ Chiết Mỹ Phẩm Xinh Xắn Cho Mùa Du Lịch Của Bạn - Mẫu Mới 2019,Thời Trang,38436816,57000,57000,OEM,VND,57000,57000
Túi Đựng Đồ Du Lịch Nhiều Ngăn Lm30,Root,181219480,83000,74000,OEM,VND,83000,74000
Túi chống sốc laptop 15 inch siêu mỏng trơn corler thời trang,Thời Trang,56020153,70955,63455,OEM,VND,70955,63455
MTS5 - 36x27 cm - 25 Túi chống sốc bọc bóng khí,Túi chống sốc,145629401,78750,78750,MAGIX,VND,78750,78750
"Túi chống sock Laptop, macbook, chống va đập, chống thấm nước. Túi đựng laptop BUBM cao cấp.",Túi chống sốc,147412912,85000,85000,OEM,VND,85000,85000
"túi chống sốc sọc đỏ 14""",Túi chống sốc,200998264,55000,49000,OEM,VND,55000,49000
Túi chống sốc cho Macbook  13 inch - Tặng 1 tấm lót chuột cao cấp,Thời Trang,19989683,67900,63000,OEM,VND,67900,63000
Túi chống sốc laptop elastic cao cấp mẫu mới DK28,Túi chống sốc,99362598,74993,63455,OEM,VND,74993,63455
Bộ 4 lọ đựng mỹ phẩm tiện dụng,Thời Trang,36407111,73000,73000,OEM,VND,73000,73000
MTS3A - 26.5x22 cm - 25 Túi chống sốc bọc bóng khí,Túi chống sốc,145627104,65750,65750,MAGIX,VND,65750,65750
Túi Chống Sốc Laptop 15inch siêu mỏng hình trơn Shalla,Thời Trang,37738249,68116,60916,Shalla,VND,68116,60916
Túi bảo vệ Ổ Cứng + Đựng Tai Nghe/ Cáp Sạc Orico - Hàng Chính Hãng,Thời Trang,31521047,79000,79000,Orico,VND,79000,79000
Túi Chống Sốc Laptop 15 Inch Có Dây Kéo  TP'S,Root,144197475,62000,54000,OEM,VND,62000,54000
"Bộ 2 Chai Xịt Phun Sương Chiết Mỹ Phẫm Nước Hoa Du Lịch Tiện Gọn 60ML, 100ML [Tặng Thanh Dũa Móng Tay Ngẫu Nhiên]",Túi chống sốc,73458653,60000,60000,OEM,VND,60000,60000
MTS3 - 26.5x18 cm - 25 Túi chống sốc bọc bóng khí,Túi chống sốc,145627017,55250,55250,MAGIX,VND,55250,55250
"Túi đựng mỹ phẩm nhiều ngăn tiện dụng Roll-N-Go, gọn gàng. Tiện lợi cho đi công tác xa, du lịch",Root,186188942,69000,69000,OEM,VND,69000,69000
TÚI ĐỰNG MỸ PHẨM COSMETIC BẰNG NHỰA TRONG SUỐT ĐỰNG ĐỒ DÙNG CÁ NHÂN CHỐNG THẤM NƯỚC CHỐNG BÁM BẨN DỄ DÀNG VỆ SINH,Root,253295861,67000,67000,OEM,VND,67000,67000
Túi Chống Sốc Laptop Macbook Bảo Vệ Máy Tính An Toàn - Đủ Size 11 inch - 16 inch,Root,173054024,79000,79000,OEM,VND,79000,79000
"Túi Cứu Thương Du Lịch loại lớn chống thấm, túi đựng thuốc, kim chỉ, tiện dụng DL45-TYTENgang",Root,171436993,69000,69000,OEM,VND,69000,69000
TÚI CHỐNG SỐC LAPTOP SỌC ĐỎ,Thời Trang,44139086,68000,47000,OEM,VND,68000,47000
"Túi đựng mỹ phẩm, đồ du lịch cá nhân Misa VA21 Shalla",Thời Trang,34725415,63375,53625,Shalla,VND,63375,53625
Túi Đựng Đồ Du Lịch Nhiều Ngăn Lm30  TP'S,Root,144198734,83000,72000,OEM,VND,83000,72000
Combo 2 Hộp Đựng Tai Nghe Cáp Sạc Họa Tiết Hoạt Hình (Họa Tiết Ngẫu Nhiên),Thời Trang,10791801,61000,61000,OEM,VND,61000,61000
Túi Chống Sốc Laptop 14 Inch Có Dây Kéo Tiện Lợi  TP'S,Root,144198126,62000,54000,OEM,VND,62000,54000
Túi đựng mỹ phẩm du lịch mẫu mới,Root,169847963,150000,150000,OEM,VND,150000,150000
Túi đựng mỹ phẩm cá nhân,Root,125100411,75000,75000,OEM,VND,75000,75000
"Túi chống sốc dành cho Laptop và Macbook dạng lưới (Từ 13"" đến 17"") - tặng kèm cáp OTG",Thời Trang,22015749,65000,65000,OEM,VND,65000,65000
Túi đựng mỹ phẩm đa năng có móc,Root,252612899,65000,65000,OEM,VND,65000,65000
Túi Chống Sốc Laptop 15 Inch Có Dây Kéo Tiện Lợi,Root,181218538,62000,55000,OEM,VND,62000,55000
"Túi Đựng Mỹ Phẩm Du Lịch Hàn Quốc dây rút, chống thấm xếp gọn, đồ trang điểm, make up, dầu gội, sữa tắm trong vali",Root,171437391,79000,79000,OEM,VND,79000,79000
TÚI CHỐNG SỐC SỌC ĐỎ 14 INCH CHO MÁY TÍNH CỰC ÊM,Túi chống sốc,208411211,54000,54000,OEM,VND,54000,54000
MTS5KV - 28x22 cm - 25 túi giấy Kraft bọc bóng khí gói hàng chống sốc màu vàng nâu,Túi chống sốc,244167487,67500,67500,MAGIX,VND,67500,67500
"Túi đựng mỹ phẩm, đồ du lịch cá nhân Misa H22 Shalla",Thời Trang,34732177,60125,50875,Shalla,VND,60125,50875
"TÚI XÁCH TAY ĐỰNG MỸ PHẨM, ĐỒ DÙNG CÁ NHÂN HOA VĂN THƯƠNG HIỆU SANG CHẢNH",Túi chống sốc,193003946,69000,69000,OEM,VND,69000,69000
️ Túi Nỉ Chống Sốc Bảo Vệ Laptop - Macbook Đủ Size 11 inch - 16 inch,Root,173036338,79000,79000,OEM,VND,79000,79000
Túi Đựng Dụng Cụ Y Tế  tiện ích đựng Thuốc  NB54,Thời Trang,67604037,65000,65000,OEM,VND,65000,65000
Túi đựng mỹ phẩm du lịch có móc treo tiện lợi - Giao mầu ngẫu nhiên,Thời Trang,11467979,66000,66000,OEM,VND,66000,66000
"Túi Đựng Macbook Chống Sốc Laptop Nhiều Màu, Nữ Tính Cho Size 12'-14'",Root,173035913,69000,69000,OEM,VND,69000,69000
TÚI ĐỰNG MỸ PHẨM ĐỒ DÙNG ĐA NĂNG LOUS-VUON,Root,241892028,79000,79000,OEM,VND,79000,79000
Túi đựng mỹ phẩm gấp gọn,Root,217386766,87000,87000,OEM,VND,87000,87000
BỘ CHIẾT MỸ PHẨM TIỆN ÍCH DU LỊCH  -  4 MÓN ĐA NĂNG (1681),Thời Trang,35915608,53000,53000,OEM,VND,53000,53000
Bộ kit 8 món Hàn Quốc mini chiết mỹ phẩm tiện dụng cho các chuyến du lịch,Root,120464567,58989,56040,OEM,VND,58989,56040
"Túi đựng mỹ phẩm, đồ dùng cá nhân du lịch in họa tiết, có móc treo đứng, quai xách tặng kèm móc dán tường",Thời Trang,36783412,64837,54862,OEM,VND,64837,54862
"Khay mica trắng hình vuông trưng bày son, chai chiết nước hoa Rabbit Lab",Túi chống sốc,176610211,65000,65000,OEM,VND,65000,65000
"Túi đựng băng vệ sinh, túi đựng mỹ phẩm, văn phòng phẩm chất liệu Fannel cao cấp chống thấm nhẹ tiện dụng NA0052",Root,200795079,69000,69000,OEM,VND,69000,69000
Túi đựng chống sốc và chống nước cho macbook/laptop đủ size BUBM đủ size máy 11 inch - 16 inch.,Root,173034990,71760,71760,OEM,VND,71760,71760
[SGFS47] Túi đựng mỹ phẩm [CÓ SẴN][XINH XẮN] Túi đựng đồ du lịch thời trang,Túi chống sốc,176535924,54000,54000,OEM,VND,54000,54000
Túi chống sốc cho Macbook cao cấp 13 inch (Đen),Thời Trang,11132379,65900,65900,OEM,VND,65900,65900
Bộ chiết mỹ phẩm du lịch 7 món - Bộ chiết mỹ phẩm,Thời Trang,21159315,63000,63000,OEM,VND,63000,63000
TÚI CHỐNG SỐC SỌC ĐỎ 15 INCH CHO MÁY TÍNH CỰC ÊM,Túi chống sốc,208412576,60000,60000,OEM,VND,60000,60000
MTS4KV - 28x18.5 cm - 25 túi giấy Kraft bọc bóng khí gói hàng chống sốc màu vàng nâu,Túi chống sốc,244131835,55000,55000,MAGIX,VND,55000,55000
"TÚI XÁCH TAY ĐỰNG MỸ PHẨM, ĐỒ DÙNG CÁ NHÂN HOA VĂN THƯƠNG HIỆU SANG CHẢNH",Túi chống sốc,193003948,69000,69000,OEM,VND,69000,69000
"️ Túi Nỉ Đựng Chống Sốc Macbook, Laptop, iPad Độc Đáo, Nhiều Size Nhiều Màu.",Root,173036612,79000,79000,OEM,VND,79000,79000
Túi Chống Sốc 2 Ngăn Cao Cấp Có Lớp Lót Nhung Mềm Size 12/13/14/15.6 inch,Túi chống sốc,188549927,99000,69000,OEM,VND,99000,69000
"Combo 2 hộp thiếc tròn mini hoạt hình đựng tiền, tai nghe, cáp sạc - họa tiết ngẫu nhiên",Thời Trang,12246023,70000,66500,OEM,VND,70000,66500
TÚI CHỐNG SỐC SỌC ĐỎ 17 INCH CHO MÁY TÍNH CỰC ÊM,Túi chống sốc,208413172,80000,80000,OEM,VND,80000,80000
"Túi đựng mỹ phẩm nhiều ngăn cao cấp (chống thấm nước, có móc treo)",Root,159856363,59000,59000,OEM,VND,59000,59000
Túi bảo vệ chống sốc Laptop vải lưới polyester 14 inch loại dày _ Đen,Thời Trang,23830928,56900,52000,OEM,VND,56900,52000
TÚI CHỐNG SỐC 14inch tặng kèm bộ  vệ sinh 4 món,Thời Trang,22967660,74900,66000,OEM,VND,74900,66000
"Túi đeo hông, Túi đeo bụng, đeo chéo nam, nữ vải canvas",Root,168766856,65000,65000,OEM,VND,65000,65000
Set 3 túi đựng mỹ phẩm trong suốt,Túi chống sốc,193702117,69000,69000,OEM,VND,69000,69000
"Túi chống sock Laptop xốp lưới siêu rẻ các size 12', 13', 14',15',17'",Túi chống sốc,190623924,68000,68000,OEM,VND,68000,68000
Túi đựng mỹ phẩm chống bể chai lọ,Root,125100641,55000,55000,OEM,VND,55000,55000
Túi đựng mỹ phẩm dây rút hàng đẹp,Root,138904133,54000,54000,OEM,VND,54000,54000
"TÚI CHỐNG SỐC SỌC ĐỎ 15""",Túi chống sốc,200998803,74000,58000,OEM,VND,74000,58000
"Túi Đựng Giày Cao Cấp, Túi Du Lịch Hàn Quốc, chống thấm ngăn mùi, xếp gọn đa năng trong vali túi Bag in Bag.",Root,171438572,79000,79000,OEM,VND,79000,79000
Bộ chiết mỹ phẩm du lịch 5 món ( loại xịn ),Root,217386781,87000,87000,OEM,VND,87000,87000
Dép bánh mì 2 quai Unisex đúc nguyên khối siêu nhẹ đi mưa nam nữ iDÉP DL208,Túi chống sốc,193199130,59000,59000,OEM,VND,59000,59000
MTS1H -18x16cm - COMBO 25 TÚI GÓI HÀNG CHỐNG SỐC BỌC BÓNG KHÍ MÀU HỒNG PASTEL,Túi chống sốc,208632099,55250,55250,MAGIX,VND,55250,55250
Túi chống sốc laptop 14 inch có dây kéo,Túi chống sốc,208416793,65000,65000,OEM,VND,65000,65000
MTS4 - 34x23 cm - 25 Túi chống sốc bọc bóng khí,Túi chống sốc,145627465,68250,68250,MAGIX,VND,68250,68250
Túi chống sốc laptop 13 - 14 -15 inch elastic siêu đàn hồi thời trang cao cấp Shalla T45 tặng bút cảm ứng,Túi chống sốc,142104792,71760,60720,OEM,VND,71760,60720
Túi chống sốc laptop siêu bền coler trơn cao cấp,Thời Trang,56020162,69224,61908,OEM,VND,69224,61908
Ví Đựng Mỹ Phẩm mini Bộ 3 Hình Vương Miệng nhựa trong suốt CH6 Shalla,Root,169655403,66000,66000,OEM,VND,66000,66000
"Túi Tote túi xách đựng đồ mang đi làm, đi chơi, đi du lịch Không thấm nước, màu sắc thời trang",Root,160185507,59400,59400,OEM,VND,59400,59400
Túi đựng mỹ phẩm du lịch có quai xách và móc treo - Giao mầu ngẫu nhiên,Thời Trang,12638214,68000,68000,OEM,VND,68000,68000
Khăn quấn quay túi xách hoạ tiết hoa trà,Túi chống sốc,167959849,65000,65000,OEM,VND,65000,65000
Túi đựng mỹ phẩm đa chức năng,Thời Trang,41578831,64000,64000,OEM,VND,64000,64000
Bộ 2 Bộ chiết mỹ phẩm 6 món Màu Hồng,Thời Trang,31612931,74950,74950,OEM,VND,74950,74950
Túi vải đựng đồ bóng đá cao cấp 2022,Túi chống sốc,200548959,75000,75000,Wika,VND,75000,75000
Túi đựng mỹ phẩm đa năng có móc,Root,251014586,65000,65000,OEM,VND,65000,65000
Túi đựng mỹ phẩm đa năng có móc,Root,251021625,65000,65000,OEM,VND,65000,65000
"( Size Lớn ) Túi Đựng Mỹ Phẩm, Đồ Trang Điểm WASHBAG - Túi Đựng Đồ Cá Nhân Du Lịch Thời Trang Chống Thấm Nước",Root,253347908,72000,72000,OEM,VND,72000,72000
Túi Nilon Đen Bóng Dẻo Dai Có Quai Sách (Size 21 Đựng 1 Kg)  1kg,Root,253072238,56000,56000,OEM,VND,56000,56000
"TÚI CHỐNG SỐC SỌC ĐỎ 15""",Túi chống sốc,200998800,74000,58000,OEM,VND,74000,58000
MTS3A MTS3AH - 26.5x22cm - COMBO 25 TÚI GÓI HÀNG CHỐNG SỐC BỌC BÓNG KHÍ - NHIỀU MÀU,Túi chống sốc,212475152,65750,65750,MAGIX,VND,65750,65750
Khay mica trắng hình vuông trưng bày mỹ phẩm Rabbit Lab,Túi chống sốc,176610207,78000,78000,OEM,VND,78000,78000
Túi vải đựng đồ bóng đá cao cấp 2023,Túi chống sốc,215886002,69000,69000,Wika,VND,69000,69000
Túi đựng mỹ phẩm gấp gọn,Root,248261825,76000,76000,OEM,VND,76000,76000
Túi đựng mỹ phẩm Hàn Quốc,Root,248262816,66000,66000,OEM,VND,66000,66000
Túi vải đựng đồ bóng đá cao cấp  2022 -2023,Túi chống sốc,200543855,75000,75000,Wika,VND,75000,75000
Túi đựng mỹ phẩm đi du lịch mẫu mới xịn TUUDODO nhiều ngăn có móc treo tiện lợi - Túi đựng đồ trang điểm du lịch đa năng,Root,252888016,58000,58000,OEM,VND,58000,58000
"Túi Chống Sốc Laptop Cao Cấp Lót Nhung ,Chống Nước Logo 3D - ( 2 Ngăn )",Root,248641390,80000,80000,OEM,VND,80000,80000
"Túi chống sốc máy tính xách tay LÓT NHUNG /2 NGĂN (Xám/Xanh/Đỏ) 12/13/14""",Root,248641354,70000,70000,OEM,VND,70000,70000
Túi Toiletry Pouch Đựng Mỹ Phẩm Gấp Gọn Khi Đi Du Lịch Cắm Trại,Root,253073845,54000,54000,OEM,VND,54000,54000
"TÚI XÁCH TAY ĐỰNG MỸ PHẨM, ĐỒ DÙNG CÁ NHÂN HOA VĂN THƯƠNG HIỆU SANG CHẢNH",Túi chống sốc,253403357,68000,68000,OEM,VND,68000,68000
Bộ 3 Chiết Mỹ Phẩm Silicon (TẶNG MÓC KHÓA GỖ),Túi chống sốc,196056514,69000,69000,OEM,VND,69000,69000
"Túi đựng mĩ phẩm, đồ trang điểm du lịch cá nhân Phụ Kiện Girl túi đa năng chống thấm nước cao cấp tiện ích,",Túi chống sốc,216000780,64990,64990,OEM,VND,64990,64990
MTS2H - 21.5x12cm - COMBO 25 TÚI GÓI HÀNG CHỐNG SỐC BỌC BÓNG KHÍ MÀU HỒNG PASTEL,Túi chống sốc,208632434,63000,63000,MAGIX,VND,63000,63000
"Túi Đựng Mỹ Phẩm, Đồ Trang Điểm Đi Du Lịch Chống Thấm Nước Washbag",Root,253619758,74700,74700,OEM,VND,74700,74700
MTS1KV - 18x11.5 cm -  50 túi giấy Kraft bọc bóng khí gói hàng chống sốc màu vàng nâu,Túi chống sốc,243088839,65000,65000,MAGIX,VND,65000,65000
Túi Nilon Đen Bóng Dẻo Dai Có Quai Sách (Size 30 Đựng 5Kg) 1kg,Root,253075501,56000,56000,OEM,VND,56000,56000
Bộ chiết mỹ phẩm cao cấp D-082A,Thời Trang,14433975,77000,77000,OEM,VND,77000,77000
Túi đựng mỹ phẩm đa năng có móc,Root,252623542,65000,65000,OEM,VND,65000,65000
"Túi đựng giày dép du lịch, túi DÂY RÚT bảo quản giày dép đa năng tiện ích",Root,100185108,8900,8900,OEM,VND,8900,8900
"Túi Dây rút Chống Nước Bảo vệ tai nghe,Pin Sạc điện thoại nhỏ,Các vật dụng Cá Nhân nhỏ",Root,107616590,15000,15000,OEM,VND,15000,15000
Túi Đựng Giày Dép Du Lịch Đa Năng Có Dây Rút Loại To Không Thấm Nước,Túi trống,104741767,8900,8900,OEM,VND,8900,8900
"Túi đựng giày dép vải dù dây rút cao cấp, bảo quản chống ẩm mốc, bỏ vừa vali du lịch",Túi trống,171054943,12000,12000,OEM,VND,12000,12000
Túi Đựng Mỹ Phẩm Họ0a Tiết Hoa Nhí Màu Sắc Xinh Xắn Chống Nước Túi Mỹ Phẩm Du Lịch Tiện Lợi,Túi trống,184098164,25000,15000,OEM,VND,25000,15000
"Túi đựng giày dép (40x30cm) đựng giầy, đựng guốc chống nước, chống bụi, đựng đồ đi du lịch công tác tiện ích",Túi trống,107553897,12000,12000,OEM,VND,12000,12000
Túi zíp túi dây kéo chống nước đi du lịch,Root,89427743,6000,6000,OEM,VND,6000,6000
Túi Đựng Giày Hoạ Tiết Chống Bẩn Đi Du Lịch Tiện Lợi,Root,89427204,6900,6900,OEM,VND,6900,6900
Túi Đựng Điện Thoại Chống Nước - Màu ngẫu nhiên,Thời Trang,48090467,13900,13900,OEM,VND,13900,13900
Túi vải dây rút mini 8x10cm,Túi trống,129863252,4000,4000,OEM,VND,4000,4000
"Túi Dây Rút Chống Nước Du Lịch Đựng Giày Dép, Đồ Dùng, Mỹ Phẩm",Thời Trang,68950316,4499,4499,OEM,VND,4499,4499
Túi dây rút Oxford chống thấm nước đựng đồ thể thao du lịch dã ngoại TDL15,Root,206290974,14900,14900,OEM,VND,14900,14900
"Túi đựng giày dép du lịch, túi DÂY RÚT bảo quản giày dép đa năng tiện ích",Root,105532147,11900,11900,OEM,VND,11900,11900
Túi Đựng Giày Dép Du Lịch Có Dây Rút,Túi trống,109001130,11000,11000,OEM,VND,11000,11000
"Túi đựng đồ dùng cá nhân, mỹ phẩm trang điểm T006 trơn chống thấm, nhỏ gọn, tiện lợi",Túi trống,136795311,25000,15000,OEM,VND,25000,15000
Túi ZIP Lụa Mờ Có Khoá Kéo Đựng Đồ Tiện Dụng,Túi trống,111821003,4000,2000,OEM,VND,4000,2000
"Túi Đựng Giày Dép Chống Bẩn Đa Năng Có Dây Rút Mang Đi Du Lịch Rất Tiện Lợi, Túi Đựng Giày Thể Thao Hoạ Tiết",Túi trống,140357518,11000,11000,OEM,VND,11000,11000
"100gr túi opp dán keo size nhỏ đựng phụ kiện, trang sức... (100gr/1size)",Root,168795035,10000,10000,OEM,VND,10000,10000
Túi đựng mỹ phẩm cá nhân du lịch chống thấm nước,Thời Trang,19991507,18000,18000,OEM,VND,18000,18000
"Túi dây rút vải Canvas nhỏ xinh đựng cà phê treo ô tô, hoa thơm, trang trí.....",Túi trống,129863094,5000,5000,OEM,VND,5000,5000
Túi đựng giầy size 35*27cm và 41*31cm,Túi trống,89661408,14800,14800,OEM,VND,14800,14800
Túi vải không dệt PlasmaKare,Balo và Vali,72665791,20000,20000,PlasmaKare,VND,20000,20000
[GRMN53] Túi đựng đồ dây rút chống thấm hình gấu broun [SIÊU XINH] [SIÊU TIỆN] Túi dây rút tiện dụng,Túi trống,153413984,5000,5000,OEM,VND,5000,5000
SET 10 TÚI ZIP ĐỰNG QUẦN LÓT SHORT COLLECTION TIỆN DỤNG,Túi trống,139148817,8000,8000,OEM,VND,8000,8000
Túi Đựng Giày Dép Dây Rút Chống Bẩn Du Lịch Size Lớn Với Họa Tiết Thiết Kế Đẹp Mắt,Túi trống,147742888,24900,24900,OEM,VND,24900,24900
"Túi đựng giày dép vải dù cao cấp có dây rút, 2 size nam nữ, chống bụi bẩn - tiện lợi khi đi du lịch",Túi trống,181998831,15000,15000,OEM,VND,15000,15000
"Túi đựng khăn giấy, mỹ phẩm, trang sức tiện dụng an toàn 208122",Root,116856915,10000,10000,OEM,VND,10000,10000
BAO TẢI DỨA XANH 90 x 120 cm hàng mới 100% loại mới đẹp,Balo và Vali,151686775,6000,6000,OEM,VND,6000,6000
TÚI ZIP LỤA MỜ KHOÁ KÉO ĐỰNG ĐỒ CAO CẤP,Túi trống,145562409,5000,5000,OEM,VND,5000,5000
Túi đựng giày dép vải dù dây rút chống bụi ẩm mốc họa tiết đa dạng tiện lợi bỏ vali du lịch,Túi trống,206144257,4900,4900,OEM,VND,4900,4900
"Túi Đựng Giày Dép có Dây Rút Chống Nước tập Gym, đá bóng, Thể Thao, Du Lịch Tiện Dụng Chống Bụi Size To 43x28.5 cm TT12",Root,124942154,13500,13500,OEM,VND,13500,13500
Túi Đựng Giày Hoạ Tiết Chống Bẩn Đi Du Lịch Tiện Lợi TDG01,Túi trống,140429114,4000,4000,OEM,VND,4000,4000
Ví thiếc hộp thiếc đựng trang sức cáp sạc tai nghe tiền xu có khóa kéo,Root,89427709,9900,9900,OEM,VND,9900,9900
"Bóp ví đựng thẻ ngân hàng, tiền, mỹ phẩm son môi, dụng cụ học tập vải OXFORD",Root,89427071,15000,15000,OEM,VND,15000,15000
TÚI ZIP LỤA MỜ KHOÁ KÉO LOẠI TÚI KÍN DẺO DAI HÀNG ĐẸP,Túi trống,119426228,1900,1900,OEM,VND,1900,1900
TÚI LỤA DÂY RÚT ĐỰNG ĐỒ HÌNH KHỦNG LONG,Túi trống,119426224,2100,2100,OEM,VND,2100,2100
Túi Zip Đựng Đồ Trong Suốt Hoạ Tiết Dễ thương,Root,89427474,4490,4490,OEM,VND,4490,4490
Túi đựng mỹ phẩm hoa văn chống nước,Túi trống,102005918,8499,8499,OEM,VND,8499,8499
Túi đựng mỹ phẩm hoa văn chống nước,Root,91623613,8899,8899,OEM,VND,8899,8899
Túi đựng giầy,Thời Trang,22520352,11000,11000,OEM,VND,11000,11000
Túi vải canvas nhỏ mini đựng đồ phong cách hàn quốc dễ thương,Túi trống,181714010,14989,14989,OEM,VND,14989,14989
"Túi zip chống nước trong suốt đựng mỹ phẩm giày dép quần áo | Túi dây rút chery , mèo, xương rồng",Root,114686360,4799,4799,OEM,VND,4799,4799
Túi Bịch Chiết Đựng Mỹ Phẩm Kem Dầu Gội Xả Sữa Tắm Nhỏ Gọn Đi Du Lịch 30ml 50ml 100ml Legaxi,Túi trống,196382113,5500,5500,Legaxi,VND,5500,5500
Túi zip để đồ chống bụi du lịch hoa văn con gấu - Phong cách Hàn Quốc chống ẩm mốc - túi đựng giày quần áo,Root,200794754,15000,15000,OEM,VND,15000,15000
Túi đựng mỹ phẩm vật dụng,Túi trống,133673620,15000,15000,OEM,VND,15000,15000
"thanh lý túi canvas, tote đựng tiện ích, đồ du lịch",Root,170296383,15000,15000,OEM,VND,15000,15000
"Túi Đựng Giày Dép Du Lịch  Loại To Dày Có Dây Rút Tiện lợi Chống Bám Bụi, Ẩm Mốc",Túi trống,178952515,12500,12500,OEM,VND,12500,12500
Túi Vải Đựng Giày Dép Dây Rút Chống Bẩn Du Lịch Size Lớn Với Họa Tiết Thiết Kế Đẹp Mắt,Balo và Vali,179781779,5900,5900,OEM,VND,5900,5900
Túi dây rút gấu POPULAR đựng giày dép áo quần vật dụng cá nhân mỹ phẩm đồ dùng tiện ích chống nước,Túi trống,140429725,6000,6000,OEM,VND,6000,6000
Túi rút đựng tất gấu (16x20),Túi trống,124146548,2300,2300,OEM,VND,2300,2300
Ví nữ mini ngắn đẹp cầm tay thời trang cao cấp nhỏ gọn bỏ túi MN36,Root,170639197,10000,10000,OEM,VND,10000,10000
Túi Du Lịch Trong Suốt Có Quai Xách Bằng Nhựa PVC,Túi trống,253324959,8000,8000,NAVIVU,VND,8000,8000
Túi Đựng Giày Dép Du Lịch Dây Rút Chống Thấm Chống Bụi,Root,79642107,6300,6300,OEM,VND,6300,6300
Túi Vải Đựng Giày Dép,Balo và Vali,138030893,6400,6400,OEM,VND,6400,6400
Túi Đựng Giày Dép Dây Rút Chống Bẩn Du Lịch Cao Cấp HKD61,Root,225113256,12000,7900,OEM,VND,12000,7900
"Túi đựng tiện tích ,túi đựng đồ đa năng, mỹ phẩm, đồ dùng học tập, vải chông thấm nước ZnT811",Root,170247381,15000,15000,OEM,VND,15000,15000
Túi Đựng Điện Thoại Chống Nước,Thời Trang,16271551,10000,10000,OEM,VND,10000,10000
Túi Đựng Đồ Trang Điểm,Túi trống,86573272,15000,14000,OEM,VND,15000,14000
"5 Vỏ Bọc bảo vệ thẻ căn cước, thẻ sinh viên, bằng lái xe, thẻ nhân viên,thẻ ATM,...",Root,194860493,5000,5000,OEM,VND,5000,5000
Túi đựng Mỹ phẩm Tiện ích Nhựa dẻo combo 3 món C12,Thời Trang,67603428,96000,96000,OEM,VND,96000,96000
"Túi bạt dứa đựng chăn quần áo mọi kích thước siêu to, siêu rẻ, siêu bền chống thấm nước. Vật dụng cần thiết trong mỗi gia đình",Túi trống,119696670,10000,10000,OEM,VND,10000,10000
Combo 5 Túi Zip Lụa Mờ Có Khoá Kéo Đựng Đồ Tiện Dụng,Túi trống,178014402,20000,10000,OEM,VND,20000,10000
[HSP53] Túi đựng đồ dây rút chống thấm hình gấu broun [SIÊU XINH] [SIÊU TIỆN] Túi dây rút tiện dụng,Túi trống,139970736,5000,5000,OEM,VND,5000,5000
Túi vải đa năng,Root,141494864,10000,10000,OEM,VND,10000,10000
"Túi ví zip chống thấm đựng bút viết, mỹ phẩm size A5 hình ngựa dễ thương",Root,98867569,15000,15000,OEM,VND,15000,15000
Thẻ Bọc Căn Cước Công Dân và Tất cả giấy tờ Cá nhân,Root,157095756,1299,1000,OEM,VND,1299,1000
"Túi bọc bảo quản giày/dép tại nhà, đi du lịch tiện lợi",Root,178101968,5000,5000,OEM,VND,5000,5000
Túi đựng mỹ phẩm loại rẻ- màu ngẫu nhiên,Root,144462003,15000,15000,OEM,VND,15000,15000
Túi đựng điện thoại chống nước cute,Root,104850030,15000,15000,OEM,VND,15000,15000
Hộp 200 bao tay túi bóng trong suốt,Túi trống,89472430,9900,9900,OEM,VND,9900,9900
Túi đựng hành tỏi treo tường,Root,213559507,15000,15000,OEM,VND,15000,15000
"Vỉ 6 túi bọc bảo vệ thẻ ngân hàng, thẻ tên chống nước",Túi trống,155243841,8000,8000,OEM,VND,8000,8000
Túi Chườm Nóng Lạnh Mini Đa Năng - Túi Chườm Tiện Ích Màu sắc Xinh Xắn,Root,252037139,7000,7000,OEM,VND,7000,7000
"Túi zip ví chống thấm đựng bút, mỹ phẩm size A5 hình báo hồng dễ thương",Túi trống,98863175,15000,15000,OEM,VND,15000,15000
"Túi Đựng Giày Dép Dây Rút(combo 5 túi ) Chống Nước Chống Bụi Bẩn Tiện Lợi Khi Mang Theo Đi Du Lịch ,Giỏ Đựng Giày TG01",Root,244168534,13000,13000,OEM,VND,13000,13000
"Combo Túi Đựng Bình Nước Giữ Nhiệt, Túi Đựng Mỹ Phẩm, Túi Đựng Bút, Ví Đi Chợ Vải Canvas Chống Nước Tiện Lợi",Túi trống,249944874,10000,10000,Mai Anh House,VND,10000,10000
"Túi Khoá Zip Du Lịch Chống Thấm Nước Tiện Lợi Đựng Quần Áo Giày Dép Mỹ Phẩm, Đồ Dùng Cá Nhân",Root,247816690,8700,4350,OEM,VND,8700,4350
Túi Đựng Đồ Du Lịch Cá Nhân Siêu Tiện Dụng,Thời Trang,20542568,49000,49000,OEM,VND,49000,49000
Túi Đựng Đồ Cá Nhân Du Lịch Túi Đựng Mỹ Phẩm Du Lịch Chống Thấm Nước Deli - Túi Đựng Đồ Trang Điểm Cá Nhân Trong Suốt WASHBAG Tiện Lợi Đi Biển - VS643 646,Túi trống,248686991,70000,39000,Deli,VND,70000,39000
Túi đựng đồ mỹ phẩm cotton tiện dụng 205880,Root,110167125,30000,30000,OEM,VND,30000,30000
Túi đựng đồ trang điểm - túi đựng vật dụng tiện lợi vải dù chống thấm nước họa tiết hoa văn - nhiều màu,Thời Trang,38588476,29000,27550,OEM,VND,29000,27550
"Túi đựng giày dép có quai xách size lớn chống thấm nước, giày đá bóng, giày thể thao - JL - Màu ngẫu nhiên",Túi trống,207012248,29000,27550,OEM,VND,29000,27550
"Túi đựng mỹ phẩm đồ trang điểm chống nước, túi đựng đồ du lịch cá nhân",Root,89428908,19900,19900,OEM,VND,19900,19900
"Túi Đựng Mỹ Phẩm, Đồ Trang Điểm MOHI MT11 - Hàng Chính Hãng",Túi trống,73764031,29000,27550,MO hi,VND,29000,27550
Túi đựng hộp cơm giữ nhiệt nóng lạnh chống nước TĐC04,Root,89427914,28500,28500,OEM,VND,28500,28500
"Túi Đựng Giày Hoạ Tiết Chống Thấm Nước Mang Đi Du Lịch Tiện Lợi, Bụi Bẩn, Dùng Để Giày, Dép, Gọn Gàng, Tiện Lợi",Túi trống,134407847,50000,25750,OEM,VND,50000,25750
"Túi đựng mỹ phẩm, đồ du lịch cá nhân tiện lợi chống nước - Nhiều màu lựa chọn",Thời Trang,22015762,40200,40200,OEM,VND,40200,40200
Túi y tế đựng thuốc đi du lịch nhiều ngăn đa năng,Root,89427467,29000,29000,OEM,VND,29000,29000
Set 3 Túi Trong Suốt Đựng Mỹ Phẩm Đi Chơi Du Lịch Hoặc Mua Lẻ 1 Trong 3 Travell,Túi trống,95253366,19699,17617,OEM,VND,19699,17617
Túi đựng giày dép đi du lịch thể thao đá bóng chống thấm có khoá kéo,Root,89426837,21900,21900,OEM,VND,21900,21900
Túi đựng mỹ phẩm du lịch Pure White,Túi trống,135537853,25000,25000,OEM,VND,25000,25000
Túi bạt siêu to. Túi Bạt Túi Dứa Túi Đựng Đồ Có Khóa Kéo Túi Vải Bạt Đựng Quần Áo,Túi trống,114696357,24000,24000,OEM,VND,24000,24000
Túi đựng đồ trang điểm - túi đựng vật dụng tiện lợi da PU chống thấm nước hình quả bơ - nhiều màu,Thời Trang,58960812,39000,37050,OEM,VND,39000,37050
"Túi Đựng Thuốc, Đồ Y Tế Khi Đi Du Lịch, Cắm Trại Nhỏ Gọn",Túi trống,124276674,35000,35000,OEM,VND,35000,35000
"Túi mini đựng son, đồ skincare, giỏ ví cá nhân bỏ túi du lịch hình cute Hàn Quốc giá rẻ",Root,116618021,23500,23500,OEM,VND,23500,23500
"Túi Đựng Giày + Dép Tiện Lợi, Chống Nước TG.SB001  | Thích Hợp Đi Du Lịch, Dã Ngoại | Có Thể Gấp Gọn",Thời Trang,20877390,25000,25000,OEM,VND,25000,25000
"Túi bạt dứa túi đựng đồ chăn quần áo mọi kích thước siêu bền, tiện dụng cho mọi gia đình.",Túi trống,114696198,28000,28000,OEM,VND,28000,28000
Túi đựng mỹ phẩm - đồ dùng cá nhân đi du lịch,Balo và Vali,216918211,29000,29000,OEM,VND,29000,29000
"Túi đựng mỹ phẩm chống nước Agnite màu Hồng, túi WASHBAG tiện lợi đi du lịch, hoạt động ngoài trời - VS643-646",Túi trống,249856732,70000,35000,Agnite,VND,70000,35000
"Túi Trong Suốt Xách Tay, Túi Đựng Đồ Đa Dụng Trong Suốt.",Root,136431583,29000,29000,OEM,VND,29000,29000
"Túi đựng mỹ phẩm, dụng cụ trang điểm, tiện lợi mang đi du lịch",Túi trống,76551239,29000,29000,OEM,VND,29000,29000
"Túi giỏ đựng giày dép có quai xách  size lớn chống thấm nước, giày đá bóng, giày thể thao... - Màu ngẫu nhiên",Balo và Vali,21055982,29800,29800,OEM,VND,29800,29800
"Túi Trong Suốt Xách Tay, Túi Đựng Đồ Đa Dụng Trong Suốt.",Root,138386959,28999,28999,OEM,VND,28999,28999
"Túi bạt dứa đựng chăn màn, quần áo mọi kích thước siêu bền chống nước, tiện dụng.",Túi trống,114696862,28000,28000,OEM,VND,28000,28000
"Túi lưới đựng đồ lót tất vớ cá nhân nhiều ngăn tiện lợi, hộp vải chia ô đựng đồ để tủ quần áo gọn gàng GD611-NQAL",Root,212052010,25000,25000,OEM,VND,25000,25000
"Túi đựng mỹ phẩm, đồ du lịch cá nhân",Túi trống,19283982,30000,30000,OEM,VND,30000,30000
Túi đựng mỹ phẩm xuyên thấu phong cách hiện đại TMP13,Root,89427489,28900,28900,OEM,VND,28900,28900
"Túi Vải Nhỏ Dây Rút Tiện Lợi Đựng Giày,Vật dụng Cá Nhân Họa Tiết Vịt Vàng Nổi Bật",Túi trống,192924389,25000,23750,OEM,VND,25000,23750
SET 10 Túi Voan Dây Rút Nhỏ 9x12cm Túi Tím Đựng Nụ Hoa,Túi trống,180868620,20000,20000,OEM,VND,20000,20000
Túi đựng mỹ phẩm trang điểm cá nhân chống thấm nhỏ gọn tiện lợi TN180,Túi trống,129730727,19000,19000,TAKIHA,VND,19000,19000
"Túi Bạt Dứa Đựng Chăn Màn Tiện Lợi, đồ tiện dụng trong nhà ️️ Sản Phẩm Full Size Cho Nhiều Mục Đích Sử Dụng",Túi trống,114696474,26000,26000,OEM,VND,26000,26000
10 túi nhung đen dây rút 7x9 cm,Túi trống,80946632,30000,30000,OEM,VND,30000,30000
Túi đựng băng vệ sinh đa năng chống thấm có thể đựng mỹ phẩm son phấn tiện lợi,Túi trống,203899296,25000,25000,OEM,VND,25000,25000
Túi Đựng Mỹ Phẩm Đựng Đồ Trang Điểm Đi Du Lịch Cá Nhân Chống Thấm Nước Washbag Tiện Lợi Nhiều Kích Thước TD26,Túi trống,102129338,27000,27000,OEM,VND,27000,27000
Túi Dây rút thể thao,Root,84447153,25000,25000,OEM,VND,25000,25000
Bộ 3 Túi Đựng Giày Nhỏ Gọn Tiện Dụng Size To,Thời Trang,33393122,25000,25000,OEM,VND,25000,25000
Túi Xách Tay Đựng Đồ Dùng Đa Năng Tiện Dụng 208120,Root,95393783,27300,27300,OEM,VND,27300,27300
Hộp Vuông Nhôm Đựng Phụ Kiện Có Nắp Đậy,Thời Trang,41247236,29000,29000,OEM,VND,29000,29000
túi đeo chéo mini trơn dành cho nam màu đen cá tính thiết kế nhỏ gọn tiện lợi khi đi chơi đi du lịch TA076,Túi trống,207737226,17690,17690,OEM,VND,17690,17690
Túi đựng đồ mỹ phẩm tiện ích 205902,Root,177559869,23000,23000,OEM,VND,23000,23000
"10 Túi zip lụa 2 MẶT NHÁM siêu đẹp, bền, siêu chống thấm, tiện lợi - Túi zipper A1005 - Zip A1",Túi trống,133808234,29600,29600,OEM,VND,29600,29600
"Túi Đựng Đồ Có Khóa kéo, siêu bền. Tiện Lợi Thích hợp Đựng Quần Áo, chăn màn. TB02",Root,114696819,26000,26000,OEM,VND,26000,26000
Túi Đựng Mỹ Phẩm Không Thấm Nước siêu xinh,Túi trống,181655820,20000,20000,OEM,VND,20000,20000
Túi đựng đồ ăn giữ nhiệt,Túi trống,134507355,22000,22000,OEM,VND,22000,22000
Bộ chiết mỹ phẩm du lịch tiện lợi,Balo và Vali,190311238,25000,25000,OEM,VND,25000,25000
Túi Đựng Hộp Cơm ( Mùa ngẫu nhiên),Túi trống,229720875,29000,29000,OEM,VND,29000,29000
Túi Đựng Đồ Mỹ Phẩm Cotton Tiện Dụng 205880,Túi trống,110164651,24000,22800,OEM,VND,24000,22800
Túi thổ cẩm đựng mỹ phẩm,Root,136940009,17539,17539,OEM,VND,17539,17539
HOT TREND Túi đeo chéo unisex đựng đồ canvas phong cách Hàn Quốc siêu HOT,Túi trống,174176077,29000,29000,OEM,VND,29000,29000
Bộ chiết mỹ phẩm 7 món nhựa cứng cáp an toàn tiện lợi đi du lịch,Túi trống,110378136,39000,39000,OEM,VND,39000,39000
"Túi bạt dứa đựng chăn màn, quần áo chống thấm nước nhiều kích thước",Root,114696307,28000,28000,OEM,VND,28000,28000
"Túi Nhựa Đựng Mỹ Phẩm, Đồ Ướt Du Lịch",Root,138385893,26999,26999,OEM,VND,26999,26999
Túi đựng mỹ phẩm cầm tay HQ họa tiết chữ cái in hoa 19x11cm,Root,53492320,25745,25745,OEM,VND,25745,25745
"ĐỦ MÀU - Túi đựng laptop chống sốc, chống thấm nước có quai xách tiện lợi - giao màu ngẫu nhiên",Root,105533706,29000,29000,OEM,VND,29000,29000
Túi Toiletry Pouch Đựng Mỹ Phẩm Gấp Gọn Khi Đi Du Lịch Cắm Trại,Túi trống,124273834,30000,30000,OEM,VND,30000,30000
Túi du lịch đựng đồ cá nhân phong cách Hàn Quốc 205880 tặng 01 bút bi cao cấp TLG,Root,177603788,22836,22836,OEM,VND,22836,22836
Túi đựng đồ mỹ phẩm cotton tiện dụng HQ 205880-3,Túi trống,116115424,25000,23750,OEM,VND,25000,23750
"Túi Đựng Đồ Mĩ Phẩm, Du Lịch Kiểu Dáng Hàn Quốc",Root,172192504,26000,26000,OEM,VND,26000,26000
Túi đựng mỹ phẩm thêu hoa,Root,136939993,25000,25000,OEM,VND,25000,25000
Túi du lịch đựng đồ cá nhân phong cách Hàn Quốc 205880,Root,172191803,29000,29000,OEM,VND,29000,29000
Giỏ vải bố đựng đồ cá nhân văn phòng Lớn - giao ngẫu nhiên,Túi trống,181714122,18900,18900,OEM,VND,18900,18900
"Túi Phụ Kiện Đeo Thắt Lưng Thể Thao Nam Nữ Chống Thấm ,TDTT03",Thời Trang,39326021,29596,26468,OEM,VND,29596,26468
Túi đựng đồ mỹ phẩm cotton tiện dụng 205880,Root,177556657,21000,21000,OEM,VND,21000,21000
"Túi đựng đồ trang điểm, túi du lịch mini",Túi trống,167015223,30000,30000,OEM,VND,30000,30000
Ví đựng giấy tờ xe ô tô logo mitsubishi Bảo Hành Uy Tín Lỗi 1 Đổi 1,Root,85800889,238000,238000,OEM,VND,238000,238000
bì chịu nhiệt PP làm phôi nấm 20 cái,Túi trống,193062669,20000,20000,OEM,VND,20000,20000
Túi đựng mỹ phẩm xanh họa tiết hoa,Thời Trang,4420473,50000,50000,Travel,VND,50000,50000
Túi Nhung Đưng Tarot Tiền Điện Thoại Cao Cấp,Thời Trang,31919613,19000,19000,Nifoki,VND,19000,19000
Túi đựng mỹ phẩm trong suốt chống thấm nước màu sắc tươi sáng dễ thương túi xách nhựa dẻo có thể xếp gọn,Root,167488374,16500,16500,OEM,VND,16500,16500
Túi Đựng Đồ Trang Điểm,Root,111821157,34000,17000,OEM,VND,34000,17000
"HÀNG LOẠI 1 Túi Nhựa PVC Trong Suốt Đựng Mỹ Phẩm, Đồ Dùng Học Tập Không Thấm Nước",Root,163887799,26000,26000,OEM,VND,26000,26000
10 TÚI ZIP LỤA MỜ KHÓA KÉO LOẠI DÀY DẶN CHỐNG THẤM NƯỚC CAO CẤP,Túi trống,143997543,25000,25000,OEM,VND,25000,25000
Túi du lịch đựng đồ mỹ phẩm chống nước cao cấp TU 902-3 (Xanh),Túi trống,110165330,30000,28500,OEM,VND,30000,28500
bì chịu nhiệt PP làm phôi nấm 20 cái,Túi trống,193062667,20000,20000,OEM,VND,20000,20000
"Túi đựng mỹ phẩm Mirage, đựng đồ trang điểm, du lịch, chống nước, chất liệu PVC/EVA cao cấp",Túi trống,135537891,18000,18000,OEM,VND,18000,18000
Túi Đựng Đồ Trang Điểm Gấp Gọn Chống Thấm Nước Màu Trơn (màu ngẫu nhiên) - YM002,Thời Trang,50969753,25000,25000,OEM,VND,25000,25000
Túi đựng bình nước và ly giữ nhiệt,Túi trống,133675892,29000,29000,OEM,VND,29000,29000
"Túi Nhựa Đựng Mỹ Phẩm, Đồ Ướt Du Lịch",Túi trống,155244310,28000,28000,OEM,VND,28000,28000
Túi du lịch đựng đồ mỹ phẩm chống nước TU 902-2 (Đỏ),Root,177557628,26291,26291,OEM,VND,26291,26291
Túi du lịch đựng đồ mỹ phẩm chống nước TU 902-1(Xanh),Root,177554736,26291,26291,OEM,VND,26291,26291
Túi đựng mỹ phẩm 20x13x10 Cm,Túi trống,143114658,25000,25000,OEM,VND,25000,25000
Túi đựng mỹ phẩm đồ dùng du lịch cá nhân chống thấm nước Hàn Quốc (Màu ngẫu nhiên),Thời Trang,17891020,40200,40200,OEM,VND,40200,40200
"Túi Đựng Mỹ Phẩm, Túi Đa Năng Chống Thấm Nước",Root,138384824,26999,26999,OEM,VND,26999,26999
"Túi Cói Đan Phiên Bản Hàn Quốc ,Túi Du Lịch, Túi Đi Biển, Túi Selfie Đẹp",Root,136095031,30000,30000,OEM,VND,30000,30000
bì chịu nhiệt PP làm phôi nấm 20 cái,Túi trống,193062665,20000,20000,OEM,VND,20000,20000
Túi Đựng Đồ Mỹ Phẩm Cotton Tiện Dụng  205880,Root,89942494,26000,24700,OEM,VND,26000,24700
"Túi đeo bụng, túi đeo hông nam, nữ thể thao",Thời Trang,18280900,38000,38000,OEM,VND,38000,38000
Túi Đựng Giày Hoạ Tiết Chống Bẩn Đi Du Lịch Tiện Lợi,Túi trống,108037378,28000,28000,OEM,VND,28000,28000
"Túi zip ví chống thấm hình dễ thương đựng bút, mỹ phẩm size A5",Túi trống,98865864,20000,20000,OEM,VND,20000,20000
"Túi Treo Giỏ Xách, Đựng vật dụng - Giỏ Treo Túi Xách, ví da 6 Ngăn",Root,217385831,28900,28900,OEM,VND,28900,28900
"TÚI THAN TRE HOẠT TÍNH KHỬ MÙI, HÚT ẨM VA LI, BA LÔ, TÚI DU LỊCH (TÚI 75GR)",Túi trống,176509641,30000,30000,OEM,VND,30000,30000
Túi ví zip chống thấm hình voi hươu dễ thương,Root,98869045,19500,19500,OEM,VND,19500,19500
"Túi đựng giày, bảo quản giày đi du lịch có dây kéo tiên lợi",Root,118687252,20000,20000,OEM,VND,20000,20000
Bộ chiết mỹ phẩm du lịch nhiều món túi zip như hình,Balo và Vali,252614778,22500,22500,OEM,VND,22500,22500
Minifigures Chainsaw Man Máy Cưa Sợi Xích Nhân Vật Hoạt Hình Truyện Tranh Anime WM6159,Root,253380540,47727,25773,OEM,VND,47727,25773
Túi du lịch đựng đồ cá nhân phong cách Hàn Quốc 205880 tặng 01 bút bi cao cấp TLG,Root,145111243,25000,23750,OEM,VND,25000,23750
Túi Treo Đồ Đa Năng 16 Ngăn ( giao màu ngẫu nhiên ),Túi trống,68017477,29000,29000,OEM,VND,29000,29000
TÚI VẢI TREO TƯỜNG BA NGĂN COTTON CHỐNG THẤM NƯỚC (GIAO MÀU NGẪU NHIÊN),Root,243807448,30000,20000,OEM,VND,30000,20000
Túi đựng mỹ phẩm trong suốt họa tiết hoa cúc - HN,Túi trống,249650558,15900,15000,OEM,VND,15900,15000
"Size lớn- Túi vải đựng giày dép chống bẩn, túi đựng giày du lịch có dây rút",Túi trống,251405786,19452,19452,OEM,VND,19452,19452
TÚI TREO TÚI XÁCH - TTTX,Túi trống,98678385,29500,28000,OEM,VND,29500,28000
"COMBO 02 Túi Vải đựng giày dép Dây Rút chống bụi bẩn, Túi đựng giày du lịch Chống Bụi",Túi trống,198057279,19000,19000,OEM,VND,19000,19000
Túi đựng mỹ phẩm trong suốt họa tiết hoa cúc - HT,Túi trống,249391771,16000,15000,OEM,VND,16000,15000
"Set 10 Túi Giày Vải Không Dệt Có Dây Rút, Túi Vải Đa Năng",Túi trống,194570419,35000,35000,NAVIVU,VND,35000,35000
Combo 5 Túi Đựng Giày Dép Túi Xách Chất Liệu Vải Không Dệt Có Dây Rút THAFA Size Lớn (44x35cm),Túi trống,146517662,43000,43000,THAFA,VND,43000,43000
Combo 10 Túi zip đựng đồ du lịch tiện dụng (nhiều size),Root,78887150,49000,49000,OEM,VND,49000,49000
Combo 10 Túi zip đựng đồ du lịch tiện dụng (nhiều size),Root,79166480,49000,49000,OEM,VND,49000,49000
"Túi Đựng Giày Cao Cấp, Túi Du Lịch Hàn Quốc, chống thấm ngăn mùi, xếp gọn đa năng trong vali túi Bag in Bag.",Thời Trang,36858658,39000,39000,OEM,VND,39000,39000
"TÚI ĐỰNG ĐỒ DU LỊCH, MỸ PHẨM WASHBAG",Balo và Vali,247823374,45900,45900,OEM,VND,45900,45900
Túi Đựng Giày Du Lịch Thể Thao,Root,124276807,31900,31900,OEM,VND,31900,31900
Túi xách du lịch gấp gọn tiện ích,Thời Trang,13816020,47699,47699,OEM,VND,47699,47699
Túi đựng đồ du lịch picnic gấp gọn được gắn vali chống thấm,Root,89427839,38997,38997,OEM,VND,38997,38997
"Túi đựng mỹ phẩm, đồ trang điểm cá nhân chống thấm nước dùng đi du lịch",Root,78581882,40000,40000,OEM,VND,40000,40000
Túi Treo Đựng Vớ Đồ Lót 30 Ngăn 2 Mặt Có Móc Treo Đa Năng Tiện Lợi,Túi trống,88247744,40000,40000,OEM,VND,40000,40000
"Túi đựng đồ lót du lịch chống thấm- nhiều ngăn chống thấm thiết kế đẹp mắt, họa tiết trẻ trung",Túi trống,114759923,39000,39000,OEM,VND,39000,39000
Combo Bộ 6 Túi Đựng Giày Vải Không Dệt,Balo và Vali,20875285,59000,59000,OEM,VND,59000,59000
Túi đựng mỹ phẩm đồ du lịch đa năng có móc treo phong cách hàn quốc TMP07,Root,89427963,49000,49000,OEM,VND,49000,49000
Túi đựng mỹ phẩm đồ du lịch WASHBAG,Root,89428380,31900,31900,OEM,VND,31900,31900
Túi Đựng Mỹ Phẩm Có Quai Xách Thuận Tiện Đi Du Lịch,Thời Trang,22030262,72000,37080,OEM,VND,72000,37080
Bộ 6 Túi Đựng Giày Nhỏ Gọn Tiện Dụng Size To,Balo và Vali,33393352,52000,52000,OEM,VND,52000,52000
"Túi Đựng Giày Dép Grepaco Vải Bố Canvas Dù Chống Thấm Nước Dùng Cho Nam Nữ Đi Công Tác, Đi Du Lịch, Thể Thao Dạng Khóa Kéo Có Quai Xách (Combo: Size L + Size M) - Hàng Chính Hãng",Túi trống,169218891,49000,46550,GREPACO,VND,49000,46550
Túi Đựng Mỹ Phẩm Du Lịch TRAVEL (Hộp Trơn Không Họa Tiết),Thời Trang,25730406,35000,35000,OEM,VND,35000,35000
"Túi Đựng Mỹ Phẩm, Đồ Trang Điểm Đi Du Lịch Washbag Trong Suốt Chống Thấm Nước Tiện Lợi",Root,91763297,31800,31800,OEM,VND,31800,31800
Túi Đựng Mỹ Phẩm du lịch chống nước,Túi trống,142802214,45000,45000,OEM,VND,45000,45000
"Túi du lịch gấp gọn có thể xách tay, gắn đầu kéo vali",Thời Trang,8294422,42998,42998,OEM,VND,42998,42998
"Túi du lịch, túi đựng quần áo bơi, chất liệu vải dù cho bé đựng đồ ướt, các loại quần áo đồ dùng, phù hợp đi bơi, đi biển, chơi thể thao rất tiện lợi",Túi trống,209171861,41660,41660,OEM,VND,41660,41660
Túi du lịch gấp gọn WIND BLOWS,Root,114759268,39000,39000,OEM,VND,39000,39000
"Túi Đựng Mỹ Phẩm Grepaco Đựng Đồ Cá Nhân Trang Điểm Đi Du Lịch Bằng Vải Bố Canvas Tote Cao Cấp, Chống Nước Nhẹ, Size Mini Khóa Kéo Đồng Dây Kéo Da - Hàng Chính Hãng",Túi trống,133158603,39000,37050,GREPACO,VND,39000,37050
Túi Vải Rút Dây Đa Năng Kích Thướt 20*10cm - Hàng Chính Hãng,Balo và Vali,73389710,60000,50000,PKCB,VND,60000,50000
"Túi đựng mỹ phẩm trong suốt chống nước, đựng đồ trang điểm, cá nhân, du lịch",Túi trống,135538136,35000,35000,OEM,VND,35000,35000
Túi đựng đồ lót du lịch nhiều màu,Thời Trang,13158535,81000,81000,OEM,VND,81000,81000
Túi xách du lịch túi đựng quần áo,Túi trống,162481676,42000,42000,OEM,VND,42000,42000
TÚI ĐỰNG MỸ PHẨM DU LỊCH TRAVEL NHIỀU NGĂN TIỆN DỤNG,Root,138825953,46800,46800,OEM,VND,46800,46800
TÚI DU LỊCH GẤP GỌN WIND BLOW SIÊU TIỆN DỤNG,Túi trống,169655068,49000,49000,OEM,VND,49000,49000
Túi đựng đồ lót du lịch (màu ngẫu nhiên),Balo và Vali,28911130,29500,29500,OEM,VND,29500,29500
Túi đựng mỹ phẩm️ nhựa trong suốt đựng mỹ phẩm WAGBAGS đi du lịch chống thấm nước,Túi trống,136871832,35000,35000,OEM,VND,35000,35000
"Túi đựng băng vệ sinh, mỹ phẩm son môi phong cách Hàn Quốc có khoá kéo TDL11",Root,101876393,30900,30900,OEM,VND,30900,30900
"TÚI ĐỰNG ĐỒ MỸ PHẨM CÁ NHÂN KHI ĐI DU LỊCH, CÔNG TÁC (Giao Hàng Theo Mẫu Ngẫu Nhiên)",Thời Trang,58436592,40000,40000,OEM,VND,40000,40000
"Combo 5 Túi Đựng Giày Dép Có Dây Rút, Bảo Quản Giày Dép, Chống Bụi, Chất Liệu Vải Không Dệt, Có Lớp Nhựa Trong Suốt Tiện Lợi",Balo và Vali,35922021,43000,43000,OEM,VND,43000,43000
"Túi đựng mỹ phẩm nhiều ngăn đa năng, tiện dụng cho du lịch, bảo quản mỹ phẩm, chất liệu chống thấm nước",Túi trống,215388686,39000,39000,SLINEN,VND,39000,39000
Combo 5 Túi đựng giày loại tốt dây rút GD0022,Balo và Vali,28961343,43000,43000,OEM,VND,43000,43000
Sét 3 túi đựng mỹ phẩm trong suốt đi du lịch,Túi trống,189533919,66000,66000,OEM,VND,66000,66000
Bộ Chiết Mỹ Phẩm Du Lịch 7 Món Nhỏ Gọn Tiện Lợi (Màu Ngẫu Nhiên)- Hàng Chính Hãng,Túi trống,106516646,45000,45000,IMAGIC Professional Comestic,VND,45000,45000
"Túi đựng mỹ phẩm trong suốt có 3 size, đựng đồ trang điểm cá nhân, chống thấm nước",Túi trống,195964860,45000,45000,OEM,VND,45000,45000
"Túi đựng mỹ phẩm, đồ trang điểm du lịch chống nước",Túi trống,142801295,34900,34900,OEM,VND,34900,34900
Túi đựng mỹ phẩm đồ trang điểm xách tay hình hộp họa tiết bắt mắt - TMP4 Hồng Kẹo,Root,89428567,39000,39000,OEM,VND,39000,39000
Túi Đựng Mỹ Phẩm Đồ Du Lịch Cá Nhân Chống Nước Hộp Hoa - Màu ngẫu nhiên,Thời Trang,11774545,40800,40800,OEM,VND,40800,40800
Ví mini silicone đựng tai nghe nhiều mẫu,Root,98868238,40000,40000,OEM,VND,40000,40000
Bộ chiết mỹ phẩm du lịch 5 món có túi đựng khóa zip đi kèm,Túi trống,133704536,56000,56000,OEM,VND,56000,56000
Túi đựng mỹ phẩm du lịch và bộ chiết mỹ phẩm mini 5 món tiện lợi hữu ích cho chị em mình cần,Túi trống,116888563,39000,39000,OEM,VND,39000,39000
Hộp Đựng Đồ Vệ Sinh Cá Nhân Khi Đi Du Lịch -Giao hàng ngẫu nhiên,Thời Trang,57774432,34000,34000,OEM,VND,34000,34000
"chai lọ, bộ sang chiết mỹ phẩm- Túi đựng mỹ phẩm du lịch và bộ chiết mỹ phẩm mini 5 món tiện lợi hữu ích cho chị em",Túi trống,139725639,44000,44000,OEM,VND,44000,44000
"Túi đựng mỹ phẩm, đồ trang điểm cá nhân chống thấm nước mang theo du lịch rất tiện dụng(màu ngẫu nhiên)",Túi trống,120550501,39000,39000,OEM,VND,39000,39000
"Túi Đựng Mỹ Phẩm, Đồ Trang Điểm Đi Du Lịch Đựng Đồ Cá Nhân Washbag Trong Suốt Chống Thấm Nước Tiện Lợi Nhiều Kích Thước",Túi trống,122762895,78000,40170,OEM,VND,78000,40170
Túi đựng đồ lót du lịch chống thấm oxford 205899,Root,95394650,38000,36100,OEM,VND,38000,36100
Biệt Đội Xe Robocar Poli Biến Hình 2in1,Root,137995394,39999,39999,OEM,VND,39999,39999
Túi đựng mỹ phẩm đi du lịch/ túi đựng đồ cá nhân cho chị em phụ nữ,Root,138904583,35900,35900,OEM,VND,35900,35900
"Túi đựng túi xách, ví bảo vệ chống bụi chống ẩm trong suốt",Túi trống,248686696,56000,39000,VANDO,VND,56000,39000
Bọc Balo chống mưa CHỐNG NƯỚC loại Tốt,Root,84447226,35000,35000,OEM,VND,35000,35000
Túi lưới đựng đồ du lịch Travel - Xanh rêu,Thời Trang,49094954,36000,36000,OEM,VND,36000,36000
"Túi đựng mỹ phẩm, đồ trang điểm chống thấm nước tiện dụng loại bền đẹp G0092",Túi trống,104661602,70000,39000,OEM,VND,70000,39000
Túi du lịch mini đựng đồ dùng cá nhân chống thấm (màu ngẫu nhiên),Thời Trang,11956252,49000,49000,OEM,VND,49000,49000
Túi Thể Thao Omron,Thời Trang,44139167,80000,60000,Omron,VND,80000,60000
Túi du lịch 1 - 2 tầng️ [ FREE SHIP ]️túi xách du lịch cỡ lớn đựng quần áo mỹ phẩm gấp gọn,Túi trống,252763609,45000,45000,OEM,VND,45000,45000
"Túi đựng mỹ phẩm chống nước, túi đựng đồ du lịch cá nhân tiện ích KDR-NC363 Kodoros",Túi trống,141473132,44000,44000,OEM,VND,44000,44000
Túi Đựng Mỹ Phẩm Du Lịch TRAVEL (Hộp Họa Tiết),Thời Trang,25737221,35000,35000,OEM,VND,35000,35000
Túi đựng mỹ phẩm du lịch và bộ chiết mỹ phẩm mini 5 món tiện lợi cho chị em,Balo và Vali,116798137,39000,39000,OEM,VND,39000,39000
[Có sẵn] Túi Đựng Mỹ Phẩm Nhiều Size Chống Thấm Nước,Túi trống,80959619,74999,74999,OEM,VND,74999,74999
Túi Vali Kéo Carry Bag,Túi trống,59460075,50000,50000,OEM,VND,50000,50000
"Túi xách cách nhiệt, chống thấm nước T014 đựng cơm văn phòng, đồ dùng cá nhân, mỹ phẩm trang điểm, du lịch",Túi trống,136795388,33000,33000,OEM,VND,33000,33000
Túi Xách Du Lịch Wind Blows Loại Lớn 48x32cm Vải Dù Không Thấm Nước Nhiều Màu,Túi trống,124274978,49000,46550,OEM,VND,49000,46550
"bộ chiết mỹ phẩm, chai lọ mỹ phẩm- Túi đựng mỹ phẩm du lịch và bộ chiết mỹ phẩm mini 5 món tiện lợi hữu ích cho chị em",Túi trống,139726774,39000,39000,OEM,VND,39000,39000
"Túi đựng mỹ phẩm, phụ kiện, đồ du lịch vải nhung kích thước 5*10*15 cm",Thời Trang,54400054,49000,49000,OEM,VND,49000,49000
TÚI ĐỰNG MỸ PHẨM NỮ CỰC ĐẸP WASHBAG - JL,Túi trống,195231222,67900,64505,OEM,VND,67900,64505
Túi đựng giày du lịch tiện ích (xám),Túi trống,125100262,35000,35000,OEM,VND,35000,35000
Bộ chiết mỹ phẩm du lịch 6 món tiện dụng,Túi trống,138826069,32400,32400,OEM,VND,32400,32400
Túi đựng mỹ phẩm nhựa trong suốt,Túi trống,138899360,47000,47000,OEM,VND,47000,47000
"Túi đựng đồ cá nhân, mỹ phẩm chống sốc (xanh biển nhạt)",Root,125100893,49000,49000,OEM,VND,49000,49000
túi du lịch gấp gọn,Root,167607592,43980,43980,OEM,VND,43980,43980
"Túi đựng mỹ phẩm, đồ du lịch cá nhân",Thời Trang,14496940,44000,44000,OEM,VND,44000,44000
"Túi đựng mỹ phẩm chống nước, túi đựng đồ du lịch cá nhân tiện ích KDR-NC363 Kodoros",Túi trống,141472757,44000,44000,OEM,VND,44000,44000
Túi Đeo Chéo Đôi Mắt,Thời Trang,24964441,39000,39000,OEM,VND,39000,39000
Túi Đựng Giày Du Lịch Thể Thao,Root,181219806,34800,26000,OEM,VND,34800,26000
Túi baymax mini ngộ nghĩnh,Túi trống,125100570,49000,49000,OEM,VND,49000,49000
Túi đựng mỹ phẩm du lịch chống thấm tiện dụng cho gia đình ( Giao màu ngẫu nhiên ),Túi trống,17878692,49500,49500,OEM,VND,49500,49500
Túi đựng mỹ phẩm du lịch Hàn Quốc có móc treo,Thời Trang,31614331,64837,54862,OEM,VND,64837,54862
"Túi xách du lịch đựng đồ cá nhân cao cấp - túi du lịch kéo,túi đựng đồ cá nhân,túi đựng hành lí du lịch - 208090",Root,95394491,36162,32340,OEM,VND,36162,32340
02 túi đựng mỹ phẩm chống thấm nước màu ngẫu nhiên,Thời Trang,19550071,46000,46000,OEM,VND,46000,46000
Túi đựng mỹ phẩm mini siêu tiện lợi (Cực đẹp ạ),Túi trống,76591967,36000,36000,OEM,VND,36000,36000
"bộ chiết mỹ phẩm mini, hộp chiết mỹ phẩm- Túi đựng mỹ phẩm du lịch và bộ chiết mỹ phẩm 5 món tiện lợi hữu ích cho chị em",Túi trống,139724937,45000,45000,OEM,VND,45000,45000
"Túi Đựng Đồ Mĩ Phẩm, Du Lịch Kiểu Dáng Hàn Quốc",Root,144704036,39000,39000,OEM,VND,39000,39000
"Túi đựng cơm giữ nhiệt dododios đựng hộp cơm văn phòng size lớn đơn sắc khóa kéo, tay xách tiện dụng TDC02",Root,225214723,36000,34200,dododios,VND,36000,34200
Túi đựng mỹ phẩm đồ trang điểm xách tay hình hộp họa tiết bắt mắt - TMP4 Trắng Gấu,Root,89428563,39000,39000,OEM,VND,39000,39000
"5 Chiếc Hộp đựng mồi để vào lồng bát quái, trúm lươn bền, rẻ ( rẻ vô địch ) docaucagiangnam",Root,163783405,48000,48000,OEM,VND,48000,48000
Túi đựng đồ mỹ phẩm cotton tiện dụng 205880,Túi trống,116296335,31100,28600,ĐỒ DA THÀNH LONG TLG,VND,31100,28600
Túi đựng mỹ phẩm giao màu ngẫu nhiên (tặng kèm 1 sản phẩm ngẫu nhiên),Thời Trang,24863126,43000,43000,OEM,VND,43000,43000
"bộ chiết mỹ phẩm, chai lọ mỹ phẩm- Túi đựng mỹ phẩm du lịch và bộ chiết mỹ phẩm mini 5 món tiện lợi hữu ích cho chị em",Túi trống,116793409,39000,39000,OEM,VND,39000,39000
Túi đựng mỹ phẩm ngăn to để đồ trang điểm makeup SOIGNE du lịch đa năng vải Oxford chống thấm nước cao cấp,Túi trống,114686052,33000,33000,OEM,VND,33000,33000
Túi đựng mỹ phẩm du lịch PVC chống thấm nước,Túi trống,81759989,36115,32298,OEM,VND,36115,32298
Túi Đựng Mỹ Phẩm Vật Dụng Du Lịch Washbag Cỡ Trung Kích Thước 26x10x15cm Chất Liệu PU TPU Chống Thấm,Túi trống,86159369,79000,79000,OEM,VND,79000,79000
"Túi Du Lịch Thời Trang Cao Cấp Vải Dù Chống Thấm Nước, Gấp Gọn Tiện Lợi, Túi Cỡ Đại Đựng Đồ Đa Dụng Đi Chơi",Root,173636605,39000,39000,OEM,VND,39000,39000
Túi Đựng Giày Đá Bóng - Thể Thao Chống Thấm Có Quai Xách Màu Ngẫu Nhiên,Thời Trang,25962928,31000,29450,OEM,VND,31000,29450
Túi du lịch đựng đồ mỹ phẩm chống nước TU 902-2 (Đỏ),Túi trống,116296808,35200,32400,ĐỒ DA THÀNH LONG TLG,VND,35200,32400
Túi đựng đồ trang điểm - đồ du lịch - túi bút,Root,86561376,40000,40000,OEM,VND,40000,40000
Túi đựng mỹ phẩm chống sốc khi đi du lịch (xanh),Túi trống,125100807,45000,45000,OEM,VND,45000,45000
"Túi Đựng Đồ Trang Điểm, Mỹ Phẩm Du Lịch WASHBAG",Root,140770167,40200,40200,OEM,VND,40200,40200
Bộ chiết mỹ phẩm du lịch 8 món tiện lợi 88156,Túi trống,113303484,39000,39000,OEM,VND,39000,39000
Túi đựng đồ/Túi đu lịch gấp gọn/Túi đựng cá nhân (giao màu ngẫu nhiên),Root,136872966,38999,38999,OEM,VND,38999,38999
Túi Đựng Mỹ Phẩm Dây Rút,Root,82499290,90000,90000,OEM,VND,90000,90000
Túi đựng mỹ phẩm Travel Tiện Dụng,Thời Trang,20017415,63000,63000,OEM,VND,63000,63000
Cốp đựng Mỹ Phẩm gấp gọn siêu sang_Giao màu ngẫu nhiên,Thời Trang,19879736,39000,39000,OEM,VND,39000,39000
Túi xách du lịch 205889-2 (Hồng),Root,116115652,38000,36100,OEM,VND,38000,36100
Túi đựng mỹ phẩm gấp gọn,Thời Trang,14868762,63000,63000,OEM,VND,63000,63000
Túi đựng mỹ phẩm sọc mini mẫu mới 2021,Root,89233489,48500,48500,OEM,VND,48500,48500
Túi đựng mỹ phẩm đồ du lịch cá nhân chống nước MP03,Túi trống,117578768,35000,35000,OEM,VND,35000,35000
"bộ dụng cụ chiết mỹ phẩm, mỹ phẩm giá rẻ- Túi đựng mỹ phẩm du lịch và bộ chiết mỹ phẩm mini 5 món tiện lợi cho chị em",Túi trống,116888079,40000,40000,OEM,VND,40000,40000
"bộ chiết mỹ phẩm mini, hộp chiết mỹ phẩm- Túi đựng mỹ phẩm du lịch và bộ chiết mỹ phẩm 5 món tiện lợi hữu ích cho chị em",Túi trống,116793424,45000,45000,OEM,VND,45000,45000
Túi đựng đồ tiện dụng trong suốt - họa tiết hoạt hình dễ thương,Túi trống,192705047,38000,38000,OEM,VND,38000,38000
Túi Lưới Đựng Vật Dụng In Hình Thú,Root,79837298,38000,38000,OEM,VND,38000,38000
Túi Du Lịch Đựng Đồ Cá Nhân Monopoly,Thời Trang,41340227,47000,47000,OEM,VND,47000,47000
Túi đựng mỹ phẩm đồ trang điểm xách tay hình hộp họa tiết bắt mắt - TMP4 Xanh Hình Cây,Root,89428547,39000,39000,OEM,VND,39000,39000
Túi đựng mỹ phẩm đồ trang điểm xách tay hình hộp họa tiết bắt mắt - TMP4 Xanh Hồng Hạc,Root,89428551,39000,39000,OEM,VND,39000,39000
Túi Đựng Mỹ Phẩm Uriage,Túi trống,212559552,50000,50000,Uriage,VND,50000,50000
"bộ chiết mỹ phẩm mini, hộp chiết mỹ phẩm- Túi đựng mỹ phẩm du lịch và bộ chiết mỹ phẩm 5 món tiện lợi hữu ích cho chị em",Túi trống,116799452,45000,45000,OEM,VND,45000,45000
Combo 2 túi đựng giầy dây rút chống thấm tốt giao màu ngẫu nhiên GR001,Thời Trang,4229193,49000,49000,OEM,VND,49000,49000
mua lọ chiết mỹ phẩm min - Túi đựng mỹ phẩm du lịch và bộ chiết mỹ phẩm du lịch 5 món tiện lợi hữu ích cho chị em phụ nữ,Túi trống,139724986,37000,37000,OEM,VND,37000,37000
"chai lọ, bộ sang chiết mỹ phẩm- Túi đựng mỹ phẩm du lịch và bộ chiết mỹ phẩm mini 5 món tiện lợi hữu ích cho chị em",Túi trống,116801461,45000,45000,OEM,VND,45000,45000
Bộ chiết mỹ phẩm du lịch 5 món nhỏ gọn tiện lợi - Henrysa,Túi trống,208404962,60000,45000,HENRYSA Bạn của mọi nhà,VND,60000,45000
"Túi đựng mỹ phẩm trong suốt, giỏ đựng đồ cá nhân đi du lịch, túi xách có quai SK",Root,146871008,73000,73000,OEM,VND,73000,73000
"Túi đựng tiện tích TN811, túi đựng đồ đa năng, mỹ phẩm, đồ dùng học tập, vải chông thấm nước",Túi trống,85920801,39000,39000,OEM,VND,39000,39000
Túi đựng mĩ phẩm,Root,116776996,50000,50000,OEM,VND,50000,50000
Túi đựng mỹ phẩm 4 ngăn Roll N Go,Root,144461969,42000,42000,OEM,VND,42000,42000
Túi đựng điện thoại chống nước - TU41 (Giao ngẫu nhiên mẫu),Thời Trang,35496906,25000,25000,OEM,VND,25000,25000
Túi du lịch Parameters,Root,248262204,39000,39000,OEM,VND,39000,39000
"Combo 2 Túi đựng giày dép thể thao K2 - Túi đựng giày đá banh , du lịch , tập gym - Chống bụi , nước có tay cầm / Kích thước túi 38x28 cm",Túi trống,178059390,55000,50000,OEM,VND,55000,50000
Túi Đựng Đồ Du Lịch Nhiều Ngăn Lm30,Túi trống,124273532,39000,37050,OEM,VND,39000,37050
Túi Treo Đồ Đa Năng 16 Ngăn,Root,82499355,40000,40000,OEM,VND,40000,40000
Túi xách du lịch 205889 (Hồng),Root,116115646,38000,36100,OEM,VND,38000,36100
Bộ 3 túi đựng điện thoại đi biển chống nước,Thời Trang,15855202,50000,50000,OEM,VND,50000,50000
Túi Đựng Giầy Xách Tay Chống Thấm TravelKit001,Thời Trang,12602820,43000,43000,OEM,VND,43000,43000
Túi đựng mỹ phẩm mini,Túi trống,111510036,40000,40000,OEM,VND,40000,40000
Túi Đựng Giày Du Lịch Thể Thao,Root,253076466,35000,35000,OEM,VND,35000,35000
Túi Du Lịch Xếp Gọn Đa Năng,Root,166072268,48000,48000,OEM,VND,48000,48000
Túi đựng mỹ phẩm thu gọn 4 ngăn Roll N Go,Túi trống,141901295,49000,49000,OEM,VND,49000,49000
"TÚI THAN TRE HOẠT TÍNH KHỬ MÙI HÔI GIÀY, BA LÔ, TÚI DU LỊCH (COMBO 2 TÚI 75GR)",Túi trống,176509783,50000,50000,OEM,VND,50000,50000
Túi Trống Đeo Chéo Vải Canvas Cỡ Lớn Phong Cách Ulzzang Đựng Sách Vở Đồ Thoải Mái Đi Học Đi Chơi,Túi trống,246164938,42900,26900,OEM,VND,42900,26900
Túi đựng đồ tiện ích 208120 2(đỏ),Root,89944064,32000,28600,OEM,VND,32000,28600
Bộ 4 Túi Vải Đựng Giày Chống Bụi Tiện Lợi,Thời Trang,34631555,82000,82000,OEM,VND,82000,82000
Set 15 túi nilon đựng đồ dùng thực phẩm rác hình thú đáng yêu HT649 - Giao Ngẫu Nhiên,Túi trống,93540438,42900,42900,OEM,VND,42900,42900
Túi da đựng kéo Barber BB-01,Thời Trang,58865721,50000,50000,OEM,VND,50000,50000
"Túi lưới phơi gối, gối bông TX004",Túi trống,134762280,34000,34000,OEM,VND,34000,34000
Túi du lịch đựng đồ mỹ phẩm chống nước 902 4 (Hồng) tặng 01 bút bi cao cấp TLG 410,Root,172192316,50000,50000,OEM,VND,50000,50000
mua lọ chiết mỹ phẩm min - Túi đựng mỹ phẩm du lịch và bộ chiết mỹ phẩm du lịch 5 món tiện lợi hữu ích cho chị em phụ nữ,Túi trống,116887666,37000,37000,OEM,VND,37000,37000
Túi đựng mỹ phẩm du lịch và bộ chiết mỹ phẩm mini 5 món tiện lợi hữu ích cho chị em,Túi trống,116887331,45000,45000,OEM,VND,45000,45000
Túi xách du lịch 205889 (Hồng),Root,145108464,38000,36100,OEM,VND,38000,36100
Túi đựng mỹ phẩm,Túi trống,138906938,32000,32000,OEM,VND,32000,32000
Tạp giề hoa đa năng có túi đựng điện thoại BH761,Root,242712612,44000,44000,OEM,VND,44000,44000
TÚI DU LỊCH GẤP GỌN WIND BLOW SIÊU TIỆN DỤNG,Túi trống,169655035,49000,49000,OEM,VND,49000,49000
"TÚI CÓI MERCI thời trang, túi du lịch xách tay, đựng đồ siêu tiện dụng",Root,254089445,49000,49000,OEM,VND,49000,49000
"Túi Đựng Giày Dép Du Lịch, Thể Thao, Đá Bóng Có Dây Kéo Hoạ Tiết Chống Nước, Bụi Bẩn Tiện Lợi Bỏ Vali Gọn Gàng",Túi trống,259590039,60000,60000,Trip,VND,60000,60000
Túi Giữ Nhiệt Hình Thú Loại Dày N1 Shalla,Thời Trang,28684572,53300,45100,Shalla,VND,53300,45100
Combo 10 Túi zip đựng đồ du lịch tiện dụng (nhiều size),Root,225304455,39000,39000,OEM,VND,39000,39000
túi xách hành lý tiện dụng đựng đồ cá nhân thể thao du lịch,Root,262019331,45000,45000,OEM,VND,45000,45000
"Túi đựng cơm giữ nhiệt dododios đựng hộp cơm văn phòng size lớn đơn sắc khóa kéo, tay xách tiện dụng TDC02 - Màu Xanh",Root,261005349,31000,29450,dododios,VND,31000,29450
Túi Đựng Mỹ Phẩm Thu Gọn Roll N Go,Root,248262074,39000,39000,OEM,VND,39000,39000
"Túi đa đăng, túi mỹ phẩm, túi du lịch",Túi trống,198303847,40000,40000,OEM,VND,40000,40000
Túi đựng giày thể thao chống thấm có dây kéo iCART - Giao màu ngẫu nhiên,Thời Trang,35911874,32000,32000,OEM,VND,32000,32000
Túi đựng mỹ phẩm LOVE PEACE bằng da PU có khóa kéo tiện dụng,Root,252758097,37800,37800,OEM,VND,37800,37800
Combo 2 túi đựng giầy giao mầu ngẫu nhiên tặng 01 kẹp tóc Hàn Quốc,Thời Trang,21496980,49000,49000,OEM,VND,49000,49000
Túi giữ nhiệt giữ nóng lạnh đa năng tiện dụng,Root,192259615,39000,39000,OEM,VND,39000,39000
"Túi đựng cơm giữ nhiệt DoDoDios đựng hộp cơm văn phòng size lớn đơn sắc khóa kéo, tay xách tiện dụng TDC02",Root,249005242,31000,31000,dododios,VND,31000,31000
"Túi đựng cơm giữ nhiệt dododios đựng hộp cơm văn phòng size lớn đơn sắc khóa kéo, tay xách tiện dụng TDC02",Phụ kiện nhà bếp khác,249005664,36000,36000,dododios,VND,36000,36000
Túi đựng mỹ phẩm đồ trang điểm xách tay hình hộp họa tiết bắt mắt - TMP4 Hồng Sọc Chéo,Root,89428544,39000,39000,OEM,VND,39000,39000
Túi Đựng Mỹ Phẩm Uriage,Túi trống,212559550,50000,50000,Uriage,VND,50000,50000
Sét 5 Túi Đựng Giày Dép Túi Xách Chất Liệu Vải Không Dệt Có Dây Rút  Size to (44x35cm),Root,217636635,50000,39000,OEM,VND,50000,39000
"Túi Lưới Đựng Mỹ Phẩm Trang Điểm , Đồ Dùng Du Lịch Hình Hộp (Nhiều Kích Cỡ)",Túi trống,262451414,55000,47000,OEM,VND,55000,47000
"Túi Đựng Mỹ Phẩm, Đồ Trang Điểm Du Lịch Washbag Chống Nước Có Quai Xách Tiện Lợi",Túi trống,254147073,43000,43000,OEM,VND,43000,43000
Túi Đựng Y Tế - Túi Đựng Thuốc Cá Nhân - Túi Y Tế Du Lịch Nhỏ Gọn Mẫu Mới,Túi trống,217206100,90000,60000,CHIKIGON,VND,90000,60000
"Túi đựng Y TẾ cá nhân, gia đình và du lịch cao cấp YT001",Túi trống,74188633,101120,68000,Baroca,VND,101120,68000
"Túi Đựng Mỹ Phẩm Du Lịch Dành Cho Chị Em Xinh Đẹp, Thiết Kế Đơn Giản, Nhỏ Gọn Dễ Di Chuyển",Túi trống,163927649,130000,130000,SHOFUKA,VND,130000,130000
"Túi Đựng Đồ Cá Nhân , Túi Đựng Mỹ Phẩm Du Lịch Hàn Quốc - MP029",Thời Trang,10826910,64837,54862,OEM,VND,64837,54862
"Túi Đựng Đồ Cá Nhân Du Lịch , Túi Đựng Mỹ Phẩm Kiểu Hàn Quốc 2021 - MP001",Túi trống,74258075,68500,68500,Baroca,VND,68500,68500
"Bộ 6 túi nhiều kích cỡ đựng quần áo và đồ dùng cá nhân xếp vali đi du lịch tiện lợi, gọn gàng",Thời Trang,26114355,73000,73000,OEM,VND,73000,73000
"Túi đựng mỹ phẩm đồ du lịch Different Populations chống nước, trong suốt, đựng đồ cá nhân trang điểm PVC cao cấp",Root,135538633,60000,60000,OEM,VND,60000,60000
"Túi đựng mỹ phẩm , túi đựng đồ du lịch chống nước ( nhiều mẫu )",Túi trống,196572974,70000,52000,OEM,VND,70000,52000
"Túi đựng giày du lịch 1 ngăn, 3 ngăn có ĐAI SAU cài tay kéo VALI",Túi trống,192794991,79000,79000,OEM,VND,79000,79000
"Túi đựng phụ kiện công nghệ, cáp sạc pin dự phòng, mỹ phẩm chống sốc chống thấm đi du lịch",Root,89427670,67999,67999,OEM,VND,67999,67999
"Combo 3 Túi Trong Suốt - Đựng Mỹ Phẩm, Đồ Trang Điểm Tiện Lợi",Thời Trang,50460635,59900,59900,OEM,VND,59900,59900
"Set 6 Túi Đựng Quần Áo, Mỹ Phẩm, Đồ Dùng Cá Nhân Đi Du Lịch",Root,208681131,75000,75000,OEM,VND,75000,75000
Túi Xách Du Lịch,Thời Trang,23555431,163800,138600,OEM,VND,163800,138600
Túi đựng phụ kiện chống nước TDN300,Thời Trang,15447991,67999,67999,OEM,VND,67999,67999
Túi Đựng Mỹ Phẩm Pvc Cao Cấp Size Lớn Đựng Đồ Trang Điểm Có Khóa Kéo SUNO STORE TMP06,Root,148932217,58000,58000,OEM,VND,58000,58000
Túi Đựng Mỹ Phẩm PaKaSa - Hàng Chính Hãng,Túi trống,167410361,114000,64000,PaKaSa,VND,114000,64000
"[VIDEO]- Túi đựng mỹ phẩm, đồ trang điểm chất liệu nhung cao cấp, phong cách Hàn Quốc-CHỌN MẪU- Túi đựng đồ cá nhân du lịch travel -MẪU MỚI",Túi trống,196176551,111250,79000,SOHOGO,VND,111250,79000
Set 3 túi đựng mỹ phẩm trong suốt đựng đồ du lịch thời trang,Root,162577553,56999,56999,OEM,VND,56999,56999
"Túi Phụ Kiện Đeo Tay Đa Năng TDT.BX001 I Đựng Điện Thoại Chạy Bộ, Thể Dục, Thể Thao",Thời Trang,23446821,60000,54000,OEM,VND,60000,54000
Set 6 Túi Đựng Đồ Du Lịch Chống Thấm Tiện Ích,Thời Trang,33557810,91000,91000,OEM,VND,91000,91000
"Túi đựng mỹ phẩm du lịch trong suốt cao cấp WASHBAG da mềm mại, chống nước có quai xách, có móc treo tiện dụng",Root,184124377,55900,55900,OEM,VND,55900,55900
"Túi đựng mỹ phẩm du lịch WashBag DẠNG HỘP có quai xách mini trong suốt, Túi đựng đồ trang điểm",Túi trống,189251099,53950,53950,OEM,VND,53950,53950
TÚI NHỰA TRONG SUỐT ĐỰNG ĐỒ TRANG ĐIỂM CÁ NHÂN CAO CẤP Tặng kèm kẹp tóc dễ thương,Túi trống,185830141,65000,45000,OEM,VND,65000,45000
Túi đựng mỹ phẩm vãi lưới thoáng khí travelbag,Balo và Vali,29339947,78500,78500,OEM,VND,78500,78500
Bộ 6 túi đựng quần áo đồ lót tất vớ đi du lịch chống thấm,Túi trống,110377793,69000,69000,OEM,VND,69000,69000
Túi Đựng Đồ Trang Điểm Chống Thấm Nước 25cm * 20cm * 8cm,Thời Trang,67444931,60000,56000,OEM,VND,60000,56000
Set 7 Túi Đựng Đồ Du Lịch Tiện Lợi HT214 - Giao Ngẫu Nhiên,Túi trống,107048598,138900,131955,OEM,VND,138900,131955
Túi Thể Thao Nam Nữ Trống PEGAVA Đựng Đồ Tập Gym Đá Bóng Yoga Chống Nước - Sports ST003 Hàng Nhập Khẩu,Túi trống,207498753,59000,59000,OEM,VND,59000,59000
Túi Đựng Mỹ Phẩm / Đồ Trang Điểm Du Lịch Chống Thấm Nước Washbag nhiều kích thước/ màu sắc,Túi trống,99321884,60000,60000,OEM,VND,60000,60000
"Túi đãi kaki phụ kiện thời trang. đãi đeo đi chùa, thêu sen",Root,193215473,65900,65900,OEM,VND,65900,65900
"Túi đựng mỹ phẩm hoa văn Brahma Flamingo, túi đựng mỹ phẩm du lịch tiện lợi",Thời Trang,212986094,59000,59000,OEM,VND,59000,59000
Túi đựng phụ kiện đa năng,Thời Trang,14722011,71999,71999,OEM,VND,71999,71999
Túi đựng đồ cá nhân dành (Hồng),Túi trống,125100146,75000,75000,OEM,VND,75000,75000
Túi đựng mỹ phẩm hoa văn Brahma Flamingo-Giao Mẫu Hình Ngẫu Nhiên,Thời Trang,57956868,55000,55000,OEM,VND,55000,55000
"Túi Đựng Đồ Lót Du Lịch Hàn Quốc, xếp áo ngực quần lót underware túi Chống Thấm trong vali DL02-TDL",Root,171436271,69000,69000,OEM,VND,69000,69000
Túi Y Tế Gia Đình Omron,Thời Trang,35314613,65000,65000,Omron,VND,65000,65000
Túi đựng sạc Macbook kiêm đựng phụ kiện,Thời Trang,4799335,136000,95200,OEM,VND,136000,95200
"Túi Du Lịch Thời Trang Chống Nước, Gấp Gọn Tiện Lợi",Túi trống,187615066,59000,59000,OEM,VND,59000,59000
Túi xách nữ nhiều ngăn đi mua sắm gấp gọn thành ví cầm tay vải Oxford chống nước sức chứa lớn đi chợ siêu thị du lịch,Túi trống,114689050,50599,50599,OEM,VND,50599,50599
Túi Du Lịch Gắn Vali,Túi trống,125100749,65000,65000,OEM,VND,65000,65000
Túi dù 13 ngăn tiện ích (xanh đậm),Root,125100264,75000,75000,OEM,VND,75000,75000
Túi Đựng Mỹ Phẩm đa chức năng trong suốt,Túi trống,99322033,60000,60000,OEM,VND,60000,60000
Túi đựng giày thể thao trơn HKT02,Thời Trang,22614015,78000,66000,Shalla,VND,78000,66000
"Túi Đựng Phụ Kiện Công Nghệ, Mỹ Phẩm Cỡ Nhỏ 2 Ngăn",Root,204340290,79999,79999,OEM,VND,79999,79999
Túi y tế gia đình TYT02,Thời Trang,15082584,58000,58000,OEM,VND,58000,58000
Bộ 6 Túi Du Lịch SECRET POUCH,Thời Trang,198787275,136000,70040,OEM,VND,136000,70040
Túi đựng mỹ phẩm đồ du lịch đa năng có móc treo,Root,89428319,68000,68000,OEM,VND,68000,68000
Combo 3 Túi Đựng Mỹ Phẩm Trong Suốt MHT1- Giao Màu Ngẫu Nhiên-Chính Hãng,Túi trống,97510513,80000,76000,MO hi,VND,80000,76000
Bóp để điện thoại đeo hông cho quý ông thời thượng 2018,Root,88204376,76700,76700,OEM,VND,76700,76700
Túi Xách Du Lịch Cỡ Lớn 2 Tầng BoxeloTúi Du Lịch Đa Năng Nam Nữ Đựng Quần Áo Mỹ Phẩm có sỉ,Root,213561209,65000,65000,OEM,VND,65000,65000
"Hộp Túi Vải Đựng Phụ Kiện Công Nghệ Đa Năng Nhiều Ngăn Chống Thấm Nước Túi Phụ Kiện Du Lịch Cho Cáp Sạc, Thẻ Nhớ...",Root,87930461,127360,127360,OEM,VND,127360,127360
"Set 3 Túi Đựng Mỹ Phẩm 3 Size Khác Nhau, Nhiều Màu Sắc",Thời Trang,52628232,77000,77000,OEM,VND,77000,77000
"Túi Lưới Đựng Mỹ Phẩm Trang Điểm , Đồ Dùng Du Lịch Tiện Dụng (Nhiều Kích Cỡ)",Túi trống,196573384,40000,35000,OEM,VND,40000,35000
Túi Chống Sốc Đựng Phụ Kiện Công Nghệ - TCS.SMB.001,Thời Trang,21173087,53000,53000,OEM,VND,53000,53000
Túi Trống Đựng Giày Đá Bóng PEGAVA - PG-04S Đựng Đồ Thể Thao Không Thấm Nước,Túi trống,208776644,59000,59000,OEM,VND,59000,59000
"túi đựng mỹ phẩm, túi trang điểm Hàn Quốc màu pastel dễ thương",Root,129247050,79394,79394,OEM,VND,79394,79394
"Túi Đựng Quần Áo Lót, Phụ Kiện, Đồ Y Tế Đi Du Lịch Vải Chống Nước Cao Cấp - Hàng Nhập Khẩu - Màu Ngẫu Nhiên",Thời Trang,33850741,69000,69000,OEM,VND,69000,69000
Combo 3 Túi Đựng Mỹ Phẩm Đồ Trang Điểm Dụng Cụ Cá Nhân Trong Suốt Chống Nước Tiện Lợi Đa Năng,Túi trống,201252299,68896,65550,OEM,VND,68896,65550
"Túi Du Lịch Thời Trang Cao Cấp Vải Dù Chống Thấm Nước, Gấp Gọn Tiện Lợi, Túi Cỡ Đại Đựng Đồ Đa Dụng Đi Chơi",Root,173636738,59000,59000,OEM,VND,59000,59000
Sét 3 túi đựng mỹ phẩm trong suốt,Túi trống,98576691,95000,95000,OEM,VND,95000,95000
Túi khô chuống nước thể thao BAG WATERPROOF 20L (Xanh quân đội),Root,99848904,59000,59000,OEM,VND,59000,59000
Túi Đựng Mỹ Phẩm Du Lịch Có Móc Treo Nhiều Ngăn Tiện Lợi Deli - Túi Đựng Đồ Cá Nhân Đồ Trang Điểm Đa Năng Chống Thấm Nước - VS640,Root,248800106,124200,69000,Deli,VND,124200,69000
"Túi đựng mỹ phẩm  thế hệ mới , dạng hộp , có nắp khóa đựng mỹ phẩm / du lịch ,dạo phố , đi biển  tiện lợi , thiết kế sang trọng chống thấm nước",Túi trống,203069092,69000,69000,OEM,VND,69000,69000
Túi đựng mỹ phẩm du lịch trong suốt cao cấp WASHBAG,Root,191725375,53900,53900,OEM,VND,53900,53900
"Túi Du Lịch Thời Trang Cao Cấp Vải Dù Chống Thấm Nước, Gấp Gọn Tiện Lợi, Túi Cỡ Đại Đựng Đồ Đa Dụng Đi Chơi",Root,173636628,59000,59000,OEM,VND,59000,59000
Túi Giày Thể Thao Đa Năng,Root,79829966,70000,70000,OEM,VND,70000,70000
Set 3 túi đựng đồ mỹ phẩm du lịch trong suốt,Root,144462137,58500,55575,OEM,VND,58500,55575
Set 3 Túi Đựng Mỹ Phẩm Du Lịch Chống Nước Tuyệt Đối,Túi trống,208373998,63900,60705,OEM,VND,63900,60705
"Túi đựng pin dự phòng, cáp sạc, phụ kiện công nghệ đi du lịch chống sốc chống thấm có quai cầm tay",Root,89426755,59000,59000,OEM,VND,59000,59000
[GRMN47] Túi đựng mỹ phẩm thời trang [SIÊU XINH XẮN] Túi đựng mỹ phẩm du lịch tiện lợi,Túi trống,153415772,51000,51000,OEM,VND,51000,51000
Túi du lịch - Túi đeo tiện ích cỡ lớn đa năng hai tầng gấp gọn chống thấm nước cao cấp tiện dụng TDL-051 có sẵn,Root,213559095,79000,79000,OEM,VND,79000,79000
Túi đựng mỹ phẩm 4 ngăn iCART,Thời Trang,35910585,79000,79000,OEM,VND,79000,79000
Túi/ Giỏ Đựng Đồ Cá Nhân Du Lịch Nhiều Ngăn Có Quai Xách Tiện Lợi - PaKaSa,Túi trống,164554574,111000,111000,PaKaSa,VND,111000,111000
"Túi đựng mỹ phẩm, đồ du lịch cá nhân",Thời Trang,19328019,64837,54862,OEM,VND,64837,54862
Set 3 túi trong suốt đựng mỹ phẩm và đồ du lịch thời trang,Túi trống,115889781,60900,60900,OEM,VND,60900,60900
Túi Đựng Mỹ Phẩm Chống Nước Đa Năng Nhiều Ngăn Tiện Lợi Có Quay Xách Dày Dặn MP091,Thời Trang,48507951,79000,79000,OEM,VND,79000,79000
Bộ 6 túi du lịch chống thấm bags in bag (xanh dương đậm),Root,125100689,79000,79000,OEM,VND,79000,79000
Túi đựng đồ du lịch cá nhân cho Nam,Root,125100218,75000,75000,OEM,VND,75000,75000
"Túi đựng mỹ phẩm, đồ trang điểm khi đi du lịch, công tác đa năng Love & Peace, có tay cầm họa tiết thời trang và sang trọng",Túi trống,149124589,49000,49000,OEM,VND,49000,49000
Túi đựng cọ trang điểm đa năng tiện dụng,Túi trống,142801384,69000,69000,OEM,VND,69000,69000
"Túi Du Lịch Thời Trang Cao Cấp Vải Dù Chống Thấm Nước, Gấp Gọn Tiện Lợi, Túi Cỡ Đại Đựng Đồ Đa Dụng Đi Chơi",Root,173636760,59000,59000,OEM,VND,59000,59000
"Túi Xách Du Lịch Có Ngăn Để Giày, Tập Gym, Đi Bơi Chống Nước Cao Cấp 2 Tầng , Có Nhiều Ngăn Tiện Dụng - HÀNG CHÍNH HÃNG MINIIN",Túi trống,243100628,129000,79000,MINIIN,VND,129000,79000
Túi kéo đi chợ gấp gọn chống thấm 2 trong 1 có bánh xe xếp gọn thành túi đa năng KDR-NC310,Root,106659492,81686,73053,OEM,VND,81686,73053
"Túi Đựng Phụ Kiện Công Nghệ I Chống Sốc, Chống Nước",Thời Trang,27880972,51450,51450,OEM,VND,51450,51450
"Túi Đựng Mỹ Phẩm, Đồ Trang Điểm Phụ Kiện Tiện Ích Chống Nước Cao Cấp Vải Oxford 600D 21x8x17CM - TRAVEL - MÃ TG000",Thời Trang,58849809,65000,65000,OEM,VND,65000,65000
Ví Đựng Mỹ Phẩm mini Bộ 3 Hình Vương Miệng nhựa trong suốt CH6,Túi trống,141293061,69000,69000,OEM,VND,69000,69000
"Balo dây rút vải, vải dù, vải bố, vải thun, vải nỉ, đựng giấy tờ A4, laptop, quần áo, giày thể thao",Balo và Vali,72167877,120000,70000,mirrortowers MT,VND,120000,70000
"balo dây rút vải Mirror Towers, chất vải mềm, 2 lớp (Màu đen)",Balo và Vali,26089488,170000,85000,mirrortowers MT,VND,170000,85000
"balo dây rút vải, không thấm nước, chất liệu bền tốt (Nhiều mẫu để chọn)",Thời Trang,44589613,170000,85000,mirrortowers MT,VND,170000,85000
"Túi xách dây rút vải bố Mirror Towers, màu trắng, 2 lớp, đựng a4, quần áo, giày thể thao",Balo dây rút,249953298,170000,110000,mirrortowers MT,VND,170000,110000
"balo dây rút Mirror Towers, chất liệu vải dù trơn, màu đen, 2 lớp, không thấm nước",Balo dây rút,249950135,170000,95000,mirrortowers MT,VND,170000,95000
"Balo Túi Dây Rút Grepaco Vải Dù Bố Canvas Cao Cấp Chống Thấm Nước Mềm Mịn Phong Cách Thời Trang Hàn Quốc Unisex Nam Nữ Đi Học, Chơi, Du Lịch - Hàng Chính Hãng",Balo dây rút,137951164,99000,94050,GREPACO,VND,99000,94050
Balo túi rút thời trang chất bền,Thời Trang,14327837,48000,48000,OEM,VND,48000,48000
Túi dây rút du lịch chống nước tiện dụng cho hoạt động thể thao ngoài trời,Root,172976647,19000,19000,OEM,VND,19000,19000
"Bao,Túi Rút Sword Art Online Đựng Đồ Tiện Lợi, Có Lớp Chống Thấm Nước Tốt,Bền Đẹp, Giá Rẻ, Dùng Đi Bơi, Dã Ngoại Du Lịch",Balo dây rút,102629376,129000,129000,OEM,VND,129000,129000
"balo dây rút Mirror Towers, chất liệu vải thun, màu xanh đậm, 2 lớp, đựng laptop, apple, giấy a4, quần áo, giày thể thao",Balo dây rút,249952878,170000,110000,mirrortowers MT,VND,170000,110000
"Balo dây rút unisex, Balo dây rút gấp gọn, vải dù chống thấm nước, Balo dây rút unisex, túi gấp, túi dây rút - vải dù chống thấm nước - Chính hãng dododios",Balo dây rút,229772800,19000,18000,dododios,VND,19000,18000
Balo dây rút unisex gấp gọn vải dù chống thấm nước - Chính hãng dododios,Root,249004786,19000,18000,dododios,VND,19000,18000
Balo dây rút BlackPink Jennie Jisoo Lisa Rose,Thời Trang,58249242,120000,120000,CHONMUA 365,VND,120000,120000
Balo dây rút Football TROY FB in logo câu lạc bộ bóng đá Manchester City,Thời Trang,57316181,70000,70000,TROY,VND,70000,70000
Balo dây rút Football TROY FB in logo câu lạc bộ bóng đá,Thời Trang,56527113,70000,70000,TROY,VND,70000,70000
Ba lô dù dai thể thao hàng Việt Nam dáng trẻ trung size 45x34cm,Balo dây rút,74344562,18000,18000,OEM,VND,18000,18000
"Balo dây rút vải, chất liệu vải canvas, vải bố, giá rẻ họa tiết CHÚ MÈO CONT6 PHONG CÁCH AOMI",Root,191982329,45000,45000,OEM,VND,45000,45000
Túi balo dây rút thể thao chống nước trơn không họa tiết,Balo dây rút,205405630,19000,19000,OEM,VND,19000,19000
"Balo Túi dây rút ngoài trời Túi đựng đồ lặt vặt, đựng quần áo không thấm nước đi biển",Balo dây rút,131337897,19000,19000,OEM,VND,19000,19000
Balo Túi Rút Thể Thao Đựng Bóng Rổ 33 x 40cm - Giao mẫu ngẫu nhiên,Thời Trang,51111031,48000,48000,OEM,VND,48000,48000
Balo dây rút TROY phối lưới ngang R2,Thời Trang,46325529,119000,119000,TROY,VND,119000,119000
"Túi Rút Thể Thao túi dây rút, balo dây rút 2 Lớp Chống Thấm Nước Tốt",Balo dây rút,195282022,34000,34000,OEM,VND,34000,34000
Balo dây rút vải bố dù 900 cao cấp trơn,Thời Trang,59505265,35000,35000,OEM,VND,35000,35000
Balo dây rút dù TROY,Thời Trang,9431921,70000,70000,TROY,VND,70000,70000
Balo dây rút vải chống thấm chống nước đựng được đồ ướt có đệm vai tiện dụng YSN10,Balo dây rút,183315022,159000,159000,YME,VND,159000,159000
Bộ combo4 Túi Rút Du Lịch cao cấp Chống Thấm thời trang TW 62,Thời Trang,53575041,52275,46750,OEM,VND,52275,46750
BALO MINI AOMIVN DÂY RÚT NHỎ XINH UNISEX CHẤT CANVAS THỜI TRANG CUTE XINH ĐẸP TIỆN ÍCH DẠO PHỐ DU LỊCH,Root,121782226,60000,60000,OEM,VND,60000,60000
Túi tiện ích chống thấm nước dạng rút dùng đi bơi hay dã ngoại du lịch BEE GEE,Balo dây rút,196150939,118000,59000,Bee Gee,VND,118000,59000
BALO MINI GẤU WE ARE BEARS AOMIVN DÂY RÚT ĐEO VAI 33x38cm NHỎ XINH UNISEX CHẤT CANVAS CUTE TIỆN ÍCH DU LỊCH ĐEN TRẮNG,Root,174852181,42000,42000,OEM,VND,42000,42000
Túi Rút Thể Thao Có Quai Xách JOOMUHNI,Thời Trang,62713599,150000,150000,JOOMUHNI,VND,150000,150000
Túi dây rút du lịch chống nước tiện dụng cho hoạt động thể thao ngoài trời,Balo dây rút,131337851,19000,19000,OEM,VND,19000,19000
Túi Rút Thể Thao JOOMUHNI,Thời Trang,62672098,100000,100000,JOOMUHNI,VND,100000,100000
Túi dây rút mini thêu hoa cuốn chỉ 9.5*16.5 cm - Vietnam Handmade Pouch With Embroidery,Root,127670716,45000,45000,OEM,VND,45000,45000
Túi rút thể thao chống thấm cao cấp 2 mặt màu BZH003,Balo dây rút,190229710,80000,41000,Balzio,VND,80000,41000
"Balo, Túi Rút Thể Thao Cao Cấp Chống Thấm Nước",Thời Trang,25681273,25000,25000,OEM,VND,25000,25000
"Túi Đựng Nón 3/4 Đầu Và Fullface AGU, Royal Chính Hãng.",Root,163874816,19000,19000,OEM,VND,19000,19000
Balo túi rút thời trang chất bền,Thời Trang,14328103,48000,48000,OEM,VND,48000,48000
"Bao,Túi Rút Attack On Titan,Có Lớp Chống Thấm Nước Tốt,Bền Đẹp, Giá Rẻ, Dùng Đi Bơi, Dã Ngoại Du Lịch",Balo dây rút,102602596,129000,129000,OEM,VND,129000,129000
BALO MINI SPY X FAMILY AOMIVN DÂY RÚT ĐEO VAI 33x38cm NHỎ XINH UNISEX CHẤT CANVAS CUTE TIỆN ÍCH DU LỊCH DẠO PHỐ,Root,191982183,37800,37800,OEM,VND,37800,37800
BALO RÚT MAYA vải canvas đeo vai nhỏ xinh unisex họa tiết MÈO siêu dễ thương phù hợp mọi lứa tuổi,Balo dây rút,195177087,49000,49000,OEM,VND,49000,49000
Balo túi rút thời trang chất bền,Thời Trang,14349998,48000,48000,OEM,VND,48000,48000
Balo túi rút thời trang chất bền,Thời Trang,20365470,48000,48000,OEM,VND,48000,48000
Túi đựng mũ bảo hiểm 3/4 - Bảo Vệ Nón bảo hiểm,Root,163874813,15000,15000,OEM,VND,15000,15000
"Túi Đựng Giày, Túi Rút Akka",Balo dây rút,187276161,30000,30000,OEM,VND,30000,30000
(có sẵn) Kit tập thêu DIY - Túi Vải TOTE dây rút họa tiết thêu tay HOA CỎ MÙA THU- KIT THÊU TAY THỦ CÔNG- BÁCH HÓA NA NA,Root,148021534,155000,155000,OEM,VND,155000,155000
Balo dây rút Jibaku Shounen Hanako-kun,Thời Trang,49346246,105000,105000,OEM,VND,105000,105000
BST BALO MINI Among Us DÂY RÚT NHỎ XINH UNISEX CHẤT CANVAS THỜI TRANG CUTE XINH ĐẸP TIỆN ÍCH DẠO PHỐ DU LỊCH AOMIVN,Root,191981858,45000,45000,OEM,VND,45000,45000
"túi đeo balo dây rút , túi vải dây rút tiện lợi",Root,164540051,52000,52000,OEM,VND,52000,52000
BALO MINI AOMIVN DÂY RÚT NHỎ XINH UNISEX CHẤT CANVAS THỜI TRANG CANH CUT LIFE CUTE XINH ĐẸP TIỆN ÍCH DẠO PHỐ DU LỊCH,Root,126273408,57000,57000,OEM,VND,57000,57000
Túi Rút Mia Pack-it shoes bag S Orange,Root,206052834,149000,149000,Kakashi,VND,149000,149000
BALO MINI friend molang AOMIVN DÂY RÚT ĐEO VAI 33x38cm NHỎ XINH UNISEX CHẤT CANVAS CUTE TIỆN ÍCH DU LỊCH DẠO PHỐ,Root,191981357,37800,37800,OEM,VND,37800,37800
Balo dây rút thời trang KTP14 Xanh ngọc,Thời Trang,19378517,269000,269000,KTP,VND,269000,269000
Túi Vải chống nước dây rút polyester kiểu ba lô vải D210 in logo quảng cáo Trương Gia Túi Vải - Túi Canvas,Root,208320087,25000,25000,Trương Gia Túi Vải Túi Canvas,VND,25000,25000
BST TÚI VẢI ĐEO VAI BALO IN Anime CANVAS BAG CÓ KHÓA KÉO SIZE LỚN 33x38cm AOMIVN PHONG CÁCH CÁ TÍNH HOT TREND NHIỀU MẪU,Root,191982252,45000,45000,OEM,VND,45000,45000
combo 15 balo dây rút,Balo dây rút,134225990,300000,300000,OEM,VND,300000,300000
BALO MINI AOMIVN DÂY RÚT NHỎ XINH UNISEX CHẤT CANVAS THỜI TRANG DIEU EM MUON B CUTE XINH ĐẸP TIỆN ÍCH DẠO PHỐ DU LỊCH,Root,126272816,57000,57000,OEM,VND,57000,57000
BALO MINI HEROTEAM SIM SAM SIRO AOMIVN DÂY RÚT ĐEO VAI 33x38cm NHỎ XINH UNISEX CHẤT CANVAS CUTE TIỆN ÍCH DU LỊCH DẠO PHỐ,Root,191982883,43200,43200,OEM,VND,43200,43200
"Balo rút, túi rút thể thao siêu tiện lợi",Balo dây rút,173845343,49000,49000,OEM,VND,49000,49000
Ba Lô Túi dây rút Túi lưu trữ đi biển đồ bơi chống thấm nước và chống bụi đa chức năng du lịch Trương Gia,Root,186479879,25000,25000,Trương Gia Túi Vải Túi Canvas,VND,25000,25000
"Sticker phụ kiện balo, túi, mũ nón Danfashion",Root,166550025,62900,62900,OEM,VND,62900,62900
Túi rút thể thao chống thấm cao cấp 2 mặt màu BZH003,Balo dây rút,190232145,80000,76000,Balzio,VND,80000,76000
Bộ Túi Rút combo 4 cái  Du Lịch Chống Thấm đa năng KSL6,Thời Trang,53575098,52275,46750,OEM,VND,52275,46750
"Balo dây rút vải, chất liệu vải canvas, vải bố, giá rẻ họa tiết CHÚ MÈO CONT6 PHONG CÁCH AOMI",Root,126278560,54000,54000,OEM,VND,54000,54000
BALO MINI NGON TINH AOMIVN DÂY RÚT NHỎ XINH UNISEX CHẤT CANVAS THỜI TRANG CUTE XINH ĐẸP TIỆN ÍCH DẠO PHỐ,Root,166332489,54000,54000,OEM,VND,54000,54000
Túi rút dây đa năng Inochi 60L/ 30l / 20L (tiêu chuẩn Nhật Bản),Balo dây rút,191319980,29000,29000,Inochi,VND,29000,29000
Balo dây rút Football TROY FB in logo câu lạc bộ bóng đá Liverpool,Thời Trang,57315780,70000,70000,TROY,VND,70000,70000
Balo dây rút Football TROY FB in logo câu lạc bộ bóng đá Bayern Munchen,Thời Trang,57058298,69000,69000,TROY,VND,69000,69000
Balo túi rút thời trang chất bền,Thời Trang,20363930,48000,48000,OEM,VND,48000,48000
Túi rút thể thao chống thấm BALZIO BZH002 cao cấp,Balo dây rút,150851761,70000,43000,Balzio,VND,70000,43000
Balo túi rút thời trang chất bền,Thời Trang,14350618,48000,48000,OEM,VND,48000,48000
"Balo dây rút vải, chất liệu vải canvas, vải bố, giá rẻ họa tiết CÔ GÁIT6 PHONG CÁCH AOMI",Root,121769120,56000,56000,OEM,VND,56000,56000
Balo túi rút thời trang chất bền,Thời Trang,20365293,48000,48000,OEM,VND,48000,48000
Túi tote canvas Crabit in hình basic,Balo dây rút,201936842,90000,90000,OEM,VND,90000,90000
Túi dây rút thêu chữ nhân rút rua hoa nhiều màu size 11*22*7 cm - Vietnam Handmade Pouch With Embroidery,Root,127670682,100000,100000,OEM,VND,100000,100000
Túi rút tote- túi rút vải bố,Root,154858227,25000,25000,OEM,VND,25000,25000
"SIÊU RẺ Balo In Hai Mặt Thời Trang, Chất Siêu Dày Tiện Ích, Đi Du Lịch, Thể Thao, Dã Ngoại, Đi Học, Dây Rút Đeo Vai",Balo dây rút,128906424,45500,45500,OEM,VND,45500,45500
"Bao,Túi Rút Marshmello,Có Lớp Chống Thấm Nước Tốt,Bền Đẹp, Giá Rẻ, Dùng Đi Bơi, Dã Ngoại Du Lịch",Balo dây rút,102607123,141900,141900,OEM,VND,141900,141900
Túi dây rút thêu tay hình chiếc giầy chaussures size 30*40 cm - Hand Embroidery Lingerie Bag Vietnam,Balo dây rút,127670692,170000,170000,OEM,VND,170000,170000
BALO MINI TOCA BOCA LIFE AOMIVN DÂY RÚT ĐEO VAI 33x38cm NHỎ XINH UNISEX CHẤT CANVAS CUTE TIỆN ÍCH DU LỊCH DẠO PHỐ,Root,174851953,40000,40000,OEM,VND,40000,40000
Balo rút anime Kimetsu no Yaiba (1),Root,152648587,99000,99000,OEM,VND,99000,99000
"TÚI MINI SILICON QUAI NGỌC XINH XẮN,TÚI CN NHỰA BÓNG MINI",Root,213559040,39000,39000,OEM,VND,39000,39000
Túi rút thể thao chống thấm cao cấp BZH004,Balo dây rút,247854822,90000,57000,OEM,VND,90000,57000
BALO MINI Sans family AOMIVN DÂY RÚT ĐEO VAI 33x38cm NHỎ XINH UNISEX CHẤT CANVAS CUTE TIỆN ÍCH DU LỊCH ĐEN TRẮNG,Root,191982891,37800,37800,OEM,VND,37800,37800
Túi Dây Rút Chống Thấm Nước In Hình Hoa Cúc Dễ Thương Để Đồ Tiện Dụng Cho Bạn Nữ,Balo dây rút,142699060,8000,8000,OEM,VND,8000,8000
"Túi-Balo rút du lịch,thể thao,đi học...Michelin- Sản phẩm thân thiện với Môi Trường",Root,139715253,150000,150000,OEM,VND,150000,150000
Balo dây rút Football TROY FB in logo câu lạc bộ bóng đá MU Manchester United,Thời Trang,56867623,70000,70000,TROY,VND,70000,70000
Dây rút trắng (Bịch),Root,187838099,6000,6000,OEM,VND,6000,6000
[FREE FIRE] Balo dây rút chất liệu vải dù siêu đẹp in hình Rank huyền thoại,Balo dây rút,91847507,66000,66000,OEM,VND,66000,66000
BALO MINI AOMIVN DÂY RÚT NHỎ XINH UNISEX CHẤT CANVAS THỜI TRANG CUTE XINH ĐẸP TIỆN ÍCH DẠO PHỐ DU LỊCH,Root,166332330,53000,53000,OEM,VND,53000,53000
"Bao,Túi Rút One Piece Luffy ,Có Lớp Chống Thấm Nước Tốt,Bền Đẹp, Giá Rẻ, Dùng Đi Bơi, Dã Ngoại Du Lịch","Balo du lịch, phượt",102607010,129000,129000,OEM,VND,129000,129000
Cath Kidston-Balo trẻ em Kids Dinosaur Novelty Backpack Dinosaur-1040630-Orange,Balo dây rút,195544931,1599000,1119000,Cath Kidston,VND,1599000,1119000
Túi dây rút unisex Lfc Liverpool Fc - A13983 (35 x 43 cm),Balo dây rút,186210669,290000,290000,LFC,VND,290000,290000
Bộ combo4 Túi Rút Du Lịch Chống Thấm thời trang cao cấp TW31,Balo và Vali,72663180,54600,46200,OEM,VND,54600,46200
BALO MINI bò sữa milk AOMIVN DÂY RÚT ĐEO VAI 33x38cm NHỎ XINH UNISEX CHẤT CANVAS CUTE TIỆN ÍCH DU LỊCH DẠO PHỐ,Root,191981376,37800,37800,OEM,VND,37800,37800
Balo túi rút thời trang chất bền,Thời Trang,14364361,48000,48000,OEM,VND,48000,48000
Balo túi rút thời trang chất bền,Thời Trang,14350122,48000,48000,OEM,VND,48000,48000
"Túi Đựng Giày, Túi Rút Họa Tiết Chống Bẩn, Có Dây Rút Đi Du Lịch Tiện Lợi",Root,151453619,5900,5900,OEM,VND,5900,5900
"Bao,Túi Rút Dragon Ball,Có Lớp Chống Thấm Nước Tốt,Bền Đẹp, Giá Rẻ, Dùng Đi Bơi, Dã Ngoại Du Lịch",Balo dây rút,102603348,129000,129000,OEM,VND,129000,129000
Túi rút vải hình mặt cười đáng yêu tiện lợi Bobia Decor,Root,208676204,32000,32000,OEM,VND,32000,32000
Túi dây rút mini thêu tay đựng son size 14*20 cm - Vietnam Handmade Pouch With Embroidery,Balo dây rút,127670717,65000,65000,OEM,VND,65000,65000
"Balo dây rút unisex, vải dù chống thấm nước Mai Anh House MA01",Balo dây rút,186120714,30000,30000,Mai Anh House,VND,30000,30000
"Balo dây rút vải, chất liệu vải canvas, vải bố, giá rẻ họa tiết CHÚ MÈO CONT6 PHONG CÁCH AOMI",Root,121775573,54000,54000,OEM,VND,54000,54000
Balo túi rút thời trang chất bền,Thời Trang,14331716,48000,48000,OEM,VND,48000,48000
BALO MINI MÈO CUTE AOMIVN DÂY RÚT NHỎ XINH UNISEX CHẤT CANVAS THỜI TRANG CUTE XINH ĐẸP TIỆN ÍCH DẠO PHỐ,Root,166347095,57000,57000,OEM,VND,57000,57000
Balo nam nữ đi học thời trang phát sáng đẳng cấp Ohazo! cá tính -TẶNG cápUSB+Khóasố+TaiNghe+Móckhóa- Cặp đi học HOT 2021,Root,122344778,319000,319000,Ohazo!,VND,319000,319000
Balo dây rút Football TROY FB in logo câu lạc bộ Chelsea,Thời Trang,56698895,70000,70000,TROY,VND,70000,70000
BALO robolux MINI AOMIVN DÂY RÚT ĐEO VAI 33x38cm NHỎ XINH UNISEX CHẤT CANVAS CUTE TIỆN ÍCH DU LỊCH DẠO PHỐ,Root,191981817,37800,37800,OEM,VND,37800,37800
"Balo dây rút vải, chất liệu vải canvas, vải bố, giá rẻ họa tiết CHÚ MÈO CON FASHION",Root,166353180,53000,53000,OEM,VND,53000,53000
Túi nilon rút gọn quả dâu rất xinh,Root,133673744,14000,14000,OEM,VND,14000,14000
Balo Dây Rút Among Us Hình In Chuyển Nhiệt Sắc Nét Dành Cho Cả Nam Và Nữ,Root,186306589,65860,65860,OEM,VND,65860,65860
Túi rút thể thao túi đựng giày màu đen,Root,148007542,25000,25000,OEM,VND,25000,25000
Balo dây rút đen in hình BANG TOKYO MANJI anime Tokyo Revengers Kịch Trường Của Takemichi anime chibi túi rút đi học xinh xắn thời trang,Balo dây rút,107326007,99000,99000,OEM,VND,99000,99000
Túi dây rút thêu giầy bale size 30*40 cm - Hand Embroidery Lingerie Bag Vietnam,Balo dây rút,127670690,170000,170000,OEM,VND,170000,170000
Balo túi rút thời trang chất bền,Thời Trang,20366557,48000,48000,OEM,VND,48000,48000
Túi Đựng Giày Vải Không Dệt Có Dây Rút  TP'S,Root,144199692,21000,18000,OEM,VND,21000,18000
[FREE FIRE] Balo dây rút chất liệu vải dù siêu đẹp in hình Thích khách Âm Dương,Balo dây rút,91847760,59000,59000,OEM,VND,59000,59000
"Túi dây rút du lịch chống nước tiện dụng cho hoạt động thể thao dã ngoại,leo núi ngoài trời",Balo dây rút,107615328,25000,25000,OEM,VND,25000,25000
"Balo dây rút vải, chất liệu vải canvas, vải bố, giá rẻ họa tiết CÔ GÁI HOT TREND",Root,166353335,53000,53000,OEM,VND,53000,53000
Balo Túi Rút Đen,Root,165769200,58000,58000,OEM,VND,58000,58000
Túi rút du lịch PiPo hình cá màu đỏ,Root,155785459,80000,55000,OEM,VND,80000,55000
Cath Kidston - Túi dây rút/Kids Drawstring Bag - Paper Dolls - Duck Egg -1040708,Root,199103404,749000,529000,OEM,VND,749000,529000
Cath Kidston - Túi nữ/The Little Hitch Pouches - Summer Poppy Midscale - Pink/Cream -1049435,Balo dây rút,199103181,1199000,839000,Cath Kidston,VND,1199000,839000
Cath Kidston-Kids Medium Backpack Unicorn-1040500-Yellow,Balo dây rút,195544950,1499000,1499000,Cath Kidston,VND,1499000,1499000
BALO MINI heo peppa AOMIVN DÂY RÚT ĐEO VAI 33x38cm NHỎ XINH UNISEX CHẤT CANVAS CUTE TIỆN ÍCH DU LỊCH DẠO PHỐ,Root,191981224,37800,37800,OEM,VND,37800,37800
Balo túi rút thời trang chất bền,Thời Trang,20364784,48000,48000,OEM,VND,48000,48000
"Sỉ 50, 100 túi rút bèo",Root,145271980,269000,269000,OEM,VND,269000,269000
Túi gấm đỏ chữ Phúc 10x13 cm,Balo dây rút,80947116,10000,10000,OEM,VND,10000,10000
Balo Dây Rút,Balo dây rút,108759564,130000,130000,OEM,VND,130000,130000
BALO MINI KHỦNG LONG KUTE DÂY RÚT NHỎ XINH UNISEX CHẤT CANVAS THỜI TRANG CUTE XINH ĐẸP TIỆN ÍCH DẠO PHỐ,Root,166329947,54000,54000,OEM,VND,54000,54000
10 túi nhung đỏ dây rút 7x9 cm,Balo dây rút,80947083,35000,35000,OEM,VND,35000,35000
Balo dây rút Football TROY FB in logo câu lạc bộ bóng đá Arsenal,Thời Trang,57315316,70000,70000,TROY,VND,70000,70000
TÚI LƯỚI RÚT DÂY/ SUMMER NET BAG,Balo dây rút,186070661,180000,180000,OEM,VND,180000,180000
[FREE FIRE] Balo dây rút chất liệu vải dù siêu đẹp in hình Quỷ kiếm dạ xoa,Balo dây rút,91847536,66000,66000,OEM,VND,66000,66000
Túi dây rút thêu tay hình bộ bikini size 30*40 cm - Hand Embroidery Lingerie Bag Vietnam,Balo dây rút,127670693,200000,200000,OEM,VND,200000,200000
"Túi dây rút mini thêu tay đựng son, hộp phấn size 15*20 cm - Vietnam Handmade Pouch With Embroidery",Balo dây rút,127670718,65000,65000,OEM,VND,65000,65000
Cath Kidston-Túi đeo chéo  Kids Quilted Drawstring Cross Body Marble Hearts Ditsy-1040678-Pink,Balo dây rút,195544892,949000,949000,Cath Kidston,VND,949000,949000
Balo dây rút đen in hình HỆ THỐNG TỰ CỨU manhua túi rút đi học xinh xắn thời trang,Balo dây rút,114878236,90000,90000,OEM,VND,90000,90000
"Balo học sinh thời trang, chất liệu da tổng hợp cao cấp( XI OF 01) - BOM",Root,145172877,304500,304500,OEM,VND,304500,304500
Nơ rút đại thắt giỏ quà tết 10 chiếc,Root,164537963,12000,12000,OEM,VND,12000,12000
Túi dây rút unisex Lfc - A13977,Balo dây rút,159019071,390000,195000,LFC,VND,390000,195000
Balo Dây Rút Artline-Txm-1N,Thời Trang,31518221,245000,191100,Artline,VND,245000,191100
Balo Túi Rút Xanh,Root,165769726,58000,58000,OEM,VND,58000,58000
"Combo 02 Túi rút dây chống nước mang thể thao, thân thiện với cuộc sống.",Root,148007093,39000,39000,OEM,VND,39000,39000
BALO MINI HERO TEAM AOMIVN DÂY RÚT NHỎ XINH UNISEX CHẤT CANVAS THỜI TRANG CUTE XINH ĐẸP TIỆN ÍCH DẠO PHỐ,Root,166331182,57000,57000,OEM,VND,57000,57000
"Túi Rút Dây Thể Thao Cao Cấp Oxford Chống Thấm Nước Đựng Giày Thể Thao, Du Lịch - Kích Thước 35*40cm",Balo dây rút,76402233,45000,45000,OEM,VND,45000,45000
Cath Kidston - Balo dây rút trẻ em Kids Drawstring Bag Cherries - 1001730 - Blush,Balo dây rút,199103377,749000,749000,Cath Kidston,VND,749000,749000
BALO MINI ẾCH XANH CHIBI AOMIVN DÂY RÚT ĐEO VAI 33x38cm NHỎ XINH UNISEX CHẤT CANVAS CUTE TIỆN ÍCH DU LỊCH DẠO PHỐ,Root,191981218,41300,41300,OEM,VND,41300,41300
Balo túi rút thời trang chất bền,Thời Trang,20243744,48000,48000,OEM,VND,48000,48000
5THEWAY /warriors/ DRAWSTRING BAG in BLACK aka Túi Dây Rút Đen,Balo dây rút,90192256,290000,290000,5THEWAY,VND,290000,290000
"Túi rút thể thao túi đựng giày, chỉ có màu đen",Root,169897439,25000,25000,OEM,VND,25000,25000
BALO MINI AOMIVN DÂY RÚT NHỎ XINH UNISEX CHẤT CANVAS THỜI TRANG CHO SE MAT B CUTE XINH ĐẸP TIỆN ÍCH DẠO PHỐ DU LỊCH,Root,126271190,57000,57000,OEM,VND,57000,57000
"Balo dây rút vải, chất liệu vải canvas, vải bố, giá rẻ họa tiết CÔ GÁIT6 PHONG CÁCH AOMI",Root,126285653,56000,56000,OEM,VND,56000,56000
BALO MINI WE ARE BEAR AOMIVN DÂY RÚT NHỎ XINH UNISEX CHẤT CANVAS THỜI TRANG CUTE XINH ĐẸP TIỆN ÍCH DẠO P,Root,166330748,54000,54000,OEM,VND,54000,54000
Balo ullzang Thời Trang Dây Rút Phong Cách Hàn Quốc HARAS - HR288,Balo dây rút,169000412,350000,199000,HARAS,VND,350000,199000
Túi Đựng Giày Đá Bóng Có Dây Rút,Thời Trang,49195072,45000,45000,OEM,VND,45000,45000
BALO RÚT NẮP THỔ CẨM NHỎ,Balo dây rút,139192037,100000,100000,OEM,VND,100000,100000
Túi Xách Lông Kẹp Nách (Túi Toe) Đeo Vai Họa Tiết Da Báo & Bò Sữa Thời Trang Thu Đông - Mã XT052,Root,196948361,105000,105000,OEM,VND,105000,105000
T17-21/Túi Chéo Nhỏ,Root,97557245,60000,60000,OEM,VND,60000,60000
Ba lô rút xinh - Túi rút đa năng - Maben,Root,247686376,100000,100000,OEM,VND,100000,100000
"Balo thời trang nữ chất dù bền nhẹ với họa tiết độc đáo phù hợp đi dạo, đi chơi hay du lịch (BL D UNICORN) - BOM",Root,145172421,49500,49500,OEM,VND,49500,49500
Swing MasterII Zero-Gravity Massage chân nằm đa chức năng - Sky,Root,148715705,2868000,2868000,OEM,VND,2868000,2868000
Bánh xương mềm Sleeky Chewy Snack️,Root,253334480,35000,35000,OEM,VND,35000,35000
Túi dây rút/The Little Hitch Pouches Stamp Paisley - 1065824,Root,249153053,1099000,1099000,Cath Kidston,VND,1099000,1099000
Cath Kidston-Balo trẻ em Kids Mini Backpack Dinosaur-1040470-Green,Balo dây rút,195544889,1049000,1049000,Cath Kidston,VND,1049000,1049000
Dây rút nhựa (dây rút đen - dây rút trắng),Root,249465298,5600,5600,OEM,VND,5600,5600
"Túi Handmade Tự Đan Túi Gấu Nguyên Set Phụ Kiện Gồm Len Mịn,",Balo dây rút,213883702,119000,119000,OEM,VND,119000,119000
Balo dây rút 7 Viên Ngọc Rồng,Balo nữ,101156537,69000,69000,OEM,VND,69000,69000
Sét 10 túi nhung đen dây rút 10x12 cm,Balo dây rút,80947673,45000,45000,OEM,VND,45000,45000
BALO RÚT MAYA vải Canvas đeo vai nhỏ xinh unisex họa tiết DOREMON cực đáng yêu,Balo dây rút,195178580,39000,39000,OEM,VND,39000,39000
Cath Kidston - Túi dây rút/Recycled Satin Drawstring Pouch - Painted Kingdom Tote - Pink -1042337,Balo dây rút,199103171,899000,629000,Cath Kidston,VND,899000,629000
Ba Lô Túi dây rút Túi lưu trữ đi biển đồ bơi chống thấm nước và chống bụi đa chức năng du lịch Trương Gia,Root,186607653,25000,25000,Trương Gia Túi Vải Túi Canvas,VND,25000,25000
Balo dây rút thời trang nam nữ phối lưới có quai xách tiện dụng,Balo dây rút,262837119,129000,129000,OEM,VND,129000,129000
Combo 50 túi gấm đỏ Thượng Hải chữ Phúc tphcm,Balo dây rút,80947522,350000,350000,OEM,VND,350000,350000
Giấy lau giầy thần thánh Sneaker,Root,253162677,17000,17000,OEM,VND,17000,17000
Túi rút dây/The Little Hitch Pouches Pinball,Root,249152994,1099000,1099000,Cath Kidston,VND,1099000,1099000
Túi Dây Rút Kích thước lớn Vải Dệt dáng thể thao nhiều màu Đựng Mũ Bảo Hiểm,Root,208260194,45000,45000,Trương Gia Túi Vải Túi Canvas,VND,45000,45000
Balo dây rút phối đáy tròn dây đeo bản lớn,Balo dây rút,262833223,159000,159000,OEM,VND,159000,159000
Giấy lau giầy thần thánh Sneaker,Root,261818208,18000,18000,OEM,VND,18000,18000
10 TÚI HOA RÚT DÂY LOẠI ĐẸP,Root,178052721,105000,105000,OEM,VND,105000,105000
Túi sách kẹp nách khoá thỏ,Balo dây rút,258044613,299000,299000,OEM,VND,299000,299000
BALO RÚT MAYA vải Canvas đeo vai nhỏ xinh unisex HÀ NỘI VÀ SÀI GÒN cực chất phù hợp mọi lứa tuổi,Balo dây rút,195177679,39000,39000,OEM,VND,39000,39000
10 túi nhung hồng dây rút 7x9 cm,Balo dây rút,80947152,30000,30000,OEM,VND,30000,30000
BALO RÚT MAYA vải Canvas đeo vai nhỏ họa tiết BÓNG ĐÁ cực chất phù hợp mọi lứa tuổi,Balo dây rút,195177800,39000,39000,OEM,VND,39000,39000
Túi dây rút unisex Oneill - 2150031-39057,Balo dây rút,253227051,369000,369000,Oneill,VND,369000,369000
Cath Kidston - Túi dây rút/Recycled Satin Drawstring Pouch - Strawberry Garden - Cream/Pink -1042320,Balo dây rút,199103204,899000,629000,Cath Kidston,VND,899000,629000
"Túi dây rút du lịch Họa tiết trơn chống nước tiện dụng cho hoạt động thể thao dã ngoại,leo núi ngoài trời",Root,262897230,19000,19000,OEM,VND,19000,19000
"1kg túi shop đục lỗ, in hình Helokity hàng đẹp",Root,172103875,35000,35000,OEM,VND,35000,35000
BALO RÚT MAYA vải canvas đeo vai nhỏ xinh unisex họa tiết NHỮNG CÔ GÁI cá tính năng động trẻ trung,Balo dây rút,195177689,39000,39000,OEM,VND,39000,39000
BALO RÚT MAYA vải Canvas đeo vai nhỏ xinh unisex NHỮNG CHÚ ẾCH cực cute phù hợp mang đi học đi chơi,Root,195177940,39000,39000,OEM,VND,39000,39000
"BaLo Laptop, Balo thời trang, thiết kế thanh lịch, trẻ trung, chất liệu da bền, chống nước hiệu quả, đựng vừa laptop 14inch","Balo du lịch, phượt",249910849,425000,403750,BISAGO,VND,425000,403750
Balo Du Lịch Chống Thấm Nước 45L BLH207,Thời Trang,9807827,279000,279000,OEM,VND,279000,279000
Ba lô thời trang du lịch cao cấp,"Balo du lịch, phượt",183487222,325000,308750,OEM,VND,325000,308750
"Balo Đi Học, Đi Du Lịch Thời trang AGVA Milano 15.6","Balo du lịch, phượt",162362900,880000,480000,AGVA,VND,880000,480000
Balo du lịch AOKING 67357,Root,187641694,650000,520000,OEM,VND,650000,520000
"Ba lô du lịch thể thao nam công suất lớn phong cách mới tích hợp sạc USB tiện dụng và công nghệ chống thấm nước (15,6"")",Thời Trang,57827056,395000,355500,ANANSHOP688,VND,395000,355500
"Balo Du Lịch Cao Cấp Hasun HXK bền bỉ, chắc chắn - Hàng Chính Hãng","Balo du lịch, phượt",175887647,409000,367000,Hasun,VND,409000,367000
"Balo Nam Đi Phượt US ARMY,BaLo Chiến Thuật Leo Núi, Du Lịch Chuyên Dụng Chất Liệu Cavan Cao Cấp Chống Nước - HÀNG CHÍNH HÃNG","Balo du lịch, phượt",191800394,459000,221000,US ARMY,VND,459000,221000
Balo Thời Trang Du Lịch Dã Ngoại Tiện Dụng BLTB01,Thời Trang,33877972,182000,139000,OEM,VND,182000,139000
Balo laptop du lịch đi phượt thời trang dung tích siêu lớn hàng chính hãng YVan 1822,"Balo du lịch, phượt",192135720,620000,620000,YVan,VND,620000,620000
Balo du lịch cỡ lớn 45l vải bền cao cấp chống thấm nước - màu sắc bắt mắt,"Balo du lịch, phượt",75580703,229000,229000,OEM,VND,229000,229000
Balo basic đi học vải dù chống nước ba lô du lịch thời trang unisex cao cấp 9472,Root,187641600,320000,305000,OEM,VND,320000,305000
Ba lô thời trang du lịch cao cấp cỡ lớn tích hợp đa chức năng,"Balo du lịch, phượt",193147169,155000,147250,OEM,VND,155000,147250
Balo Thời Trang Đa Năng Cao Cấp Cỡ Lớn Du Lịch Phượt DC-BL15,"Balo du lịch, phượt",95058624,189000,159000,OEM,VND,189000,159000
"Balo du lịch Arctic Hunter B00227 chất liệu Oxford chống nước, khóa mở rộng như vali, cổng kết nối USB",Root,111869058,1100000,679000,ARCTIC HUNTER,VND,1100000,679000
Balo cần kéo du lich công tác nam nữ màu đen TK007,Thời Trang,5473877,1050000,1050000,OEM,VND,1050000,1050000
"Balo du lịch, balo phượt, balo leo núi thể thao phong cách mới  - BEE GEE BLLN1017","Balo du lịch, phượt",214637646,650000,325000,Bee Gee,VND,650000,325000
Bộ Balo Du Lịch Năng Động Và Túi Đeo Chéo Thời Trang Praza - BLTK167DC119,Thời Trang,43365983,329000,179000,Praza,VND,329000,179000
"Balo basic đi học siêu nhẹ, ba lô du lịch thời trang unisex nhiều màu dễ thương 9396",Root,187641381,385000,350000,OEM,VND,385000,350000
Balo du lịch 3 sọc,"Balo du lịch, phượt",193964675,320000,220000,OEM,VND,320000,220000
Ba lô du lịch cao cấp mang phong cách Hàn Quốc,"Balo du lịch, phượt",165638476,280000,266000,VOLINH,VND,280000,266000
"Balo Nam nữ phong cách cool ngầu, balo học sinh, du lịch trẻ trung , năng động MÃ:FS817","Balo du lịch, phượt",108913495,270000,195000,OEM,VND,270000,195000
Balo Du Lịch LAZA BL289 - Chính hãng phân phối,Thời Trang,46033599,250000,169000,OEM,VND,250000,169000
Balo du lịch STARGO KEVAN (15inch),Thời Trang,47104832,660000,627000,STARGO,VND,660000,627000
BALO KAKAPO VỪA ĐỂ ĐỰNG LAPTOP ĐI LÀM - VỪA GỌN GÀNG ĐỂ ĐI CHƠI,"Balo du lịch, phượt",194405273,350000,350000,OEM,VND,350000,350000
Balo du lịch chống thấm nước có ngăn để giày,"Balo du lịch, phượt",190506985,135000,135000,OEM,VND,135000,135000
Balo Du Lịch Xếp Gọn Siêu Nhẹ Naturehike 22L NH17A017-B,"Balo du lịch, phượt",195482757,320000,307000,Naturehike,VND,320000,307000
Balo du lịch đa chức năng hàng siêu cao cấp phong cách cá tính mới,Balo và Vali,249875935,1700000,1530000,ANANSHOP688,VND,1700000,1530000
Ba lô du lịch thể thao nam công suất lớn phong cách châu âu hiện đại đã tích hợp công nghệ 4.0,Thời Trang,50490162,999000,899100,ANANSHOP688,VND,999000,899100
Balo du lịch túi đeo chéo công suất lớn phong cách Phương Tây mã 6029,"Balo du lịch, phượt",192987246,899000,599000,OEM,VND,899000,599000
"Balo đi học, balo du lịch phượt đa năng 20L vải dù Polyester mềm mại","Balo du lịch, phượt",248343275,99000,99000,OEM,VND,99000,99000
Balo Du Lịch LAZA BL432 - Chính Hãng Phân Phối,Thời Trang,45999915,200000,200000,OEM,VND,200000,200000
"Balo thể thao du lịch SAKOS HERO (15"")",Root,190858784,1342000,1140000,Sakos,VND,1342000,1140000
"Balo du lịch nam vải canvas cao cấp Dành Cho Đi Học, Dã Ngoại, Đi Phượt, Đựng Laptop (14-17"")","Balo du lịch, phượt",93182300,490000,441000,ANANSHOP688,VND,490000,441000
"Balo nam chống nước cao cấp, túi du lịch đa năng tiện lợi DRU- Hàng chính hãng","Balo du lịch, phượt",199218450,510000,255000,DRU,VND,510000,255000
Balo du lịch cao cấp đa chức năng phong cách mới,"Balo du lịch, phượt",186639841,499000,449100,ANANSHOP688,VND,499000,449100
Balo du lịch thời trang đa năng chống nước cao cấp phong cách mới,"Balo du lịch, phượt",180103221,570000,513000,ANANSHOP688,VND,570000,513000
"balo du lịch, phượt thời trang có tặng kèm bọc chống nước","Balo du lịch, phượt",110024259,259000,259000,OEM,VND,259000,259000
"Balo Quechua du lịch 10l ,siêu nhẹ bền","Balo du lịch, phượt",151778319,150000,120000,OEM,VND,150000,120000
Balo nữ du lịch thời trang SAKOS MELODY (Size nhỏ),Root,190858577,835000,793000,Sakos,VND,835000,793000
Ba lô du lịch thể thao nam công suất lớn phong cách châu âu hiện đại đã tích hợp công nghệ 4.0,Thời Trang,54480206,999000,899100,ANANSHOP688,VND,999000,899100
"Balo du lịch cao cấp phong cách mới 15,6""","Balo du lịch, phượt",84440323,470000,423000,ANANSHOP688,VND,470000,423000
"Balo du lịch Arctic Hunter B00218 chất liệu Oxford chống nước, có cổng USB, đựng laptop 15.6""",Root,111868757,850000,499000,ARCTIC HUNTER,VND,850000,499000
"Balo Magna 01 AMERICAN TOURISTER - MỸ : Dây đeo vai trợ lực, công nghệ Tractum Suspension Bao gồm áo bảo vệ balo chống nước, chống bụi Đệm lưng thoải mái, thoáng mát","Balo du lịch, phượt",191814920,1900000,950000,American Tourister,VND,1900000,950000
Balo thể thao Mr Vui BLTT905 balo du lịch và đi làm (47 x 32 x 19 cm),"Balo du lịch, phượt",208676879,575000,487000,MRVUI,VND,575000,487000
"Balo du lịch, phượt cao cấp 80L, Balo PUBG Game công suất lớn cho dân phượt Ohazo! BL104",Thời Trang,13555059,399000,399000,Ohazo!,VND,399000,399000
Balo Du Lịch Nữ Kim Long KL026 Đỏ - Chính Hãng,Thời Trang,49126213,469000,422100,KL,VND,469000,422100
Túi du lịch cỡ lớn Xách tay balo đa năng BIG-Butan sang trọng S33 {SIÊU PHẨM HÓT},"Balo du lịch, phượt",179013468,290290,245630,OEM,VND,290290,245630
Ba lô du lịch thể thao nam công suất lớn phong cách hiện đại – BLN1006,"Balo du lịch, phượt",199648564,1570000,785000,Bee Gee,VND,1570000,785000
Balo Du Lịch Phượt Dài Ngày Cỡ Lớn Tiện Dụng Hình Trụ,"Balo du lịch, phượt",219461488,350000,199000,OEM,VND,350000,199000
Balo du lịch STARGO FARAH,Thời Trang,50272534,640000,608000,STARGO,VND,640000,608000
"Balo vải dù phượt du lịch nam nữ thời trang cao cấp, cặp học sinh đi học trung học, balo đựng laptop size 51cm BL035","Balo du lịch, phượt",214163867,199000,199000,OEM,VND,199000,199000
"BALO DU LỊCH, ĐỰNG ĐỒ VỀ QUÊ ĐI CHƠI MR VUI BLTT905 SIZE TO CÓ NGĂN CHỨA LAPTOP 15.6 INCH","Balo du lịch, phượt",242407526,575000,488750,MRVUI,VND,575000,488750
(Xịn Sò) Balo Túi Xách Du Lịch Đa Năng KhoNCC Hàng Chính Hãng - Cuộn Tròn Xếp Gọn Phù Hợp Du Lịch Xa - Phượt - KKT-3043-TDLDN (Nhiều màu),"Balo du lịch, phượt",102066729,249000,231000,KHONCC,VND,249000,231000
Balo du lịch đa năng thông minh cao cấp phong cách châu âu,"Balo du lịch, phượt",79666044,1150000,1035000,ANANSHOP688,VND,1150000,1035000
Balo du lịch KTP beibulan cỡ lớn có còi cứu hộ chống nước 45L,Thời Trang,55468362,390000,390000,KTP,VND,390000,390000
Balo Du Lịch Phượt 40L,Thời Trang,4902569,229000,229000,OEM,VND,229000,229000
"Balo Phượt, Balo Du Lịch Nam Nữ Thể Thao Đa Năng Cao Cấp 20L size 52cm","Balo du lịch, phượt",201110654,139000,139000,OEM,VND,139000,139000
"CỠ LỚN 55L CÓ NỚI ĐÁY Balo du lịch, phượt, leo núi, Balo cắm trại dài ngày chống thấm nước","Balo du lịch, phượt",251395587,159000,159000,OEM,VND,159000,159000
"Balo du lịch Arctic Hunter B00465 chất liệu oxford chống nước, khóa mở rộng như vali, cổng kết nối USB",Root,111868804,1100000,635000,ARCTIC HUNTER,VND,1100000,635000
Balo Nam Giá Rẻ - Balo Du Lịch Đẹp Chiến Thuật Lính Mỹ Đi Phượt Leo Núi Thể Thao Cao Cấp,"Balo du lịch, phượt",103031452,300000,300000,OEM,VND,300000,300000
Balo du lịch cỡ lớn 50L có chống nước 33x18x57cm,Thời Trang,52702293,990000,990000,OEM,VND,990000,990000
BALO TOMTOC (USA) PREMIUM LIGHTWEIGHT BUSINESS FOR MACBOOK PRO15″/16″ BLACK (H62-E02D),"Balo du lịch, phượt",102739158,1882000,1882000,Tomtoc,VND,1882000,1882000
"Kaka - Balo du lịch, balo leo núi đa năng, balo phượt",Root,192919733,540000,540000,OEM,VND,540000,540000
"Balo Nam Thời Trang Du Lịch Cỡ Lớn Vải Bố Canvas Bền Chắc Phong Cách mới Dành Cho Đi Học, Dã Ngoại, Đi Phượt, Đựng Laptop (14-17"")",Thời Trang,58025051,470000,423000,ANANSHOP688,VND,470000,423000
Balo Nam Lính Mỹ 7D Chiến Thuật Kích Thước Đại Chuyên Dùng Đi Phượt Dã Ngoại Vải Kaki Chống Nước Nhẹ- HÀNG CHÍNH HÃNG,"Balo du lịch, phượt",221744298,898000,433000,US ARMY,VND,898000,433000
"Balo Nam Thời Trang Du Lịch Cỡ Lớn Vải Bố Canvas Bền Chắc Phong Cách mới Dành Cho Đi Học, Dã Ngoại, Đi Phượt, Đựng Laptop mã 8831","Balo du lịch, phượt",162601858,699000,479000,OEM,VND,699000,479000
"Balo Chạy Bộ Đạp Xe 5L Cao Cấp Inoxto Running Cycling Bag - Siêu Nhẹ, Đa Năng, Bền Bỉ | Vest Chạy Trail Đựng Nước","Balo du lịch, phượt",149199159,480000,385000,OEM,VND,480000,385000
"Balo Thể Thao, Balo Du Lịch, Balo Mini Phượt Học Sinh 10L Nhỏ Gọn Tiện Dụng","Balo du lịch, phượt",94682464,60270,53900,OEM,VND,60270,53900
"Balo du lịch, phượt chuyên dụng INOXTO - BLDL001",Thời Trang,57635909,649000,520000,INOXTO,VND,649000,520000
"Balo du lịch Travel Accessories AMERICAN TOURISTER_Mỹ: Chất liệu Polyester bền, trượt nước, dễ dàng vệ sinh Trọng lượng siêu nhẹ Dây đai vai với đệm và có thể điều chỉnh, Lót đệm lưng êm ái và thoải mái","Balo du lịch, phượt",91140134,600000,600000,American Tourister,VND,600000,600000
"Balo Nam nữ phong cách cool ngầu, balo học sinh, du lịch trẻ trung , năng động LFFSB07","Balo du lịch, phượt",139284139,277000,277000,OEM,VND,277000,277000
Ba lô du lịch thể thao nam công suất lớn phong cách hiện đại – BLLN1009,"Balo du lịch, phượt",205499515,900000,450000,Bee Gee,VND,900000,450000
Balo nam du lịch đa năng chống trộm chống nước cao cấp phong cách mới,"Balo du lịch, phượt",96272623,730000,657000,ANANSHOP688,VND,730000,657000
ba lô du lịch kiêm túi xách du lịch cao cấp phong cách mới,Balo và Vali,70859168,570000,513000,ANANSHOP688,VND,570000,513000
Balo phượt hay đi học điều được kiểu Thái Insider MN03 tặng móc khóa hình búa,Balo và Vali,72663598,145000,145000,OEM,VND,145000,145000
BA LÔ SONY THỂ THAO SONY EXTRABASS 2019 - Hàng chính hãng,"Balo du lịch, phượt",171663498,499000,499000,Sony,VND,499000,499000
"Balo du lịch chống thấm nước, xếp gọn, có thể xách tay hoặc gắn vali kéo tiện dụng","Balo du lịch, phượt",191423320,49800,49800,OEM,VND,49800,49800
Balo Túi Xách Du Lịch KhoNCC Hàng Chính Hãng - Loại Cỡ Lớn Nhiều Ngăn Bằng Vải Dù Cho Du Lịch – Phượt Thủ – KKT-BL-1833D (Nhiều màu),"Balo du lịch, phượt",75759447,328000,240000,KHONCC,VND,328000,240000
"Balo du lịch tích hợp công nghệ cao cấp phong cách mới 15,6""","Balo du lịch, phượt",77963388,490000,441000,ANANSHOP688,VND,490000,441000
Combo bộ 3 balo du lịch HARAS HR242,Thời Trang,10760422,300000,199000,HARAS,VND,300000,199000
Balo Du Lịch MITI BL8231 Phượt Đa Năng Dung Tích Lớn Chất Liệu Trượt Nước,"Balo du lịch, phượt",170346248,699000,699000,Miti,VND,699000,699000
Balo Du lịch thể thao nhiều ngăn đựng đa năng,"Balo du lịch, phượt",118716523,155000,155000,DORON,VND,155000,155000
Ba lô du lịch sức chứa 28L Rivacase 7631 Chất liệu Polyester Hàng Chính Hãng,"Balo du lịch, phượt",179968423,1790000,1790000,RivaCase,VND,1790000,1790000
"Balo Phượt, Balo Du Lịch Nam Nữ Thể Thao Đa Năng Cao Cấp 20L không thấm nước BL045","Balo du lịch, phượt",109277158,115000,115000,DORON,VND,115000,115000
Balo Du Lịch Navicom 8936063595335 (35 x 45 cm) - Xanh Đen,Thời Trang,976121,550000,550000,NAVICOM,VND,550000,550000
Balo thể thao Mr Vui BLTT911 thời trang và cá tính (46 x 29 x 14 cm),"Balo du lịch, phượt",219140473,395000,355500,Mr.vui,VND,395000,355500
"Balo Nam Nữ, Balo Du Lịch 2in1 Chống nước, Chống bám bụi cực tốt - VBAG","Balo du lịch, phượt",192170903,399000,399000,OEM,VND,399000,399000
Balo Latop Du Lịch Thể Thao SAKOS ARMORE i15 (15.6 inch),Root,208886783,1175000,1116000,Sakos,VND,1175000,1116000
Balo du lịch Simplecarry OD2,Thời Trang,4302305,690000,690000,SimpleCarry,VND,690000,690000
"Balo du lịch, phượt chuyên dụng LOCAL LION 394 - BDLD006",Thời Trang,58197004,650000,585000,LOCAL LION,VND,650000,585000
Balo Nam Nữ Thời Trang Cao Cấp Đi Học Đi Chơi Du Lịch Đựng Vừa Laptop - 	Balo M4,Root,176218409,209000,209000,OEM,VND,209000,209000
Ba lô du lịch thể thao nam công suất lớn phong cách hiện đại – BLN1002,"Balo du lịch, phượt",191478042,1700000,850000,Bee Gee,VND,1700000,850000
Balo du lịch Arctic Hunter chất liệu Oxford Fabric chống thấm nước - B00530,"Balo du lịch, phượt",202817066,850000,539000,ARCTIC HUNTER,VND,850000,539000
Ba lô du lịch đựng đồ về quê Mr Vui 929 size lớn chất liệu cao cấp chống thấm nước và bám bụi,"Balo du lịch, phượt",206996379,695000,590750,MRVUI,VND,695000,590750
Balo nam nữ Du Lịch Xếp Gọn Tiện Lợi thời trang  D30,Thời Trang,53560314,71760,60720,OEM,VND,71760,60720
"Balo canvas phối da ba lô du lịch phượt dã ngoại, balo sinh viên 205876",Root,161563902,288000,288000,OEM,VND,288000,288000
"Balo Nam Cỡ Lớn Đi Làm, Du Lịch Chống Nước, Có Cổng USB","Balo du lịch, phượt",174036467,359000,359000,OEM,VND,359000,359000
Ba Lô Nam Giới Và Nữ ba lô học sinh trung học ba lô Du Lịch dã ngoại Ngoài Trời 205925,Root,177565586,186219,186219,OEM,VND,186219,186219
Balo Du Lịch OHAZO Cao Cấp Dành Cho Các Phượt Thủ - 40L,Root,122344836,255000,255000,Ohazo!,VND,255000,255000
BALO DU LỊCH 3 SỌC,"Balo du lịch, phượt",197862953,289000,199000,OEM,VND,289000,199000
Balo du lịch KTP beibulan cỡ lớn có còi cứu hộ chống nước 45L- Đen,Thời Trang,56309178,390000,390000,KTP,VND,390000,390000
"Kaka - Balo du lịch, balo leo núi đa năng, balo phượt Hàng sẵn",Root,192918957,540000,540000,OEM,VND,540000,540000
"Balo Du Lịch - Balo Vải dù Gấp Gọn chống thấm nước, siêu Nhẹ Thời Trang BALO-578","Balo du lịch, phượt",201610687,49000,49000,OEM,VND,49000,49000
Ba lô du lịch đi phượt siêu tải 90L OEM Mountaineering Bag XXL,"Balo du lịch, phượt",94730074,1079000,1079000,OEM,VND,1079000,1079000
Balo nam nữ du lịch siêu chống thấm nước  BEE GEE 118,"Balo du lịch, phượt",174919705,390000,195000,Bee Gee,VND,390000,195000
Balo nam nữ thời trang vải dù chống thấm nước siêu nhẹ để được laptop 15in6 du lịch tiện ích 110 BEE GEE,"Balo du lịch, phượt",74449869,300000,150000,Bee Gee,VND,300000,150000
"Balo du lịch, balo phượt, balo leo núi thể thao phong cách mới - BEE GEE BLLN1018","Balo du lịch, phượt",242371523,700000,350000,Bee Gee,VND,700000,350000
Balo Du Lịch Xếp Gọn Tiện Lợi,Root,82496924,65000,55000,OEM,VND,65000,55000
Balo Laptop - Balo Du Lịch - Balo Chống Trộm Cao Cấp Chính Hãng Coolbell-Poso 629,Root,149568238,499000,499000,OEM,VND,499000,499000
Ba Lô Du Lịch Chống Thấm Dung Tích Lớn Climbing Backpack 70L,Root,199681571,1380000,1380000,OEM,VND,1380000,1380000
Balo Du Lịch LAZA BL452 - Chính Hãng Phân Phối,Thời Trang,46040936,220000,99000,OEM,VND,220000,99000
"Ba Lô Thời Trang Đi Du Lịch - Chống Trộm, Chống Móc Túi, Chống Thấm Nước","Balo du lịch, phượt",196837820,110000,110000,OEM,VND,110000,110000
Balo du lịch Simplecarry Mattan6,"Balo du lịch, phượt",77628652,840000,840000,SimpleCarry,VND,840000,840000
Balo Thời Trang Du Lịch Phượt Chống Nước Cao Cấp ST01,Thời Trang,41632683,124000,99000,OEM,VND,124000,99000
Balo du lịch Thương hiệu NATOLI BST WOLFY BACKPACK B7 nhiều ngăn kháng nước cao cấp,"Balo du lịch, phượt",247863474,459000,459000,NATOLI,VND,459000,459000
Balo du lịch Nam và Nữ thời trang loại 40L,Thời Trang,14040131,250000,125000,OEM,VND,250000,125000
Balo du lịch gấp gọn 18L Nature Hike NH17A012-B Siêu Nhẹ,"Balo du lịch, phượt",101650753,370000,269000,Naturehike,VND,370000,269000
Balo du lịch gấp gọn 18L LEXON chống thấm - PEANUT+ BACKPACK - Hàng chính hãng,"Balo du lịch, phượt",198077551,1190000,605000,LEXON,VND,1190000,605000
( VIDEO ) Balo nam nữ thời trang vải dù chống thấm nước siêu nhẹ có thể gấp gọn dùng để đi du lịch tiện ích 112 BEE GEE,Thời Trang,70843709,398000,199000,Bee Gee,VND,398000,199000
Balo Thời Trang Du Lịch Dã Ngoại 10L TNTT0255 (40 x 23 x 10cm),Thời Trang,11732082,60270,53900,OEM,VND,60270,53900
"Balo du lịch Arctic Hunter chất liệu Oxford chống nước, có cổng USB - B00120",Root,111868942,720000,465000,ARCTIC HUNTER,VND,720000,465000
"Balo du lịch unisex xếp gọn đa năng, chống thấm BZB003","Balo du lịch, phượt",157216744,129000,76000,Balzio,VND,129000,76000
Balo du lịch thể thao cao cấp GNC002 Tặng móc khóa nam,Thời Trang,66620008,143000,121000,OEM,VND,143000,121000
"Balo du lịch, balo phượt, balo leo núi thể thao phong cách mới - BEE GEE BLLN1024","Balo du lịch, phượt",243301842,670000,335000,Bee Gee,VND,670000,335000
Balo Thời Trang Du Lịch Đi Học Mini Nữ Đẹp MEIFU BL11,Root,146947078,144000,144000,OEM,VND,144000,144000
Balo phượt du lịch vải Dù xếp gọn mẫu mới K03 Tăng túi đứng điện thoại chống nước,"Balo du lịch, phượt",75705343,73860,66053,OEM,VND,73860,66053
Balo du lịch Arctic Hunter chất liệu Oxford Fabric chống thấm nước - B00529,"Balo du lịch, phượt",202817141,585000,429000,ARCTIC HUNTER,VND,585000,429000
"Balo Du Lịch Cao Cấp Chống Nước, Chống Xước, Đa Năng Ohazo! BL117 ( Tặng Cáp Sạc Điện Thoại USB )",Thời Trang,17010110,550000,550000,Ohazo!,VND,550000,550000
"Balo Du Lịch, Balo Phượt - Cao Cấp, Đa Năng, Chống Nước, Chống Xước",Root,115441313,200000,200000,OEM,VND,200000,200000
Balo chống xốc loại trung chất liệu dù cao cấp ( chống nước ),"Balo du lịch, phượt",121330354,145000,145000,OEM,VND,145000,145000
Balo đi phượt du lịch dung tích 90L,"Balo du lịch, phượt",74154711,1190000,1190000,OEM,VND,1190000,1190000
balo xuyên biên giới du lịch thời trang Shalla HT90,"Balo du lịch, phượt",179013514,217600,184307,OEM,VND,217600,184307
BALO PHƯỢT CHUYÊN DỤNG LOẠI LỚN,"Balo du lịch, phượt",76448361,1500000,1500000,OEM,VND,1500000,1500000
Balo Du Lịch Nam Vải Bố Dây Rút 223B - Nâu Nhạt (42 x 30 cm),Thời Trang,5425985,299000,299000,OEM,VND,299000,299000
"Balo du lịch, balo phượt, balo leo núi thể thao phong cách mới  - BEE GEE TBLLN1011A","Balo du lịch, phượt",214645289,600000,300000,Bee Gee,VND,600000,300000
"Balo du lịch, balo thời trang siêu nhẹ cao cấp thương hiệu Swisswin BLP2006",Root,254019047,1026000,1026000,OEM,VND,1026000,1026000
Balo cao cấp thể thao du lịch ngăn Giao điểm đỏ Tặng móc khóa nam,Thời Trang,66672681,146370,130900,OEM,VND,146370,130900
"Balo đi du lịch, đi câu, leo núi cao cấp LEO 28085-B - Balo đo câu Tiện Ích",Root,113404194,450000,450000,OEM,VND,450000,450000
Balo Solo Velocity Max Backpack 17.3 inch - ACV732 . Phù hợp du lịch ngắn ngày- Nhiều ngăn tiện dụng và có Ngăn Đựng Giày Riêng - Chính hãng bảo hành 05 năm,"Balo du lịch, phượt",153979226,1790000,1790000,S solo NEW YORK,VND,1790000,1790000
"Balo đi phượt, leo núi, du lịch chất liệu cao cấp, nhiều tiện lợi Nam Nữ đều thích",Thời Trang,44314042,135200,114400,OEM,VND,135200,114400
Ba Lô Du Lịch Chống Thấm Dung Tích Lớn Climbing Backpack 70L,"Balo du lịch, phượt",195891789,1380000,1380000,OEM,VND,1380000,1380000
Balo phượt cỡ trung,Thời Trang,4604521,291510,260700,OEM,VND,291510,260700
Balo vải bố đa năng cho nam và nữ ba lô du lịch dã ngoại cao cấp 205937,Root,161558659,313000,286300,OEM,VND,313000,286300
"Combo 2 Túi du lịch, Balo du lịch rút dây siêu tiện lợi, không thấm nước 33 x 40cm",Thời Trang,14787145,49000,49000,OEM,VND,49000,49000
Balo Mikkor Pretty Backpack New PB009 - Màu Kaki,Thời Trang,497990,349300,349300,Mikkor,VND,349300,349300
Balo da gấu PU cực đẹp giá mềm(video ảnh thật),Root,132321602,344500,344500,OEM,VND,344500,344500
Balo du lịch Arctic Hunter chất liệu Oxford Fabric chống thấm nước - B00536,"Balo du lịch, phượt",202817097,725000,459000,ARCTIC HUNTER,VND,725000,459000
"Balo Đeo Chéo Đa Năng Cao Cấp, Chất Liệu Vải Bóng Polyester Chống Nước, Chống Nhăn, Chống Bám Bụi Cực Tốt, Thiết Kế Hiện Đại Đeo Được Nhiều Kiểu, Rất Dễ Phối Đồ, Nhiều Ngăn Thoải Mái Đựng Đồ, Đi Làm, Đi Chơi, Đi Du Lịch Rất Tiện Lợi","Balo du lịch, phượt",135846493,174900,174900,OEM,VND,174900,174900
Balo Du Lịch Nam Nữ Cao Cấp,Thời Trang,4902541,149000,149000,OEM,VND,149000,149000
[3 Màu] Túi xách du lịch tiện ich HARAS HR175VN,"Balo du lịch, phượt",187019702,250000,250000,OEM,VND,250000,250000
Balo túi du lịch đa năng Ozuko Z9060 (Đen),Thời Trang,16683725,1010000,1010000,OZUKO,VND,1010000,1010000
"Balo Phượt Chuyên Dụng (SB03), Túi Du Lịch Nhiều Ngăn, Ba lô Leo Núi, Cắm Trại và Du Lịch Trải Nghiệm","Balo du lịch, phượt",202511599,315000,315000,OEM,VND,315000,315000
Balo du lịch SimpleCarry OD3 cao cấp - Hàng chính hãng,"Balo du lịch, phượt",199999227,690000,690000,SimpleCarry,VND,690000,690000
"Balo Du Lịch Nam, Nữ Cỡ Lớn, Balo Chống Thấm Nước Tốt, Chất Liệu Vải Siêu Bền - Hàng Chính Hãng","Balo du lịch, phượt",149653149,239000,239000,DORON,VND,239000,239000
Balo thời trang du lịch cỡ đại bố kẹp sống 50 lít 3 tầng ngăn,Balo laptop,179013210,162611,137594,OEM,VND,162611,137594
Balo Du Lịch Nữ Siêu nhẹ I Chống Thấm Nước I CóThể Gấp Gọn BLXB075,Thời Trang,21301528,159000,159000,OEM,VND,159000,159000
Túi Xách Bỉm Sữa Cho Mẹ Và Bé Đa Năng Giữ Nhiệt Nhiều Ngăn Phong Cách Hàn Quốc,"Balo du lịch, phượt",139726668,269000,269000,OEM,VND,269000,269000
"Balo chiến thuật 7D , Balo du lịch phượt chống nước chống thấm","Balo du lịch, phượt",96118726,399000,399000,HT Sports,VND,399000,399000
"Balo du lịch siêu to khủng lồ, chống thấm nước, hàng cao cấp size 62cm dung tích 60L BALO-572","Balo du lịch, phượt",205257951,299000,299000,OEM,VND,299000,299000
Balo Lính Mỹ Rằn Ri 7D Quân Đội Chiến Thuật,"Balo du lịch, phượt",130069436,397000,397000,HT Sports,VND,397000,397000
Balo dù đi phượt,Thời Trang,15375538,289000,289000,KTP,VND,289000,289000
Balo thời trang du lịch đi học mini nữ đẹp YSA DC62,Root,146950180,131000,131000,OEM,VND,131000,131000
BALO CHẠY BỘ ĐỊA HÌNH ACTIVE SKIN 8 SET - LC1303700 LC1303800 LC1568200,"Balo du lịch, phượt",253384895,2980000,2980000,Salomon,VND,2980000,2980000
BALO DU LỊCH SỨC CHỨA KHỔNG LỒ OZUKO Gia Dụng SG,Root,199684110,973200,973200,OEM,VND,973200,973200
"Balo Vải Dù Mềm Chống Nước, Chống Xước - Balo  Đi Học, Đi Du Lịch Cho Nam, Nữ Size 46","Balo du lịch, phượt",139909209,159000,159000,OEM,VND,159000,159000
"Ba lô du lịch, phượt, thể thao nam công suất lớn phong cách hiện đại – BLN1010","Balo du lịch, phượt",205503229,700000,350000,Bee Gee,VND,700000,350000
"Ba lô nữ thời trâng phong cách Hàn Quốc - Balo Đi Học - Balo Du Lịch, Dã Ngoại 205928",Root,204956088,121100,111400,OEM,VND,121100,111400
Balo doanh nhân mỏng nhẹ KINGSONS – URBAN ELITE,"Balo du lịch, phượt",143885890,900000,900000,OEM,VND,900000,900000
Balo Du Lịch Rằn Ri Gọn Nhẹ Tiện Dụng,"Balo du lịch, phượt",201125882,150000,131000,OEM,VND,150000,131000
Balo leo núi chống nước Matador gấp gọn Freerain 28 - Hàng chính hãng,Root,248640599,3650000,3650000,Matador,VND,3650000,3650000
Ba lô đi du lịch chống nước BigSize 50L 33x18x57cm - AsiaMart,Root,199629208,908400,908400,OEM,VND,908400,908400
"Túi xách du lịch 2 tầng cỡ lớn túi đựng đồ thể thao tập gym, yoga, quần áo nữ chống nước có thể nới đáy thành 2 tầng","Balo du lịch, phượt",248936153,150000,142500,SUZIN,VND,150000,142500
"Túi xách du lịch 2 tầng cỡ lớn túi đựng đồ thể thao tập gym, yoga, quần áo nữ chống nước có thể nới đáy thành 2 tầng","Balo du lịch, phượt",248939475,150000,142500,SUZIN,VND,150000,142500
"Balo chạy bộ Đạp Xe 5L Cao Cấp Hatsu Inoxto Running Cycling Bag - Siêu Nhẹ, Đa Năng, Bền Bỉ | Vest Chạy Trail Đựng Nước","Balo du lịch, phượt",225920104,410000,410000,Hatsu,VND,410000,410000
Balo Sllyme du lịch phong cách Hàn Quốc,Root,197107284,538800,538800,OEM,VND,538800,538800
Túi xách du lịch đa chức năng thể thao nam công suất lớn phong cách châu âu,Balo và Vali,185970526,830000,747000,ANANSHOP688,VND,830000,747000
Ghế gấp balo du lịch xếp gọn đa năng,Thời Trang,36368449,780000,780000,OEM,VND,780000,780000
Balo nam nữ đi học thời trang vải dù chống thấm nước siêu nhẹ có thể gấp gọn dùng để đi du lịch tiện ích 117 BEE GEE,"Balo du lịch, phượt",74448095,300000,150000,Bee Gee,VND,300000,150000
"Balo nam vải bố đi phượt thời trang Balo nam du lịch dáng trống thời trang, khóa gấp độc đáo tiện dụng SG118","Balo du lịch, phượt",192688575,444000,444000,OEM,VND,444000,444000
"Balo du lịch, balo dã ngoại trẻ em, balo học sinh size 18L HEWOLF-1718","Balo du lịch, phượt",101454362,439000,439000,HEWOLF,VND,439000,439000
Balo du lịch đi làm đi chơi đi leo núi đa năng cao cấp phong cách mới,"Balo du lịch, phượt",207920136,890000,801000,ANANSHOP688,VND,890000,801000
Balo du lịch dã ngoại chống thấm nước Waterproof Bag 35L,Root,148715580,742800,742800,OEM,VND,742800,742800
"Ba lô du lịch 30L Rivacase 5361 hỗ trợ laptop 17.3"" Chất liệu Polyester Hàng Chính Hãng","Balo du lịch, phượt",179978781,2489000,2489000,RivaCase,VND,2489000,2489000
"Balo nữ đi học, đi du lịch da cao cấp TTWN BEAR - TN1326",Root,252073784,1108000,1108000,TTWN BEAR,VND,1108000,1108000
Balo phượt du lịch mẫu mớ vải Dù xếp gọn K0124 Tăng túi đứng điện thoại chống nước,"Balo du lịch, phượt",75706245,85932,76850,OEM,VND,85932,76850
Balo Công Nghệ Dung Tích Lớn Vừa đi du lịch vừa đi làm 2in1 Flexible Defender (Black),"Balo du lịch, phượt",191143645,1740000,1740000,OEM,VND,1740000,1740000
Balo xe đạp 16L nhỏ gọn thời trang cao cấp,"Balo du lịch, phượt",210966763,400000,400000,OEM,VND,400000,400000
Balo doanh nhân mỏng nhẹ KINGSONS URBAN ELITE KS3210W,Root,199684273,900000,900000,OEM,VND,900000,900000
"Túi du lịch chống thấm nước, xếp gọn, có thể xách tay hoặc gắn vali kéo tiện dụng","Balo du lịch, phượt",191423246,49900,49900,OEM,VND,49900,49900
Balo Converse Transition Backpack Print - 10023392326,"Balo du lịch, phượt",191823640,900000,765000,Converse,VND,900000,765000
Balo du lịch công suất lớn đa chức năng thời trang cao cấp phong cách mới,"Balo du lịch, phượt",251102113,980000,882000,ANANSHOP688,VND,980000,882000
Balo 17 Lít,Balo và Vali,168498238,460600,460600,OEM,VND,460600,460600
Balo gấp nhỏ gọn (xanh dương),Root,125100361,55000,55000,OEM,VND,55000,55000
"Balo du lịch kích thước siêu lớn, chống thấm nước và có cổng sạc USB","Balo du lịch, phượt",201518336,1050000,1050000,OEM,VND,1050000,1050000
Balo Du Lịch Phượt 40L,Thời Trang,50322080,299000,299000,OEM,VND,299000,299000
"Balo du lịch, phượt cao cấp 80L, Balo PUBG Game công suất lớn cho dân phượt Ohazo! BL104",Root,122344237,399000,399000,Ohazo!,VND,399000,399000
Balo túi xách du lịch thể thao nam công suất lớn phong cách châu âu hiện đại-Mã 8691-2,"Balo du lịch, phượt",86013013,679000,499000,OEM,VND,679000,499000
BỘ DÂY NỐI BALO (GỒM 4 DÂY),"Balo du lịch, phượt",168005838,160000,160000,OEM,VND,160000,160000
Túi đeo ngực đi phượt phong cách Quân đội Mỹ 208128,Root,172192521,118000,118000,OEM,VND,118000,118000
Balo vải bố đa năng cho nam và nữ ba lô du lịch dã ngoại cao cấp 205937,Root,174494328,348000,348000,OEM,VND,348000,348000
Balo Doanh Nhân Pro 9031,Root,149568245,829000,829000,OEM,VND,829000,829000
Balo da mini nữ thời trang du lịch đi học đi chơi phong cách hàn quốc dễ thương BL23,Root,146945174,144000,144000,OEM,VND,144000,144000
"Balo chống thấm nước ngoài trời, Túi đựng đồ chống nước có quai đeo, túi kháng nước thích hợp đi bơi, thám hiểm...","Balo du lịch, phượt",238343195,250000,250000,OEM,VND,250000,250000
Balo Converse Go 2 Backpack - 10019901318,Balo và Vali,179749756,1000000,850000,Converse,VND,1000000,850000
[VOUCHER 30K] Balo du lịch LATA BAL50,"Balo du lịch, phượt",160753875,720000,720000,Lata,VND,720000,720000
"Balo Canvas Phối Da cho nam và nữ Thời Trang sinh viên, du lịch, dã ngoại 205937",Root,177580694,275015,275015,OEM,VND,275015,275015
"Balo canvas phối da ba lô du lịch phượt dã ngoại, balo sinh viên 205876",Root,172979749,220221,220221,OEM,VND,220221,220221
"Túi Du Lịch, Balo Du Lịch Nam Nữ Da Dù Đi Chơi Du Lịch Đựng Đồ Quần Áo Đa Năng Chống Thấm Nước","Balo du lịch, phượt",251552590,180000,99000,OEM,VND,180000,99000
Ba lô du lịch thể thao nam công suất lớn phong cách hiện đại – BLN1001,"Balo du lịch, phượt",191465787,1840000,920000,Bee Gee,VND,1840000,920000
"Túi xách du lịch 2 tầng cỡ lớn túi đựng đồ thể thao tập gym, yoga, quần áo nữ chống nước có thể nới đáy thành 2 tầng","Balo du lịch, phượt",248947053,150000,142500,SUZIN,VND,150000,142500
️ Deal Sốc ️ Balo vải bố đa năng Unisex - BALO DU LỊCH 205937,Root,145140013,313000,286300,OEM,VND,313000,286300
Ba Lô Thể Thao Balo Leo Núi Dành Cho Cả  Nam Và Nữ  208217,"Balo du lịch, phượt",73519210,64350,54450,OEM,VND,64350,54450
Balo chống thấm vải trượt nước-phong cách thời trang cá tính,"Balo du lịch, phượt",105697572,120000,120000,OEM,VND,120000,120000
Balo Bỉm Có Đai Giữ Em Bé Và Cổng USB,"Balo du lịch, phượt",253400823,300000,300000,OEM,VND,300000,300000
"Balo Canvas Phối Da cho nam và nữ Thời Trang sinh viên, du lịch, dã ngoại 205937",Root,161616051,336500,309600,OEM,VND,336500,309600
"Balo nam nữ thời trang có ngăn đựng laptop,balo đi học,đi du lịch size 48cm chất liệu vải dù chống xước,chống nước BL028","Balo du lịch, phượt",196596635,149000,149000,OEM,VND,149000,149000
Balo nam du lịch đa chức năng chống trộm chống nước cao cấp phong cách châu âu,"Balo du lịch, phượt",251446835,890000,845500,ANANSHOP688,VND,890000,845500
"Balo nam laptop, balo đi phượt du lịch chất vải dù siêu bền nhẹ với thiết kế cá tính, bụi bặm (BL DN B23) - BOM",Root,145171293,745000,745000,OEM,VND,745000,745000
"BALO VẢI NỮ, BALO ĐI HỌC, DU LỊCH DỄ THƯƠNG MADBN199",Thời Trang,49385172,239000,239000,OEM,VND,239000,239000
Balo Nam Nữ Đi Học Thời Trang Cao Cấp Hot Trend - Balo Du Lịch - Đựng Vừa Laptop,Root,176217689,209000,209000,OEM,VND,209000,209000
Balo Du Lịch Chống Thấm Tốt Đa Năng G1249,Thời Trang,13858328,99999,99999,OEM,VND,99999,99999
"Balo học sinh, laptop, du lịch đa năng vải dù chống thấm siêu bền","Balo du lịch, phượt",159018630,179000,179000,OEM,VND,179000,179000
Balo Du Lịch màu đen Tresette Hàn Quốc cao cấp chính hãng 5C212 balo đa năng,Root,242451658,2400000,1200000,Tresette,VND,2400000,1200000
Balo xếp gọn du lịch Folding Travel Backpack - Home and Garden,Root,195343160,228000,228000,OEM,VND,228000,228000
BA LÔ PHÒNG SẠCH PVC-BALO CHỐNG TĨNH ĐIỆN,"Balo du lịch, phượt",173164203,749000,749000,OEM,VND,749000,749000
"Balo Nam Nữ, Balo học sinh, du lịch vải Nylon, màu rằn ri",Root,113583470,530000,530000,OEM,VND,530000,530000
Balo dù đi phượt siêu nhẹ- màu đen,Thời Trang,17613067,289000,289000,KTP,VND,289000,289000
"Balo Canvas Phối Da cho nam và nữ Thời Trang sinh viên, du lịch, dã ngoại 205937",Root,160924802,336500,336500,OEM,VND,336500,336500
Balo du lịch cho Nam và Nữ 40L - T0105,"Balo du lịch, phượt",115825999,180000,180000,OEM,VND,180000,180000
Balo thời trang du lịch đi học mini nữ GUFE BL03,Root,146949243,144000,144000,OEM,VND,144000,144000
Balo công sở đi học du lịch thời trang BAMI BL05,Root,146949752,179000,179000,OEM,VND,179000,179000
"Balo canvas phối da ba lô du lịch phượt dã ngoại, balo sinh viên 205876",Root,177569276,220221,220221,OEM,VND,220221,220221
"Balo đi học, thể thao, du lịch thương hiệu Doron","Balo du lịch, phượt",155217114,159000,159000,DORON,VND,159000,159000
Balo Du Lịch Phượt Cao Cấp 35L - BL23,Thời Trang,4902563,135200,114400,OEM,VND,135200,114400
"Ba lô nữ thời trâng phong cách Hàn Quốc - Balo Đi Học - Balo Du Lịch, Dã Ngoại 205928",Root,173233869,122300,109800,OEM,VND,122300,109800
Balo thời trang du lịch phối màu hàn quốc Hotteen M2 Shalla,Thời Trang,34513619,175500,148500,Shalla,VND,175500,148500
BALO THỜI TRANG DU LỊCH LEO NÚI ĐI PHƯỢT CÔNG SUẤT LỚN 80 LÍT ngăn chứa CỰC LỚN phong cách thể thao chất liệu cao cấp,Root,167437556,257000,257000,OEM,VND,257000,257000
Balo du lịch Arctic Hunter chất liệu Oxford Fabric chống thấm nước - B00531,"Balo du lịch, phượt",202334878,825000,599000,ARCTIC HUNTER,VND,825000,599000
Balo Du Lịch Thể Thao BG030 siêu hót,Thời Trang,50102123,135000,135000,OEM,VND,135000,135000
Balo đeo Chéo 20 OLD BASIC,"Balo du lịch, phượt",106684646,952226,952226,Mei,VND,952226,952226
Balo da mini nữ thời trang du lịch đi học đi chơi phong cách hàn quốc dễ thương BL24,Root,146948689,144000,144000,OEM,VND,144000,144000
Balo du lịch thời trang 05Blue,Thời Trang,14733605,389000,389000,KTP,VND,389000,389000
"Balo sức chứa lớn Chất Liệu ABS chống va đập, chống nước, độ bền cao Usblarge Capacity Backpack Hard Shell Commuter Bag","Balo du lịch, phượt",192812129,1740000,1740000,OEM,VND,1740000,1740000
BALO DU LỊCH CHỐNG SỐC H-BL02,Root,151971470,339000,339000,OEM,VND,339000,339000
"Túi Chống Nước Cho Balo, Máy Tính, Laptop, Đi Biển, Đi Du Lịch Siêu Bền Tiện Dụng",Root,239660723,109000,109000,OEM,VND,109000,109000
Balo Du Lịch Nam Nữ Cao Cấp Phong Cách Hàn Quốc YE-HM9103,Thời Trang,35723935,579000,579000,OEM,VND,579000,579000
Balo Freefly16,"Balo du lịch, phượt",248894531,2300000,2300000,OEM,VND,2300000,2300000
Balo du lịch gấp gọn 14L LEXON ví da - PACKABLE+ BACKPACK - Hàng chính hãng,"Balo du lịch, phượt",199551858,2090000,1055000,LEXON,VND,2090000,1055000
"Balo canvas phối da ba lô du lịch phượt dã ngoại, balo sinh viên 205876",Root,161553630,288000,255600,OEM,VND,288000,255600
Balo vải bố đa năng cho nam và nữ ba lô du lịch dã ngoại cao cấp 205937,Root,244308175,336500,309600,OEM,VND,336500,309600
"Balo Canvas Phối Da cho nam và nữ Thời Trang sinh viên, du lịch, dã ngoại 205937",Root,174504625,250000,250000,OEM,VND,250000,250000
Balo Thời Trang Nam Nữ Đi Học Đi Du Lịch Phong Cách Trẻ Trung Đựng Được Laptop 14-15 Inch Chất Vải Trơn Cao Cấp BL08,Root,148932243,215000,215000,OEM,VND,215000,215000
Balo du lịch vải dù chống thấm phượt/ leo núi/ trekking có dung tích lớn 70l - T0358,"Balo du lịch, phượt",242134000,350000,350000,OEM,VND,350000,350000
HÀNG CHÍNH HÃNG - Balo chống nước LAUT Explorer - 24Ltr / 15 Inch-Hàng chính hãng,Root,251336019,1985500,1985500,LAUT,VND,1985500,1985500
Balo du lịch,"Balo du lịch, phượt",129610079,200000,200000,OEM,VND,200000,200000
Balo du lịch IVISIONS chất liệu Oxford chống nước cao cấp,"Balo du lịch, phượt",198817962,125000,125000,OEM,VND,125000,125000
Balo dù đi phượt,Thời Trang,15375884,289000,289000,KTP,VND,289000,289000
Balo dù mini nữ thời trang du lịch đi học phong cách Hàn Quốc BL14,Root,146944417,82000,82000,OEM,VND,82000,82000
Balo KTM chống nước,Root,153610836,492000,492000,OEM,VND,492000,492000
Ba Lô Phượt Leo Núi Đi Bộ Đường Dài Cắm Trại Túi Đi Bộ Hành Lý Du Lịch Nam Nữ Chống Thấm Nước,Root,248696714,239000,239000,OEM,VND,239000,239000
Cần Du Lịch Rút Gọn 30cm,Root,164376970,81000,81000,OEM,VND,81000,81000
Balo du lịch đa năng cao cấp KAKA KA-2050,"Balo du lịch, phượt",193596265,650000,650000,OEM,VND,650000,650000
Balo thời trang du lịch unisex Old school Backpack B5 thương hiệu NATOL chất vải canvas nhiều ngăn kháng nước chống sốc cao cấp,"Balo du lịch, phượt",183350233,450000,450000,NATOLI,VND,450000,450000
Ba lô nữ thời trang phong cách Hàn Quốc 205928,Root,89945252,122300,109800,OEM,VND,122300,109800
Balo du lịch kiêm túi xách du lịch đa chức năng hàng siêu cao cấp phong cách cá tính mới,"Balo du lịch, phượt",251266775,1350000,1215000,ANANSHOP688,VND,1350000,1215000
Balo Phượt Haras HRTK078 (33 x 52 cm),Thời Trang,51425097,135200,114400,HARAS,VND,135200,114400
Balo Phượt Đỡ Hông Chống nước 70L BigSize,"Balo du lịch, phượt",192899745,1380000,1380000,OEM,VND,1380000,1380000
Balo Laptop 15.6 inch Cao Cấp Chất Lượng - Du Lịch Thời Trang Xách Tay Tiện Ích Đa Năng,Root,149642834,577000,577000,OEM,VND,577000,577000
"Balo canvas phối da ba lô du lịch phượt dã ngoại, balo sinh viên 205876",Root,177582542,220221,220221,OEM,VND,220221,220221
"Balo Đi Du Lịch, Đi Câu, Leo Núi Cao Cấp LEO 28085-B - Hot",Root,170920233,450000,450000,OEM,VND,450000,450000
️ Deal Sốc ️ Balo Du Lịch Oxford Phong Cách Hàn Quốc 205924 2(xanh),Root,177567926,320279,320279,OEM,VND,320279,320279
Balo xếp gọn du lịch Folding Travel Backpack - ShopToro - AsiaMart,Root,199630874,234000,234000,OEM,VND,234000,234000
"Balo Du Lịch chống nước gấp gọn Matador Freefly16, Gọn nhẹ cho du lịch, chất liệu vải bền bỉ _ Hàng chính hãng",Root,248640572,2350000,2350000,Matador,VND,2350000,2350000
BALO DU LỊCH THỜI TRANG RONCATO JOY CẦN KÉO 15.6 INCH,Root,253172101,2500000,2500000,Roncato,VND,2500000,2500000
"Balo Du Lịch SAKOS TURBO i15 (15"")",Root,190857922,955000,907000,Sakos,VND,955000,907000
Balo du lịch Xbags Secret Xb 1201,"Balo du lịch, phượt",209171408,504000,399000,XBags,VND,504000,399000
Ba Lô Nam Giới Và Nữ ba lô học sinh trung học ba lô Du Lịch dã ngoại Ngoài Trời 205925,Root,174518510,193700,193700,OEM,VND,193700,193700
"Ba lô nữ thời trâng phong cách Hàn Quốc - Balo Đi Học - Balo Du Lịch, Dã Ngoại 205928",Root,174517772,146000,146000,OEM,VND,146000,146000
Balo vải bố đa năng cho nam và nữ ba lô du lịch dã ngoại cao cấp 205937,Root,145139218,313000,286300,OEM,VND,313000,286300
xa balo chống trộm đa năng có khóa bao vệ mẫu mới 2021,Root,161254196,155000,155000,OEM,VND,155000,155000
Balo Nam kiêm túi xách 2 in 1 - BL013,Balo và Vali,72615258,350000,175000,OEM,VND,350000,175000
Balo thể thao Mr Vui BLTT892 năng động và cá tính,"Balo du lịch, phượt",191270974,395000,355500,MRVUI,VND,395000,355500
Ba lô Phượt Đỡ Hông Chống nước Climbing Backpack 70L (Black),"Balo du lịch, phượt",195892171,1380000,1380000,OEM,VND,1380000,1380000
Quạt đeo cổ siêu mát hỗ trợ tập thể dục đi du lịch Silica Hose ️ FREESHIP ️,Root,209171683,89500,89500,OEM,VND,89500,89500
Balo dù đi phượt siêu nhẹ- màu xanh,Thời Trang,17613765,289000,289000,KTP,VND,289000,289000
Balo du lịch Xbags Secret Xb 1201,"Balo du lịch, phượt",209178084,504000,371000,XBags,VND,504000,371000
"Balo du lịch và leo núi Matador Beast28 siêu nhẹ, Chất liệu Robic Nylon bền bỉ - Hàng chính hãng",Root,252159558,4250000,4250000,Matador,VND,4250000,4250000
"Balo Nam Bric’s Torino Backpack - Đen BR107703.001 cao cấp da thật, balo du lịch cao cấp, balo đựng laptop","Balo du lịch, phượt",184067783,15800000,15800000,Efora,VND,15800000,15800000
Balo Laptop Du Lịch Rivacase 8365 17.3 inch  Hàng Chính Hãng,"Balo du lịch, phượt",200727934,1950000,1950000,RivaCase,VND,1950000,1950000
Túi Giữ Nhiệt Không Thấm Nước Rivacase 5712 Dung Tích 11L Hàng Chính Hãng,"Balo du lịch, phượt",200689623,490000,490000,RivaCase,VND,490000,490000
"Balo canvas phối da ba lô du lịch phượt dã ngoại, balo sinh viên 205876",Root,161892856,288000,272200,OEM,VND,288000,272200
Balo Phượt du lịch ️FREESHIP️ Balo Canvas Phối Da Nam Thời Trang Đồ Da Thành Long TLG 205937,Root,244316555,336500,309600,OEM,VND,336500,309600
Ba Lô Nam Giới Và Nữ ba lô học sinh trung học ba lô Du Lịch dã ngoại Ngoài Trời 205925,Root,177602393,186219,186219,OEM,VND,186219,186219
Balo thời trang du lịch đi học mini nữ đẹp SHEPI BL08,Root,146949188,131000,131000,OEM,VND,131000,131000
Balo đa năng du lịch đựng Laptop 16 inch thiết kế 3 quai cầm kèm cáp sạc ẩn cao cấp,"Balo du lịch, phượt",184647622,1390000,1390000,OEM,VND,1390000,1390000
"balo thời trang du lịch, balo đi học phong cách Hàn Quốc nhiều ngăn rộng",Root,129247093,105990,105990,OEM,VND,105990,105990
"Ba lô laptop, balo du lịch, balo thời trang Bryse... Hàng mới !!!",Root,195341422,132000,132000,OEM,VND,132000,132000
Balo du lịch thời trang 05Jean,Thời Trang,14768337,389000,389000,KTP,VND,389000,389000
"Ba lô Rivacase 5421 sức chứa 14L - dành cho Laptop 13.3"" Hàng Chính Hãng","Balo du lịch, phượt",200683500,1090000,1090000,RivaCase,VND,1090000,1090000
"Balo đi phượt đựng Laptop 16 inch thiết kế độc đáo, nhiều màu kèm cáp sạc ẩn cao cấp","Balo du lịch, phượt",75589204,1049000,1049000,OEM,VND,1049000,1049000
Balo Du Lịch Phối Màu DOPAMINE Summer,Thời Trang,35865431,120000,120000,OEM,VND,120000,120000
Ba lô dù dai thể thao dáng trẻ trung size 45x34cm,Root,142977292,21000,21000,OEM,VND,21000,21000
Balo TLG Balo Du Lịch Oxford Phong Cách Hàn Quốc 205924 2(xanh),Root,174517357,185000,185000,OEM,VND,185000,185000
"Balo doanh nhân thông minh, siêu mỏng 15.6 inch","Balo du lịch, phượt",164588007,900000,900000,OEM,VND,900000,900000
Balo TLG Balo Phượt Đa Năng Nam Hàn Quốc Cao Cấp 80674,Root,177583697,149385,149385,OEM,VND,149385,149385
Balo du lịch Kaka 40L,Root,192918667,499000,499000,OEM,VND,499000,499000
Balo chống nước LAUT Explorer - 24Ltr / 15 Inch-Hàng chính hãng,"Balo du lịch, phượt",155112863,1989000,1989000,LAUT,VND,1989000,1989000
"Balo canvas phối da ba lô du lịch phượt dã ngoại, balo sinh viên 205876",Root,172999562,299000,299000,OEM,VND,299000,299000
"Balo Thể Thao Sigo, Balo Thời Trang Nam Nữ Chống Nước","Balo du lịch, phượt",199977230,200000,200000,OEM,VND,200000,200000
Balo Nam Nữ Thời Trang Đi Học Đi CHơi Ulzzang Chống Nước Có Ngăn Đựng Laptop - Balo Du Lịch Hot Trend,Root,176217607,189000,189000,OEM,VND,189000,189000
Túi Aztron Air Wing Gear Bag AC-B040 24L,"Balo du lịch, phượt",123939703,380000,380000,AZTRON,VND,380000,380000
Balo thời trang du lịch ngang đỏ cao cấp thời trang hàn quốc tặng móc khóa nam siêu bền,Balo và Vali,72517819,126100,106700,OEM,VND,126100,106700
Balo Nam Đi Học Ulzzang Thời Trang Unisex Hàn Quốc Đi Chơi Du Lịch Có Ngăn Đựng Laptop,Root,176217968,189000,189000,OEM,VND,189000,189000
Balo du lịch Xbags Secret Xb.1201,"Balo du lịch, phượt",209222419,504000,504000,XBags,VND,504000,504000
Balo thời trang cá tính kết hợp đi học và đi du lịch - LUBION BAG,Thời Trang,34536440,410000,410000,Lubion,VND,410000,410000
Balo - túi xách du lịch gấp gọn 3 trong 1 cực tiện dụng KDR-NC255 Kodoros,Root,141472970,54000,54000,OEM,VND,54000,54000
Ba Lô Nam Giới Và Nữ ba lô học sinh trung học ba lô Du Lịch dã ngoại Ngoài Trời 205925,Root,172985095,224000,224000,OEM,VND,224000,224000
BALO NỮ ĐI HỌC DU LỊCH HỌA TIẾT DỄ THƯƠNG AZDBN109,Thời Trang,68247288,125000,125000,OEM,VND,125000,125000
Balo Đi Học ULZZANG Chống Nước Cao Cấp Thời Trang Rẻ Đẹp Nhẹ Vải Canvas Đen Đựng Laptop Đi Chơi Du Lịch Nam Nữ DOLANTO,"Balo du lịch, phượt",168640465,278000,278000,Dolanto,VND,278000,278000
Ba lô du lịch chống xốc,Root,121331240,140000,140000,OEM,VND,140000,140000
Balo nam nữ chống thấm nước tiện dụng đi học đi làm hay đi chơi du lịch BLH02,Root,134885181,252000,252000,YME,VND,252000,252000
TRÙM BALO OSPREY 20L (VNXK) - GARA20,"Balo du lịch, phượt",215905517,6990000,6990000,OEM,VND,6990000,6990000
Ba lô thời trang du lịch cao cấp,"Balo du lịch, phượt",183481747,320000,304000,OEM,VND,320000,304000
"Ba lô nữ thời trâng phong cách Hàn Quốc - Balo Đi Học - Balo Du Lịch, Dã Ngoại 205928",Root,173253982,122300,109800,OEM,VND,122300,109800
Balo Đan Dây Dân Phượt Phong Cách Lính Bug Nhiều Ngăn MHP21,"Balo du lịch, phượt",87670334,329000,249000,OEM,VND,329000,249000
Balo du lịch unisex đa năng dáng chữ nhật IDIGO UBP2-418-00,Thời Trang,56989932,650000,422500,IDIGO,VND,650000,422500
Balo du lịch chuyên dụng Inoxto 25L BLDL007,"Balo du lịch, phượt",191424169,600000,450000,INOXTO,VND,600000,450000
Balo Họa Tiết Báo SAIGON SWAGGER SGS Journal Backpack-Ngăn Chống Sốc Laptop 15',Root,157254368,590000,590000,Saigon Swagger,VND,590000,590000
Balo khủng long đựng nón bảo hiểm - Hồng,Root,107618376,145000,145000,OEM,VND,145000,145000
Ba lô siêu tải Mountaineering Bag Black Max XXL  ️  ️,Root,98738297,1157000,1157000,OEM,VND,1157000,1157000
BALO DU LỊCH CHỐNG SỐC H-BL01,Root,151971806,369000,369000,OEM,VND,369000,369000
Ba Lô Đi Phượt Chuyên Dụng Du Lịch (Đen/Xanh Phối Đen) - Euro Quality,Root,143888675,828000,828000,OEM,VND,828000,828000
Ba lô du lịch đi phượt siêu tải 90L Mountaineering Bag Black Max XXL,Root,197104761,1068000,1068000,OEM,VND,1068000,1068000
Bộ combo balo túi 4 món Nhóc đội nón thời trang du lịch JSE84,Thời Trang,54009162,226000,226000,OEM,VND,226000,226000
Balo da cap cấp pha da thật phong cách 5.0.2 nắp kéo Cao cấp nhập khẩu HN65,"Balo du lịch, phượt",153264819,302175,255687,OEM,VND,302175,255687
Balo du lịch thời trang 05Grey,Thời Trang,14754609,389000,389000,KTP,VND,389000,389000
Balo du lịch Xbags Secret Xb 1201,"Balo du lịch, phượt",208915673,504000,399000,XBags,VND,504000,399000
Túi Đựng Đồ Lót Đi Du Lịch Nhiều Ngăn Nhỏ Gọn Không Thấm Nước Tiện Dụng - Màu Đỏ - Chính hãng dododios,"Balo du lịch, phượt",212561814,94000,89300,dododios,VND,94000,89300
Sea Choice Balo lớn có cổng sạc USB Balo máy tính xách tay du lịch Chống nước Túi chống trộm Balo máy tính cho doanh nhân,"Balo du lịch, phượt",186218193,419520,419520,Sea Choice,VND,419520,419520
Cath kidston-Dây đeo thẻ Lanyard London West End-1042764-Lilac,"Balo du lịch, phượt",195544953,249000,249000,Cath Kidston,VND,249000,249000
Balo nữ đẹp đi học thời trang du lịch phong cách hàn quốc dễ thương cá tính BL95 (Không móc treo),Root,146948901,276000,276000,OEM,VND,276000,276000
Túi đeo ngực thời trang du lịch phong cách Quân đội Mỹ 208128 3(kaki),Root,172192390,151000,151000,OEM,VND,151000,151000
Ba Lô Nam Giới Và Nữ ba lô học sinh trung học ba lô Du Lịch dã ngoại Ngoài Trời 205925,Root,173252073,194700,179100,OEM,VND,194700,179100
"Balo du lịch đựng Laptop 15.6 inch nhiều ngăn, khóa mật mã, khe phone và cáp sạc ẩn tiện lợi",Thời Trang,58952983,549000,549000,OEM,VND,549000,549000
Combo Balo Du Lịch Thời Trang Và Túi Đeo Chéo Nhiều Ngăn - BL196DC108,"Balo du lịch, phượt",204872097,429000,429000,Praza,VND,429000,429000
Balo Thời Trang Du Lịch Cặp Học Sinh Sinh Viên,"Balo du lịch, phượt",184816993,289000,289000,OEM,VND,289000,289000
BALO NAM DU LỊCH ĐI PHƯỢT,Root,170649691,99000,99000,OEM,VND,99000,99000
Balo Thời trang Nam Nữ Cá tính Mikkor The Ella,"Balo du lịch, phượt",162230999,490000,490000,Mikkor,VND,490000,490000
Balo thời trang du lịch CITY COMPACT BACKPACK,"Balo du lịch, phượt",164598884,1176000,1176000,OEM,VND,1176000,1176000
Balo Mikkor The Ralph Backpack,Root,21560375,599000,599000,Mikkor,VND,599000,599000
"Balo xe máy dành cho đi phượt, dã ngoại",Root,98735691,1027000,1027000,OEM,VND,1027000,1027000
"Balo Canvas Phối Da cho nam và nữ Thời Trang sinh viên, du lịch, dã ngoại 205937",Root,177602448,275015,275015,OEM,VND,275015,275015
"Balo Nam Thời Trang đi học, Du Lịch, Balo hình hộp Mrmibag",Root,151833336,69900,69900,OEM,VND,69900,69900
Bìa Kẹp Túi Cặp Đựng Hồ Sơ Có Khóa Nhiều Ngăn Gia Đình Giữ Giấy Tờ Sổ Đỏ Tiền Cọc - BAGLON,"Balo du lịch, phượt",154224820,209000,209000,OEM,VND,209000,209000
Balo GIANT,"Balo du lịch, phượt",118298914,1560000,1560000,Giant,VND,1560000,1560000
"ALO THỜI TRANG NAM NỮ, BALO ULZZANG TEEN CAO CẤP, BALO DU LỊCH CÁ TÍNH 2022","Balo du lịch, phượt",196018658,195000,185250,OEM,VND,195000,185250
BALO NỮ ĐI HỌC DU LỊCH HOA VĂN DỄ THƯƠNG-B001,"Balo du lịch, phượt",82508713,199000,199000,KeepFood,VND,199000,199000
Balo du lịch phong cách mới  - BEE GEE TDCN9143,"Balo du lịch, phượt",217748844,490000,245000,Bee Gee,VND,490000,245000
Túi Giữ Nhiệt Rivacase 5736 Chất Liệu Polyester PEVA Thể Tích 30L Hàng Chính Hãng,"Balo du lịch, phượt",200689768,990000,990000,RivaCase,VND,990000,990000
Balo du lịch chính hãng NATOLI BST Discovery Backpack thời trang kháng nước cao cấp,"Balo du lịch, phượt",183346124,643000,450000,NATOLI,VND,643000,450000
Balo du lịch loại to nhiều màu chất vải đẹp (đỏ. tím than . Tím .ghi .mận chín),Root,121329537,130000,130000,OEM,VND,130000,130000
Sea Choice Ba lô lớn với dải phản quang và cổng sạc USB Ba lô máy tính xách tay du lịch chống nước Túi chống trộm,"Balo du lịch, phượt",186228328,393300,393300,Sea Choice,VND,393300,393300
"Ba lô nữ thời trâng phong cách Hàn Quốc - Balo Đi Học - Balo Du Lịch, Dã Ngoại 205928",Root,177586172,121221,121221,OEM,VND,121221,121221
"Balo nam thời trang,ba lô du lịch 205972",Root,109790172,112100,103100,OEM,VND,112100,103100
"Túi đi du lịch loại lớn đa năng, gấp gọn được","Balo du lịch, phượt",184593838,180000,180000,OEM,VND,180000,180000
"Túi xách du lịch 2 tầng cỡ lớn túi đựng đồ thể thao tập gym, yoga, quần áo nữ chống nước có thể nới đáy thành 2 tầng","Balo du lịch, phượt",248977637,165000,156750,SUZIN,VND,165000,156750
Balo Bé thời trang du lịch mini nữ đi học đẹp Hình Thú,Root,146948817,118000,118000,OEM,VND,118000,118000
"Balo du lịch Venturesafe EXP45 PACSAFE - ÚC : Balo được làm từ 49 chai nhựa tái chế Sử dụng đeo trên lưng như balo hoặc xách tay như một chiếc túi du lịch, dây đeo vai có thể được giấu đi gọn gàng","Balo du lịch, phượt",259497976,8200000,5740000,PACSAFE,VND,8200000,5740000
Túi đeo chính hãng thương hiệu SimpleCarry SD5 DUFFLE Bag,"Balo du lịch, phượt",121949506,790000,790000,SimpleCarry,VND,790000,790000
"Balo Đi Du Lịch, Đi Câu, Leo Núi Cao Cấp LEO 28085-B",Root,146905522,348000,348000,OEM,VND,348000,348000
Ba lô du lịch xếp gọn thời trang,Root,143886777,288000,288000,OEM,VND,288000,288000
Balo Du Lịch Balo Game PUBG Phong Cách  Trẻ Trung Năng Động (42 x 10 x 30 cm),Thời Trang,21032381,83000,83000,OEM,VND,83000,83000
Balo rằn ri thời trang cao cấp QĐ mẫu mới năm 2020,Root,181786423,200000,200000,OEM,VND,200000,200000
"Balo Du Lịch Qùa Tặng Thời TrangHot Đi Học Đi Làm, Đi Chơi",Root,149753293,182000,125000,OEM,VND,182000,125000
Balo dù đi phượt siêu nhẹ- màu đỏ,Thời Trang,17615463,289000,289000,KTP,VND,289000,289000
"Set 5 Món Balo Vải Teen Đi Học, Đi Chơi, Du Lịch Siêu Xinh 5 Màu",Root,170652447,99000,99000,OEM,VND,99000,99000
Balo Đi Phượt Balo Game PUBG Phong Cách Trẻ Trung Năng Động,Root,216167212,81000,81000,OEM,VND,81000,81000
Balo Phượt Đa Năng Nam Hàn Quốc Cao Cấp 80674,Root,133896097,204000,204000,OEM,VND,204000,204000
"Cặp đi học nam nữ basic chống nước, balo du lịch Unisex đựng laptop, sách cho học sinh, sinh viên","Balo du lịch, phượt",195967429,422000,422000,OEM,VND,422000,422000
"Balo du lịch, balo phượt, balo leo núi, balo thể thao phong cách mới - BEE GEE BLLN1026","Balo du lịch, phượt",251274640,660000,330000,Bee Gee,VND,660000,330000
Balo vải bố đa năng cho nam và nữ ba lô du lịch dã ngoại cao cấp 205937,Root,172191259,348000,348000,OEM,VND,348000,348000
Túi Đựng Điện Thoại Nhiều Ngăn Phong Cách Thể Thao,"Balo du lịch, phượt",203478269,117000,102000,OEM,VND,117000,102000
Ba Lô Du Lịch Đa Năng Chống Thấm Cao Cấp BL16,Thời Trang,46824572,135200,114400,OEM,VND,135200,114400
Balo Du Lịch Phong Cách Rằn Ri Gọn Nhẹ,"Balo du lịch, phượt",200737369,65000,61750,OEM,VND,65000,61750
Ba lô du lịch chống xốc ( màu ghi. Tím. Đỏ. Đen. Mận chín),Root,121331744,120000,120000,OEM,VND,120000,120000
"Balo Canvas Phối Da cho nam và nữ Thời Trang sinh viên, du lịch, dã ngoại 205937",Root,173233028,316000,277800,OEM,VND,316000,277800
Túi đeo ngực đi phượt phong cách Quân đội Mỹ 208128,Root,116115252,113000,107350,OEM,VND,113000,107350
"Balo canvas phối da ba lô du lịch phượt dã ngoại, balo sinh viên 205876",Root,205673567,309600,284800,OEM,VND,309600,284800
Balo Phượt Đa Năng Nam Hàn Quốc Cao Cấp 80674,"Balo du lịch, phượt",83683309,257500,257500,OEM,VND,257500,257500
Balo Thời Trang Du Lịch Đi Học Mini Nữ Đẹp PENGXI BL07,Root,146949825,158000,158000,OEM,VND,158000,158000
"túi xách du lịch thể thao nam kiêm balo du lịch cao cấp phong cách mới(15,6"")","Balo du lịch, phượt",118007288,1200000,1080000,ANANSHOP688,VND,1200000,1080000
ba lô cỡ đại  du lịch  40L Bumno  39F1 Shalla,Thời Trang,52636232,135200,114400,Shalla,VND,135200,114400
Ba lô Phượt Đỡ Hông Chống nước hiệu quả 70L BigSize (Đen),"Balo du lịch, phượt",196068519,1380000,1380000,OEM,VND,1380000,1380000
BALO DU LỊCH THỜI TRANG BL040,"Balo du lịch, phượt",198059482,659000,659000,OEM,VND,659000,659000
Balo Đi Học Thời Trang Nam Nữ Hàn Quốc Dùng Đi Học Đi Chơi Đi Du Lịch Giá Rẻ,Root,109011697,105000,105000,OEM,VND,105000,105000
Khuyến mãi - Balo du lịch Thời trang đựng laptop 16inch chống nước Tangcool,Root,148715360,870000,870000,OEM,VND,870000,870000
BALO VINTAGE Thời Trang Du Lịch HL Store,Thời Trang,59489066,218000,218000,OEM,VND,218000,218000
Balo PopIt Hình Kỳ Lân-Giao màu ngẫu nhiên,"Balo du lịch, phượt",191998442,175000,175000,OEM,VND,175000,175000
"Balo canvas phối da ba lô du lịch phượt dã ngoại, balo sinh viên 205876",Root,173255096,309700,309700,OEM,VND,309700,309700
Balo du lịch Mikkor The Lloyd L,Thời Trang,4080907,499000,499000,Mikkor,VND,499000,499000
Túi du lịch cỡ lớn đa năng có ngăn đựng giày riêng - túi xách gấp gọn nam nữ chống thấm nước cao cấp,Root,217317439,124950,124950,OEM,VND,124950,124950
Ba Lô Phượt Leo Núi Đi Bộ Đường Dài Cắm Trại Túi Đi Bộ Hành Lý Du Lịch Nam Nữ Chống Thấm Nước,Root,247811835,239000,239000,OEM,VND,239000,239000
Balo du lịch Xbags Secret Xb 1201,"Balo du lịch, phượt",208915462,504000,399000,XBags,VND,504000,399000
Balo du lịch Xbags Secret Xb 1201,"Balo du lịch, phượt",208916225,504000,504000,XBags,VND,504000,504000
"Balo Da Thời Trang Nữ Cao Cấp Đi Làm, Đi Học, Du Lịch Kiểu Dáng Trẻ Trung, Năng Động Phong Cách Hàn Quốc",Thời Trang,44936421,189000,189000,OEM,VND,189000,189000
"Túi du lịch dành cho nữ đựng phụ kiện đi biển, chất liệu vải chống thấm nước, nhiều ngăn, tiện lợi và nhỏ gọn","Balo du lịch, phượt",163574733,65000,65000,OEM,VND,65000,65000
Ba Lô Nam Giới Và Nữ ba lô học sinh trung học ba lô Du Lịch dã ngoại Ngoài Trời 205925,Root,177579822,157535,157535,OEM,VND,157535,157535
Balo Phượt Du Lịch Thời Trang Cao Cấp,"Balo du lịch, phượt",114193674,129000,129000,OEM,VND,129000,129000
"Balo Canvas Phối Da cho nam và nữ Thời Trang sinh viên, du lịch, dã ngoại 205937",Root,172999135,250000,250000,OEM,VND,250000,250000
Balo đi học cho học sinh du lịch công sở thời trang cao cấp unisex có thể đựng laptop 13 inch,Root,175956082,350550,350550,OEM,VND,350550,350550
Balo AGVA Roadtripper 15.6 inch ĐEN LTB361 Phù hợp du lịch ngắn ngày tiện dụng - Bảo hành chính hãng 2 năm,Root,153978958,1790000,984500,AGVA,VND,1790000,984500
Balo du lịch Xbags Secret Xb 1201,"Balo du lịch, phượt",209171241,504000,399000,XBags,VND,504000,399000
Balo Đi Học DAYPACK Chống Nước Cao Cấp Thời Trang Rẻ Đẹp Nhẹ Vải Canvas Đen Đựng Laptop Đi Chơi Du Lịch Nam Nữ DOLANTO,"Balo du lịch, phượt",169737044,248000,248000,Dolanto,VND,248000,248000
Balo unisex Dynamic Backpack chính hãng NATOLI nhiều ngăn kháng nước siêu nhẹ thời trang phong cách cao cấp,"Balo du lịch, phượt",183348475,643000,450000,NATOLI,VND,643000,450000
Balo du lịch Xbags Secret Xb 1201,"Balo du lịch, phượt",208917409,504000,504000,XBags,VND,504000,504000
Ba Lô Nam Giới Và Nữ ba lô học sinh trung học ba lô Du Lịch dã ngoại Ngoài Trời 205925,Root,172992829,224000,224000,OEM,VND,224000,224000
Balo vải bố đa năng cho nam và nữ ba lô du lịch dã ngoại cao cấp 205937,Root,161861508,313000,286300,OEM,VND,313000,286300
Balo vải bố đa năng cho nam và nữ ba lô du lịch dã ngoại cao cấp 205937,Root,177580726,289529,289529,OEM,VND,289529,289529
Balo nữ đẹp đi học du lịch nhỏ thời trang hàn quốc cá tính giá rẻ BL80 (Không móc treo),Root,146950177,250000,250000,OEM,VND,250000,250000
"Ba lô nữ thời trâng phong cách Hàn Quốc - Balo Đi Học - Balo Du Lịch, Dã Ngoại 205928",Root,244323808,121100,111400,OEM,VND,121100,111400
Ba Lô Nam Giới Và Nữ ba lô học sinh trung học ba lô Du Lịch dã ngoại Ngoài Trời 205925,Root,177561208,186219,186219,OEM,VND,186219,186219
Balo Sức Chứa 30L Rivacase 5361 17.3 Inch Hàng Chính Hãng,"Balo du lịch, phượt",200681847,2490000,2490000,RivaCase,VND,2490000,2490000
"Balo Canvas Phối Da cho nam và nữ Thời Trang sinh viên, du lịch, dã ngoại 205937",Root,172992838,331000,331000,OEM,VND,331000,331000
balô thời trang balo laptop du lịch cao cấp,Root,123607103,499000,499000,OEM,VND,499000,499000
Ba Lô Nam Giới Và Nữ ba lô học sinh trung học ba lô Du Lịch dã ngoại Ngoài Trời 205925,Root,174516822,224000,224000,OEM,VND,224000,224000
"Balo Canvas Phối Da cho nam và nữ Thời Trang sinh viên, du lịch, dã ngoại 205937",Root,161553597,313000,286300,OEM,VND,313000,286300
Balo TLG Balo Phượt Đa Năng Nam Hàn Quốc Cao Cấp 80674,Root,174517214,180000,180000,OEM,VND,180000,180000
Cath Kidston - Ba lô đi học/đi làm/du lịch/Recycled Satin Duffle Backpack - Painted Kingdom - Teal -1041668,"Balo du lịch, phượt",199103479,3349000,2349000,Cath Kidston,VND,3349000,2349000
Túi đeo thời trang giúp mở rộng vali khi đi du lịch phong cách Hàn Quốc - Hàng nhập khẩu,Thời Trang,7577133,147600,132000,OEM,VND,147600,132000
Balo du lịch đựng Laptop 16 inch thanh dạ quang nổi bật kèm cáp sạc ẩn tiện lợi,Thời Trang,56539121,899000,899000,OEM,VND,899000,899000
Balo túi đeo chéo thời trang du lịch đi học mini nữ MEIMEI DC12,Root,146949722,144000,144000,OEM,VND,144000,144000
Balo du lịch thời trang KTP02- Nhiều màu lựa chọn,Thời Trang,35057074,289000,289000,KTP,VND,289000,289000
"EuroQuality Ba lô laptop, balo du lịch, balo thời trang Bryse... Hàng mới !!!",Root,143887251,207660,207660,OEM,VND,207660,207660
"Set 5 Món Balo Vải Teen Đi Học, Đi Chơi, Du Lịch Siêu Xinh 5 Màu",Root,170649807,99000,99000,OEM,VND,99000,99000
"Balo canvas phối da ba lô du lịch phượt dã ngoại, balo sinh viên 205876",Root,174517754,299000,299000,OEM,VND,299000,299000
"Ba lô nữ thời trâng phong cách Hàn Quốc - Balo Đi Học - Balo Du Lịch, Dã Ngoại 205928",Root,172998768,146000,146000,OEM,VND,146000,146000
Balo du lịch thời trang Mark Ryden cao cấp - Home and Garden,Root,195338811,1212000,1212000,OEM,VND,1212000,1212000
"Balo Thời Trang Nam Nữ Đi Học Đi Làm Đi Du Lịch Đi Phượt Đẹp, Giá Rẻ BAMA",Root,151833227,77900,77900,OEM,VND,77900,77900
Ba Lô Đi Phượt Chuyên Dụng Du Lịch (Đen/Xanh Phối Đen) - Euro Quality,Root,143886056,828000,828000,OEM,VND,828000,828000
Balo Nam Nữ Đi Học Cao Cấp BIN ORIGINAL Màu Đen Chất Liệu PU Cao Cấp Bền Bỉ Chống Thấm Nước Siêu Đẹp,Root,190467016,420000,420000,OEM,VND,420000,420000
Balo xách tay phượt thể thao nam nữ đường phố Skyme F12 Tặng móc khóa hình Khiêng,"Balo du lịch, phượt",74331241,229887,205590,OEM,VND,229887,205590
Túi đựng đồ cá nhân nhiều ngăn dành cho nam 208135 (đen) tặng 01 bút bi cao cấp M 410,Root,177559642,113143,113143,OEM,VND,113143,113143
"Balo du lịch, thời trang sức chứa khổng lồ Ozuko - Home and Garden",Root,195340772,972000,972000,OEM,VND,972000,972000
Túi Xách Xuất Khẩu Hàng Nhà Máy Z176 Sản Xuất,"Balo du lịch, phượt",204611745,26000,26000,OEM,VND,26000,26000
"Balo du lịch nữ LVQUE túi du lịch nam đi phượt size lớn có ngăn để giày, vải dù chống nước","Balo du lịch, phượt",249531387,159000,159000,OEM,VND,159000,159000
Balo Summer Thời Trang - Đi Học - Đi Chơi - Du Lịch,Root,170648991,79000,79000,OEM,VND,79000,79000
Balo Chống Trộm Khóa Gấu,"Balo du lịch, phượt",199007462,124000,124000,OEM,VND,124000,124000
Balo thời trang chống trộm KAKA 807 Convertible Gia Dụng SG,Root,199681917,741000,741000,OEM,VND,741000,741000
"Balo Nam Nữ thông minh, Túi Đeo Chéo Nam Du Lịch Thân Thiện Chống Nước,, Balo Laptop dành cho doanh nhân","Balo du lịch, phượt",247906284,385000,365750,OEM,VND,385000,365750
Free ship Túi Đựng Ipad Da Đeo Chéo,"Balo du lịch, phượt",192260232,199000,199000,OEM,VND,199000,199000
Cath Kidston - Ba lô đi học/đi làm/du lịch/Recycled Satin Duffle Backpack - Tea Rose - Camel -1041651,"Balo du lịch, phượt",199103150,3599000,2519000,Cath Kidston,VND,3599000,2519000
"Balo du lịch, balo phượt, balo leo núi thể thao phong cách mới - BEE GEE BLLN1020","Balo du lịch, phượt",242410663,760000,380000,Bee Gee,VND,760000,380000
"Túi xách, Once you become fearless life becomes limitless, mã G121. Quà tặng cao cấp cho gia đình, nam nữ cặp đôi, hội nhóm, doanh nghiệp","Balo du lịch, phượt",206953231,109000,109000,GOKING,VND,109000,109000
"Túi xách cá tính, Có đồng đội ta chấp hết, mã TB2. Quà tặng cao cấp cho gia đình, nam nữ cặp đôi, hội nhóm, team building, doanh nghiệp","Balo du lịch, phượt",206990795,109000,109000,GOKING,VND,109000,109000
"Balo du lịch TRIP TP-1903 gọn nhẹ đi học, đi phượt","Balo du lịch, phượt",260110784,600000,350000,Trip,VND,600000,350000
Ba Lô Nam Giới Và Nữ ba lô học sinh trung học ba lô Du Lịch dã ngoại Ngoài Trời 205925,Root,183511174,186000,171100,OEM,VND,186000,171100
Balo du lịch Xbags Secret Xb 1201,"Balo du lịch, phượt",209176756,504000,504000,XBags,VND,504000,504000
Túi Đeo Chéo Nữ Xinh Xắn Thời Trang Đi Chơi Phong Cách Hàn Quốc - TDC029,Root,259480175,75000,75000,OEM,VND,75000,75000
"Balo canvas phối da ba lô du lịch phượt dã ngoại, balo sinh viên 205876",Root,160925796,288000,255600,OEM,VND,288000,255600
"Cặp sách Ulzzang B0208 - Balo BIG SIZE vải oxford thô đi học, đi làm, du lịch, đựng được laptop 15.6 inch Unisex nam nữ - al0ha Shop","Balo du lịch, phượt",263202474,230000,165600,OEM,VND,230000,165600
"Balo da - cặp sách Basic B0207 Da PU chống nước  đi học, đi làm, du lịch Unisex nam nữ phong cách năng động, trẻ trung","Balo du lịch, phượt",263198864,250000,188000,OEM,VND,250000,188000
"Balo chiến thuật, đi phượt, du lịch cao cấp","Balo du lịch, phượt",213943589,499000,499000,OEM,VND,499000,499000
Ví Nam Nữ Ngắn Mini Xanh Đen Sọc Vằn BIN ORIGINAL Chất Liệu Polyeste Dệt Màu Cao Cấp Hạn Chế Thấm Nước,Root,190467042,230000,230000,OEM,VND,230000,230000
Balo Nam Nữ Đi Học Cao Cấp BIN ORIGINAL Màu Xanh Mint Chất Liệu PU Cao Cấp Siêu Bền Đẹp Giá Rẻ Cho Học Sinh,Root,190466907,600000,600000,OEM,VND,600000,600000
balo đi học cỡ lớn hoặc đi du lịch mùa hè pony unicorn 1 sừng spiderman,Root,227412388,250000,250000,OEM,VND,250000,250000
"Balo du lịch, Balo đi học S.port có 4 ngăn kéo ( dài 45cm, rộng 35cm, cao 13cm)","Balo du lịch, phượt",213966982,129000,129000,OEM,VND,129000,129000
Balo đi du lịch Sllyme - AsiaMart88,Root,199629521,484920,484920,OEM,VND,484920,484920
Túi da - Balo cao cấp Macsim mã MSN63,Root,262043381,3850000,3850000,Macsim,VND,3850000,3850000
BALO LAPTOP CAO CẤP - BALO DU LỊCH - MÃU BALO ĐẸP CAO CẤP,"Balo du lịch, phượt",251420297,295000,295000,OEM,VND,295000,295000
Balo du lịch vải chống thấm phượt/ leo núi/ trekking dung tích lớn 70l - T0366,"Balo du lịch, phượt",248544248,399000,399000,OEM,VND,399000,399000
Ba lô laptop đi du lịch Maximilian chống thấm nước,Root,253403236,708000,708000,OEM,VND,708000,708000
"Balo giảm tuổi top1 trend 2023. Balo đi học, đi chơi Unisex phong cách Hàn Quốc","Balo du lịch, phượt",249590565,300000,300000,OEM,VND,300000,300000
"Balo bộ đội, ba lô con cóc rằn ri TCHC","Balo du lịch, phượt",252831505,149000,149000,OEM,VND,149000,149000
"Balo - cặp sách B0171 Mars Society Ulzzang nhiều ngăn đi học, đi làm, du lịch, đựng laptop  Unisex nam nữ - al0ha Shop","Balo du lịch, phượt",262705647,300000,216000,OEM,VND,300000,216000
"Túi xách CUỘC ĐỜI LÀ NHỮNG CHUYẾN ĐI, mã TV1. Quà tặng cao cấp cho gia đình, nam nữ cặp đôi, hội nhóm, doanh nghiệp","Balo du lịch, phượt",206953087,109000,109000,GOKING,VND,109000,109000
"Túi xách in hình SAMURAI cá tính, mã Goking3. Quà tặng cao cấp cho gia đình, nam nữ cặp đôi, hội nhóm, doanh nghiệp","Balo du lịch, phượt",206988414,109000,109000,GOKING,VND,109000,109000
Trùm Balo Bọc Balo Đi Mưa Chống mưa CHỐNG NƯỚC,Root,262896292,25000,25000,OEM,VND,25000,25000
"Ba lô nữ thời trâng phong cách Hàn Quốc - Balo Đi Học - Balo Du Lịch, Dã Ngoại 205928",Root,177552751,121221,121221,OEM,VND,121221,121221
"Balo Canvas Phối Da cho nam và nữ Thời Trang sinh viên, du lịch, dã ngoại 205937",Root,205674162,336500,309600,OEM,VND,336500,309600
"Balo canvas phối da ba lô du lịch phượt dã ngoại, balo sinh viên 205876",Root,204955034,309600,284800,OEM,VND,309600,284800
"Balo canvas phối da ba lô du lịch phượt dã ngoại, balo sinh viên 205876",Root,205242472,220221,220221,OEM,VND,220221,220221
"Balo GUBAG thời trang công sở, phù hợp nam nữ, đi làm, đi học, chống nước, chống xước, ngăn riêng đựng laptop tới 15,6in",Balo laptop,116729411,399000,226000,Gubag,VND,399000,226000
"Balo laptop 14 inch, 15.6 inch nam nữ, đựng laptop chống sốc tốt, tiện lợi đi học cho học sinh, sinh viên, đi làm cho dân công sở",Balo laptop,84205740,169000,119000,Gubag,VND,169000,119000
"Balo 2 ngăn laptop sức chứa lớn, 2 ngăn lớn đựng được nhiều đồ, nhỏ gọn, tiện lợi cho việc đi làm, chống sốc, chống nước",Balo laptop,205231590,499000,289000,Gubag,VND,499000,289000
"Balo Nam Nữ Đơn Giản E&S Đựng Laptop, Máy Tính 13 Inch, 14 Inch, 15.6 Inch Chống Thấm Nước , Nhiều Ngăn Doanh Nhân, Học Sinh , Sinh Viên, Công Sở Dung Tích BL010",Balo laptop,195694351,390000,312000,OEM,VND,390000,312000
"Balo laptop 17 inch Size lớn chống nước cao cấp GB-BL57, dòng size to, phù hợp đi làm, đi công tác, du lịch ngắn và dài ngày",Balo laptop,208797622,799000,655000,Gubag,VND,799000,655000
"Balo công sở, đi làm, đựng laptop, máy tính 13 inch, 14 inch, 15.6 inch, chống sốc dành cho người đi làm, sinh viên, học sinh cao cấp BL004",Balo laptop,195161142,160000,128000,OEM,VND,160000,128000
"Balo Laptop Chống Nước Siêu Bền , Siêu Nhẹ , Tích Hợp Cổng USB Sạc Ngoài BL019",Balo laptop,204618641,230000,192000,OEM,VND,230000,192000
"Balo Nam Nữ Đựng Máy Tính 15,6 Inch Thoáng Khí Chống Mài Mòn Cho Nam Giới 2 Ngăn Kéo Trước Ba Lô Công Sở ,Du Lịch, Đi Học BL005",Balo laptop,195462638,180000,144000,OEM,VND,180000,144000
"Balo Laptop Nam Nữ Thời Trang Cao Cấp Galaxy Store 17.3"" GBL03 - Hàng Xuất Khẩu Loại 1 + Tặng Áo Balo Chống Nước",Balo laptop,11558750,850000,549000,Galaxy Store,VND,850000,549000
Balo Laptop Đi Học Đi Làm Vừa Laptop 15.6 inch LAZA BL462,Vali-Balo,71001452,299000,179000,OEM,VND,299000,179000
"Balo Laptop 15.6 inch dung lượng lớn GuBag, dành cho nam nữ dân công sở, đựng laptop chống sốc, chống nước cao cấp",Balo laptop,190337353,699000,607000,Gubag,VND,699000,607000
"Balo đựng laptop công sở GUBAG, đựng laptop 13, 14, 15,6 inch chính hãng Gubag, dòng doanh nhân, đi làm cao cấp GB46",Balo laptop,177991665,799000,590000,Gubag,VND,799000,590000
"Balo công sở nam nữ GUBAG NEW 2022, BL45 chống nước chống xước, đựng vừa laptop 15,6inch, phù hợp công sở, đi học,đi làm",Balo laptop,177997243,599000,479000,Gubag,VND,599000,479000
"Balo Laptop Máy Tính Nam Nữ Thông Minh Chống Nước Chống Mài Mòn Cao Cấp Tùy Chỉnh Độ Rộng Sạc USB Phong Cách Mới 15,6 Inch Dung Tích Lớn BL022",Balo laptop,209588775,450000,396000,OEM,VND,450000,396000
"Balo laptop nam chống nước loại tốt, Túi ba lô máy tính đa năng 15 6 inch 14 inch 13 inch 17 inch nam nữ",Root,134229804,319000,315810,OEM,VND,319000,315810
"Balo Laptop Chống Thấm Nước Công Sở, Đi Làm, Đựng Laptop, Máy Tính 13 Inch, 14 Inch, 15.6 Inch, Chống Sốc Dành Cho Người Đi Làm, Sinh Viên, Học Sinh Cao Cấp  BL017",Balo laptop,201226286,390000,331500,OEM,VND,390000,331500
Balo laptop nam chống thấm nước cao cấp phong cách châu âu,Balo laptop,179575196,890000,801000,ANANSHOP688,VND,890000,801000
"Balo Laptop Chống Sốc, Cặp Đựng Máy Tính Cá Nhân Đi Học, Đi Làm, Đi Chơi Có Cổng Sạc, Chống Thấm Nước",Balo laptop,188428621,185000,185000,XUDI,VND,185000,185000
Balo Laptop Nam Nữ STARGO NUEVO 15.6 inch,Balo laptop,191824376,499000,422000,STARGO,VND,499000,422000
Balo Laptop Sakos Turbo I15,Thời Trang,27982506,955000,715000,Sakos,VND,955000,715000
"Balo Laptop công sở nam nữ cao cấp GuBag, đựng máy tính, laptop, macbook chống sốc",Balo laptop,84476158,459000,375000,Gubag,VND,459000,375000
"Balo laptop thời trang, phong cách đơn giản, lịch sự công sở, vải cao cấp chống xước, thích hợp cho đi học, đi chơi, phù hợp nam và nữ",Balo laptop,145031092,199000,126000,Gubag,VND,199000,126000
Balo Laptop thời trang phối da SAKOS MATURA,Balo laptop,175413559,1749000,1484000,Sakos,VND,1749000,1484000
"Balo Laptop Máy Tính Nam Nữ Thông Minh Chống Trộm Chống Nước Cao Cấp Phong Cách Mới 17,3 Inch Dung Tích Lớn BL001",Balo laptop,195152936,550000,484000,OEM,VND,550000,484000
Balo nam thông minh đa chức năng thời trang cao cấp phong cách châu âu,Thời Trang,50261326,498000,448200,ANANSHOP688,VND,498000,448200
"Balo laptop Arctic Hunter chất liệu Oxford chống nước, có cổng USB - B00120",Root,111868935,720000,465000,ARCTIC HUNTER,VND,720000,465000
"Balo Laptop Chống Nước Cao Cấp Thương Hiệu Mark Ryden , Balo laptop 17.3 inch Mr8057 Size Lớn",Root,149567731,880000,880000,OEM,VND,880000,880000
Balo Laptop Thời Trang LAZA BL482 vừa laptop 17inch - Chính hãng phân phối,Balo laptop,87452625,174000,174000,OEM,VND,174000,174000
Balo Laptop Du Lịch Thời Trang SAKOS WAYVIE,Thời Trang,58901645,615000,615000,Sakos,VND,615000,615000
Balo Laptop 15.6inch SAIGON SWAGGER Fold Backpack,Root,157254283,500000,500000,Saigon Swagger,VND,500000,500000
Balo laptop 17.3 inh đa chức năng cao cấp phong cách mới,Balo laptop,185978071,490000,441000,ANANSHOP688,VND,490000,441000
"Balo Laptop Nam Nữ Thời Trang Cao Cấp Galaxy Store 17.3"" GBL03A - Hàng Chính Hãng",Balo laptop,80975450,1000000,530000,Galaxy Store,VND,1000000,530000
"Balo thời trang, balo teen, balo laptop nhỏ gọn Xbags Modern",Balo laptop,195814557,360000,360000,XBags,VND,360000,360000
Balo laptop (16 inch) phong cách hiện đại - BEE GEE BLLT5599A,Balo laptop,247792869,1020000,510000,Bee Gee,VND,1020000,510000
Balo Laptop Nam 17.3 Inch - Balo Du Lịch Size Lớn Chống Nước Kim Long Kl045 - Thời Trang Ti Ti,Root,129147586,779000,701100,OEM,VND,779000,701100
Balo Laptop 15.6 Chính Hãng Kim Long KL024,Thời Trang,49124279,499000,449100,KL,VND,499000,449100
"Balo Nam Nữ Cá Tính Chống Nước E&S Đựng Laptop, Máy Tính 13 Inch, 14 Inch, 15.6 Inch Chống Thấm Nước , Nhiều Ngăn Cho Doanh Nhân, Học Sinh , Sinh Viên, Công Sở Dung Tích  BL011",Balo laptop,195694462,365000,292000,OEM,VND,365000,292000
Balo laptop thời trang SAKOS LAYLA,Thời Trang,38076221,1155000,1039500,Sakos,VND,1155000,1039500
"Balo Laptop 15.6 Inch Chống Nước, Rộng Rãi Reeyee RY102B - Hàng Chính Hãng",Balo laptop,189456989,1155000,1095000,REEYEE,VND,1155000,1095000
Balo Laptop Targus TSB883 Safire Business Casual Backpack 15.6 Inch Black - Hàng Chính Hãng,Root,48963652,690000,690000,Targus,VND,690000,690000
"Balo Laptop 15.6 Inch Siêu Nhẹ, Chống Bám Bụi Mr Vui 898 - Hàng Chính Hãng",Balo laptop,198192739,565000,479000,Mr.vui,VND,565000,479000
Balo Laptop Sakos ATOM i15 SBV109BKNG01 (33 x 45 cm) - Đen,Thời Trang,1022921,1375000,1237500,Sakos,VND,1375000,1237500
Balo Ipad Laptop 14 Inch - Balo Công Sở Tích Hợp Ổ Cắm USB,Balo laptop,185003743,180000,90000,OEM,VND,180000,90000
"Balo laptop Arctic Hunter B00227 chất liệu oxford chống nước, khóa mở rộng như vali, cổng kết nối USB",Root,111868814,1100000,679000,ARCTIC HUNTER,VND,1100000,679000
Balo Laptop đa năng Lowepro Ridgeline BP 250 AW,Balo laptop,202344185,699000,699000,Lowepro,VND,699000,699000
"Balo nam vải canvas cao cấp phong cách mới 15,6""",Balo laptop,184318089,450000,405000,ANANSHOP688,VND,450000,405000
"Balo nam đựng laptop 17 inch, balo du lịch size lớn Xbags Leader thời trang sành điệu",Balo laptop,166093160,540000,540000,XBags,VND,540000,540000
"Balo laptop công nghệ, khóa số chống trộm chống rạch chống nước cao cấp phong cách mới",Balo laptop,77052330,1050000,945000,ANANSHOP688,VND,1050000,945000
"Balo Nam Nữ Lớn Đơn Giản Mới Đa Chức Năng Tích Hợp Usb Doanh Nhân, Học Sinh , Sinh Viên, Công Sở Dây Cơ Học Thoáng Khí , Chống Mài Mòn BL008",Balo laptop,195469973,160000,136000,OEM,VND,160000,136000
"Balo nam, nữ thời trang đa năng - Balo Laptop - Macbook 15.6 inch chất liệu cao cấp chống thấm Besti - Hàng Chính Hãng",Balo laptop,98605526,230000,230000,Besti,VND,230000,230000
Balo Laptop Kèm Túi Đi Học Và Ví 40x30x10cm,Root,12038988,113000,113000,OEM,VND,113000,113000
"Balo nam nữ cỡ lớn, balo đựng laptop 17 inch, balo công sở Xbags Leader",Balo laptop,166033942,576000,449000,XBags,VND,576000,449000
Balo Laptop 13 inch chính hãng SimpleCarry M-City,Thời Trang,17956340,580000,522000,SimpleCarry,VND,580000,522000
Balo Laptop 14 inch SimpleCarry B2B05 (12 x 37 cm),Thời Trang,2229715,580000,522000,SimpleCarry,VND,580000,522000
"Balo nam, nữ đa năng đựng vừa Laptop - Macbook chất liệu cao cấp, chống thấm, tặng kèm cổng nối cáp sạc tiện lợi TK0031",Balo và Vali,71197262,115000,112000,OEM,VND,115000,112000
Balo Laptop Hasun HS 645 (33 x 44 x 20 cm),Thời Trang,3491723,335000,301500,Hasun,VND,335000,301500
"Balo Laptop Máy Tính Nam Thông Minh Chống Trộm Chống Nước Cao Cấp Phong Cách Mới 15,6 Inch Dung Tích Lớn BL018",Balo laptop,201226456,520000,468000,OEM,VND,520000,468000
Balo Laptop Sakos ATOM i15 SBV109DBNG01 (33 x 45 cm) - Xanh Navy,Thời Trang,1022923,1345000,1277000,Sakos,VND,1345000,1277000
"Balo Nam, Nữ Thời Trang Đa Năng, Balo Laptop Thời Trang Đi Học Cao Cấp Teement Chống Nước Cổng Sạc USB 9003 - Hàng Chính Hãng",Balo laptop,190229763,290000,290000,TEEMENT,VND,290000,290000
Balo laptop thời trang nam nữ đi học chống nước đa năng BLLT0010,Balo laptop,174023385,465000,395250,OEM,VND,465000,395250
"Balo nam cao cấp phong cách mới 15,6""",Balo laptop,77743094,470000,423000,ANANSHOP688,VND,470000,423000
"balo laptop nam thời trang cao cấp phong cách mới (15,6"")",Balo laptop,177792370,450000,405000,ANANSHOP688,VND,450000,405000
"Balo laptop Mark Ryden chống sốc, chống nước - Gia dụng SG",Root,199682812,1040000,1040000,OEM,VND,1040000,1040000
Balo Laptop Cao Cấp Có Nhiều Ngăn (BLTK182) Tặng Túi Đeo Chéo Tiện Dụng PRAZA - DC095,Thời Trang,49158047,329000,329000,Praza,VND,329000,329000
Balo Laptop Mr Vui BLLT830 phù hợp cho nam và nữ (30 x 43 x 18 cm),Root,190519971,545000,490500,OEM,VND,545000,490500
Balo laptop 13 inch Simplecarry M-City Flower,Thời Trang,11453630,590000,590000,SimpleCarry,VND,590000,590000
Balo Laptop 14 inch chính hãng SimpleCarry B2B01,Thời Trang,14989744,580000,522000,SimpleCarry,VND,580000,522000
Balo Laptop 17 Inch Chống Nước Siêu Bền Reeyee RY103B - Hàng Chính Hãng,Balo laptop,189448133,1320000,1249000,REEYEE,VND,1320000,1249000
"Ba lô nam thời trang cao cấp phong cách mới 15,6""",Balo laptop,75760811,490000,441000,ANANSHOP688,VND,490000,441000
Balo Rút SAIGON SWAGGER SGS Box Backpack-Ngăn Chống Sốc Laptop 15.6inch,Root,157254316,500000,500000,Saigon Swagger,VND,500000,500000
"Balo laptop nam cao cấp phong cách mới 15,6""",Balo laptop,161923211,990000,891000,ANANSHOP688,VND,990000,891000
Balo American Tourister Hall BTS Backpack,Balo laptop,253147044,2500000,1250000,American Tourister,VND,2500000,1250000
Balo Essential 15 - ES1520P (Chống trộm) 2023,Root,187855175,179000,179000,OEM,VND,179000,179000
Balo Laptop Thời trang Mikkor The Irvin Premier,Balo laptop,162211554,750000,750000,Mikkor,VND,750000,750000
Balo Laptop Thời Trang LAZA BL416-Chính hãng phân phối,Thời Trang,15665913,170000,159000,OEM,VND,170000,159000
Balo Laptop Targus 15.6 inch Sport Backpack (Black) - Hàng chính hãng,Balo laptop,194784247,490000,343000,Targus,VND,490000,343000
Balo laptop 15.6 inch kim long KL018,Thời Trang,11340060,469000,422100,KL,VND,469000,422100
Balo Laptop chính hãng SimpleCarry ISSAC 2,Thời Trang,16754604,490000,490000,SimpleCarry,VND,490000,490000
BALO LAPTOP CHỐNG NƯỚC SIÊU BỀN Tặng kèm cáp sạc USB (BL05),Balo laptop,130069370,169000,169000,HT Sports,VND,169000,169000
Balo Laptop Chống Nước 15.6 Inch Reeyee RY109 - 3 trong 1 - Hàng Chính Hãng,Balo laptop,188636066,1155000,1095000,REEYEE,VND,1155000,1095000
Balo SOLO Re: Claim 15.6 inch UBN760-10 Xám,Balo laptop,204761896,1950000,1560000,Solo,VND,1950000,1560000
Balo laptop STARGO HEBEN 14inch,Thời Trang,45468604,530000,503000,STARGO,VND,530000,503000
Balo Laptop Du Lịch Thời Trang SAKOS CREATIVE,Thời Trang,58900258,695000,588000,Sakos,VND,695000,588000
"Ba lô nam cao cấp phong cách mới 15,6""",Balo laptop,75756611,490000,441000,ANANSHOP688,VND,490000,441000
Balo Laptop Nữ 15.6 Inch - 13.3-14 Inch - Chống THấm Nước- Nhiều Ngăn Cao Cấp NX Doughnut,Root,149567630,449000,449000,OEM,VND,449000,449000
Balo laptop chống sốc,Thời Trang,25122114,131610,117700,OEM,VND,131610,117700
Balo Laptop Gaming ROG Big Size (17.3 Inch) 2021,Root,187855306,369000,369000,OEM,VND,369000,369000
Balo laptop Mr Vui 884 cỡ 15 inch,Balo laptop,190167603,628000,533800,MRVUI,VND,628000,533800
Bộ Ba Lô Laptop Trượt Nước Cao Cấp Và Túi Đeo Chéo Mini PRAZA - BLTK190DCTK127,Balo laptop,204871850,399000,399000,Praza,VND,399000,399000
"Balo laptop 15.6"" Targus TBB565, bộ sưu tập Intellect, hàng chính hãng",Balo laptop,215546011,490000,490000,Targus,VND,490000,490000
Balo Laptop Thời Trang STARGO VIVAZ I14 (14 inch),Balo laptop,202447868,550000,522000,STARGO,VND,550000,522000
Balo laptop Mr Vui BLLT686 15 inch,Thời Trang,38440078,628000,532000,Mr.vui,VND,628000,532000
Balo laptop 14.1 và 15.6 inh nam nữ thời trang cao cấp phong cách mới,Balo laptop,195694496,468160,443520,ANANSHOP688,VND,468160,443520
Balo nam thông minh đa năng cao cấp chống trộm và chống nước,Balo laptop,90476326,690000,621000,ANANSHOP688,VND,690000,621000
Balo nam thông minh đa năng kiêm túi xách thông minh đa năng cao cấp,Balo laptop,161944256,890000,801000,ANANSHOP688,VND,890000,801000
"Balo laptop chống nước giá rẻ, balo đựng laptop 15 inch Xbags Xb 2002",Balo laptop,165588232,450000,450000,XBags,VND,450000,450000
"Balo laptop công nghệ chống rạch chống trộm chống nước cao cấp 17,3""",Balo laptop,95444586,499000,449100,ANANSHOP688,VND,499000,449100
Balo Laptop Sakos Frontier,Thời Trang,58699493,639000,541000,Sakos,VND,639000,541000
"Balo công sở, đi làm nam nữ GuBag, dòng balo doanh nhân cao cấp, đẹp xịn, chống nước, chống sốc, thời trang",Balo laptop,82228106,549000,349000,Gubag,VND,549000,349000
Balo nam tích hợp khóa chống trộm chống rạch chống nước cao cấp phong cách mới,Balo laptop,186364165,470000,423000,ANANSHOP688,VND,470000,423000
Balo laptop Sakos Brisk I15,Thời Trang,4927439,820000,820000,Sakos,VND,820000,820000
Balo Laptop MSI Gaming 17inch,Root,187855312,195000,195000,OEM,VND,195000,195000
Balo laptop Sakos Neo Lamborghini I17,Thời Trang,4670243,1890000,1604000,Sakos,VND,1890000,1604000
BALO LAPTOP ĐA CHỨC NĂNG 17.3 INCH LUGBRO GAMING - Hàng Chính Hãng,Thời Trang,247956150,1689000,1249000,LUGBRO,VND,1689000,1249000
"Balo laptop máy tính chống nước BLLT002 - 15.6 inch, tích hợp cổng sạc USB - Đen",Thời Trang,68235507,350000,189000,OEM,VND,350000,189000
Balo laptop 15.6 inch Mikkor Kalino Backpack Graphite Orange,Thời Trang,34226398,649000,649000,Mikkor,VND,649000,649000
"Balo Laptop Công Sở Nam Nữ , Ngăn Laptop 15'6 inch-Dru-hàng chính hãng",Balo laptop,200801961,464000,232000,DRU,VND,464000,232000
Balo Laptop có cáp sạc HARAS HRTK237,Thời Trang,10186846,200000,149000,HARAS,VND,200000,149000
Balo laptop Sakos Ultra I17,Thời Trang,4701087,1628000,1628000,Sakos,VND,1628000,1628000
MSI Hecate Gaming Backpack II - Chính Hãng,Root,187855150,250000,250000,OEM,VND,250000,250000
Balo Laptop Mr Vui BLLT702 14 inch,Thời Trang,43318860,575000,517500,Mr.vui,VND,575000,517500
Balo American Tourister Brett BTS Backpack,Balo laptop,253146971,2500000,1250000,American Tourister,VND,2500000,1250000
Balo da nam công sở Trita Liberal RBA4,Balo laptop,198272723,790000,790000,TRITA,VND,790000,790000
BALO LAPTOP GAMING 15.6 & 17.3 - ROG,Root,187855224,400000,400000,OEM,VND,400000,400000
Balo laptop 16 inch  K&V 02,Balo và Vali,71481576,489000,489000,OEM,VND,489000,489000
Balo laptop Simplecarry K6,Thời Trang,4353415,830000,747000,SimpleCarry,VND,830000,747000
Balo laptop Simplecarry B2B05,Thời Trang,4210881,580000,522000,SimpleCarry,VND,580000,522000
Combo Balo Laptop Cổng USB & Túi Đeo Messenger PRAZA - BL174DC095,Thời Trang,12300814,259000,219000,Praza,VND,259000,219000
Balo laptop 15.6 inch Mikkor Kalino Backpack Black,Thời Trang,34240769,649000,649000,Mikkor,VND,649000,649000
Balo Laptop Mikkor The Gibson Backpack,Balo laptop,183364890,1290000,1290000,Mikkor,VND,1290000,1290000
Balo laptop Mikkor The Nomad Premier Backpack,Thời Trang,4049363,590000,590000,Mikkor,VND,590000,590000
Balo đựng Laptop 14 inch chính hãng SimpleCarry B2B300_05 nhiều màu cao cấp,Balo laptop,195854390,550000,550000,SimpleCarry,VND,550000,550000
Balo Laptop HARAS HRTK098 15.6 - Xám,Thời Trang,710954,200000,149000,HARAS,VND,200000,149000
BALO LAPTOP GAMING ROG 15.6-17.3 Inch,Balo laptop,187855261,319000,319000,OEM,VND,319000,319000
"Ba Lô dành cho Laptop 15.6"" TARGUS Cypress EcoSmart Slim Backpack - Hàng Chính Hãng",Balo laptop,147442516,1890000,1512000,Targus,VND,1890000,1512000
Balo Laptop 14 inch chính hãng SimpleCarry K7,Thời Trang,17960157,690000,690000,SimpleCarry,VND,690000,690000
Balo laptop du lịch HS 2001,Balo và Vali,72101983,369000,327000,Hasun,VND,369000,327000
Balo Laptop 17 Inch Kim Long KL025 - Chính Hãng,Thời Trang,49125692,659000,593100,KL,VND,659000,593100
Balo Laptop Nam Kim Long KL018 Chính Hãng,Thời Trang,49109898,469000,422100,KL,VND,469000,422100
Balo Laptop 15.6 Inch LUGBRO CITY - Hàng Chính Hãng,Balo laptop,216385341,700000,700000,LUGBRO,VND,700000,700000
Balo Laptop 16 Inch Thời Trang Nhỏ Gọn Cao Cấp Kim Long Kl039 - Thời Trang Ti Ti,Root,129147557,469000,422100,OEM,VND,469000,422100
"Balo Laptop Chất Liệu Oxford Chống Thấm Nước, Balo Du Lịch Nam Nữ Nhiều Ngăn Chứa Đồ Rộng Rãi, Balo Đi Chơi, Du Lịch, Dã Ngoại",Balo laptop,193200599,270000,270000,XUDI,VND,270000,270000
Balo Simplecarry Credo 2,Balo laptop,94901381,640000,640000,SimpleCarry,VND,640000,640000
"Balo - cặp sách Ulzzang Basic B0173 vải Polyester chống thấm nước  đi học, đi làm, du lịch,  đựng được laptop 15.6 inch Unisex nam nữ",Balo laptop,192568003,300000,176000,OEM,VND,300000,176000
Balo American Tourister Rudy Backpack 1 AS,Balo laptop,253149170,1000000,700000,American Tourister,VND,1000000,700000
"Balo công sở nam nữ đi làm đi học đi du lịch balo laptop chống sốc chống nước đẹp nhỏ gọn thời trang cho học sinh, sinh viên - Hàng chính hãng",Balo laptop,209303841,320000,304000,SUZIN,VND,320000,304000
Balo Laptop 15.6 inch chính hãng SimpleCarry K5,Thời Trang,17960273,690000,690000,SimpleCarry,VND,690000,690000
BALO LAPTOP CHỐNG NƯỚC SIÊU BỀN – CHỐNG TRỘM – TÍCH HỢP USB SẠC NGOÀI PHONG CÁCH,Balo laptop,76542312,272000,136000,OEM,VND,272000,136000
Balo Laptop Cao Cấp MarkRyden size 15.6 inch và 17.3 inch chống thấm nước,Balo laptop,149567397,750000,750000,OEM,VND,750000,750000
Balo Laptop Sakos EMPIRE B i15 SBVD08KBNG00 (34 x 43 cm) - Đen Nâu,Thời Trang,1022999,1580000,1580000,Sakos,VND,1580000,1580000
Balo laptop Mikkor The Abraham,Thời Trang,4085299,849000,849000,Mikkor,VND,849000,849000
Balo laptop Simplecarry M-City,Thời Trang,4259501,590000,590000,SimpleCarry,VND,590000,590000
Balo đựng laptop cho cả Nam và Nữ lên tới 17 Inch,Balo laptop,136959426,265000,265000,OEM,VND,265000,265000
Balo laptop du lịch size lớn Xbags Leader balo laptop 17 inch chống nước,Balo laptop,162144913,540000,369000,XBags,VND,540000,369000
"Balo Laptop Haras HRTK099 15.6"" - Xanh",Thời Trang,771419,200000,139000,HARAS,VND,200000,139000
Balo Laptop Mr Vui BLLT760 14 inch thời trang,Thời Trang,47320881,449000,404100,Mr.vui,VND,449000,404100
Balo Xiaomi Urban Life Style chống nước - Hàng Chính hãng,Balo laptop,192859602,590000,329000,Xiaomi,VND,590000,329000
Balo Laptop Chống Nước 16 Inch Cao Cấp Nam Nữ Kim Long Kl032 - Thời Trang Ti Ti,Root,129147528,580000,522000,OEM,VND,580000,522000
ROG BP4701 - Balo chuyên cho Laptop Gaming ROG,Root,187855151,599000,599000,OEM,VND,599000,599000
"Balo chống nước Givi EA148, ba lô laptop Givi mẫu mới 2022",Balo laptop,186351916,1010000,1010000,GIVI,VND,1010000,1010000
Balo American Tourister Zork 2.0 Backpack 1 AS,Balo laptop,216210575,2700000,1350000,American Tourister,VND,2700000,1350000
Balo Laptop Sakos Wayvie,Thời Trang,58896162,560000,504000,Sakos,VND,560000,504000
Balo laptop  Mikkor 14 inch the Ralph,Thời Trang,14044923,590000,590000,Mikkor,VND,590000,590000
"Balo đi làm nam cao cấp, chống nước, chống sốc, balo công sở đựng laptop đa năng 15,6 inch cho dân văn phòng, kỹ sư, IT, doanh nhân",Balo laptop,93182066,499000,499000,Gubag,VND,499000,499000
"Balo Laptop Thời Trang Cao Cấp Nhiều Ngăn, Kiểu Dáng Hiện Đại - Cam Kết Y Hình - DRU BL036 - Hàng Chính Hãng",Balo laptop,212553341,416000,208000,DRU,VND,416000,208000
Balo LapTop Cao Cấp Chống Thấm Cho Dân Văn Phòng (CS02),Thời Trang,53446499,335000,335000,OEM,VND,335000,335000
Balo laptop Simplecarry B2B04,Thời Trang,4210005,580000,522000,SimpleCarry,VND,580000,522000
Balo Laptop 15.6 Inch SAKOS HERO - Hàng Chính Hãng,Thời Trang,187622818,1342000,1138000,Sakos,VND,1342000,1138000
BALO LAPTOP 17 INCH MR VUI 776,Thời Trang,66233031,695000,589000,Mr.vui,VND,695000,589000
Balo Laptop RIVACASE 7760 15.6 inch,Thời Trang,10108070,1280000,1280000,RivaCase,VND,1280000,1280000
Balo Laptop ROG 15/17 Holographic,Root,248641410,349500,349500,OEM,VND,349500,349500
Balo laptop công nghệ cao cấp chống va đập chống trộm chống nước chống rạch,Balo laptop,96187147,530000,477000,ANANSHOP688,VND,530000,477000
"Balo đựng laptop nam nữ 14 inch, 15 inch, 15.6 inch chống sốc Miti BL3749",Balo laptop,251262643,499000,499000,Miti,VND,499000,499000
Balo Laptop Mikkor The Willis,Balo laptop,162228344,799000,799000,Mikkor,VND,799000,799000
"Balo nam thời trang vải canvas cao cấp phong cách mới 15,6""",Balo laptop,82939706,398000,358200,ANANSHOP688,VND,398000,358200
"Balo Laptop, Macbook Tucano LUP nhiều màu sắc - Hàng chính hãng",Thời Trang,27716474,1200000,1200000,Tucano,VND,1200000,1200000
Balo Đựng Laptop Macbook 15 inch TUCANO BRAVO - BKBRA - Hàng Chính Hãng,Balo laptop,130872874,2099000,2099000,Tucano,VND,2099000,2099000
BALO LAPTOP MR VUI 887 SIZE LAPTOP 14 INCH,Balo laptop,188783969,399000,338000,MRVUI,VND,399000,338000
Balo American Tourister Zork 2.0 Backpack 2 AS,Balo laptop,216210612,2700000,1350000,American Tourister,VND,2700000,1350000
"Ba lô Rivacase 7760 dành cho Laptop 15.6"" Hàng Chính Hãng",Balo laptop,200705302,1290000,1290000,RivaCase,VND,1290000,1290000
BALO LAPTOP THỜI TRANG NAM NỮ ULZZANG BASIC ( chống nước ) chống trầy vải oxford cực dai BL348 - B,Root,141473987,193000,193000,OEM,VND,193000,193000
Balo Laptop chính hãng Simplecarry F2 hoa văn,Thời Trang,16990689,350000,350000,SimpleCarry,VND,350000,350000
Balo chính hãng TOMTOC (USA) Premium Commuting & Travel - H71-E01 (22L) cho Laptop 16 inch,Balo laptop,186608765,2090000,2090000,Tomtoc,VND,2090000,2090000
Balo Laptop Mikkor The Nomad Premier Backpack,Balo laptop,185756369,590000,530000,Mikkor,VND,590000,530000
Balo doanh nhân công nghệ 4.0 đựng được laptop 17 inch,Balo và Vali,72751705,1870000,1870000,OEM,VND,1870000,1870000
Balo laptop thông minh 15.6-17.3 inch tích hợp công nghê cao - BEE GEE BLLT5565X,Balo laptop,213974328,1560000,1560000,Bee Gee,VND,1560000,1560000
Balo Laptop Samsonite Marcus Eco LP Backpack VZ,Balo laptop,220678111,4600000,4600000,Samsonite,VND,4600000,4600000
Balo Laptop RIVACASE 8262 16.5 inch,Thời Trang,10108073,1290000,1290000,RivaCase,VND,1290000,1290000
[Hàng Nhập Khẩu] Balo Doanh Nhân Xiaomi Classic Business Backpack 2【Chống nước ◆ 100% vải Polyester ◆ Đủ cho laptop 15.6 inch】,Balo laptop,217624523,450000,450000,Xiaomi,VND,450000,450000
"Balo Da Pu T11-Lap15.6”, Chống Thấm Nước",Root,113151529,420000,420000,OEM,VND,420000,420000
"Ba lô Rivacase 7923 dành cho Laptop 13.3"" Chất Liệu Polyester Hàng Chính Hãng",Balo laptop,179954110,1090000,1090000,RivaCase,VND,1090000,1090000
Balo Laptop chính hãng SimpleCarry ISSAC 6,Thời Trang,16261033,540000,540000,SimpleCarry,VND,540000,540000
Balo Đựng Laptop Macbook 15.6 inch TUCANO LOOP - BKLOOP15 - Hàng Chính Hãng,Balo laptop,145429605,1200000,999000,Tucano,VND,1200000,999000
"Balo laptop siêu nhẹ, siêu bền Mikkor The Kalino (15.6 inch trở xuống)",Balo laptop,113833879,649000,649000,Mikkor,VND,649000,649000
"Balo nam thời trang cao cấp phong cách mới 15,6""",Balo laptop,77051087,489000,440100,ANANSHOP688,VND,489000,440100
Balo Kmore The Leon,Balo laptop,179944230,590000,590000,Kmore,VND,590000,590000
"Balo Lap Top Targus TSB944A Kích Thước Laptops 15.6"" - Hàng Chính Hãng",Balo laptop,179116627,2190000,2190000,Targus,VND,2190000,2190000
Balo Laptop chính hãng Mikkor The Ives,Balo laptop,162201119,649000,649000,Mikkor,VND,649000,649000
"Balo Targus TCG661GL CityGear 14-15.6"" Convertible Laptop - Hàng Chính Hãng",Balo laptop,178730024,1790000,1790000,Targus,VND,1790000,1790000
"Balo Laptop HARAS Cylinder HR187VN (15.6"")",Thời Trang,53450996,190000,139000,HARAS,VND,190000,139000
Balo Laptop Sakos BRICKO i15 SBV107BKNG01 (33 x 45 cm) - Đen,Thời Trang,1022915,1375000,1237500,Sakos,VND,1375000,1237500
"BALO LAPTOP NAM ĐỘC LẠ, BALO ĐI HỌC NHỎ GỌN",Balo và Vali,72944830,337920,168960,OEM,VND,337920,168960
Balo Laptop thể thao STARGO REVIVER,Balo laptop,175413397,560000,532000,STARGO,VND,560000,532000
Balo American Tourister Segno Backpack,Balo laptop,253149144,2500000,1250000,American Tourister,VND,2500000,1250000
Balo laptop 15.6 inch Mikkor Kalino Backpack Mouse Grey,Thời Trang,34237014,649000,649000,Mikkor,VND,649000,649000
Balo Laptop Sakos EMPIRE B i15 SBVD08KKNG00 (34 x 43 cm) - Đen,Thời Trang,1022997,1739000,1652000,Sakos,VND,1739000,1652000
"Balo đa năng đựng Laptop, Macbook 17.3 inch Mark Ryden ngăn kéo phụ và có thể nới rộng kèm cáp sạc ẩn cao cấp",Balo laptop,175110949,999000,999000,OEM,VND,999000,999000
"Balo màn hình LED Divoom Pixoo Backpack-S, ngăn chứa laptop 14.5 inch - Hàng chính hãng",Balo laptop,209413513,3000000,2190000,Divoom,VND,3000000,2190000
Balo laptop Simplecarry M3  - Brown,Thời Trang,4210681,780000,702000,SimpleCarry,VND,780000,702000
Balo Laptop đa năng Lowepro Urbex BP 20L / 24L - Hàng chinh hãng,Balo laptop,202343865,899000,899000,Lowepro,VND,899000,899000
"Balo laptop 15.6"" Targus TBB636, bộ sưu tập Sagano Eco Smart, hàng chính hãng",Balo laptop,215592285,1090000,1090000,Targus,VND,1090000,1090000
Ba lô laptop sinh viên 205925,Root,172996371,193700,193700,OEM,VND,193700,193700
"Balo laptop 15.6"" Securain: Hệ thống đóng mở miệng túi sáng tạo và cực kỳ an toàn,Thiết kế hiện đại, thanh lịch ,Chất liệu chống thấm nước",Balo laptop,216473204,5000000,3500000,DELSEY,VND,5000000,3500000
Balo Tomtoc H62 Premium Lightweight Business for Macbook pro 13″/14″/15″/16″ Black,Balo laptop,194810694,1880000,1560000,Tomtoc,VND,1880000,1560000
Balo Laptop Phối Da Sakos Empire - Hàng Chính Hãng,Balo laptop,198192788,1739000,1476000,Sakos,VND,1739000,1476000
Balo laptop 15.6 inch Mikkor Kalino Backpack Graphite,Thời Trang,34239896,649000,649000,Mikkor,VND,649000,649000
Balo laptop Simplecarry E-City,Thời Trang,4258331,680000,612000,SimpleCarry,VND,680000,612000
Balo laptop Kim Long KL026,Thời Trang,10171356,469000,422100,KL,VND,469000,422100
Balo Laptop 17 Inch HS 655 Đa Dụng,Balo laptop,96313524,589000,517000,Hasun,VND,589000,517000
Balo laptop nam thời trang hàn quốc HARAS HR238,Thời Trang,10707349,500000,149000,HARAS,VND,500000,149000
Balo đựng Laptop 15.6 inch khóa mật mã TSA007 khối đa diện vuông kèm cáp sạc ẩn,Balo laptop,124484928,1499000,1499000,OEM,VND,1499000,1499000
Balo Laptop RIVACASE 8065 15.6 inch,Thời Trang,10108061,780000,780000,RivaCase,VND,780000,780000
( XEM VIDEO ) Balo laptop nam nữ Hàn quốc thời trang dày dặn chống thấm nước để được laptop 26x36cm 113 BEE GEE ( balo hộp 2 kéo ngang ),Balo laptop,74446357,460000,230000,Bee Gee,VND,460000,230000
Balo Laptop Du Lịch Thời Trang SAKOS FRONTIER,Thời Trang,58901207,629000,566100,Sakos,VND,629000,566100
"Balo công sở nam nữ đi làm đi học đi du lịch balo laptop chống sốc chống nước đẹp nhỏ gọn thời trang cho học sinh, sinh viên - Hàng chính hãng",Balo laptop,209319766,289000,274550,SUZIN,VND,289000,274550
"Balo Laptop Nam Nữ Cao Cấp, Balo Đựng Máy Tính Chống Sốc, Chống Thấm Nước Nhỏ Gọn Phù Hợp Học Sinh, Sinh Viên, Công Sở",Balo laptop,188376677,195000,195000,XUDI,VND,195000,195000
"Balo nam đựng laptop, balo đi học đi làm Xbags Xb 2004 balo laptop chính hãng",Balo laptop,165588237,450000,450000,XBags,VND,450000,450000
Balo Laptop Thời Trang Hàn Quốc LAZA BL404-Chính hãng phân phối,Thời Trang,11602701,149000,149000,OEM,VND,149000,149000
Balo nam thời trang tích hợp chống trộm chống nước cao cấp phong cách châu âu,Balo laptop,197651026,780000,702000,ANANSHOP688,VND,780000,702000
Balo American Tourister Braydon Backpack AS,Balo laptop,253149155,2000000,1000000,American Tourister,VND,2000000,1000000
"Ba lô chống trộm Rivacase 7562 dành cho laptop 15.6"" Chất Liệu Polyester Hàng Chính Hãng",Balo laptop,179953024,989000,989000,RivaCase,VND,989000,989000
Balo laptop Mikkor The Kalino,Thời Trang,24496785,649000,649000,Mikkor,VND,649000,649000
Balo American Tourister Riley Backpack 1 AS,Balo laptop,253148981,1000000,700000,American Tourister,VND,1000000,700000
Balo Laptop Targus TSB96001GL-70 GeoLite Essentials (15.6 inch),Thời Trang,9859053,890000,890000,Targus,VND,890000,890000
"Balo Laptop Máy Tính Nam Thông Minh Chống Trộm, Chống Nước Cao Cấp Phong Cách Mới Dung Tích Lớn 17.3 Inch BL104 - Hàng Chính Hãng",Balo laptop,204237296,550000,550000,DD STORE,VND,550000,550000
Balo Kmore The Parker,Balo laptop,179951601,550000,550000,Kmore,VND,550000,550000
Balo laptop thời trang nam nữ Sakos Frontier - Thương hiệu Sakos USA,Balo laptop,114431615,639000,598000,Sakos,VND,639000,598000
"Balo laptop nam đa chức năng cao cấp phong cách mới 15.6""",Balo laptop,185910043,490000,441000,ANANSHOP688,VND,490000,441000
Balo laptop Mikkor The Ives Backpack,Thời Trang,3958347,649000,649000,Mikkor,VND,649000,649000
Balo LAPTOP GAMING GS AIR 15.6-17 Inch,Root,187855268,319000,319000,OEM,VND,319000,319000
"Balo Laptop 15.6 Inch KINGBAG APOLLO Cao Cấp, Bền Bỉ - Hàng Chính Hãng",Balo laptop,208740784,785000,785000,King Bag,VND,785000,785000
Balo Laptop RIVACASE 7560 15.6 inch,Thời Trang,10108067,980000,980000,RivaCase,VND,980000,980000
Balo Laptop 14 inch chính hãng SimpleCarry P3,Thời Trang,17960312,990000,990000,SimpleCarry,VND,990000,990000
Balo Chống Thấm Nước Rivacase 7923 13.3 Inch Hàng Chính Hãng,Balo laptop,200721780,1090000,1090000,RivaCase,VND,1090000,1090000
Balo Laptop thể thao SAKOS CYBERO 15.6inch,Balo laptop,175414035,1639000,1639000,Sakos,VND,1639000,1639000
"Balo Laptop Haras HRTK048 15.6"" - Đen",Thời Trang,771423,350000,350000,HARAS,VND,350000,350000
Balo laptop Mikkor The Ralph,Thời Trang,4080975,599000,599000,Mikkor,VND,599000,599000
BA LÔ CHỐNG SỐC TRƯỢT NƯỚC UAG STD 18 LÍT HÀNG CHÍNH HÃNG,Balo laptop,73718713,2900000,2175000,UAG,VND,2900000,2175000
"Ba lô nam công sở cao cấp đa năng tiện dụng tích hợp khóa chống trộm thông minh 15,6""",Balo laptop,77655404,690000,621000,ANANSHOP688,VND,690000,621000
Balo Thông Minh Đa Năng Siêu Cấp Dung Lượng Lớn Chông Nước Sạc USB Tiện Lợi - Balo Doanh Nhân Business Backpack -  BL007,Balo laptop,195465597,390000,292500,OEM,VND,390000,292500
Balo laptop thời trang SAKOS NOBLE,Thời Trang,225940015,1290000,1225000,Sakos,VND,1290000,1225000
Balo laptop Simplecarry K-City Backpack,Thời Trang,4207229,680000,612000,SimpleCarry,VND,680000,612000
Balo Laptop Samsonite Marcus Eco LP Backpack TO,Balo laptop,220678116,4200000,4200000,Samsonite,VND,4200000,4200000
"Balo Targus TSB971GL-70 dòng Laptop 15.6"" Sol-Lite Backpack - Hàng Chính Hãng",Balo laptop,179176306,1489000,1489000,Targus,VND,1489000,1489000
BALO UMO ROMBO 14 BackPack - Balo Laptop Cao Cấp 14 inch,Balo laptop,100373138,590000,590000,Umo,VND,590000,590000
"Balo laptop 13.3"" Securban:Hệ thống đóng mở miệng túi sáng tạo và cực kỳ an toàn Thiết kế hiện đại, thanh lịch",Balo laptop,217321563,2700000,2700000,DELSEY,VND,2700000,2700000
Balo laptop Mr Vui BLLT732 14 inch,Thời Trang,36904345,510000,510000,Mr.vui,VND,510000,510000
"Balo Laptop HARAS Cylinder HR190VN (15.6"") - Xám",Thời Trang,1028988,200000,129000,HARAS,VND,200000,129000
Balo Laptop 15.6 Inch Du Lịch Cao Cấp KINGBAG MARCUS - Hàng Chính Hãng,"Balo du lịch, phượt",203847320,957000,669000,King Bag,VND,957000,669000
Balo Laptop 15.6 inch chính hãng thương hiệu SimpleCarry CREDO 2,Balo laptop,122829220,640000,640000,SimpleCarry,VND,640000,640000
Balo laptop công nghệ mới có khóa chống trộm phong cách hiện đại KZ8005-01 Laptop 15.6 inch đến 17 inch,Balo laptop,162395777,560000,427500,OEM,VND,560000,427500
"Balo laptop 17"" Reload Weekender WENGER - THỤY SĨ",Balo laptop,251925407,2600000,1300000,Wenger,VND,2600000,1300000
Balo da nam công sở dáng vuông Trita Liberal RBA5,Balo laptop,207034833,750000,750000,TRITA,VND,750000,750000
Balo Đa Năng Solo Velocity Max 17.3 inch ACV732 (Bảo Hành Chính Hãng 5 Năm),Balo laptop,197926229,1790000,1790000,Solo,VND,1790000,1790000
Balo laptop Mark Ryden có khóa chống trộm – LOCKME II,Root,143886023,1860000,1860000,OEM,VND,1860000,1860000
Balo laptop King Bag Marcus,Balo laptop,203144161,957000,670000,King Bag,VND,957000,670000
BALO DA THỜI TRANG CHẤT LIỆU DA CAO CẤP,Root,193720549,580000,522000,OEM,VND,580000,522000
Balo laptop Simplecarry B2B17,Thời Trang,4259589,590000,531000,SimpleCarry,VND,590000,531000
Balo Laptop Sakos Carbon I15,Thời Trang,25954299,1375000,1237500,Sakos,VND,1375000,1237500
Balo Chống Nước Chống Sốc Laptop PEGAVA Thời Trang Hàn Quốc Có Cổng Sạc Điện Thoại - KP003Đ,Balo laptop,205932321,419000,419000,OEM,VND,419000,419000
Balo laptop 15.6 inch B1064 NASI hàng cao cấp có cổng sạc tặng kèm dây sạc balo đựng laptop nam nữ mẫu mới thời trang cực chất,Balo laptop,208634697,400000,200000,OEM,VND,400000,200000
"Balo Laptop SAKOS CARBON 15,6 inch - Hàng Chính Hãng",Balo laptop,159439221,1380000,1380000,Sakos,VND,1380000,1380000
"Balo Laptop công sở nam nữ cao cấp, đựng máy tính, laptop, macbook 15.6 inch chống sốc, chống nước – BEE GEE BLLT9017",Balo laptop,185171935,670000,335000,Bee Gee,VND,670000,335000
"Bộ Balo Laptop (15.6"") + Túi Messenger HARAS HR191HR118 - Xám",Thời Trang,53519628,250000,199000,HARAS,VND,250000,199000
BALO LAPTOP MRVUI 830 CHẤT LIỆU CAO CẤP CHỐNG THẤM NƯỚC VÀ BÁM BỤI,Balo laptop,206996675,545000,463250,MRVUI,VND,545000,463250
"Balo du lịch nam cao cấp GB-BL42 chính hãng Gu Bag, thiết kế đa năng, đựng đồ cỡ lớn (big size), phù hợp đi công tác",Balo laptop,208787075,899000,800000,Gubag,VND,899000,800000
Balo laptop 17 inch K&V,Balo và Vali,71492695,499000,499000,OEM,VND,499000,499000
Balo laptop Simplecarry K5,Thời Trang,4209833,690000,621000,SimpleCarry,VND,690000,621000
Ba lô thông minh đa năng siêu cao cấp nam sạc USB tiện dụng chứa máy tính 14 đến 17 inh,Thời Trang,48161461,490000,441000,ANANSHOP688,VND,490000,441000
"Balo Laptop STARGO MODERNO I15 (15,6 inch)",Balo laptop,198511450,650000,617000,Sakos,VND,650000,617000
Balo chính hãng UAG đựng Laptop 16 inch dòng Mouve,Balo laptop,190110742,2200000,2200000,UAG,VND,2200000,2200000
Balo Lugbro Business i15 - Hàng Chính Hãng,Balo laptop,127192371,1260000,892000,LUGBRO,VND,1260000,892000
Balo đa năng vải oxford cao cấp chống nước chống xước BLLT007 - Đựng laptop 17 inch - đi học - du lịch,Balo laptop,157030189,595000,456000,OEM,VND,595000,456000
Balo laptop Simplecarry A-City 2,Balo laptop,74157418,690000,690000,SimpleCarry,VND,690000,690000
Balo da laptop 16inch K&V 03,Balo và Vali,71487966,489000,489000,OEM,VND,489000,489000
Balo laptop 15.6 inch B1067 NASI hàng cao cấp có cổng sạc tặng kèm dây sạc balo đựng laptop nam nữ mẫu mới thời trang cực chất,Balo laptop,193889417,300000,199000,OEM,VND,300000,199000
Balo laptop Sakos Carbon I15 (Tặng túi Festival Mini để điện thoại),Balo laptop,78487645,1385000,1385000,Sakos,VND,1385000,1385000
Balo Kmore The Jayce,Balo laptop,179913059,690000,690000,Kmore,VND,690000,690000
"Balo laptop Arctic Hunter chất liệu chống nước, có cổng USB - B00218",Root,111868776,850000,499000,ARCTIC HUNTER,VND,850000,499000
"Balo laptop17 inch chống nước 3 chức đa năng có sạt USB công nghệ mới OLES Full đen có thể nới rộng, siêu lớn","Balo du lịch, phượt",207375728,365000,323532,OEM,VND,365000,323532
Balo Kmore The Wesley,Balo laptop,179422211,690000,690000,Kmore,VND,690000,690000
Balo Laptop Rivacase 8365 (17.3 inch),Thời Trang,10108079,1950000,1950000,RivaCase,VND,1950000,1950000
Balo Laptop chính hãng SimpleCarry ISSAC 1,Thời Trang,14990777,530000,477000,SimpleCarry,VND,530000,477000
"Balo nam thông minh đa năng cao cấp phong cách mới 15,6""",Balo laptop,75581239,499000,449100,ANANSHOP688,VND,499000,449100
"Balo laptop cao cấp 15.6 inch (Macbook 17inch) Mikkor The Eli Backpack chống thấm nước, ngăn đựng rộng rãi, ngăn đựng laptop riêng biệt, chống sốc, quai đeo vai được đệm foam PE dày êm thoải mái",Thời Trang,57127803,649000,649000,Mikkor,VND,649000,649000
"Balo Laptop Targus TBB594GL 15.6"" Urban Essentials, hàng chính hãng",Balo laptop,229780563,1290000,1290000,Targus,VND,1290000,1290000
"Balo laptop 15.6"" Navigator :Ngăn bảo vệ laptop 15.6"" và tablet 9.7"" Tích hợp cổng sạc USB và một ngăn đặc biệt để chứa pin sạc",Balo laptop,217318055,2900000,2030000,DELSEY,VND,2900000,2030000
Balo Laptop Mikkor The Ralph Backpack (40 x 26 cm),Thời Trang,2289721,579000,579000,Mikkor,VND,579000,579000
Balo laptop 15.6 inch Mikkor Kalino Backpack Navy,Thời Trang,34240189,649000,649000,Mikkor,VND,649000,649000
"Balo laptop balo thời trang nam nữ 14 inch 15.6 inch 17 inch, 15 inch, 16 inch, 13 inch chống nước cao cấp",Root,143894701,194600,194600,OEM,VND,194600,194600
Balo laptop Mikkor The Willis Backpack,Thời Trang,4080687,799000,799000,Mikkor,VND,799000,799000
"Ba Lô Laptop 15"" TARGUS Newport Backpack - Hàng Chính Hãng",Balo laptop,152769151,2590000,2123800,Targus,VND,2590000,2123800
"Balo Laptop 15.6 Inch KINGBAG KRATOS phối da bền bỉ, siêu nhẹ - Hàng Chính Hãng",Balo laptop,207377177,980000,490000,King Bag,VND,980000,490000
"BALO LAPTOP BALOS TOGO 14"" PINK",Root,124245735,250000,237500,OEM,VND,250000,237500
Balo Cao Cấp Simple Carry E-City 2 – 2 Màu - Chính Hãng,Balo laptop,100317101,690000,690000,SimpleCarry,VND,690000,690000
"Balo Laptop Công Sở Thời Trang Cao Cấp, Cặp Đựng Laptop Nhiều Ngăn, Đa Công Dụng, Dùng Đi Làm Đi Chơi & Du Lịch",Balo laptop,188995358,185000,185000,XUDI,VND,185000,185000
Balo laptop American Tourister Carter 1 AS - Màu ngẫu nhiên,Balo laptop,252389339,1500000,750000,American Tourister,VND,1500000,750000
Cặp đa năng nhiều ngăn KL màu đen - (40x16x30cm) - 735NBLKL016,Balo laptop,163722868,465000,465000,OEM,VND,465000,465000
Balo Laptop Mikkor The Ralph,Thời Trang,2698837,599000,599000,Mikkor,VND,599000,599000
"Balo laptop 15.6"" Targus TSB883 Black, bộ sưu tập Safire, hàng chính hãng",Balo laptop,215587737,590000,590000,Targus,VND,590000,590000
"Balo Divoom Pixoo Backpack-S màn hình LED thông minh, sáng tạo",Balo laptop,195510187,3000000,3000000,Divoom,VND,3000000,3000000
BALO HỘP PHỐI MICA- Dameibag- BALO ĐI HỌC - BALO ĐẦU GẤU,Root,147893253,79000,79000,OEM,VND,79000,79000
Balo laptop đa năng KTP011RED,Thời Trang,14200270,389000,389000,KTP,VND,389000,389000
"Balo Laptop 15.6 Inch Bền Bỉ LUGBRO ASTRA có ngăn nới rộng, chứa được nhiều đồ - Hàng Chính Hãng",Balo laptop,211299223,1998000,1197000,LUGBRO,VND,1998000,1197000
"Balo dành choLaptop, Macbook mỏng nhẹ kèm cáp sạc ẩn USB Type A và USB Micro B cao cấp",Balo laptop,105626090,999000,999000,OEM,VND,999000,999000
Balo Laptop Thời Trang SAKOS TRENDY I14 (14 inch),Balo laptop,230049920,1790000,1700000,Sakos,VND,1790000,1700000
Balo Laptop Nam Nữ Mikkor The Hopkins,Balo laptop,162227055,750000,750000,Mikkor,VND,750000,750000
"Balo laptop 15.6"" Targus TBB584 Black, bộ sưu tập Cypress EcoSmart, hàng chính hãng",Balo laptop,215589703,1890000,1890000,Targus,VND,1890000,1890000
Balo Laptop Rivacase 7562 15.6 inch Hàng Chính Hãng,Balo laptop,200693921,990000,990000,RivaCase,VND,990000,990000
Balo laptop Simplecarry M3 - Red,Balo laptop,91534516,780000,702000,SimpleCarry,VND,780000,702000
Balo laptop 14 inch B1061 NASI có cổng sạc tặng kèm dây sạc balo đựng laptop thời trang đi học đi làm,Balo laptop,192858186,200000,100000,OEM,VND,200000,100000
Balo Laptop công sở dạng hộp phong cách mới – BLLT5529,Balo laptop,189540663,1800000,900000,Bee Gee,VND,1800000,900000
Balo laptop Sakos Cyber,Thời Trang,7377711,1165000,1048500,Sakos,VND,1165000,1048500
"Balo laptop 15.6"" Swimmer Pro  WENGER - THỤY SĨ :Ngăn chứa bảo vệ laptop 15.6"" Nội thất tổ chức phong phú, tinh tế, tiện dụng",Balo laptop,252389384,3200000,1190000,Wenger,VND,3200000,1190000
Balo Nam Nữ thời trang Hàn Quốc ulzzang cặp học sinh balo laptop đi học balo du lịch đa năng - Munnini,Balo laptop,74461095,119804,101372,OEM,VND,119804,101372
Balo laptop Simplecarry B2B02,Thời Trang,4209859,580000,522000,SimpleCarry,VND,580000,522000
"Balo Laptop Targus TBB609GL 15.6"" Work Plus Convertible, hàng chính hãng",Balo laptop,229787035,2290000,2290000,Targus,VND,2290000,2290000
Balo Lugbro Business i17 - Hàng Chính Hãng,Balo laptop,127193748,1069000,918000,LUGBRO,VND,1069000,918000
"Balo nam thông minh đa năng cao cấp phong cách mới 15,6""",Balo laptop,87898740,470000,423000,ANANSHOP688,VND,470000,423000
Balo Laptop thời trang LAZA BL454 vừa laptop 17in - Chính hãng phân phối,Thời Trang,36779365,159000,159000,OEM,VND,159000,159000
"Balo laptop 14"" Securain: Hệ thống đóng mở miệng túi sáng tạo và cực kỳ an toàn Thiết kế hiện đại, thanh lịch",Balo laptop,216475837,4800000,3360000,DELSEY,VND,4800000,3360000
Balo Laptop Mikkor The Eli,Thời Trang,54014120,649000,649000,Mikkor,VND,649000,649000
"Balo laptop chống sóc Picano BLP1607, balo nam đa năng chống thấm nước đựng laptop 15.6 inch cổng sạc USB",Balo laptop,254019048,570000,570000,OEM,VND,570000,570000
"Balo Laptop Free Fire Năng Động Thời Trang có ngăn laptop, đựng sách vở, đi học đi chơi đều được",Balo laptop,94150141,239000,239000,OEM,VND,239000,239000
BALO LAPTOP MR VUI 907 CỠ 14 INCH CHẤT VẢI DÀY CỨNG CÁP NHƯNG NHẸ VÀ RẤT BỀN,Balo laptop,242643975,455000,386750,MRVUI,VND,455000,386750
Balo laptop Kingbag Victor,Balo laptop,203143579,728000,510000,KINGBAG,VND,728000,510000
"Balo laptop 15.6"" Targus TBB59902 Navy, bộ sưu tập NewPort, hàng chính hãng",Balo laptop,215590092,2490000,2490000,Targus,VND,2490000,2490000
"Balo laptop 15.6"" Targus TBB632, bộ sưu tập Transpire Compact, hàng chính hãng",Balo laptop,215590741,1190000,1190000,Targus,VND,1190000,1190000
Balo Laptop Mikkor The Edwin Premier,Thời Trang,33392256,690000,690000,Mikkor,VND,690000,690000
Balo laptop sức chứa lớn vải fabric cao cấp hàng chính hãng YVan 0516-1,Balo laptop,192134657,650000,520000,YVan,VND,650000,520000
Balo Laptop 16 Inch TOMTOC Premium Lightweight Business H62-E02D - Hàng Chính Hãng,Balo laptop,251534578,1880000,1597000,Tomtoc,VND,1880000,1597000
Balo Laptop 15.6 inch KINGBAG ZELOS,Balo laptop,243099208,795000,795000,King Bag,VND,795000,795000
"[ Tặng Gấu Bông 30Cm ] Balo laptop có cổng sạc USB, vải thoáng chống nước màu đen",Balo laptop,195574029,334000,334000,OEM,VND,334000,334000
Balo laptop SAKOS BRISK i15,Thời Trang,35579070,820000,820000,Sakos,VND,820000,820000
Balo laptop Clair:Ngăn chứa laptop và tablet Vật liệu chống thấm nước,Balo laptop,216476170,3600000,2520000,DELSEY,VND,3600000,2520000
Balo laptop cao cấp LEXON size 14inch/16inch - PREMIUM+ BACKPACK - Hàng chính hãng,Balo laptop,198077672,1790000,905000,LEXON,VND,1790000,905000
Balo laptop Lugbro Claggy I15 LBV002BK,Thời Trang,6190237,980000,980000,LUGBRO,VND,980000,980000
"BALO 2021 GIÁ RẺ VẢI DÙ MỚI NHẤT ĐỘ BỀN CAO NHẤT HIỆN NAY ,CÓ NGĂN LATOP",Root,149753111,150000,150000,OEM,VND,150000,150000
"Balo Laptop Mikkor The Ives Backpack (15.6"")",Thời Trang,2809369,649000,649000,Mikkor,VND,649000,649000
"Balo Laptop HARAS HRTK099 15.6"" - Xám",Thời Trang,710902,200000,149000,HARAS,VND,200000,149000
"Balo laptop nam chống nước loại tốt, Túi ba lô máy tính đa năng 15 6 inch 14 inch 13 inch 17 inch nam nữ-DRU-hàng chính hãng",Balo laptop,199600855,464000,232000,DRU,VND,464000,232000
"Balo Laptop 15.6 Inch Mr Vui 753 Bền, Nhẹ, Chống Bám Bụi - Hàng Chính Hãng",Balo laptop,208303089,575000,487000,Mr.vui,VND,575000,487000
BA LÔ CHỐNG SỐC TRƯỢT NƯỚC UAG STD 24 LÍT,Balo và Vali,72458461,3200000,3200000,UAG,VND,3200000,3200000
"Balo đựng Laptop 17.3 inch dòng Router Transit Series thiết kế ngăn lớn, chất liệu cao cấp",Balo laptop,197419228,699000,699000,OEM,VND,699000,699000
Balo Laptop Thời Trang Nam Nữ Cao Cấp PRAZA - BLTK190,Balo laptop,203147375,299000,159000,Praza,VND,299000,159000
Balo laptop cổng sạc USB HS 658,Thời Trang,68749889,349000,349000,Hasun,VND,349000,349000
Balo Laptop chính hãng SimpleCarry ISSAC 3,Thời Trang,16932501,530000,477000,SimpleCarry,VND,530000,477000
"Balo nam nữ thời trang hàng cao cấp phong cách mới 15,6""",Balo laptop,167472202,350000,315000,ANANSHOP688,VND,350000,315000
Balo chính hãng TOMTOC (USA) Travel - A82-F01 40 (L) cho Macbook/Laptop/Ultrabook 15 inch,Balo laptop,174292684,1890000,1890000,Tomtoc,VND,1890000,1890000
"Balo du lịch, balo laptop chất dù bền đẹp với khoan chứa rộng (BL DN B21) - BOM",Root,145171864,689000,689000,OEM,VND,689000,689000
Balo Mikkor The Kalino,Balo laptop,162176065,649000,649000,Mikkor,VND,649000,649000
"Ba Lô Laptop 15.6"" TARGUS Intellect Backpack - Hàng Chính Hãng",Balo laptop,158097778,590000,472000,Targus,VND,590000,472000
balo laptop chống trộm chống nước cực kì tốt hàng nhập khẩu,Root,161254122,99000,99000,OEM,VND,99000,99000
Balo Mark Ryden MR9299 đựng laptop sức chứa lớn tích hợp Áo mưa thông minh,Root,196069749,2220012,2220012,OEM,VND,2220012,2220012
Balo Laptop Sakos Hero I15,Thời Trang,27651806,1332000,1198800,Sakos,VND,1332000,1198800
Balo SimpleCarry Issac 6 (38 x 27cm) - Black,Thời Trang,5977509,540000,540000,SimpleCarry,VND,540000,540000
Balo laptop Arctic Hunter Arctic Hunter chất liệu Oxford Fabric chống thấm nước - B00530,Balo laptop,202817107,850000,539000,ARCTIC HUNTER,VND,850000,539000
"Balo laptop 16"" Targus TBB634, bộ sưu tập Sagano™ EcoSmart®, hàng chính hãng",Balo laptop,215592639,1790000,1790000,Targus,VND,1790000,1790000
Ba lô laptop nam thông minh đa năng cao cấp phong cách mới,Balo laptop,177827838,480000,432000,ANANSHOP688,VND,480000,432000
Balo Nam Nữ Da Trơn Form Chữ Nhật Đựng Laptop CHIPVN - P124,Balo laptop,191412406,365000,365000,OEM,VND,365000,365000
"Balo Laptop Cylinder HARAS HRTK191 (15"") - Đen",Thời Trang,847433,220000,159000,HARAS,VND,220000,159000
Bộ 5 Ba Lô Nữ Thời Trang balo laptop Smile Cloudy (xanh trời),Thời Trang,32132663,89000,89000,EMELY BOUTIQUE,VND,89000,89000
Balo đeo vai TRONSMART BACKPACK - Thời trang – Gọn nhẹ - Tiện Lợi - Hàng Chính Hãng,Balo laptop,220668125,199000,199000,Tronsmart,VND,199000,199000
Ba lô Tomtoc Slash Flip Laptop Backpack 18L 16 inch A64E1 - Hàng chính hãng,Balo laptop,216925886,1590000,1339000,Tomtoc,VND,1590000,1339000
Balo Laptop Rivacase 8861 Series Lantau 15.6 inch Hàng Chính Hãng,Balo laptop,200729715,2790000,2790000,RivaCase,VND,2790000,2790000
Balo Laptop Sakos BRICKO i15 SBV107DBNG01 (33 x 45 cm) - Xanh Navy,Thời Trang,1022917,1375000,1237500,Sakos,VND,1375000,1237500
Balo đựng Laptop 16 inch BANGE quai cầm bằng da có cáp sạc ẩn kèm ngăn Zip mặt lưng cao cấp,Balo laptop,181774663,1249000,1249000,OEM,VND,1249000,1249000
Balo laptop Mark Ryden MR-9191DY chống nước đa năng,Root,143889330,1620000,1620000,OEM,VND,1620000,1620000
Balo laptop dành cho nam Mikkor The Royce Delux (Fit laptop 15.6 inch trở xuống),Balo laptop,113628711,690000,690000,Mikkor,VND,690000,690000
Balo Laptop 15.6 Inch Mikkor The Royce Delux,Thời Trang,12062114,690000,690000,Mikkor,VND,690000,690000
Balo laptop Simplecarry B2B15,Thời Trang,4259557,580000,522000,SimpleCarry,VND,580000,522000
"Balo laptop 14"" Targus TSB97203 Rice Purple, bộ sưu tập Sol-Lite, hàng chính hãng",Balo laptop,215592954,990000,990000,Targus,VND,990000,990000
Balo laptop Simplecarry E-City 2 - Red,Balo laptop,74163432,680000,612000,SimpleCarry,VND,680000,612000
Balap top công sở MITI BL3753 - thiết kế tiện ích đa năng,Balo laptop,235879357,1299000,1299000,Miti,VND,1299000,1299000
Balo laptop sức chứa lớn đi làm đi phượt chính hãng YVan 820,Balo laptop,192134938,620000,620000,YVan,VND,620000,620000
Balo Laptop KINGBAG VICTOR,Balo laptop,243102772,510000,510000,King Bag,VND,510000,510000
Balo Kmore The Zion,Balo laptop,179930902,550000,550000,Kmore,VND,550000,550000
Balo laptop Arctic Hunter chất liệu Oxford Fabric chống thấm nước - B00529,Balo laptop,202817125,585000,429000,ARCTIC HUNTER,VND,585000,429000
Balo Laptop Rivacase 8861 Kích Thước MacBook Pro và Ultrabook 15.6 inch,Thời Trang,10108091,2789000,2789000,RivaCase,VND,2789000,2789000
Balo nam BHLSJ019 Balo laptop 14inch Da bò thật,Balo laptop,127184499,1299000,1299000,MARRANT,VND,1299000,1299000
"Ba Lô dành cho Laptop 15.6"" TARGUS Sport Backpack - Hàng Chính Hãng",Balo laptop,152785729,490000,392000,Targus,VND,490000,392000
Ba lô Mikkor The Willis 22 - Navy,Balo laptop,193207836,799000,799000,Mikkor,VND,799000,799000
Balo Laptop chống nước Doanh nhân  classic business bagpack 2,Balo laptop,117796935,370000,370000,OEM,VND,370000,370000
Balo laptop Mikkor The Edwin Backpack,Thời Trang,4049483,690000,690000,Mikkor,VND,690000,690000
"Balo Laptop LEXON size 14inch kèm cổng sạc USB - TRACK+ BACKPACK 14"" - Hàng chính hãng",Balo laptop,198077601,2090000,1055000,LEXON,VND,2090000,1055000
Balo laptop Simplecarry Schuler,Thời Trang,4330919,640000,640000,SimpleCarry,VND,640000,640000
"Balo Laptop công sở nam nữ cao cấp, đựng máy tính, laptop, macbook 15.6 inch chống sốc – BEE GEE BLLT9007",Balo laptop,178027501,1116000,558000,Bee Gee,VND,1116000,558000
"Balo công sở nam nữ đi làm đi học đi du lịch balo laptop chống sốc chống nước đẹp nhỏ gọn thời trang cho học sinh, sinh viên - Hàng chính hãng",Balo laptop,209306409,289000,274550,SUZIN,VND,289000,274550
"Balo Laptop Nam Nữ Hàn Quốc Chất Lượng Cao, Balo Du Lịch Nam Nữ Vải OxFord Chống Thấm Nước, Nhiều Ngăn Tiện Dụng",Balo laptop,193200638,275000,275000,XUDI,VND,275000,275000
Balo Laptop Tích hợp cổng sạc USB Thương hiệu Bruno Cavilli 8381,Balo laptop,195530849,2128571,1490000,Lug,VND,2128571,1490000
Balo nam đa chức năng thông minh cao cấp phong cách mới,Balo laptop,207925798,490000,441000,ANANSHOP688,VND,490000,441000
Balo nam thông minh đa năng chống trộm chống rạch chống nước cao cấp,Balo laptop,176933378,730000,657000,ANANSHOP688,VND,730000,657000
"Balo laptop thời trang FSD 0077 siêu nhẹ, chống nước",Balo laptop,187985330,495000,495000,OEM,VND,495000,495000
Balo đẹp dành cho nam - nữ Mikkor The Ralph (có ngăn chống sốc laptop 14.5 inch),Balo laptop,113619232,599000,599000,Mikkor,VND,599000,599000
"Balo đựng laptop nam, balo chống sốc laptop 15 inch XBAGS Xb 2002",Balo laptop,163120467,450000,359000,XBags,VND,450000,359000
Balo laptop cặp đa năng công sở công nghệ 4.0 Shalla,Thời Trang,41792383,131610,117700,Shalla,VND,131610,117700
Balo đựng Laptop thương hiệu TARGUS dòng Newport cao cấp,Balo laptop,150947472,2590000,2590000,Targus,VND,2590000,2590000
Combo Balo Laptop + Túi Đeo Chéo PRAZA BL159DC095D - Đen,Thời Trang,999891,259000,179000,Praza,VND,259000,179000
Balo laptop (16 inch) phong cách hiện đại - BEE GEE BLLT5585,Balo laptop,242106474,700000,350000,Bee Gee,VND,700000,350000
"Balo laptop cao cấp Mikkor The Abraham Premier (Laptop 15.6 inch, Macbook 17 inch)",Balo laptop,114433076,1190000,1190000,Mikkor,VND,1190000,1190000
"Balo da laptop nam thời trang đi học đi làm đi chơi phong cách hàn quốc 15.6""",Balo laptop,184126082,390000,351000,ANANSHOP688,VND,390000,351000
"Balo dành cho Laptop 15"" Tomtoc (USA) Lightweight Multi-Purpose - A73-E01 - hàng chính hãng",Thời Trang,23478318,1339000,1339000,Tomtoc,VND,1339000,1339000
Balo thời trang Living hoa cúc có nắp đựng vừa laptop đi học đi chơi đi làm tiện dụng,Balo laptop,110435058,170000,170000,OEM,VND,170000,170000
"Balo Laptop Học viện anh hùng Năng Động Thời Trang có ngăn laptop, đựng sách vở, đi học đi chơi đều được",Balo laptop,94157759,239000,239000,OEM,VND,239000,239000
Balo Kmore The Jonah,Balo laptop,179944077,590000,590000,Kmore,VND,590000,590000
HS 2009,Balo laptop,73403434,470000,470000,Hasun,VND,470000,470000
"Balo laptop, balo máy tính 15.6-17.3 inch thông minh tích hợp công nghê cao – BLLT5610",Balo laptop,249808673,1100000,550000,Bee Gee,VND,1100000,550000
"Ba Lô dành cho Laptop 15.6"" TARGUS Cypress EcoSmart Convertible Backpack - Hàng Chính Hãng",Balo laptop,147442540,1890000,1512000,Targus,VND,1890000,1512000
Balo nam dùng đi làm đi học chống thấm nước đựng laptop 15.6inch,Balo laptop,203809943,320000,225000,Bobo,VND,320000,225000
Ba lô thông minh đa năng siêu cao cấp nam sạc USB tiện dụng chứa máy tính 14 đến 17 inh,Thời Trang,48141514,389000,350100,ANANSHOP688,VND,389000,350100
Balo Laptop Mr.vui BLLT650-15,Thời Trang,7006729,625000,625000,Mr.vui,VND,625000,625000
Balo Laptop Mr Vui BLLT755 15 inch,Thời Trang,44108660,575000,575000,Mr.vui,VND,575000,575000
Ba lô laptop sinh viên 205925 2 (Ghi),Root,109814433,145000,145000,OEM,VND,145000,145000
Balo Laptop Cao Cấp Tucano Lunar,Balo laptop,207754754,1899000,1899000,Tucano,VND,1899000,1899000
Balo laptop 15.6 inch B1069 NASI hàng cao cấp có cổng sạc tặng kèm dây sạc ba lô đựng laptop nam nữ mẫu mới thời trang cực chất,Balo laptop,230137916,300000,150000,OEM,VND,300000,150000
"Balo Laptop công sở nam nữ cao cấp, đựng máy tính, laptop, macbook 15.6 inch chống sốc, chống nước – BEE GEE BLLT9012",Balo laptop,178785789,420000,210000,Bee Gee,VND,420000,210000
Balo Laptop Chống Thấm Nước Cực Tốt PEGAVA Chống Sốc Đi Học Du Lịch Nam Nữ KP9902,Balo laptop,207688617,239000,239000,OEM,VND,239000,239000
"Ba Lô Laptop 15"" TARGUS Newport Ultra Slim Backpack - Hàng Chính Hãng",Balo laptop,152783818,2390000,2390000,Targus,VND,2390000,2390000
Balo đựng laptop unisex FADODA FBA4,Balo laptop,196759727,660000,660000,FA,VND,660000,660000
"Balo Laptop Máy Tính Nam Nữ Thông Minh Chất Liệu Cao Cấp Vải Oxford Deli - Cặp Sách Công Sở Đi Làm, Đựng Laptop, Máy Tính 13 Inch, 14 Inch, 15.6 Inch, Chống Sốc Dành Cho Người Đi Làm, Sinh Viên, Học Sinh - EH1034",Balo laptop,249672392,538200,299000,Deli,VND,538200,299000
Balo Logo Thêu SAIGONSWAGGER SGS AVAIL BACKPACK-Ngăn Chống Sốc Laptop 15inch,Root,157254194,550000,550000,Saigon Swagger,VND,550000,550000
"Balo Da Thời Trang Ulzzang Nam Nữ,Da PU Cao Cấp,Đựng Laptop 15,6 inh-Chống nước,Kiểu dáng trẻ trung, cá tính -",Root,206668224,428000,428000,OEM,VND,428000,428000
Balo Laptop Mikkor The Ralph 16.6 Inch - Nhiều màu,Balo laptop,186692300,599000,599000,Mikkor,VND,599000,599000
"Balo laptop 17 inch giá rẻ, balo công sở, balo du lịch cỡ lớn Xbags Leader",Balo laptop,177713214,540000,379000,XBags,VND,540000,379000
"Balo Laptop Targus TBB595GL 15.6"" Urban Convertible",Balo laptop,229784294,1390000,1390000,Targus,VND,1390000,1390000
Balo laptop thời trang SAKOS ALMA,Thời Trang,39557489,1505000,1505000,Sakos,VND,1505000,1505000
Balo Laptop Thời Trang STARGO PASION I15 (15.6 inch),Balo laptop,210429699,549000,521000,STARGO,VND,549000,521000
Balo Laptop 15.6 Inch KINGBAG ZELOS form cứng cáp - Hàng Chính Hãng,Balo laptop,251545467,1186000,795000,King Bag,VND,1186000,795000
Balo Laptop Sakos Morale,Thời Trang,25954308,1680000,1512000,Sakos,VND,1680000,1512000
"BALO LAPTOP CHO CẢ NAM VÀ NỮ SÀNH ĐIỆU, CHỐNG THẤM NƯỚC TỐT NEW-0052 VỪA LAPTOP VÀ A4 ( tặng kèm cáp nối sạc tiện lợi )",Balo laptop,182793371,250000,139000,OEM,VND,250000,139000
"BALO LAPTOP MR.VUI BLLT865 THIẾT KẾ HIỆN ĐẠI, CHỐNG THẤM NƯỚC",Balo laptop,127348313,475000,403750,MRVUI,VND,475000,403750
"Balo Laptop 13 - 14 inch cỡ nhỏ SimpleCarry M-city, siêu bền, siêu nhẹ",Balo laptop,131144692,550000,550000,SimpleCarry,VND,550000,550000
Balo laptop Mr Vui BLLT813 phù hợp đi học và đi làm (32 x 44 x 16 cm),Root,190519918,595000,535500,OEM,VND,595000,535500
"Balo Rivacase 5421 sức chứa 14L - dành cho Laptop 13.3"" Hàng Chính Hãng",Balo laptop,191947531,889000,889000,RivaCase,VND,889000,889000
Balo Laptop công sở dạng hộp phong cách CHÂU ÂU – BEE GEE BLLT5519,Balo laptop,185850282,2500000,1250000,Bee Gee,VND,2500000,1250000
Balo Laptop Tích hợp cổng sạc USB Thương hiệu Bruno Cavilli 8689,Balo laptop,195544345,1842857,1290000,Bruno Cavalli,VND,1842857,1290000
Balo laptop Miti bl3754 công sở siêu nhẹ,Balo laptop,249152045,529000,529000,Miti,VND,529000,529000
Balo American Tourister Speedair Backpack AS,Balo laptop,253146898,2700000,1350000,American Tourister,VND,2700000,1350000
Balo da nam thời trang cao cấp phong cách châu âu,Balo laptop,90533052,498000,448200,ANANSHOP688,VND,498000,448200
"Ba lô Targus TSB946GL Newport 12"" Mini Backpack - Hàng Chính Hãng",Balo laptop,179196324,2290000,2290000,Targus,VND,2290000,2290000
"Balo Laptop HARAS HRTK197 (15"") - Đen",Thời Trang,847445,170000,99000,HARAS,VND,170000,99000
Balo laptop Kim Long KL025,Thời Trang,10169434,659000,593100,KL,VND,659000,593100
"Balo Laptop 14 Inch KING BAG VICTOR Phối Da, Gọn Nhẹ Tiện Nghi Cho Nam và Nữ Đi Làm - Hàng Chính Hãng",Balo laptop,203847462,728000,510000,King Bag,VND,728000,510000
"Balo Laptop công sở nam nữ cao cấp, đựng máy tính, laptop, macbook 15.6 inch chống sốc – BEE GEE BLLT9008X",Balo laptop,178034688,820000,410000,Bee Gee,VND,820000,410000
Balo Laptop Thời Trang Hot Trend LAZA BL468 - Chính Hãng Phân Phối,Balo và Vali,71693858,249000,159000,LAZA,VND,249000,159000
"Balo laptop, balo máy tính 15.6 inch phong cách dễ thương – BLLT5612",Balo laptop,249952917,700000,350000,Bee Gee,VND,700000,350000
Balo lapttop công sạc USB HS 659 Blue,Thời Trang,70416559,349000,349000,Hasun,VND,349000,349000
Balo laptop Mr Vui BLLT679-15 dành cho nam và nữ,Thời Trang,32377654,549000,494100,Mr.vui,VND,549000,494100
Balo laptop Mikkor The Maddox Backpack,Thời Trang,4079915,750000,750000,Mikkor,VND,750000,750000
Balo nam laptop 17.3 inh thể thao đa chức năng cao cấp phong cách ca tính mới,Balo laptop,248277414,630000,567000,ANANSHOP688,VND,630000,567000
Balo chính hãng TOMTOC (USA) Premium Lightweight Business Corner Armor cho Macbook Pro 15/16 inch,Balo laptop,169473853,1790000,1790000,Tomtoc,VND,1790000,1790000
Balo chính hãng TOMTOC (USA) Premium Urban Business - H61-E01 26(L) cho Ultrabook 15.6 inch,Balo laptop,174256411,2939000,2939000,Tomtoc,VND,2939000,2939000
Balo laptop thời trang cá tính,Balo laptop,191586823,259000,259000,HARAS,VND,259000,259000
Balo laptop Simplecarry P3,Thời Trang,4382163,990000,990000,SimpleCarry,VND,990000,990000
"Balo Laptop Nam Nữ Cao Cấp, Ba Lô Công Sở Nhiều Ngăn Rộng Rãi Tiện Dụng, Balo Đi Chơi, Du Lịch, Dã Ngoại",Balo laptop,193195969,285000,285000,XUDI,VND,285000,285000
BALO LAPTOP CHỐNG TRỘM CB 8001 15.6',Balo laptop,190571311,390000,390000,OEM,VND,390000,390000
"Balo Laptop Mikkor The Edwin TEB002 - Xanh Navy (15.6"" - Mac 17"")",Thời Trang,790815,690000,690000,Mikkor,VND,690000,690000
Balo đi học đi làm YME nam nữ đựng laptop 15inch vải canvas cao cấp chống thấm nước,Balo laptop,153836562,399000,399000,YME,VND,399000,399000
Balo Laptop Stargo Cerato,Thời Trang,57822012,715000,459000,STARGO,VND,715000,459000
Balo laptop Sakos Sonic I15,Thời Trang,4670825,1150000,1150000,Sakos,VND,1150000,1150000
Balo Laptop Mr Vui BLLT753 15 inch,Thời Trang,41231232,575000,517500,Mr.vui,VND,575000,517500
BALO UMO ROMBO BackPack Black- Balo Laptop Cao Cấp,Balo laptop,90648841,590000,531000,Umo,VND,590000,531000
Balo X – Balo Doanh Nhân Cao Cấp 15.6inch,Balo laptop,164595606,1284000,1284000,OEM,VND,1284000,1284000
Balo Laptop Mikkor The Gibson,Balo laptop,164240670,1290000,1290000,Mikkor,VND,1290000,1290000
Balo laptop LEXON size 15inch kèm quai xách ngang và cổng sạc USB - TRACK DOCUMENT BACKPACK - Hàng chính hãng,Balo laptop,196856440,2690000,1355000,LEXON,VND,2690000,1355000
Balo công sở đựng laptop unisex FADODA FBA3,Balo laptop,196759595,620000,620000,FA,VND,620000,620000
"Balo laptop cao cấp 15.6 inch (Macbook 17inch)  Mikkor Kalino Backpack nhiều ngăn tiện dụng, chống thấm nước, ngăn đựng laptop chống sốc có đai cài an toàn, quai đeo êm ái giúp giảm bớt cảm giác mỏi vai và lưng khi đeo.",Thời Trang,57138134,649000,649000,Mikkor,VND,649000,649000
Balo laptop thời trang TIGERNU dành cho nam Balo T-B3385,Balo laptop,164348924,719000,719000,OEM,VND,719000,719000
Balo laptop Hasun HS 651 - Xám,Thời Trang,2549507,331000,297900,Hasun,VND,331000,297900
"Balo laptop nam nữ, Balo đi học, du lịch TULI chính hãng MS : 032",Root,148511035,479000,479000,OEM,VND,479000,479000
"Balo laptop Mr Vui BLLT923 phù hợp đi học và đi làm, ngăn laptop 15.6 inch (44 x 30 x 12 cm)",Balo laptop,242090593,595000,535500,MRVUI,VND,595000,535500
Balo Laptop Cao cấp Mikkor The Abraham,Balo laptop,162215525,1190000,1190000,Mikkor,VND,1190000,1190000
Balo laptop Mark Ryden MR-9191DY chống nước đa năng,Root,196083360,1620012,1620012,OEM,VND,1620012,1620012
"Balo Nam Công Sở, Balo Laptop Cao Cấp",Balo laptop,78878492,199000,199000,OEM,VND,199000,199000
Túi đeo kiêm balo Tomtoc Slash Sling Bag Taupe cho Ultrabook13/14 inch - Hàng chinh hãng,Balo laptop,253358368,1490000,1490000,Tomtoc,VND,1490000,1490000
Ba lô TOMTOC (USA) Travel Backpack 40L - A82-F01D - Hàng Chính Hãng,Balo laptop,173764831,2100000,1920000,Tomtoc,VND,2100000,1920000
"Balo Đi Học/Đi Chơi, Balo Thời Trang, Balo Laptop (EP08)",Thời Trang,50693817,229000,229000,OEM,VND,229000,229000
"Balo chống sốc laptop 17 inch, balo du lịch cỡ lớn Xbags Leader nhiều ngăn chống nước",Balo laptop,166031083,576000,449000,XBags,VND,576000,449000
Balo laptop LUGBRO CITY LBV006BB,Thời Trang,19760057,869000,869000,LUGBRO,VND,869000,869000
Balo laptop nam kiêm túi xách nam đa chức năng thời trang cao cấp phong cách mới,Balo laptop,250015583,690000,621000,ANANSHOP688,VND,690000,621000
Balo Laptop Reeyee RY1052,Balo laptop,83677478,1320000,1320000,REEYEE,VND,1320000,1320000
"Balo Laptop Mikkor The Nomad Premier (15.6"")",Thời Trang,2809321,590000,590000,Mikkor,VND,590000,590000
Balo laptop Simplecarry K3 (44 x 28 cm),Thời Trang,4210909,690000,690000,SimpleCarry,VND,690000,690000
Balo Solo Highpass Hybrid 15.6 inch GRV702-4 (Đen) Kích thước: 33 x 10 x 51 cm (dài x rộng x cao). Chính hãng bảo hành 05 năm,Balo laptop,153979213,1590000,1351500,Solo,VND,1590000,1351500
Balo laptop STARGO DARIAN,Balo và Vali,71519142,649000,616000,STARGO,VND,649000,616000
"Balo laptop nam nữ đa chức năng cao cấp phong cách mới 15.6""",Balo laptop,242504242,390000,351000,ANANSHOP688,VND,390000,351000
Balo Laptop Mikkor The Louie,Thời Trang,53750706,750000,750000,Mikkor,VND,750000,750000
"Balo Du Lịch Nam Nữ Siêu Nhiều Ngăn, Ngăn Laptop Chống Sốc Riêng, Ngăn Quần Áo Du Lịch, Chống Thấm Nước",Balo laptop,193196069,280000,280000,XUDI,VND,280000,280000
Balo laptop du lịch thời trang SAKOS OMEGA i14,Thời Trang,51249281,1045000,992000,Sakos,VND,1045000,992000
Ba lô nam thông minh đa năng cao cấp phong cách mới,Thời Trang,50278078,470000,423000,ANANSHOP688,VND,470000,423000
Balo Laptop 17 Inch Lugbro Gaming LBV010BK,Thời Trang,15449945,1380000,1380000,LUGBRO,VND,1380000,1380000
"Balo Laptop Thời Trang Coolbell 15.6 inch. CB8218.Sản phẩm chính hãng,phù hợp nam nữ học sinh sinh viên và người đi làm",Root,149567940,389000,389000,OEM,VND,389000,389000
Balo Laptop STARGO ESTILO (14 Inch),Balo laptop,197409678,790000,750000,STARGO,VND,790000,750000
"Balo Laptop Nam Nữ , BaLô Công Sở, Chống Sốc, Chống Thấm Nước, Đi Chơi, Du Lịch",Balo laptop,208917563,250000,237500,Nice Villa,VND,250000,237500
Balo laptop Mr Vui BLLT872 phù hợp đi làm và đi học (ngăn laptop 14 inch),Balo laptop,198243944,475000,427500,MRVUI,VND,475000,427500
Balo Simplecarry MK6,Balo laptop,197907277,1100000,1100000,SimpleCarry,VND,1100000,1100000
Balo Targus TSB952GL-70 Groove X2 Compact (15 inch),Thời Trang,10107993,1349000,1349000,Targus,VND,1349000,1349000
"Balo học sinh, balo laptop da cao cấp, màu sắc thời trang (X LIZZIE) - BOM",Root,145171402,569000,569000,OEM,VND,569000,569000
"Balo Laptop Đa Năng Thích Hợp Đi Học, Đi Chơi, Du Lịch, Đi Công Tác Chất Liệu Vải Cao Cấp",Balo laptop,87118127,500000,425000,OEM,VND,500000,425000
Balo Laptop Chất Lượng Cao Cấp Trượt Nước Campus PRAZA - BL187,Balo laptop,73881263,429000,429000,Praza,VND,429000,429000
"Balo đựng Latop, Balo đi học cho cả Nam và Nữ",Balo laptop,134817677,145000,145000,OEM,VND,145000,145000
Balo laptop Sakos Atom I15,Thời Trang,4774595,1335000,1201500,Sakos,VND,1335000,1201500
"Balo laptop công nghệ, khóa số chống trộm chống rạch chống nước cao cấp - T0281",Balo laptop,188115389,750000,750000,OEM,VND,750000,750000
"Balo Laptop Mikkor The Edwin TEB001 - Đen (15.6"" - Mac 17"")",Thời Trang,790799,690000,690000,Mikkor,VND,690000,690000
Balo Laptop công sở dạng hộp phong cách CHÂU ÂU – BLLT5522,Balo laptop,186364709,1450000,725000,Bee Gee,VND,1450000,725000
Balo Nam Nữ Thời Trang Ba Lô Đựng Laptop,Balo laptop,111106691,175000,175000,OEM,VND,175000,175000
Balo Laptop 15 icnh thể thao phối chỉ màu cao cấpkết hợp Phụ kiện Hình thú SF44 Tặng móc khóa Hình Búa,Balo laptop,78969771,140712,119064,OEM,VND,140712,119064
[NEW 2023] Timberland Balo Unisex New Heritage Backpack TB0A5WB5,Balo laptop,224673828,2290000,2290000,Timberland,VND,2290000,2290000
"Balo laptop 15.6"" Targus TBB633, bộ sưu tập Transpire Advanced, hàng chính hãng",Balo laptop,215591375,1650000,1650000,Targus,VND,1650000,1650000
"Balo du lịch đựng Laptop 15.6 inch chống sốc, Balo đi học màu xám",Balo laptop,106745787,165000,165000,OEM,VND,165000,165000
Balo laptop nam cao cấp phong cách châu âu,Balo laptop,129586504,450000,405000,ANANSHOP688,VND,450000,405000
"Balo thể thao đựng Laptop thiết kế 2 cánh, chống nước, túi Zip kèm cáp sạc ẩn cao cấp",Balo laptop,75448642,999000,999000,OEM,VND,999000,999000
Balo đa năng du lịch đựng Laptop 17.3 inch kèm cáp sạc ẩn và có thể nới rộng,Balo laptop,124882635,1499000,1499000,OEM,VND,1499000,1499000
Balo đựng Laptop thương hiệu TARGUS dòng Newport Ultra Slim,Balo laptop,151696872,2390000,2390000,Targus,VND,2390000,2390000
Balo Laptop Thời Trang Rivacase 5560 15.6 inch - Hàng Chính Hãng,Thời Trang,56203113,449000,449000,RivaCase,VND,449000,449000
"Balo Nam Cao Cấp Ohazo Đa Chức Năng, Balo Đựng Máy Tính Laptop Chống Nước, Chống Xước - Tặng kèm cáp sạc USB - BL144",Root,122344906,289000,289000,Ohazo!,VND,289000,289000
Balo Laptop chống nước Mikkor The Ace Backpack,Balo laptop,162215338,950000,950000,Mikkor,VND,950000,950000
"Balo laptop công nghệ, khóa số chống trộm chống rạch chống nước cao cấp 17.3inch - T0282",Balo laptop,188076795,550000,550000,OEM,VND,550000,550000
Balo máy tính HP Prelude dành cho laptop 15.6  inch Hàng chính hãng,Balo laptop,206052375,590000,590000,HP,VND,590000,590000
Balo laptop chống trộm K-2238,Thời Trang,38312372,669000,669000,OEM,VND,669000,669000
Balo bảo vệ Incase City Dot Backpack - Navy,Balo laptop,191548364,2200000,2200000,OEM,VND,2200000,2200000
Balo laptop nam nữ vải oxford chống nước thời trang BLLT006,Balo laptop,80978524,680000,517750,OEM,VND,680000,517750
"Balo laptop 15.6"" Runner Pro  WENGER - THỤY SĨ :Ngăn chứa bảo vệ laptop 15.6"" Nội thất tổ chức phong phú, tinh tế, tiện dụng",Balo laptop,252398599,3300000,1650000,Wenger,VND,3300000,1650000
"Balo nam, nữ thời trang đa năng - Balo Laptop -  15.6 inch chất liệu cao cấp chống thấm DRU- Hàng Chính Hãng",Balo laptop,199244647,337920,168960,DRU,VND,337920,168960
Balo laptop Simplecarry A-City 2 - Grey,Balo laptop,74157421,680000,612000,SimpleCarry,VND,680000,612000
Balo laptop Simplecarry E-City 2 - Navy,Balo laptop,79325398,690000,690000,SimpleCarry,VND,690000,690000
Balo Simplecarry Issac 5 (38 x 27cm) - L.Navy,Thời Trang,5977505,540000,540000,SimpleCarry,VND,540000,540000
"Balo Laptop PRAZA BL159D (14"") - Đen",Thời Trang,999885,194000,149000,Praza,VND,194000,149000
"Balo đèn Led, Divoom Pixoo (hàng có sẵn) Backpack M, Ba lô Laptop 15inch, màn hình led, chống thấm",Balo laptop,249091286,1980000,1980000,OEM,VND,1980000,1980000
Balo Laptop chính hãng SimpleCarry KANTAN 1,Thời Trang,16943347,490000,490000,SimpleCarry,VND,490000,490000
"Balo Laptop KINGBAG KRATOS – 15,6 inch",Balo laptop,207357079,490000,490000,King Bag,VND,490000,490000
Balo công sở laptop 15.6,Balo laptop,135520916,590000,590000,OEM,VND,590000,590000
"Balo Nam Cao Cấp BHLS009 vừa laptop 15inch, nhiều ngăn phụ kiện. Da bò cao cấp không bong nổ.",Thời Trang,67660688,1450000,1450000,MARRANT,VND,1450000,1450000
"Balo Nam Chống Nước Cao Cấp, Túi Du Lịch Đa Năng Tiện Lợi , Sức Chứa Lớn , Nhiều Ngăn BL020",Balo nam,205673305,450000,396000,OEM,VND,450000,396000
"Balo thời trang nam cao cấp, cá tính, phong cách độc đáo, tiện lợi đi làm, đi chơi dành cho nam - Màu đen",Balo nam,83035200,739000,619000,Gubag,VND,739000,619000
"Ba Lô Nam Nữ Cao Cấp Đi Làm Công Sở, Du Lịch, Phong Cách Đơn Giản và Thời Trang, Chống Nước, Chống Xước",Balo nam,177054792,500000,500000,SHOFUKA,VND,500000,500000
"Balo nam chống nước cao cấp, túi du lịch đa năng tiện lợi TOUGHSLHSBAG",Balo nam,82514202,504000,252000,OEM,VND,504000,252000
"Balo nam thời trang HOT 2022 đi chơi, đi học Gubag, dòng balo cao cấp, đẹp xịn, chống nước tuyệt đối, vừa laptop 14inch",Balo nam,189604254,859000,609000,Gubag,VND,859000,609000
Balo Ulzzang Hàn Quốc Thời Trang HARAS HR284,Balo nam,130841735,179000,159000,HARAS,VND,179000,159000
"Balo Nam Chống Thấm Nước, Chống Xước, Chống Trộm, Thoáng Khí  Phong Cách Thời Trang  Besti BTY01 Chất Liệu Vải Cao Cấp Oxford - Hàng Chính Hãng",Balo nam,179206477,220000,220000,Besti,VND,220000,220000
"Balo Nam Nữ Thời Trang Besti, Bao Đi Học, Balo Laptop, Máy Tính 14 inch Chất Liệu Cao Cấp Chống Nước - Hàng Chính Hãng",Balo nam,193723091,230000,230000,Besti,VND,230000,230000
Balo nam thời trang cao cấp phong cách mới,Balo nam,126874773,470000,423000,ANANSHOP688,VND,470000,423000
Balo Tomtoc H71-E01D Premium Commuting and Travel,Balo nam,182465056,2190000,1820000,Tomtoc,VND,2190000,1820000
"Balo thời trang GUBAG, thiết kế thanh lịch, trẻ trung, chất liệu da bền, chống nước hiệu quả, đựng vừa laptop 14inch",Balo nam,99094281,649000,530000,Gubag,VND,649000,530000
Ba lô thời trang cao cấp mang phong cách trẻ,Balo nam,183483194,325000,308750,OEM,VND,325000,308750
"Balo laptop nữ công sở đi làm cao cấp, thiết kế đẹp, chất lượng cao cấp, sản phẩm chính hãng Gu Bag",Balo nam,145247438,599000,482000,Gubag,VND,599000,482000
"balo laptop 15.6inch, tích hợp cổng cắm USB, chống xước, balo mới 2022-0203",Root,187641183,580000,485000,OEM,VND,580000,485000
"Balo Nam canvas ISD siêu rộng, bền đẹp, có ngăn laptop 15'6",Balo và Vali,72881680,134070,119900,OEM,VND,134070,119900
"Balo nam nữ thời trang tích hợp công nghệ, chống nước KBN1209-02  đựng latop 14 inch",Balo nam,162397744,550000,420000,OEM,VND,550000,420000
Balo nam nữ cao cấp màu đen trơn chống nước nhiều ngăn - đi học đi chơi tiện dụng,Root,83580718,69900,69900,OEM,VND,69900,69900
Balo Ulzzang Hàn Quốc Thời Trang PRAZA - BLTK185 (Đen),Balo và Vali,70821071,169000,169000,Praza,VND,169000,169000
Balo nam thời trang đa chức năng cao cấp phong cách mới,Balo nam,197193540,530000,477000,ANANSHOP688,VND,530000,477000
Balo thông minh Smart backpack NiceVilla,Balo và Vali,247060548,450000,427500,OEM,VND,450000,427500
"Balo nam đựng laptop DRU 13 14 15,6 inch, kiểu dáng công sở nhỏ gọn, túi đi làm, đi học cho học sinh nam nữ-Hàng chính hãng",Balo nam,204268973,299200,149600,DRU,VND,299200,149600
"Balo nam chống nước cao cấp - Túi đeo chéo đa năng tiện lợi Haoshuai Bag phong cách trẻ trung, năng động",Balo nam,82514117,15000,15000,OEM,VND,15000,15000
"Balo nam da chống thấm nước B01 hàng quảng châu cao cấp, phong cách hàn quốc",Balo nam,85256202,499000,499000,OEM,VND,499000,499000
Balo Nam Nữ Thời Trang HARAS HR270,Balo và Vali,72506909,200000,159000,HARAS,VND,200000,159000
"Balo Nam, Balo Đi Học Cực Ngầu Cỡ Lớn, Balo Laptop, Balo Đi Làm Nhiều Ngăn, Balo Du Lịch, Balo Đi Phượt Size To - OBL152 - Ope Store",Balo nam,162563204,189000,189000,OEM,VND,189000,189000
Balo nam thời trang đa năng cao cấp phong cách mới,Balo nam,112191397,570000,513000,ANANSHOP688,VND,570000,513000
"Balo nam, nữ đa năng MS Luofanni đựng vừa Laptop - Macbook chất liệu cao cấp chống thấm",Balo nam,73953925,199000,153000,OEM,VND,199000,153000
"Balo Nam Tích Hợp Khóa Chống Trộm Cao Cấp Teement, Chống Rạch, Chống Nước, Chống Xước Thời Trang Phong Cách Mới - Hàng Chính Hãng",Balo nam,191628801,420000,420000,TEEMENT,VND,420000,420000
Balo nam thời trang hàn quốc HARAS HR244,Thời Trang,10708288,195000,125000,HARAS,VND,195000,125000
"Balo Nam Cao Cấp Ohazo! Đa Chức Năng Chống Nước, Chống Xước  - BL144",Thời Trang,68586000,299000,299000,Ohazo!,VND,299000,299000
Balo ulzzang nữ đi học thời trang hàn quốc họa tiết in hình ẩn màu pastel đẹp dễ thương đựng vừa laptop U6661,Root,247668087,305000,289750,OEM,VND,305000,289750
"balo nam -ba lô nam thời trang phong cách mới (15,6"")",Thời Trang,68820518,420000,313000,ANANSHOP688,VND,420000,313000
"Balo nam thời trang vải canvas  phong cách mới- đi làm, đi học,đi chơi,đựng laptop (15,6"")",Thời Trang,58025937,599000,399000,ANANSHOP688,VND,599000,399000
Balo Nam Vải Canvas Bền Đẹp (EP07),Thời Trang,47101359,210000,210000,OEM,VND,210000,210000
Balo khủng long vải nhung mịn màu đỏ cỡ lớn,Balo nam,163871088,219000,219000,OEM,VND,219000,219000
"Balo Nam OHAZO! Phát Sáng Có Sạc USB, Khóa Chống Trộm, Chống Nước Balo Đi Học Hot Trend 2021",Thời Trang,23911751,169000,169000,Ohazo!,VND,169000,169000
Balo Cầu Lông Nhiều Màu,Root,144633979,299000,299000,OEM,VND,299000,299000
"Balo Nam, Balo Laptop,Balo Thời Trang, Balo Cao Cấp,Balo Đa Năng",Thời Trang,35577120,329000,329000,OEM,VND,329000,329000
set cặp kéo bé gái mẫu 2022,Balo nam,185978219,375000,375000,OEM,VND,375000,375000
Balo Da Nam BaloHome Thời Trang BLH632 (40 x 28 CM),Balo nam,13297482,259000,259000,OEM,VND,259000,259000
Balo Nam Thời Trang HARAS HRTK112 (35 x 45 cm),Thời Trang,53111744,220000,119000,HARAS,VND,220000,119000
Balo nam thời trang công sở cao cấp phong cách mới,Balo nam,222716015,450000,405000,ANANSHOP688,VND,450000,405000
Balo nam vải canvas cao cấp phong cách mới,Balo nam,88041537,430000,387000,ANANSHOP688,VND,430000,387000
"Balo nam thời trang GUBAG BL19 HOT TREND 2023 đi chơi, đi học, dòng balo cao cấp, đẹp xịn, chống nước",Balo nam,251405173,849000,849000,Gubag,VND,849000,849000
Balo nam da tự nhiên công suất lớn phong cách mới,Balo nam,177911920,530000,477000,ANANSHOP688,VND,530000,477000
"Balo Divoom – Pixoo Backpack-M có màn hình LED tùy chỉnh bằng APP, ngăn chứa lớn vừa Laptop 14 Inch, chống thấm nước cho hoạt động ngoài trời",Balo nam,110698265,3000000,2590000,Divoom,VND,3000000,2590000
[VOUCHER 30K] Balo da nam công sở Lata BAL63,Balo nam,217189900,790000,790000,Lata,VND,790000,790000
Balo Nam Chống Nước Laptop Pegava PG-9099 Đi Học Siêu Đẹp Chống Sốc Laptop,Balo nam,208772875,290000,290000,OEM,VND,290000,290000
"Balo Tomtoc A64-Slash-Flip Rucksack 18L for Laptop 16""",Balo nam,214656184,1590000,1350000,Tomtoc,VND,1590000,1350000
Áo balo chất liệu nỉ poly NAM NỮ CỰC ĐẸP HOT KME STORE,Root,165905176,66930,66930,OEM,VND,66930,66930
Balo nam thời trang tích hợp chống trộm chống nước cao cấp phong cách châu âu,Balo nam,102753515,1390000,1251000,ANANSHOP688,VND,1390000,1251000
Balo Nam Nữ  Harajuku ulzzang- Phong Cách Nhật Bản,Root,122300439,120000,120000,OEM,VND,120000,120000
Combo Balo Nam Nữ Cao Cấp Có Cổng Sạc USB Và Túi Đeo Chéo Praza - BLTK181&DC095,Thời Trang,49132271,329000,329000,Praza,VND,329000,329000
Balo nam nữ kiểu dáng Hàn Quốc cá tính thời trang 44 x 30 x 15 cm BL09 (Tặng móc khóa PĐ),Thời Trang,49363752,195000,159000,OEM,VND,195000,159000
Balo nam nữ Unisex thời trang balo đa năng chống nước sinh viên laptop,Balo nam,76202590,159000,125000,OEM,VND,159000,125000
"Balo nam, nữ đa năng đựng vừa Laptop - Macbook chất liệu cao cấp chống thấm, tặng kèm cổng nối cáp sạc tiện lợi TK0031",Thời Trang,42409024,200000,115000,OEM,VND,200000,115000
"Balo Nam, Balo Đi Học, Đi Chơi Cá Tính | Balo Thời Trang Chống Nước Nhẹ, Đựng Được Nhiều Đồ - OBL163 - Túi Ví Ope",Balo nam,162549110,229600,160720,OEM,VND,229600,160720
Balo nam nữ thời trang hàng cao cấp phong cách mới,Balo nam,167469970,270000,243000,ANANSHOP688,VND,270000,243000
[VOUCHER 30K] Balo da nam công sở thời trang Lata BAL68,Balo nam,252178843,790000,790000,Lata,VND,790000,790000
Balo Nam HARAS HRTK164 (45 x 15 cm),Thời Trang,52580089,120000,69000,HARAS,VND,120000,69000
Balo nam nữ đi học phát sáng Ohazo! TẶNG (Cáp USB+Khóa số+Tainghe+Ví) cực HÓT,Root,122344294,219000,219000,Ohazo!,VND,219000,219000
"Balo Thời Trang Nam Cao Cấp Tement, Cá Tính, Phong Cách Độc Đáo, Tiện Lợi, Chất Liệu Vải Cao Cấp Chống Thấm, Chống Xước, Đựng Vừa Laptop 15,6 Inch - Hàng Chính Hãng",Balo nam,197101534,170000,170000,TEEMENT,VND,170000,170000
"Balo Tomtoc H61-E01D Premium Urban Laptop 15.6"" Black",Balo nam,182484064,2990000,2490000,Tomtoc,VND,2990000,2490000
Balo thời trang đi học đi làm đựng laptop BKN004 - chống nước có cổng USB,Balo nam,164075062,380000,310000,OEM,VND,380000,310000
"Balo nam thông minh đa năng thời trang cao cấp 17""",Balo nam,177535084,570000,513000,ANANSHOP688,VND,570000,513000
Balo Proofing Thời Trang LAZA BL476 chống thấm nước cao cấp chứa laptop 15.6inch,Balo nam,157504770,350000,279000,LAZA,VND,350000,279000
Balo nam đa năng cao cấp công suất lớn phong cách châu âu,Balo nam,90502962,730000,657000,ANANSHOP688,VND,730000,657000
Balo da tự nhiên đa năng cao cấp phong cách mới,Balo nam,179531113,550000,495000,ANANSHOP688,VND,550000,495000
"Balo béo mẫu bé gái, Cặp kéo chống gù kèm quà tặng như hình",Balo nam,185978198,455000,455000,OEM,VND,455000,455000
Balo leo núi Jack Wolfskin Trợ Lực Chuyên Leo Núi - Đi Phượt Giảm Mệt Mỏi Đau Lưng 12l 24l 30l 34l 40l 50l,Balo nam,163871099,759000,759000,OEM,VND,759000,759000
"Balo Nam, Nữ Công Sở Đa Năng Teement, Đựng Vừa Laptop - Macbook - Máy Tính Xách Tay, Chất Liệu Vải Cao Cấp Chống Thấm Nước, Chống Xước, Có Cổng Sạc USB Tiện Lợi - Hàng Chính Hãng",Balo nam,194041528,250000,250000,TEEMENT,VND,250000,250000
Balo nam thời trang vải canvas cao cấp phong cách mới,Balo nam,93181764,490000,441000,ANANSHOP688,VND,490000,441000
"Balo nam vải canvas cao cấp phong cách mới 15,6""",Balo nam,77744773,430000,387000,ANANSHOP688,VND,430000,387000
Balo nam thời trang cao cấp phong cách mới,Balo nam,195687692,390000,351000,ANANSHOP688,VND,390000,351000
Ba lô nam nữ leo núi dung tích lớn 45L chống thấm nước,Root,150123818,245000,245000,OEM,VND,245000,245000
"Balo nam đa năng thời trang cao cấp phong cách mới 15.6""",Thời Trang,68820882,478000,430200,ANANSHOP688,VND,478000,430200
Balo da nam thời trang cao cấp phong cách cá tính,Balo và Vali,205081783,530000,477000,ANANSHOP688,VND,530000,477000
Balo chiến thuật đeo chéo thời trang,Balo nam,215121486,280000,280000,OEM,VND,280000,280000
Ba lô nam thông minh đa năng cao cấp phong cách châu âu,Balo nam,161897365,1100000,990000,ANANSHOP688,VND,1100000,990000
"Balo Kanken, balo chống nước, balo đi học",Root,168494334,453600,453600,OEM,VND,453600,453600
"Balo nam vải canvas cao cấp phong cách mới 15,6""",Balo nam,77744088,430000,387000,ANANSHOP688,VND,430000,387000
Balo nam vải canvas cao cấp phong cách mới,Balo nam,186578774,330000,297000,ANANSHOP688,VND,330000,297000
"Balo Nam, Balo Nam Đi Làm, Balo Nam Đi Học Cực Ngầu, Balo Laptop, Balo Nam Thời Trang Chống Nước Nhẹ Đi Chơi Đựng Nhiều Đồ - OBL193 - Ope Store",Balo nam,191514832,390000,339000,OEM,VND,390000,339000
Balo Basic Backpack Holo full tag hãng và giấy thơm + hoa kiki kaikai || Hany shop,Root,151489431,500000,500000,OEM,VND,500000,500000
"Balo laptop nam thông minh đa năng thời trang cao cấp phong cách mới 15.6""",Balo nam,198531302,399000,359100,ANANSHOP688,VND,399000,359100
BALO CẦU LÔNG (hình tại shop),Root,144632993,420000,420000,OEM,VND,420000,420000
BALO VẢI DÙ HỌC SINH SINH VIÊN NAM NỮ UNISEX VẢI DÙ KHÔNG THẤM NƯỚC CAO CẤP PHẢN QUANG,Balo nam,159438334,289000,289000,OEM,VND,289000,289000
Balo KANKEN FJALLRAVEN Classic,Root,168498611,264600,264600,OEM,VND,264600,264600
Ba lô nam tích hợp khóa chống trộm chống nước cao cấp phong cách mới,Balo nam,75718627,499000,449100,ANANSHOP688,VND,499000,449100
"Balo đi học nữ, unisex, phong cách thời trang Hàn Quốc GB-BL47, balo học sinh cấp 2,3, sinh viên đại học cao cấp",Balo nam,179994082,399000,229000,Gubag,VND,399000,229000
"Balo nam thời trang cao cấp phong cách mới 15,6""",Balo nam,183682633,460000,414000,ANANSHOP688,VND,460000,414000
Balo Under nam nữ đều dùng được,Balo nam,160802006,310000,310000,OEM,VND,310000,310000
Balo nam nữ thời trang phối màu năng động cao cấp hàn quốc K7,Balo và Vali,71087115,123500,104500,OEM,VND,123500,104500
"Balo Mini Học Sinh Siêu Nhẹ, Tiện Ích, Màu Sắc Dễ Thương Mr Vui 825 - Hàng Chính Hãng",Balo nam,214160737,175000,139000,Mr.vui,VND,175000,139000
Balo nam da tự nhiên cao cấp phong cách mới,Balo nam,200032454,490000,441000,ANANSHOP688,VND,490000,441000
Balo Kanken Mini,Root,168495669,208600,208600,OEM,VND,208600,208600
Balo Nam Thời Trang LAZA BL443  Vừa laptop 17in- Chính hãng phân phối,Thời Trang,37958605,250000,250000,OEM,VND,250000,250000
Balo da nam công sở TRITA RBA2,Balo nam,189181195,750000,750000,TRITA,VND,750000,750000
BALO JAPAN CLASSIC SEASON 3| BALO PHẢN QUANG| BALO ĐI HỌC | BALO NAM NỮ | BALO THỜI TRANG | BALO LAPTOP | BALO VÀNG | BALO HỒNG | BALO ĐEN | BALO CHỐNG NƯỚC- BALO MIDORI - MIDORI WORKSHOP,Thời Trang,51726385,490000,220500,Midori,VND,490000,220500
Balo Đeo Chéo - Túi Đeo Chéo Thơi Trang Nam Nữ Nhiều Ngăn Tiện Dụng DC-TC01,Balo nam,95059051,121000,97000,OEM,VND,121000,97000
"Balo Ulzzang Chống Thấm, Balo Đi Học, Balo Nam Nữ, Balo Thời Trang Milk Tea",Root,173867898,81500,81500,OEM,VND,81500,81500
Ba lô thời trang cao cấp mang phong cách Hàn Quốc,Balo nam,162089401,260000,260000,OEM,VND,260000,260000
"Balo Laptop Martin Garrix Năng Động Thời Trang có ngăn laptop, đựng sách vở, đi học đi chơi đều được",Balo nam,93871351,239000,239000,OEM,VND,239000,239000
"Balo nam cao cấp phong cách mới 15,6""",Balo nam,77059244,450000,405000,ANANSHOP688,VND,450000,405000
Balo Nam Thời Trang Cao Cấp PRAZA - BLTK178,Thời Trang,33576979,159000,159000,Praza,VND,159000,159000
Balo da nam đa chức năng công suất lớn phong cách châu âu,Balo nam,186990525,470000,423000,ANANSHOP688,VND,470000,423000
Balo Basic Laptop 15.6in Màu Xám - Mua 1 Được 3 Siêu Tiện Lợi,Root,159035841,175000,175000,OEM,VND,175000,175000
"Balo vải dù chống thấm nước , chống xước cỡ lớn cho nam , nữ size 51cm BALO-24",Balo nam,212324932,199000,199000,OEM,VND,199000,199000
Balo nam nữ thời trang cao cấp 80675,Root,172993342,260000,260000,OEM,VND,260000,260000
Balo nam công sở đi làm đi chơi đi du lịch cao cấp phong cách mới,Balo nam,217195589,1350000,1215000,ANANSHOP688,VND,1350000,1215000
"Balo Thời Trang Chống Thấm Nước Nhiều Ngăn , Chống Sốc Laptop 14 inch Và 15.6 inch",Root,149567641,359000,359000,OEM,VND,359000,359000
Balo Fairy Tail,Root,127218034,320000,320000,OEM,VND,320000,320000
Balo Phản Quang Chống Nước Nhẹ Phong Cách STREETSWEAR FALDO,Balo và Vali,71088540,129000,129000,FALDO,VND,129000,129000
Balo Đi Học Gía Rẻ Nam Nữ Unisex Thời Trang Kiểu Ullzang Hàn Quốc Nhiều Màu Dễ Thương BL04 SUNO STORE,Root,148935413,76000,76000,OEM,VND,76000,76000
"Balo Thời Trang Nam Cao Cấp, Chống Thấm Nước, Chống Xước, Cá Tính, Tiện Lợi Đi Làm, Đi Chơi, Đi Học, Phong Cách Độc Đáo Besti Y02- Hàng Chính Hãng",Balo nam,177650063,180000,180000,Besti,VND,180000,180000
Balo Nam Nữ Chống Gù Bl-K90662-1A29,Root,23140480,267000,253650,OEM,VND,267000,253650
Balo nam da tự nhiên thời trang cao cấp phong cách mới,Balo nam,197528905,490000,441000,ANANSHOP688,VND,490000,441000
BALO HỌC SINH CHỐNG GÙ CAO CẤP TIÊU CHUẨN CHÂU ÂU TẶNG ĐỒNG HỒ,Root,168227025,345000,327750,OEM,VND,345000,327750
Balo Cao Cấp Thời Trang Hàn Quốc Chống Thấm Nước FALDO,Balo nam,88825620,309000,309000,FALDO,VND,309000,309000
"Balo nam thời trang vải canvas BL0018 - đi học, đi làm, đi chơi, đựng laptop",Thời Trang,34822578,485000,410000,OEM,VND,485000,410000
Balo nam nữ đi học Pegava PG-06D Đựng Laptop Chống Thấm Nước Có Cổng Sạc USB,Balo nam,208744571,225000,225000,OEM,VND,225000,225000
Balo nam thông minh đa năng cao cấp phong cách mới,Balo nam,112085286,450000,450000,ANANSHOP688,VND,450000,450000
"Cặp đi học nữ, cặp đi học giá rẻ, Balo học sinh cấp 2, cấp 3, cặp đẹp giá rẻSet Balo 4 Món - Balo 4 Món The Day You Away",Balo nam,167468315,106000,106000,OEM,VND,106000,106000
Balo Lính Mỹ Chiến Thuật 7D Swat - Balo Thể Thao Vải Bố Quân Đội,Balo nam,103029879,500000,500000,OEM,VND,500000,500000
Balo nam tích hợp khóa chống trộm chống rạch chống nước cao cấp phong cách mới,Balo nam,89146270,498000,448200,ANANSHOP688,VND,498000,448200
"Balo Thời Trang Nam, Nữ Chống Thấm Nước Cao Cấp Size 45cm",Balo nam,198207501,159000,159000,OEM,VND,159000,159000
Balo khủng long vải nhung mịn màu xanh bộ đội cỡ lớn,Balo nam,163871162,179000,179000,OEM,VND,179000,179000
"Balo Nam Thời Trang Cỡ Lớn Đi Học Và Du Lịch, Balo Nam Nhiều Ngăn, Chống Nước, Chống Xước, Đựng Laptop Cao Cấp - OBL167 - Túi Ví Ope",Balo nam,166228229,330000,330000,OEM,VND,330000,330000
Balo nam phong cách hàn quốc EMI 208199,Root,112077828,202000,158300,OEM,VND,202000,158300
Balo Vovinam phù hợp cho mọi lứa tuổi,Balo nam,98598297,180000,180000,OEM,VND,180000,180000
Balo Nam HARAS HRTK013 (48 x 13 cm) - Đen,Thời Trang,910674,190000,149000,HARAS,VND,190000,149000
Balo nam đa chức năng thời trang cao cấp phong cách mới,Balo nam,242627922,590000,531000,ANANSHOP688,VND,590000,531000
Balo Laptop Thời Trang Backpack Vải Chống Thấm Cao Cấp 2810 Clothes Shop - Balo Laptop Đi Học Đi Chơi Ulzzang Unisex,Root,155101109,134070,119900,OEM,VND,134070,119900
BaLô -Túi đựng cần câu và phụ kiện,Root,163744734,550000,550000,OEM,VND,550000,550000
Ba lô nam thời trang cao cấp thông minh phong cách mới,Balo nam,62388351,1150000,1035000,ANANSHOP688,VND,1150000,1035000
Balo nam  thời trang hàng cao cấp phong cách châu âu,Balo nam,179234189,390000,351000,ANANSHOP688,VND,390000,351000
Balo khủng long vải nhung cỡ lớn màu cam,Balo nam,163871025,179000,179000,OEM,VND,179000,179000
Balo nam nữ đi học phong cách phát sáng thời trang Ohazo! TẶNG (Cáp USB+Khóa số+Tainghe+Ví),Root,122345057,350000,350000,Ohazo!,VND,350000,350000
Túi thời trang chiến thuật Helikon Tex Essential Kitbag,Root,184243238,449000,449000,OEM,VND,449000,449000
"BALO NAM NỮ ĐỰNG LAPTOP, BALO ĐI HỌC, ĐI LÀM ĐA NĂNG",Balo nam,104740713,460000,391000,OEM,VND,460000,391000
Balo nam nữ B1083 NASI hàng Quảng Châu ba lô laptop 15 inch nhiều ngăn du lịch đi chơi phượt học sinh đi học đi làm công sở,Balo nam,249085059,250000,145000,OEM,VND,250000,145000
"Cặp balo học sinh nam nữ đi học cấp 1, cấp 2 chất liệu vải dù chống thấm, chống xước cao cấp size 42cm có nhiều màu sắc",Balo nam,173632598,179000,179000,OEM,VND,179000,179000
Balo Kanken Frostgreen,Root,168494566,309540,309540,OEM,VND,309540,309540
Balo Nam Da Pu Cao Cấp Thời Trang Hàn Quốc,Thời Trang,4902377,299000,299000,OEM,VND,299000,299000
BALO HỌC SINH CHỐNG GÙ CAO CẤP TIÊU CHUẨN CHÂU ÂU TẶNG ĐỒNG HỒ,Root,124244560,345000,327750,OEM,VND,345000,327750
BALO CANVAS VINTAGE MỊN,Root,189943157,271460,271460,OEM,VND,271460,271460
Balo da nam  cao cấp phong cách mới,Balo nam,93234192,362700,326430,ANANSHOP688,VND,362700,326430
"Balo học sinh Arctic Hunter chất liệu Oxford chống nước, có cổng USB - B00478",Balo nam,159299551,720000,459000,ARCTIC HUNTER,VND,720000,459000
BALO DA PU CHỐNG THẤM KÍCH CỠ LỚN VỪA LAPTOP 15.6inch,Root,189942757,290000,290000,OEM,VND,290000,290000
"Balo Bò Sữa Mini, Phong Cách Hàn Quốc, Vải Thô Mềm Hai Màu Trắng Đen, Thích Hợp Đi Chơi, Đựng Đồ Trang Điểm, CH95",Root,134614273,19000,19000,OEM,VND,19000,19000
"Balo Nam, Balo Nam Nữ Thời Trang Đi Học, Balo Đi Làm, Balo Đựng Laptop, Balo Ulzzang Hàn Quốc Nhiều Ngăn Đựng Đồ - OBL139 - Ope Store",Balo nam,217511498,260000,219000,OEM,VND,260000,219000
Balo Đi Học Nam Nữ Thời Trang PEGAVA Chống Sốc Laptop Có Cổng Nối Cáp Sạc Tiện Lợi KP001X,Balo nam,207667198,129000,129000,OEM,VND,129000,129000
"Balo nam nữ thời trang đi chơi, đi học GuBag, dòng balo da phong cách thời trang cao cấp, bền đẹp, chống nước, chống sốc",Balo nam,188188264,899000,819000,Gubag,VND,899000,819000
Balo nữ đẹp đi học du lịch thời trang hàn quốc dễ thương cute giá rẻ BL70 (Không móc treo),Root,146945535,276000,276000,OEM,VND,276000,276000
"(Xịn Sò) Balo Túi Giữ Nhiệt Đa Năng 36 Lít KhoNCC Hàng Chính Hãng - Dài31xRộng27xCao44cm - Chuyên Dùng Cho Quán Ăn Uống, Shiper Giao Hàng - KKT-7166-36L (Màu Xanh Đen)",Balo nam,102066669,538000,366000,KHONCC,VND,538000,366000
Balo Tomtoc Slash Flip Rucksack 18L cho Laptop 16inch - Hàng chính hãng,Balo nam,214503251,1590000,1590000,Tomtoc,VND,1590000,1590000
Multi Vitamin Thái Lan Tăng Cân,Balo nam,207048825,450000,450000,OEM,VND,450000,450000
"Ba Lô Mẫu Giáo, Balo Học Sinh Siêu Nhẹ, Chống Thấm Nước.",Root,168227826,155000,147250,OEM,VND,155000,147250
"Balo Nam Nữ Thời Trang Da Xịn, Thiết Kế Thông Minh, Tiện Lợi, Có Ngăn Laptop, Điện Thoại, Nhiều Ngăn Đựng Đồ",Balo và Vali,71615009,299000,299000,DySeven,VND,299000,299000
"Balo nam nữ thời trang vải dù chống thấm nước siêu nhẹ dùng để đi du lịch , đi học tiện ích",Balo nam,120455291,159000,159000,OEM,VND,159000,159000
"Balo nam đa chức năng cao cấp phong cách cá tính mới 15,6""",Balo nam,185904831,590000,531000,ANANSHOP688,VND,590000,531000
BALO NAM ĐI HỌC DEGREY BACKPACK CAO,Balo nam,162025145,240000,240000,OEM,VND,240000,240000
BALO NAM ĐI HỌC THỜI TRANG HÀN QUỐC ĐỰNG VỪA LAPTOP 15.6 INCH,Root,66906336,69900,69900,OEM,VND,69900,69900
Balô Tomtoc A64-Slash-Flip Rucksack 18L for Laptop/Mac-book 16inch,Balo nam,216871118,1590000,1350000,Tomtoc,VND,1590000,1350000
BALO CHỐNG TRỘM PHONG CÁCH HÀN QUỐC CHO NỮ,Root,139142223,99000,99000,OEM,VND,99000,99000
Balo Nam Đi Học Unisex Chống Nước - Balo Nữ Đi Học Ulzang Có Ngăn Đựng Laptop -  Balo Đen Xám Hoa Lá,Root,97018455,209000,209000,OEM,VND,209000,209000
Balo Nam Nữ Thời Trang Version Hàn Quốc Sang Trọng Thời Trang Phù Hợp Với Mọi Mọi Người,Balo nam,95274043,299000,299000,OEM,VND,299000,299000
"Balo nam nữ thời trang tích hợp công nghệ, chống nước,  đựng latop 14, 15 inch",Balo nam,225211444,390000,390000,OEM,VND,390000,390000
balo nam da thật cao cấp phong cách mới,Balo nam,93276711,479000,431100,ANANSHOP688,VND,479000,431100
Balo Da Pu T04-Lap14” Chống Thấm Nước,Root,113151517,400000,400000,OEM,VND,400000,400000
"Set balo 4 món, Bao Thời Trang, Balo Chống Thấm Nam Nữ - SET 4 MÓN DOUDOU",Root,173867892,79900,79900,OEM,VND,79900,79900
Túi trùm balo đi mưa chống nước - Áo mưa balo vải dày dặn cao cấp,Balo nam,163871144,39000,39000,OEM,VND,39000,39000
[BALO THỜI TRANG] Balo thời trang phối 2 màu năng động - Làm bật cá tính,Balo nam,194182048,215000,215000,OEM,VND,215000,215000
"Balo nam vải canvas cao cấp phong cách mới 15,6""",Balo nam,186638749,530000,477000,ANANSHOP688,VND,530000,477000
BALO DA THỜI TRANG BL4913,Root,149337505,299000,299000,OEM,VND,299000,299000
"Balo Vải Dù Siêu Nhẹ,Hàng Chất Lượng Cao cho Nam Nữ Học Sinh-Sinh Viên",Root,149568494,239000,239000,OEM,VND,239000,239000
Balo Da Nam Cao Cấp Phong Cách Hàn Quốc,Thời Trang,27657397,359000,359000,Dodahn,VND,359000,359000
Balo Degrey Basic Backpack,Root,79974816,380000,380000,OEM,VND,380000,380000
"Balo Nam Phát Sáng Có Cổng Sạc, Chống Nước , Tặng Kèm Dây Sạc USB Và Khóa Chống Trộm",Thời Trang,20421337,199000,199000,OEM,VND,199000,199000
"Balo học sinh, cặp học sinh tiểu học",Balo nam,190681063,59000,59000,OEM,VND,59000,59000
Balo thời trang nam phong cách mới BEE GEE BLN1004,Balo nam,178953466,998000,499000,Bee Gee,VND,998000,499000
"Balo Taichi chống nước có đèn led đi phượt, đi motor, tặng kèm pin sử dụng đèn",Balo nam,184836937,599000,599000,OEM,VND,599000,599000
Balo nam vải canvas BL0024 - đi học - đi làm - đi chơi,Balo và Vali,72046668,485000,388000,OEM,VND,485000,388000
"[VOUCHER 30K] Balo nam thời trang LATA BAL40 da tổng hợp cao cấp,nhiều ngăn tiện lợi, phù hợp đi chơi, đi làm, đi du lịch",Balo nam,95157293,580000,580000,Lata,VND,580000,580000
Balo nam thời trang cao cấp phong cách mới,Balo nam,92552942,490000,441000,ANANSHOP688,VND,490000,441000
"cặp đi học, đi chơi, đi làm cho cả nam và cả nữ",Balo nam,190681265,59000,59000,OEM,VND,59000,59000
Túi đeo chéo || Hany shop,Root,151489545,400000,400000,OEM,VND,400000,400000
Áo balo chất liệu nỉ poly NAM NỮ CỰC ĐẸP HOT MẪU MỚI NHẤT HIỆN NAY,Root,154916824,83000,83000,OEM,VND,83000,83000
Balo Cao cấp phản quang phát sáng xanh trong đêm combo khóa và sạt SS85 Tặng móc khóa hình khiên,Balo nam,95125518,241800,204600,OEM,VND,241800,204600
Balo Nam Nữ Thời Trang LAZA BL438-Chính hãng,Thời Trang,23306273,190000,190000,OEM,VND,190000,190000
Balo nam thời trang Ohazo (50 x 29 x 16 cm)  - hình one piece nhật bản - tặng dây cáp Usb + khóa số,Thời Trang,5174203,199000,199000,Ohazo!,VND,199000,199000
"Balo TNF du lịch, nhiều ngăn tiện ích sẵn hàng",Root,168496587,579684,579684,OEM,VND,579684,579684
Ba lô thời trang nam cao cấp tích hợp đa chức năng,Balo nam,193154945,325000,308750,OEM,VND,325000,308750
Balo nam thời trang tích hợp chống trộm chống nước cao cấp phong cách châu âu,Balo nam,207801956,780000,702000,ANANSHOP688,VND,780000,702000
Balo nam nữ đi học đi chơi phát sáng dạ quang Ohazo! Hình cá tính - TẶNG cáp sạc USB - Cặp đi học HOT nhất 2021,Root,122344615,250000,250000,Ohazo!,VND,250000,250000
Balo teen thời trang cute cá mập baby shark,Balo nam,163871135,179000,179000,OEM,VND,179000,179000
"Balo TLG Balo nam nữ chống trộm có cổng sạc Điện Thoại, chống nước, siêu Nhẹ 208200",Root,177584878,165542,165542,OEM,VND,165542,165542
Balo nam thời trang vải canvas BL0009 - đi học - đi làm - đi chơi - đựng laptop,Thời Trang,19808697,460000,380000,OEM,VND,460000,380000
balo nam đa năng thông minh thời trang cao cấp phong cách châu âu,Balo nam,177274300,1100000,990000,ANANSHOP688,VND,1100000,990000
Balo da cao cấp họa tiết Monogram Backpack - XXME,Root,175575449,750000,750000,OEM,VND,750000,750000
"Balo nam nữ Gent thời trang ulzzang đi học, đi chơi cho học sinh, sinh viên bằng vải",Root,221790723,99000,99000,OEM,VND,99000,99000
"Balo nữ đẹp, ba lô nữ thời trang khóa gài cá tính size 32",Root,176245674,285000,285000,OEM,VND,285000,285000
Balo Nam Nữ Phối Màu Thời Trang Có Cổng Sạc Praza - BLTK181,Thời Trang,48838236,299000,179000,Praza,VND,299000,179000
Balo nam thời trang cao cấp,Balo nam,88861601,390000,351000,ANANSHOP688,VND,390000,351000
"Balo Thời Trang Nam OHAZO Dạ Quang Phát Sáng CỰC ĐỘC, Siêu Phong Cách - Tặng Ngay Cáp USB - BL70",Balo nam,122344508,249000,249000,Ohazo!,VND,249000,249000
Balo vải phối ngăn tiện lợi TRITA RBA1,Balo nam,160753961,290000,290000,TRITA,VND,290000,290000
Balo rồng cỡ to nhất vải nhung mịn,Balo nam,163871149,179000,179000,OEM,VND,179000,179000
"Balo da 1 quai thời trang cao cấp đi chơi, đi làm cho nam nữ (BL X 1Q H001) - BOM",Root,217535906,429000,429000,OEM,VND,429000,429000
CẶP SÁCH HỌC SINH,Balo nam,190681305,69000,69000,OEM,VND,69000,69000
Ba lô nam thông minh đa năng cao cấp phong cách châu âu,Balo nam,161863379,1700000,1530000,ANANSHOP688,VND,1700000,1530000
Túi đeo Mikkor The Gibson,Balo nam,167953710,990000,990000,Mikkor,VND,990000,990000
Balo nam thời trang phong cách Hàn Quốc,Root,113207552,116000,116000,OEM,VND,116000,116000
Balo TLG Balo nam phong cách hàn quốc 208199,Root,177580851,186853,186853,OEM,VND,186853,186853
Balo Thời Trang Nam Nữ AMIBAG PHỐI TÚI TRONG,Root,173869294,69900,69900,OEM,VND,69900,69900
Balo mini thể thao WIill mesh L1 Shalla,Thời Trang,26024869,64350,54450,Shalla,VND,64350,54450
Balo hạt nhân + full tag giấy thơm + hoa kiki kaikai || Hany shop,Root,151489426,540000,540000,OEM,VND,540000,540000
"Balo Flexible SAIGON SWAGGER Nhiều Ngăn,Kèm Túi Tròn Phụ Kiện Có Thẻ Tháo Rời",Root,157254251,590000,590000,Saigon Swagger,VND,590000,590000
Balo Nam Đi Học Unisex Chống Nước - Balo Nữ Đi Học Ulzang Có Ngăn Đựng Laptop,Root,179438437,209000,209000,OEM,VND,209000,209000
Balo Nam Thời Trang Màu Xanh Cao Cấp - TX125,Thời Trang,54018371,125000,125000,OEM,VND,125000,125000
Balo nữ đẹp đi học du lịch thời trang hàn quốc dễ thương cute giá rẻ BL74 (Không móc treo),Root,146945982,250000,250000,OEM,VND,250000,250000
Balo Nam Nữ Thời Trang Cao Cấp PEGAVA Chống Sốc Chống Nước Có Cổng Sạc Điện Thoại,Balo nam,207294871,399000,399000,OEM,VND,399000,399000
"Balo đi học thời trang, chất liệu da tổng hợp cao cấp (CHA LA A) - BOM",Root,145172098,348600,348600,OEM,VND,348600,348600
Balo Laptop Thời Trang Du Lịch Đi Học Mini Nữ Da Trơn KOREA BL12,Root,146950808,152000,152000,OEM,VND,152000,152000
"balo da nam cao cấp phong cách mới (15,6"")",Balo và Vali,71693504,499000,449100,ANANSHOP688,VND,499000,449100
Balo học sinh Arctic Hunter chất liệu Oxford Fabric chống thấm nước - B00530,Balo nam,202817067,850000,539000,ARCTIC HUNTER,VND,850000,539000
"Balo du lịch, thể thao, đi phượt, nhiều ngăn tiện ích",Root,168496299,420224,420224,OEM,VND,420224,420224
Balo laptop nam nữ XBags Xb 2002 Balo nam cao cấp chống nước,Balo và Vali,67318898,450000,450000,XBags,VND,450000,450000
Balo nữ đẹp đi học du lịch thời trang hàn quốc dễ thương cute giá rẻ BL68 (Không móc treo),Root,146945785,237000,237000,OEM,VND,237000,237000
Ba lô đi chơi đi học chống nước (xanh pastel),Balo nam,76755779,310000,310000,OEM,VND,310000,310000
Balo Chống nước,Root,168498747,872200,872200,OEM,VND,872200,872200
BALO LẺ MÀU SALE SALE,Root,189942950,155000,155000,OEM,VND,155000,155000
Balo cao cấp đựng Laptop Nam phong cách Hàn Quốc 2020 80675,Root,112077842,188000,171800,OEM,VND,188000,171800
Balo nam nữ Cao cấp,Balo nam,164362870,200000,200000,EOM,VND,200000,200000
Balo Mikkor The Estelle,Balo nam,136313599,599000,599000,Mikkor,VND,599000,599000
Combo Balo Ulzzang Thời Trang Cá Tính Và Túi Đeo Chéo Mini Nhỏ Gọn PRAZA - BL190DC127,Balo nam,204875734,199000,199000,Praza,VND,199000,199000
Balo da Unisex công sở Trita RBA04,Balo nam,198301821,395000,395000,YUUMY,VND,395000,395000
Ba lô thời trang công sở nam cao cấp đa chức năng,Balo nam,189176743,295000,280250,OEM,VND,295000,280250
"Balo Nam KOJIBA Phát Sáng Có Sạc USB, Khóa Chống Chộm, Chống Nước Balo Đi Học Cao Cấp",Thời Trang,17598278,350000,350000,KOJIBA,VND,350000,350000
Balo nữ đẹp đi học thời trang hàn quốc dễ thương cute cá tính giá rẻ BL88 (Không móc treo),Root,146944237,250000,250000,OEM,VND,250000,250000
Combo Balo nam nữ đi học hình Luffy phát sáng + Túi đeo chéo hình Boymusic ( Tặng cáp sạc USB+ Khóa chống trộm),Root,122315206,299000,299000,Ohazo!,VND,299000,299000
Balo nam thời trang phối chỉ màu cao cấp hàn quốc K-0097 Tặng móc khóa nam siêu ngầu,Balo và Vali,72199512,116850,104500,OEM,VND,116850,104500
Balo Among Us vải thời trang cao cấp,Balo nam,100517555,210000,210000,OEM,VND,210000,210000
"Balo Nam ,balo nam Thời Trang Hàn Quốc Cao Cấp Thiết Kế Khóa Chống Trộm Thông Minh 80826",Balo nam,116115765,188000,171800,OEM,VND,188000,171800
Balo nam nữ đi học thời trang phát sáng Luffy đẳng cấp cá tính -TẶNG cápUSB+Khóasố+TaiNghe+Móckhóa- Cặp đi học HOT 2021,Root,122345055,319000,319000,Ohazo!,VND,319000,319000
Balo nam thời trang phong cách mới 208214,Root,109790502,169000,160000,OEM,VND,169000,160000
Ba lô dù dai thể thao dáng trẻ trung size 45x34cm,Root,171103925,18000,18000,OEM,VND,18000,18000
Balo du lịch dung tích lớn BANGE – GRANDE,Root,204421014,1308000,1308000,OEM,VND,1308000,1308000
Balo nam da tự nhiên cao cấp phong cách mới,Balo nam,200032482,450000,405000,ANANSHOP688,VND,450000,405000
Balo Hàn Quốc B2B300(05) Wildlime,Balo nam,200795273,550000,550000,SimpleCarry,VND,550000,550000
"Balo Chống Gù Dáng Hộp, Balo Cho Học Sinh Tiểu Học Có Phát Quang Bảo Vệ Cao Cấp",Root,168227320,210000,199500,OEM,VND,210000,199500
Balo Da Nam Thời Trang BLH632 (40 x 28 CM),Balo nam,13297746,259000,259000,OEM,VND,259000,259000
"Balo nam để laptop có cổng sạc USB , tặng kèm khóa chống trộm - BL012",Thời Trang,69337414,169000,169000,OEM,VND,169000,169000
BALO YILETAO DAYCHEONGANNUOC CHỐNG THẤM,Root,189942913,295000,295000,OEM,VND,295000,295000
Balo da nam cao cấp họa tiết đô họa trang trí thời trang phong cách giới trẻ Hàn Quốc,Root,153405030,490000,490000,OEM,VND,490000,490000
"Balo nam thông minh chống trộm chống nước cao cấp phong cách mới 17,3 inch",Balo nam,87910864,530000,477000,ANANSHOP688,VND,530000,477000
"Balo nam thông minh đa chức năng cao cấp phong cách mới 15.6""",Balo nam,48215670,998000,898200,ANANSHOP688,VND,998000,898200
"Balo nam nữ Balo basic chống nước 2 khoá kéo, đựng laptop balo đi học sinh sinh viên",Balo nam,149351232,210000,210000,OEM,VND,210000,210000
Balo đi học nam nữ thời trang Hàn Quốc phản quang trẻ trung,Balo nam,109078567,159000,159000,OEM,VND,159000,159000
Balo ulzzang hàn quốc kiểu dáng mới Milk Tea,Balo nam,146728934,71000,71000,OEM,VND,71000,71000
Balo đi học nam nữ vải dù chống thấm nước đựng laptop 15.6 inch thời trang đi học đi du lịch 1009,Balo nam,194500990,305000,285000,OEM,VND,305000,285000
Balo nam vải canvas cao cấp phong cách mới Mã  8815,Balo nam,162711239,699000,399000,OEM,VND,699000,399000
Bom - Balo bố đậu đen.,Root,145171636,269500,269500,OEM,VND,269500,269500
Balo nam nữ thời trang cao cấp 80675,Root,116852219,188000,166700,OEM,VND,188000,166700
Balo Đi Học CND Colkids SS4 Hot Trend 2020 (Full Tag và Giấy Thơm),Root,159035633,329000,329000,OEM,VND,329000,329000
Balo Thời Trang Fjallraven Kanken Art 2019,Root,168496004,390600,390600,OEM,VND,390600,390600
Balo mini Mr Vui 804 kích thước nhỏ gọn tiện dụng chắc chắn,Balo nam,106996521,275000,247500,Mr.vui,VND,275000,247500
"Balo da nam cao cấp phong cách mới (15,6"")",Balo nam,191316570,490000,441000,ANANSHOP688,VND,490000,441000
Balo Nam Nữ Thời Trang Hàn Quốc LAZA BL416-Chính hãng phân phối,Thời Trang,17887426,170000,159000,OEM,VND,170000,159000
"Balo nữ đẹp giá rẻ, phong cách thời trang nhiều màu sắc phối hợp.",Root,173054763,145000,145000,OEM,VND,145000,145000
"Balo nam nữ vải dù gai chống nước, chống xước cao cấp có ngăn đựng laptop size 44cm BL022",Balo nam,159848426,169000,169000,OEM,VND,169000,169000
BALO NAM VIỀN TRẮNG CAO CẤP,Root,170649839,79000,79000,OEM,VND,79000,79000
Balo Nam HARAS HRTK168 (14 x 43 cm) - Đỏ,Thời Trang,910724,150000,99000,HARAS,VND,150000,99000
"Balo Đi Học Cao Cấp, Balo Nam Nữ Thể Thao Ohazo! - BL103",Thời Trang,13093719,169000,169000,Ohazo!,VND,169000,169000
"Balo UA du lịch giá rẻ, Balo phượt, có phản Quang",Root,168496653,819000,819000,OEM,VND,819000,819000
Balo khủng long nhung size lớn màu vàng đi học - đi làm - du lịch,Balo nam,163871129,178000,178000,OEM,VND,178000,178000
"balo nam thời trang phong cách mới (15,6"")",Balo và Vali,71005491,375000,375000,ANANSHOP688,VND,375000,375000
Balo nam nữ đi học thời trang phát sáng dạ quang Ohazo! Hình cá tính - TẶNG cáp sạc USB - Cặp đi học HOT nhất 2021,Root,122344163,199000,199000,Ohazo!,VND,199000,199000
Balo Nam Nữ + Túi Đeo Chéo + Ví Cầm Tay Đôi Mắt Siêu Hot,Root,11489702,119000,119000,OEM,VND,119000,119000
Balo vải nam nữ balo đựng laptop 14-16inch chống sốc chống thấm nước siêu nhẹ BL07,Root,148932249,176000,176000,OEM,VND,176000,176000
Balo chống trộm Mark Ryden 15.6inch TSA Clock & RainCoat MR-9405,Root,199683381,1860000,1860000,OEM,VND,1860000,1860000
Balo nam nữ đi học phong cách Ohazo! phát sáng hình Mắt - TẶNG cáp USB + Khóa số - Cặp đi học HOT trend 2021,Root,122344269,279000,279000,Ohazo!,VND,279000,279000
HOT TREND 2020 - Balo Thời Trang Cao Cấp Hot Trend Năm 2020 - Balo Nam Nữ Siêu Bền Siêu Đẹp,Root,97018645,209000,209000,OEM,VND,209000,209000
Balo thời trang đi chơi đi học nam nữ phản quang Hàn Quốc mẫu mới,Balo nam,109112944,169000,169000,OEM,VND,169000,169000
"Ba Lô Nam Nữ Cao Cấp Đi Làm Công Sở, Du Lịch, Phong Cách Đơn Giản và Thời Trang, Chống Nước, Chống Xước BL100 - Hàng Chính Hãng",Balo nam,196517382,159000,159000,DD STORE,VND,159000,159000
Balo học sinh Arctic Hunter chất liệu Oxford Fabric chống thấm nước - B00529,Balo nam,202817098,585000,429000,ARCTIC HUNTER,VND,585000,429000
BALO DA CARO HÀNG THIẾT KẾ THƯƠNG HIỆU,Root,194011368,650000,585000,OEM,VND,650000,585000
Balo Longchamp xuất xịn,Root,168497403,450240,450240,OEM,VND,450240,450240
Balo Nam Đi Học Unisex Chống Nước - Balo Nữ Đi Học Ulzang Có Ngăn Đựng Laptop,Root,176217896,209000,209000,OEM,VND,209000,209000
BALO CANVAS RŨ MỊN DÀY DẶN COOL NGẦU,Root,189943198,275000,275000,OEM,VND,275000,275000
"Balo mini nam nữ unisex phong cách ulzzang sợi polyester cao cấp chống thấm nước, Túi đeo chéo Haoshuai - Golovejoy",Balo nam,147352756,225000,225000,OEM,VND,225000,225000
Ba lô thời trang công sở nam cao cấp tích hợp đa chức năng,Balo nam,189204705,455000,432250,OEM,VND,455000,432250
"Balo nam nữ loại TO chống trộm Có Sạc Điện Thoại, Chống nước, Siêu Nhẹ CN1 màu xám 208200",Root,109790462,180100,165700,OEM,VND,180100,165700
Balo Nam HARAS HRTK159VN (45 x 11 cm),Thời Trang,52580072,200000,139000,HARAS,VND,200000,139000
Balo Twins Bag5 - Black,Balo nam,167127517,1900000,1900000,Twins,VND,1900000,1900000
Balo kéo mẫu nam size to ( oder) kèm quà tặng,Balo nam,185978305,445000,445000,OEM,VND,445000,445000
"Balo, túi đeo chéo một quai thời trang Nam nữ",Root,168495949,289842,289842,OEM,VND,289842,289842
Balo nam nữ đi học thời trang phát sáng đẳng cấp Ohazo! cá tính -TẶNG cápUSB+Khóasố+TaiNghe+Ví- Cặp đi học HOT nhất 2021,Root,122344771,350000,350000,Ohazo!,VND,350000,350000
Balo Laptop Du Lịch Cỡ Lớn- MR7080 Compacto Pro,Root,149568127,950000,950000,OEM,VND,950000,950000
Balo Kangol 6025320520,Balo nam,197206161,900000,500000,KANGOL,VND,900000,500000
Balo thể thao nam Oneill Boarder Small - 2150047-19010,Balo nam,253227064,1149000,1149000,Oneill,VND,1149000,1149000
Balo nam nữ thời trang cao cấp 80675,Root,133896327,188000,166700,OEM,VND,188000,166700
Ba lô nam tích hợp khóa chống trộm chống nước cao cấp phong cách mới,Balo nam,75719081,498000,448200,ANANSHOP688,VND,498000,448200
BALO DÀNH CHO NAM NỮ CHUẨN CHẤT LƯỢNG - MẪU HOT NHẤT 2022-2023,Balo nam,186618284,235000,235000,OEM,VND,235000,235000
"Balo Nam Nữ Thời Trang Ohazo! Sẵn Cáp USB tiện lợi, Đựng được Laptop lên đến 15.6 inch - BL143",Thời Trang,64987783,359000,359000,Ohazo!,VND,359000,359000
SIÊU PHẨM BALO ĐI HỌC VỚI THIẾT KẾ PHỐI MÀU THỜI TRANG DÀNH CHO NAM VÀ NỮ TA013,Balo nam,179731574,132050,132050,OEM,VND,132050,132050
"Balo Nam Nữ KOJIBA Phát Sáng Có Sạc USB, Khóa Chống Chộm, Chống Nước Balo Đi Học Hot Trend 2019",Thời Trang,17589565,350000,350000,KOJIBA,VND,350000,350000
"Balo Nam Nữ Có Cổng Sạc USB, Balo Phối Màu (BLTK181) Tặng Túi Đeo Chéo Unisex PRAZA - DC108",Thời Trang,49132742,349000,349000,Praza,VND,349000,349000
Balo nam DA THẬT đa năng cao cấp phong cách mới – BEE GEE BLND9004,Balo và Vali,222675814,2700000,1350000,Bee Gee,VND,2700000,1350000
Balo nam phong cách hàn quốc 208199,Root,89937844,191600,167900,OEM,VND,191600,167900
Balo da nam thời trang cao cấp phong cách mới,Balo và Vali,222680866,343000,308700,ANANSHOP688,VND,343000,308700
Balo Nam HARAS HRTK013 (48 x 13 cm) - Xám,Thời Trang,910678,190000,149000,HARAS,VND,190000,149000
Balo Kanken Size Big Tặng Kèm Vòng Tay,Root,168496368,350000,350000,OEM,VND,350000,350000
Balo unisex gọn nhẹ phong cách Hàn Quốc BZB002,Balo nam,199992169,145000,76000,Balzio,VND,145000,76000
Balo nam nữ đi học phong cách phát sáng Ohazo! hình Mắt - TẶNG cáp sạc USB - Cặp đi học HOT trend 2021,Root,122344121,250000,250000,Ohazo!,VND,250000,250000
"Balo Nam Da Bò Cao Cấp - BHM8110 vừa laptop 15inch, nhiều ngăn phụ kiện",Thời Trang,248930429,1555000,1555000,MARRANT,VND,1555000,1555000
Ba lô công sở nam cao cấp,Balo nam,183481085,320000,304000,OEM,VND,320000,304000
Balo mini nữ đẹp đi học đi chơi thời trang ulzzang hàn quốc cao cấp Uyên Vân 8537,Root,187641260,320000,305000,OEM,VND,320000,305000
[VOUCHER 30K] Balo da nam công sở Lata BAL60,Balo nam,205899821,750000,750000,Lata,VND,750000,750000
"Balo da thời trang cao cấp đi học, đi chơi, đi làm cho nam nữ (BL X BAT) - BOM",Balo nam,187010655,298000,298000,OEM,VND,298000,298000
BALO CANVAS VINTAGE NGĂN GIỮA vừa laptop 15.6,Root,189944020,305550,305550,OEM,VND,305550,305550
"Balo vải dù phượt du lịch thời trang nam nữ, cặp học sinh đi học trung học, balo đựng laptop size 50cm BL041",Balo nam,247471915,249000,249000,OEM,VND,249000,249000
Balo Tomtoc Premium Commuting and Travel 16inch - Hàng chính hãng,Balo nam,181378997,2190000,2190000,Tomtoc,VND,2190000,2190000
Balo Nam Cao Cấp,Balo nam,107475397,165000,165000,OEM,VND,165000,165000
Balo trơn cài gấu,Root,82704182,245000,245000,OEM,VND,245000,245000
ComBo Balo Nam Thời Trang Hàn Quốc Luffy + Túi Đeo Chéo Sành Điệu,Thời Trang,4406187,339000,339000,Ohazo!,VND,339000,339000
Balo TLG Balo nam phong cách hàn quốc 208199,Root,174518273,225000,225000,OEM,VND,225000,225000
Balo Kèm Dây Chống Lạc Hình Chú Gấu Cho Bé,Root,146492165,122000,106000,OEM,VND,122000,106000
Balo dù nam nắp 2 nút. P006,Balo nam,100960297,350000,350000,OEM,VND,350000,350000
Balo da cao cấp chính hãng GuBag thời trang,Balo nam,249486594,699000,482000,Gubag,VND,699000,482000
BALO DA THỜI TRANG CHẤT LIỆU DA CAO CẤP,Root,193720436,650000,585000,OEM,VND,650000,585000
DAVIES - Balo canvas unisex nam nữ nhiều màu - Original SS2 Backpack,Root,79696808,450000,450000,OEM,VND,450000,450000
BALO ĐI HỌC NAM NỮ NHIỀU MÀU ĐỰNG LAPTOP,Root,170649389,59000,59000,OEM,VND,59000,59000
"Balo da thời trang cao cấp đi học, đi chơi, đi làm cho nam nữ (BL XU K16) - BOM",Balo nam,187010473,795000,795000,OEM,VND,795000,795000
Balo nữ thời trang phong cách Hàn Quốc 205928,Root,112077859,122300,122300,OEM,VND,122300,122300
Balo cao cấp siêu nhẹ Oxford CYBER HAVIAS,Balo nam,195122894,720000,720000,HAVIAS,VND,720000,720000
Balo Nữ Chống Gù Cao Cấp,Thời Trang,4902507,149000,149000,OEM,VND,149000,149000
"Tangcool - Balo đeo chéo, balo công nghệ cao cấp TC901",Root,192919415,499000,499000,OEM,VND,499000,499000
Balo rằn ri thời trang cao cấp QĐ,Root,217146066,150000,150000,OEM,VND,150000,150000
"Balo chống trộm, chống nước - Korin FlexPack Pro",Balo nam,184904536,2790000,2790000,OEM,VND,2790000,2790000
Balo nam DA PU cao cấp – BEE GEE BLND9025,Balo nam,208687075,1360000,680000,Bee Gee,VND,1360000,680000
Ba lô nam nữ thời trang Hàn Quốc,Balo nam,162475046,225000,213750,OEM,VND,225000,213750
"Túi rút Mirror Towers, kiểu dáng thể thao, chất liệu vải dù, 2 lớp, đựng quần áo, giày thể thao",Balo nam,249955331,150000,89000,mirrortowers MT,VND,150000,89000
"Balo nam nữ đi học, đi phượt, đựng laptop hot nhất 2020 ( chống nước )",Root,121332382,169000,169000,OEM,VND,169000,169000
"Balo Nam Thời Trang Ohazo! Đa Chức Năng - Tặng kèm cáp USB, Có quai xách bên hông độc đáo - BL145",Thời Trang,68616418,499000,499000,Ohazo!,VND,499000,499000
Balo nắp gập trơn basic,Root,128290800,220000,220000,OEM,VND,220000,220000
"Balo Dung Tích Lớn Công Nghệ Flexible Defender Chống Va Đập , Chống Nước , Chống Xước",Balo nam,191346147,1740000,1740000,OEM,VND,1740000,1740000
"BALO thời trang Hàn Quốc, da PU cao cấp",Root,113583556,479000,479000,OEM,VND,479000,479000
"Balo thời trang nam siêu cao cấp khóa số thông minh chống trộm, chống thấm nước phong cách thời thượng, lịch lãm, sang trọng HG009",Balo nam,175655363,890000,890000,VIARR,VND,890000,890000
Balo Laptop thời trang Hàn Quốc nam nữ cao cấp,Root,168495231,422100,422100,OEM,VND,422100,422100
Balo Nam Nữ Đi Phượt,Thời Trang,10640021,135200,114400,OEM,VND,135200,114400
Ba Lô Nữ Thời Trang Cao Cấp HQ 205928,Root,174503314,159000,159000,OEM,VND,159000,159000
Set balo 3 món nam nữ Naturro,Root,173856845,99000,99000,OEM,VND,99000,99000
Balo học sinh Arctic Hunter chất liệu Oxford Fabric chống thấm nước - B00531,Balo nam,202334879,825000,599000,ARCTIC HUNTER,VND,825000,599000
Balo đa năng vải oxford cao cấp chống nước chống xước BLLT007 - Đựng laptop 17 inch  - đi học - du lịch,Balo nam,80978680,595000,475000,OEM,VND,595000,475000
Balo nam Balo đựng máy tính thời trang nam nữ đựng laptop 15.6 inch,Balo nam,134820490,156000,156000,OEM,VND,156000,156000
Balo nam nữ đi học thời trang phát sáng Ohazo! đẳng cấp Hình cá tính - TẶNG cáp sạc USB - Cặp đi học HOT nhất 2027,Root,122344203,250000,250000,Ohazo!,VND,250000,250000
Balo nam nữ đi học thời trang phát sáng Ohazo! đẳng cấp hình Mắt cá tính - TẶNG cáp USB + Khóa số - Cặp đi học HOT 2021,Root,122344125,179000,179000,Ohazo!,VND,179000,179000
"Tuí đeo chéo, ba lô Nam Nữ thời trang UNISEX BEE GEE 5108",Balo nam,144189723,350000,175000,Bee Gee,VND,350000,175000
"Dây nịt nam vải dù khóa chống gỉ siêu bền cao cấp,thắt lưng nam vải bố ONLINE_SHOPPING_1102",Root,196904678,99000,99000,OEM,VND,99000,99000
Balo Degrey Đám Mây | Cặp Đi Học Thời Trang Nam Nữ Xanh Loang Cá Tính,Root,159035535,219000,219000,OEM,VND,219000,219000
Balo Classic ( Hồng phấn),Root,168498260,350000,350000,OEM,VND,350000,350000
Balo đi học nam nữ thời trang chống thấm nước Hàn Quốc nhiều ngăn,Balo nam,109134728,179000,179000,OEM,VND,179000,179000
BALO NAM ĐI HỌC,Balo nam,173694407,69000,69000,OEM,VND,69000,69000
Balo khủng long ️size lớn màu xanh dạ quang vải lưới - Đựng đồ cá nhân đi học đi làm đi phượt,Balo nam,163871063,179000,179000,OEM,VND,179000,179000
"Balo Ulzzang Phối 2 Màu Cá Tính, Thời Trang Praza - BLTK186",Balo nam,73648394,299000,179000,Praza,VND,299000,179000
BALO DA VINTAGE,Root,189944696,315000,315000,OEM,VND,315000,315000
BALO 20 OLD BASIC CLASSIC,Balo nam,108155397,1762864,1762864,Mei,VND,1762864,1762864
Balo nữ đẹp đi học du lịch thời trang hàn quốc cao cấp dễ thương cá tính BL98,Root,146949253,237000,237000,OEM,VND,237000,237000
BALO MÓC KHÓA MUXI,Root,115439506,289000,289000,OEM,VND,289000,289000
Balo Kanken Classic Cam đất,Root,168498472,318920,318920,OEM,VND,318920,318920
BaLô -Túi đựng cần câu và phụ kiện,Root,163775570,590000,590000,OEM,VND,590000,590000
"Balo nam đi học, du lịch cao cấp màu đỏ",Root,137135998,360000,360000,OEM,VND,360000,360000
Balo Twins Bag5 - Red,Balo nam,167128121,1900000,1900000,Twins,VND,1900000,1900000
"Balo Laptop Gaming 17"" Cao Cấp - Bản 2023 Móc Khóa Rồng.",Root,187855148,250000,250000,OEM,VND,250000,250000
Balo the nothface Single Shot,Balo nam,163871045,349000,349000,OEM,VND,349000,349000
Balo Laptop Đa Năng - Cặp Công Sở Đa Dụng Chính Hãng 15.6 inch - 17.3 inch 5501,Root,149567534,440000,440000,OEM,VND,440000,440000
Balo Thời Nam Nu cao cấp phong cách mới – BEE GEE BLTT1011A,Balo nam,189034844,600000,300000,Bee Gee,VND,600000,300000
"Balo nữ Efora Milana 8871-BLU cao cấp túi Backpack nữ da thật, túi du lịch nữ thời trang, đi làm, đi chơi",Root,174531711,6680000,6680000,Efora,VND,6680000,6680000
"Balo dù nam, nữ đi học đi chơi 7510 (tặng kèm móc khóa bất kỳ)",Balo nam,108241497,342000,285000,OEM,VND,342000,285000
Balo da nam đi học đi làm đi chơi chống thấm nước hàng cao cấp phong cách mới,Balo nam,252560964,530000,477000,ANANSHOP688,VND,530000,477000
Balo chống sốc laptop chống nước 3 chức đa năng có sạt USB công nghệ ATRIC Full đen H1991,Balo nam,190514961,235000,199045,OEM,VND,235000,199045
Túi đeo chéo Club phản quang,Root,151489502,400000,400000,OEM,VND,400000,400000
Balo nắp gập Ông ba bị by Loaf Design,Balo nam,235539917,480000,480000,OEM,VND,480000,480000
LOANG BACKPACK,Root,189944914,220500,220500,OEM,VND,220500,220500
Balo Longcham,Root,168499001,278600,278600,OEM,VND,278600,278600
Balo Menghuo gấu TẶNG KÈM MÓC KHOÁ GẤU,Root,82704205,245000,245000,OEM,VND,245000,245000
"Balo da thời trang nữ form vừa đi chơi, du lịch dễ thương (BL X OF 13) - BOM",Root,145171224,328000,328000,OEM,VND,328000,328000
Balo nam thời trang hàn quốc HARAS HR244,Balo và Vali,202438920,1000000,1000000,HARAS,VND,1000000,1000000
BALO KIẾNG 7 MÀU THỜI TRANG SEASON 1,Balo nam,173564863,69000,69000,OEM,VND,69000,69000
Balo UA Syncro 20L du lịch thời trang,Root,168495862,938000,938000,OEM,VND,938000,938000
"Ba Lô Đẹp, đa dụng, phù hợp cả nam lẫn nữ 205925",Root,216202817,200500,184500,OEM,VND,200500,184500
BALO NUORAN VỪA LAPTOP 15.6 CHỐNG THẤM NƯỚC,Root,189944836,295000,295000,OEM,VND,295000,295000
Bộ 3 ba lô thời trang phong cách xanh nhạt 205966,Root,172984029,143000,143000,OEM,VND,143000,143000
Balo Quai Da,Root,168499175,376600,376600,OEM,VND,376600,376600
Balo da thời trang Hàn Quốc mới nhất,Root,109011685,135000,135000,OEM,VND,135000,135000
"Balo nam chống nước cao cấp, túi du lịch đa năng tiện lợi TOUGHSLHSBAG - T0278",Balo và Vali,208742191,430000,430000,OEM,VND,430000,430000
"️ Deal Sốc ️ Balo Hàn Quốc, Balo Đa Năng Kiểu Dáng Đơn Giản, Chất Liệu Đẹp (Cam Kết Ảnh Thật) 80674",Root,145139154,204000,186900,OEM,VND,204000,186900
Balo Vans Construct Skool Backpack - VN0A5FHWY28,Balo nam,164582269,1450000,1450000,Vans,VND,1450000,1450000
"Balo da thời trang nam nữ Hot Trend GuBag 2023 dành cho học sinh, sinh viên đi làm, đi học",Balo nam,249485216,799000,607000,Gubag,VND,799000,607000
[VOUCHER 30K] Balo da nam công sở đa năng Lata BAL59,Balo nam,203853263,720000,720000,Lata,VND,720000,720000
Balo da nam nữ - Leather Backpack,Root,167637324,360000,360000,OEM,VND,360000,360000
Balo nam nữ viền thời trang cao cấp,Root,31840556,87999,87999,EMELY BOUTIQUE,VND,87999,87999
Balo Nắp L - May’s Tote Bags,Root,188902745,200000,200000,OEM,VND,200000,200000
"Balo da thời trang Nam Nữ, da PU, thời trang Hàn Quốc",Root,113583294,599000,599000,OEM,VND,599000,599000
"Balo laptop nam nữ thời trang, du lịch phong cách Hàn Quốc",Root,168494002,637000,637000,OEM,VND,637000,637000
Balo nam nữ đi học thời trang Luffy phát sáng ban đêm cá tính -TẶNG cápUSB+Khóasố+TaiNghe+Móckhóa- Cặp đi học HOT 2021,Root,122344449,319000,319000,Ohazo!,VND,319000,319000
[ BALO CHỐNG GÙ CHO BÉ TỪ LỚP 1-5 ] Balo chống gù hàng loại 1 - Giảm sức nặng về cặp sách cho bé mỗi ngày,Balo nam,194179529,285000,285000,OEM,VND,285000,285000
Balo nam nữ đi học | Cặp học sinh Degrey hộp Basic Backpack 2022,Root,159035742,349000,349000,OEM,VND,349000,349000
Balo nam đa năng cao cấp phong cách mới – BEE GEE BLT5524,Balo nam,189458361,840000,420000,Bee Gee,VND,840000,420000
Balo Đẹp Đựng Laptop CLASSIC Vải Canvas Chống Thấm Nước Unisex Nam Nữ Đi Học Đi Chơi DOLANTO.,Balo nam,77871869,218000,218000,Dolanto,VND,218000,218000
BALO DA THỜI TRANG BL499,Root,149338258,118800,118800,OEM,VND,118800,118800
Balo nam nữ thời trang cao cấp Đồ Da Thành Long TLG 80674,Balo nam,116296926,259300,228000,ĐỒ DA THÀNH LONG TLG,VND,259300,228000
️ Deal Sốc ️ Balo nam thời trang phong cách mới 208214,Root,145141473,169000,154700,OEM,VND,169000,154700
Balo Vải Đựng Cần Câu 7 Ngăn 123*24CM,Root,169693798,320000,320000,OEM,VND,320000,320000
"Balo Vải Dù Siêu Nhẹ Hàng Chất Lượng Cao,Balo Học Sinh Nam Nữ Thời Trang",Root,149568543,279000,279000,OEM,VND,279000,279000
"Balo Nam Nữ Thời Trang, Balo Học Sinh, Balo Du Lịch Phượt Cỡ Lớn DC-BL12",Balo nam,95058437,188000,133000,OEM,VND,188000,133000
Balo rằn ri bộ đội vải dù chống nước cho NAM đi học cấp 1 cấp 2 Size 40cm M783,Balo nam,205110844,129000,129000,OEM,VND,129000,129000
Balo đi học nam nữ thời trang BL 03,Balo nam,117393257,160000,160000,OEM,VND,160000,160000
"Ba lô nam nữ thời trang cao cấp chống nước, không xước",Balo nam,162019365,280000,266000,OEM,VND,280000,266000
Túi đeo vai cao cấp đa năng Errant Sling - Boundary - Hàng chính hãng,Balo nam,205335870,6180000,6180000,Boundary,VND,6180000,6180000
"Balo Ulzzang Chống Thấm, Balo Đi Học, Balo Nam Nữ, Balo Thời Trang Milk Tea nam nữ, balo đi học, đựng laptop",Balo nam,149526685,80500,80500,OEM,VND,80500,80500
"Balo học sinh cấp 2, cấp 3 thời trang cho nam & nữ chống nước size 42cm ( không kèm phụ kiện )",Balo nam,199006813,169000,169000,OEM,VND,169000,169000
Balo nữ đẹp đi học du lịch thời trang hàn quốc dễ thương cá tính BL77 (Không móc treo),Root,146949731,250000,250000,OEM,VND,250000,250000
Balo nam kiểu dáng thời trang đựng laptop 80833,Balo nam,83682779,200000,200000,OEM,VND,200000,200000
Balo nam cao cấp thời trang 208215,Root,172995568,197000,197000,OEM,VND,197000,197000
Balo Vans Seeker Mini Backpack VN00033CBQL,Balo nam,253128410,1100000,1100000,Vans,VND,1100000,1100000
"Balo đựng laptop chống va đập cao cấp tặng kèm dây sạc USB chất liệu vải chống nước, chống xước, có nhiều ngăn tiện lợi",Balo nam,159848418,139000,139000,OEM,VND,139000,139000
Balo đua xe Ducati,Root,153612393,748000,748000,OEM,VND,748000,748000
Ví nam QAIQISI da đẹp nam tính nhiêu ngăn thời trang,Root,185306348,79500,79500,OEM,VND,79500,79500
"Dây nịt nam vải dù khóa chống gỉ siêu bền cao cấp,thắt lưng nam vải bố ONLINE_SHOPPING_1102",Root,197894739,69000,69000,OEM,VND,69000,69000
Balo Da Pu T18-Lap14.5” Chống Thấm Nước,Root,113151503,450000,450000,OEM,VND,450000,450000
Balo nam nữ đi học thời trang phát sáng Ohazo! hình Mắt phong cách - TẶNG cáp sạc USB - Cặp đi học HOT nhất 2021,Root,122344096,169000,169000,Ohazo!,VND,169000,169000
Balo rằn ri thời trang cao cấp QĐ mẫu mới năm 2020,Root,217146144,180000,180000,OEM,VND,180000,180000
BALO QUẢNG CHÂU - BALO CHẤT LƯỢNG CAO - BỀN ĐẸP CÙNG NAM THANH NỮ TÚ,Root,170650161,123700,123700,OEM,VND,123700,123700
Balo nam nữ thời trang hiện đại phong cách thanh lịch cao cấp G5 tặng móc khóa nam A1,Balo nam,75570931,220170,196900,OEM,VND,220170,196900
Balo Ulzzang Thời Trang Trượt Nước Cao Cấp PRAZA - BLTK196,Balo nam,203150323,299000,299000,Praza,VND,299000,299000
BALO MINI among us avengers AOMIVN DÂY RÚT ĐEO VAI 33x38cm NHỎ XINH UNISEX CHẤT CANVAS CUTE TIỆN ÍCH DU LỊCH DẠO PHỐ,Root,191982190,37800,37800,OEM,VND,37800,37800
"Balo Thời Trang Nam Nữ, Balo Chống Nước Ulzzang, Combo Thời Trang 4 Món - SET BALO 4 MÓN YHAO KIẾNG XUXU",Root,152381519,79900,79900,OEM,VND,79900,79900
Balo Classic No2 Quai Da,Root,168498477,334600,334600,OEM,VND,334600,334600
Cặp đa năng nhiều ngăn KL205 màu đen (600NBLKL205) - (40x16x30cm),Balo nam,163715555,419000,419000,OEM,VND,419000,419000
Balo học sinh Arctic Hunter chất liệu Oxford chống thấm nước - B00227,Balo nam,111868852,1100000,679000,ARCTIC HUNTER,VND,1100000,679000
"Balo da đen hoa, đen trơn",Root,128291474,99000,99000,OEM,VND,99000,99000
Balo Nam Nữ Thời Trang Đăng Quang Có Cổng Sạc USB sành điệu cá tính DQBL008,Thời Trang,55594794,361900,361900,OEM,VND,361900,361900
"Balo Túi chống nước Ocean Pack Full size, đi biển, đi bơi, dã ngoại",Root,168498791,116312,116312,OEM,VND,116312,116312
"Cặp sách, ba lô đi học",Balo nam,190681174,59000,59000,OEM,VND,59000,59000
"Balo nam nữ đi học, cặp sách ulzzang đi học cho học sinh cấp 2, cấp 3.",Balo nam,149351258,245000,245000,OEM,VND,245000,245000
Balo Học Sinh Chống Nước Phối Lưới,Balo nam,135092652,95000,95000,EOM,VND,95000,95000
Balo nam DA PU cao cấp – BEE GEE BLND9020,Balo nam,208289192,850000,425000,Bee Gee,VND,850000,425000
Balo Đi Học Da Thật NOIR Chống Nước Cao Cấp Thời Trang Rẻ Đẹp Nhẹ Da Đen Đựng Laptop Đi Chơi Du Lịch Nam Nữ DOLANTO,Balo nam,199054267,479000,479000,Dolanto,VND,479000,479000
Balo nam nữ thời trang cao cấp 80675,Balo nam,83682697,194100,194100,OEM,VND,194100,194100
Balo nữ đẹp đi học du lịch thời trang hàn quốc dễ thương cá tính giá rẻ BL92 (Không móc treo),Root,146949483,250000,250000,OEM,VND,250000,250000
Cặp học sinh đa năng đeo chéo balo 17 inch chất Dù Xốp Thái chỉ xéo đôi cao cấp H1991 {RẼ VÔ ĐỐI},Balo nam,202346208,184140,155965,OEM,VND,184140,155965
"TẶNG BỘ DỤNG CỤ HỌC TẬP Balo Chống Gù Dáng Hộp, Balo Cho Học Sinh Tiểu Học Có Phát Quang Bảo Vệ Cao Cấp",Balo nam,168195282,215000,204250,OEM,VND,215000,204250
Túi đeo chéo Mr Vui 954 đựng ví tiền hoặc điện thoại sổ tay máy tính bảng ( kích thước 33 x 25 x 10 cm),Balo nam,193880510,299000,254150,MRVUI,VND,299000,254150
Cặp Chống Sốc-Túi Laptop Chống Thấm Nước Coolbell 3031S Laptop 14 inch,Root,149568505,260000,260000,OEM,VND,260000,260000
3307-Balo,Root,149568288,320000,320000,OEM,VND,320000,320000
"Balo Nam Thời Trang Đẳng Cấp OHAZO, Tặng Túi Đeo Chéo, Có Sẵn Cáp Sạc",Root,122344626,250000,250000,Ohazo!,VND,250000,250000
"( Loại Cao Cấp ) Balo nam nữ đi làm đi chơi đi học Chống Nước kích thước vừa - Balo đựng laptop 13 inch, 14 inch 15.6 inch  16.5 inch loại Xịn",Balo nam,217496999,357000,357000,OEM,VND,357000,357000
"Cặp học sinh, balo cho bé tiểu học lớp 1 đến 5 siêu nhẹ ngộ nghĩnh",Root,168228152,180000,171000,OEM,VND,180000,171000
BALO UNISEX NAM NỮ 2 MÀU ĐỰNG LAPTOP,Root,170653528,59000,59000,OEM,VND,59000,59000
Balo nam nữ thời trang phong cách thanh lịch G5 cao cấp,Balo nam,153382585,225225,190575,OEM,VND,225225,190575
COMBO BALO LOANG WEINISHIU + LOGO CÀI Chất DÀY DẶN CHỐNG THẤM NƯỚC,Root,189944675,285000,285000,OEM,VND,285000,285000
Balo unisex Ellesse Rolby Camo - 620866 (20 x 9 x 6 cm),Balo nam,184755678,799000,400000,ellesse,VND,799000,400000
"Balo Nam Nữ, Balo Thời Trang chất liệu vải dù cao cấp - VBAG",Balo nam,192172393,399000,399000,OEM,VND,399000,399000
Balo nữ đẹp đi học du lịch thời trang hàn quốc cá tính cute dễ thương giá rẻ BL22,Root,146949800,139000,139000,OEM,VND,139000,139000
Balo nữ đẹp đi học thời trang hàn quốc nhỏ cá tính dễ thương cute giá rẻ BL81 (Không móc treo),Root,146949584,250000,250000,OEM,VND,250000,250000
Balo nam sinh viên đi học đi chơi đi làm siêu nhẹ chống thấm nước cao cấp phong cách hàn quốc,Balo nam,251777698,427500,405000,ANANSHOP688,VND,427500,405000
Balo the nothface K2,Balo nam,163871142,289000,289000,OEM,VND,289000,289000
Balo đi học nam nữ ulzzang đựng Laptop cho học sinh style Hàn Quốc unisex BL290,Balo nam,193004961,259000,179000,TAKIHA,VND,259000,179000
"cặp học sinh đi học, ba lô đi học nam nữ, ba lô nữ dễ thương, cặp học sinh giá rẻ, ba lô nữ cá tính",Balo nam,138661312,86000,86000,OEM,VND,86000,86000
Balo nam nữ đi học đi chơi phát sáng Ohazo! hình Mắt phong cách cá tính - TẶNG cáp sạc USB - Cặp đi học HOT nhất 2021,Root,122344106,250000,250000,Ohazo!,VND,250000,250000
Balo Một Quai 3011,Root,149568405,359000,359000,OEM,VND,359000,359000
Balo nam đựng laptop Có cổng sạc Chống trộm đa năng,Root,161254282,155000,155000,OEM,VND,155000,155000
"Cặp học sinh, balo thời trang đi học nhiều ngăn để đồ, chất chống thấm, họa tiết cá tính cho cả nam và nữ",Balo nam,115941787,229000,229000,OEM,VND,229000,229000
Balo 3 PUBG chống thấm nước có cổng USB tặng móc khóa pubg,Balo nam,81992225,290000,290000,OEM,VND,290000,290000
Túi lote kiêm balo piggy,Root,144044904,85000,85000,OEM,VND,85000,85000
Balo túi trống vải canvas,Balo nam,110721367,299000,299000,OEM,VND,299000,299000
Balo Nam Nữ Thời Trang Praza - BLTK179,Thời Trang,33762644,199000,199000,Praza,VND,199000,199000
Balo Da Laptop Thời Trang Cao Cấp PRAZA - BLTK193,Balo nam,203149981,279000,279000,Praza,VND,279000,279000
"Balo nam DA BÒ THẬT, balo laptop phong cách mới – BEE GEE BLND9059",Balo nam,260407991,2500000,1250000,Bee Gee,VND,2500000,1250000
Balo Solo Re: Utilize Hybrid 15.6 inch - Xám - UBN762-10 . Sử dụng chất liệu nhựa tái chế PET bảo vệ môi trường. Kích thước 18 x 33.3 x 7.8 cm. Bảo hành chính hãng 5 năm,Balo nam,186348602,1690000,1436500,S solo NEW YORK,VND,1690000,1436500
Balo Nam Nữ Thời Trang PEGAVA Đi Học Chống Sốc Chống Nước Có Cổng Sạc Điện Thoại,Balo nam,207386557,249000,249000,OEM,VND,249000,249000
"Balo nam nữ thời trang BHYW chất liệu vải dày bền chắc, có ngăn laptop tiện dụng, có dây làm gọn balo",Thời Trang,40950238,281000,266950,OEM,VND,281000,266950
Balo nữ đẹp đi học du lịch thời trang hàn quốc cá tính dễ thương BL97 (Không móc treo),Root,146944063,263000,263000,OEM,VND,263000,263000
Balo Nắp Dài SAIGON SWAGGER SGS Flapped Backpack-Ngăn Chống Sốc 15inch,Root,157254374,500000,500000,Saigon Swagger,VND,500000,500000
Balo da trơn,Root,128291454,127000,127000,OEM,VND,127000,127000
BALO UNISEX NAM NỮ 2 MÀU ĐỰNG LAPTOP,Root,170648900,59000,59000,OEM,VND,59000,59000
DKMV Balo Plastic Box tặng kèm Tote - MÀU ĐEN/ Balo thời trang,Root,79768433,269000,269000,OEM,VND,269000,269000
"Balo TNF 40L xuất xịn, gọng lưới chống nóng có thể tháo rời",Root,168496391,826378,826378,OEM,VND,826378,826378
"Balo LC xuất dư, hàng chuẩn giá đẹp",Root,168499238,420000,420000,OEM,VND,420000,420000
"Balo Degrey Basic Nhiều Ngăn Đen Trắng, Balo Nam Nữ Đi Học Thời Trang Cá Tính Cao Cấp BL06",Root,148734236,275000,275000,OEM,VND,275000,275000
Balo Nam thời trang phong cách Hàn Quốc,Thời Trang,13900137,350000,175000,OEM,VND,350000,175000
Balo nam nữ đi học thời trang phát sáng dạ quang Ohazo! hình Mắt - TẶNG cáp sạc USB - Cặp đi học HOT nhất 2021,Root,122344783,250000,250000,Ohazo!,VND,250000,250000
"Balo nam đi học, du lịch cao cấp màu đen",Root,137135943,219000,219000,OEM,VND,219000,219000
"Cặp chống gù cho bé, Balo chống gù lưng hình siêu nhân cho học sinh lớp 1, 2, 3 -C145 (Màu đỏ)",Root,185651545,285000,285000,OEM,VND,285000,285000
"Balo Học Sinh Nam Nữ Cấp 2 , Cấp 3 , Chất Liệu Vải Dày Dặn Độ Bền Cao Mã B041",Balo nam,197072966,270000,195000,OEM,VND,270000,195000
"Balo Nam, Nữ Basic Đi Học Nhiều Ngăn, Balo Ulzzang Trơn Chống Nước, Balo Đi Học Thời Trang Nam Nữ Đơn Giản - OBL093 - Ope Store",Balo nam,208289200,229000,180000,OEM,VND,229000,180000
Balo thời trang nam phong cách mới BEE GEE BLN1003,Balo nam,178827020,860000,430000,Bee Gee,VND,860000,430000
Balo thời trang nam phong cách mới BEE GEE BLN1016,Balo nam,196810699,1260000,630000,Bee Gee,VND,1260000,630000
Balo Kangol Unisex Backpack 6055320220,Balo nam,225957391,700000,700000,KANGOL,VND,700000,700000
"Balo Nam Nữ Unisex Laptop 15.6inch Da Pu Cao Cấp Chống Nước TOUGHSLHSBAG Hàng Xịn Chuẩn Căng Đét, Full Tag - Golovejoy",Balo nam,147352741,399800,395802,OEM,VND,399800,395802
Balo nữ đẹp đi học thời trang hàn cute dễ thương cá tính giá rẻ BL66 (Không móc treo),Root,146945343,263000,263000,OEM,VND,263000,263000
Balo nam nữ vải canvas cao cấp phong cách mới,Balo nam,169331134,498000,448200,ANANSHOP688,VND,498000,448200
Balo đua xe Ogio,Root,153610887,752000,752000,OEM,VND,752000,752000
BALO NỮ HOT NHẤT HIỆN NAY,Root,170650234,79000,79000,OEM,VND,79000,79000
BALO ĐI HỌC THỜI TRANG 1 HỘP LỚN 1 HỘP NHỎ CHO NAM VÀ NỮ TA014,Balo nam,179731621,65550,65550,OEM,VND,65550,65550
Balo Nam Nữ Đi Học Chống Thấm Nhiều Ngăn Phòng Cách Hàn Quốc,Balo nam,113328118,329000,312550,OEM,VND,329000,312550
Balo học sinh cực đẹp,Root,81152718,79000,79000,OEM,VND,79000,79000
Cặp Túi Chống Sốc Máy Tính Xách Tay Laptop - Hàng Chính Hãng Tamayoko,Cặp đựng laptop,212037697,300000,289000,Tamayoko,VND,300000,289000
"Cặp Đựng Laptop 15.6 Inch Chống Sốc Công Sở Cho Nam, Cặp Đựng Tài Liệu, Túi Đeo Chéo Đựng Laptop Chống Nước, Chống Trầy",Cặp đựng laptop,193167426,320000,320000,XUDI,VND,320000,320000
Cặp Túi Chống Sốc Laptop Máy Tính Xách Tay - Hàng Chính Hãng Tamayoko,Cặp đựng laptop,212038316,289000,279000,Tamayoko,VND,289000,279000
"Cặp Laptop Chống Sốc Cao Cấp Thời Thượng, Túi Chống Sốc Đựng Laptop 15.6 Inch, Chống Thấm, Chống Trầy, Bảo Vệ An Toàn Cho Máy Tính",Cặp đựng laptop,193160877,320000,320000,XUDI,VND,320000,320000
Cặp xách Laptop 17 inch chống sốc cao cấp,Thời Trang,34577568,349000,345500,OEM,VND,349000,345500
"Kem bôi Doctor Pi (nhập khẩu Mỹ) - Kem bôi nấm ngứa,viêm da,hắc lào,lang ben,vảy nến,á sừng,tổ đỉa",Cặp đựng laptop,160205765,169000,169000,OEM,VND,169000,169000
Cặp xách đựng Laptop 13 inch chính hãng SimpleCarry dòng CREDO LCIPAD 13 cao cấp,Cặp đựng laptop,191556392,490000,490000,SimpleCarry,VND,490000,490000
"Cặp văn phòng nam đựng laptop 13, 14, 15.6 inch cao cấp, đi làm tiện lợi, có dây đeo chéo",Cặp đựng laptop,121490970,599000,319000,Gubag,VND,599000,319000
Cặp Laptop 16 Inch Văn Phòng Kim Long KL018 Cao Cấp,Thời Trang,59378724,539000,485100,KL,VND,539000,485100
"Cặp Đựng Tài Liệu, Cặp Đựng Laptop 15.6 Inch, Túi Đeo Vai Công Sở Cao Cấp, Thời Trang Lịch Lãm",Cặp đựng laptop,193178168,245000,245000,XUDI,VND,245000,245000
Túi Xách Nam Nữ Công Sở PEGAVA Cặp Đựng Laptop Chống Sốc Chống Nước - TĐ001,Cặp đựng laptop,207747387,299000,299000,OEM,VND,299000,299000
Bộ Túi Đựng Macbook Túi Đựng Laptop Mỏng Nhẹ Notebook Thông Minh Da PU Chống Nước,Thời Trang,69441223,200000,179000,OEM,VND,200000,179000
"Balo Vải Bố Canvas Tote Dù Nhẹ Nhiều Ngăn Đựng Laptop Chống Sốc Chống Nước Màu Đen Thời Trang Hàn Quốc Nam Nữ Sinh Viên, Học Sinh Đi Học, Công Sở Đi Làm, Du Lịch - Hàng Chính Hãng",Cặp đựng laptop,164241088,139000,132050,GREPACO,VND,139000,132050
"Bao Da Ngựa, Cặp Da, Túi đựng Laptop dành cho Macbook Pro 14 inch / Pro 13 inch / Air / XPS / Laptop 14 inch",Cặp đựng laptop,245764948,990000,990000,OEM,VND,990000,990000
Cặp Đa Năng STARGO DRAKEN,Thời Trang,44198384,500000,325000,STARGO,VND,500000,325000
Túi Xách Da Công Sở Puanda 7199.Cặp Da Laptop Cao Cấp.Cặp Da Công sở.,Cặp đựng laptop,182838296,985000,985000,OEM,VND,985000,985000
"Cặp Đựng Laptop Chống Sốc Cao Cấp, Cặp Đựng Tài Liệu, Túi Chống Sốc Laptop 15.6 Inch, Cặp Đeo Chéo Xách Tay Dành Cho Công Sở Văn Phòng Thời Trang Chống Thấm Nước, Chống Sốc",Cặp đựng laptop,193160170,325000,325000,XUDI,VND,325000,325000
"Cặp macbook pro 13 cho nam công sở, có dây đeo chéo tiện lợi, túi máy tính văn phòng 13 14 15,6inch",Cặp đựng laptop,249714320,559000,309000,Gubag,VND,559000,309000
"Túi Xách Laptop Nam Nữ Công Sở, Cặp đựng Laptop 15,6 inch Đa Năng, Cặp Tài Liệu Vải Oxford Chống Thấm Nước",Cặp đựng laptop,193180971,245000,245000,XUDI,VND,245000,245000
"Cặp Xách Công Sở Nam Nữ, Cặp Đựng Laptop 15.6 inch, Túi Đeo Vai Đựng Tài Liệu Đi Học Đi Làm Sang Trọng Và Lịch Lãm",Cặp đựng laptop,193186235,220000,220000,XUDI,VND,220000,220000
"Cặp Xách Chống Sốc Cao Cấp Cho Laptop, Macbook 15.6 Inch Nhỏ Gọn, Tiện dụng, Túi Đựng Laptop Chống Sốc, Túi Đeo Chéo Thời Thượng Bền An Toàn Cho Laptop, Máy Tính",Cặp đựng laptop,193165752,330000,330000,XUDI,VND,330000,330000
"Cặp da công sở,Túi xách công sở nam Cao Cấp KQDAISHU-Chất liệu Da PU cực bền,Cặp Đựng Laptop 14 inh,Vệ sinh dễ dàng 8012-3",Cặp đựng laptop,188056810,695000,695000,OEM,VND,695000,695000
"Cặp Đa Năng Học Sinh Thời trang, Bền bỉ - VBAG",Cặp đựng laptop,192177580,399000,399000,OEM,VND,399000,399000
"Cặp Đựng Laptop Cao Cấp Teement, Cặp Tài Liệu, Túi Chống Sốc Cầm Tay Thời Trang Laptop 13,13.3,14,15 15.6 Inch - Hàng Chính Hãng",Cặp đựng laptop,195218289,190000,190000,TEEMENT,VND,190000,190000
Cặp Đa Năng SAKOS FLASH 19 - Hàng chính hãng,Cặp đựng laptop,74369134,740000,703000,Sakos,VND,740000,703000
"Balo - cặp sách Ulzzang Simple B0124 đi học, đi làm, du lịch, đựng laptop  Unisex nam nữ phong cách thời trang, cá tính",Cặp đựng laptop,136795846,276000,138000,OEM,VND,276000,138000
Cặp xách laptop thương hiệu Mỹ Sakos Neo Apollo (15.6 inch trở xuống),Cặp đựng laptop,137943892,1165000,1106750,Sakos,VND,1165000,1106750
Túi xách chính hãng TOMTOC (USA) 360* Shoulder Bags - A42-C01 cho Macbook 13-14 inch/Ultrabook 13 inch,Cặp đựng laptop,170266897,1089000,1089000,Tomtoc,VND,1089000,1089000
"Cặp da đẹp cho giới văn phòng, công sở UT9052-X",Cặp đựng laptop,149754322,756000,756000,OEM,VND,756000,756000
Cặp xách Laptop 13-15.6inch chống sốc cao cấp (Đen),Cặp đựng laptop,91102052,153000,139000,OEM,VND,153000,139000
"Kem bôi da nấm ngứa,viêm da, hắc lào Nội địa Trung",Cặp đựng laptop,160205747,28000,28000,OEM,VND,28000,28000
Túi đựng Laptop Marcello L102,Cặp đựng laptop,198508759,200000,200000,OEM,VND,200000,200000
"Túi đựng Macbook 13 inch, 15 inch, phù hợp với Macbook Air, Macbook Pro, laptop công sở ultrabook mỏng nhẹ, nhỏ gọn",Cặp đựng laptop,82737264,399000,239000,Gubag,VND,399000,239000
CẶP DA CÔNG SỞ ĐỰNG LAPTOP CAO CẤP RHINOS LIFE 9622,Cặp đựng laptop,157198929,550000,550000,OEM,VND,550000,550000
Túi đựng laptop chống sốc STARGO LEDGER,Balo và Vali,71548903,199000,129000,STARGO,VND,199000,129000
Túi xách cặp da đựng laptop công sở JEEP BULUO T19 39x28x6cm,Cặp đựng laptop,195897249,325000,325000,OEM,VND,325000,325000
Cặp laptop Sakos WISDOM 23,Thời Trang,19614560,740000,627000,Sakos,VND,740000,627000
CẶP DA CÔNG SỞ ĐỰNG LAPTOP CAO CẤP 9902-3,Cặp đựng laptop,168358938,630000,630000,OEM,VND,630000,630000
Cặp laptop STARGO DRAKEN 5 15inch,Thời Trang,45841146,550000,412000,STARGO,VND,550000,412000
"Cặp Đựng Laptop Chống Sốc, Chống Thấm Nước, Túi Xách Laptop 13/14/15.6 inch - Mẫu Kamlui KL034 - Hàng Chính Hãng",Cặp đựng laptop,179746011,650000,650000,SMTech,VND,650000,650000
"Balo Laptop, Cặp Đựng Laptop 15.6 inch, đẹp Và chống sốc, rất đa năng",Root,170394002,199000,199000,OEM,VND,199000,199000
Cặp Công Sở Đa Năng TRITA TCA11 Nhiều Màu,Thời Trang,68925452,650000,650000,TRITA,VND,650000,650000
Cặp Đa Năng Lugbro 3-Way Pro Bag M,Thời Trang,198058511,1000000,611000,LUGBRO,VND,1000000,611000
Cặp Laptop Sakos Astro i15 SVO038BKNG01,Thời Trang,574376,1135000,962000,Sakos,VND,1135000,962000
Ba lô Chính Hãng Mikkor The Hopkins – Nhiều Màu,Cặp đựng laptop,113085992,750000,750000,Mikkor,VND,750000,750000
Cặp Công Sở Laptop Cao Cấp Kim Long KL019,Thời Trang,59378578,479000,479000,KL,VND,479000,479000
Cặp đựng laptop Sakos Virgo 14,Thời Trang,4933081,915000,775000,Sakos,VND,915000,775000
"Cặp đựng Laptop,Macbook 13 - 15.6 inch - Chống Sốc Tốt - Ngăn đựng rộng - W348 (Màu đen)",Cặp đựng laptop,92001175,550000,550000,OEM,VND,550000,550000
Cặp đa năng Sakos FLASH 20,Thời Trang,19524237,740000,627000,Sakos,VND,740000,627000
Cặp đựng laptop cao cấp PU kháng nước,Cặp đựng laptop,166034899,175000,175000,OEM,VND,175000,175000
Cặp xách Laptop 15.6 inch chống sốc nhiều ngăn tiện lợi,Thời Trang,32436424,349000,349000,OEM,VND,349000,349000
"Balo laptop Arctic Hunter chất liệu Oxford chống nước, có cổng USB - B00478",Cặp đựng laptop,159299537,720000,459000,ARCTIC HUNTER,VND,720000,459000
"Túi hông Givi EA101B lắp cho xe PCX, túi lắp bên hông xe PCX 30lit/túi",Cặp đựng laptop,131903614,1850000,1850000,GIVI,VND,1850000,1850000
Cặp đa năng Mr Vui CNV398 đi làm và đi học,Cặp đựng laptop,38424308,675000,571000,Mr.vui,VND,675000,571000
"Túi Xách Nam Nữ Công Sở BRINCH, Cặp Đựng Laptop 13, 14, 15 inch BLT002",Cặp đựng laptop,167437235,325000,325000,OEM,VND,325000,325000
"Cặp xách Laptop, Macbook chống sốc chống nước",Cặp đựng laptop,167424899,325000,325000,OEM,VND,325000,325000
"Vang số chỉnh cơ ACNOS MI30 - Kèm 2 Micro UHF, tặng 1 túi đeo chéo cao cấp ACNOS - Hàng chính hãng",Root,205285988,1890000,1890000,Acnos,VND,1890000,1890000
Túi đựng laptop STARGO SLIGHT i14,Root,190859297,249000,161000,STARGO,VND,249000,161000
Cặp đa năng Kim Long KL201,Cặp đựng laptop,100408003,539000,539000,Kim Long,VND,539000,539000
Cặp xách Laptop 15.6 inch ngăn kéo ở giữa mới lạ,Thời Trang,34483375,319000,319000,OEM,VND,319000,319000
"Túi Chống Sốc Cho Máy Tính, Macbook, Surface Xách Tay Cao Cấp Thông Minh - Cặp Xách Đựng Laptop 13 Đến 15 Inch Có Quai Xách - BG001",Thời Trang,69465322,399000,399000,OEM,VND,399000,399000
"Túi máy tính xách tay dành cho Aple, Dell, Asus…15.6 inch – BEE GEE 0124",Cặp đựng laptop,187156916,556000,278000,Bee Gee,VND,556000,278000
Cặp Laptop Đa Năng Hasun HS 75 (42 x 32 cm) - Đen,Thời Trang,2296493,372000,322000,Hasun,VND,372000,322000
Cặp Laptop Sakos ORION 15 SVO036BKNG02 (40 x 32 cm) - Đen,Thời Trang,1023019,1385000,1175000,Sakos,VND,1385000,1175000
"Túi Đeo Dọc Cho Macbook Laptop 13"" - M411",Cặp đựng laptop,188665532,400000,400000,OEM,VND,400000,400000
Túi da đựng laptop RollPark cho Macbook 13inch cao cấp thời thượng,Root,148716508,660000,660000,OEM,VND,660000,660000
Túi đựng laptop STARGO ABSOR I15 (15.6 inch),Cặp đựng laptop,201057959,299000,194000,Sakos,VND,299000,194000
Túi đựng laptop chống sốc STARGO SLIGHT I15 (15.6 inch),Root,190858673,289000,187000,STARGO,VND,289000,187000
"Túi Xách Laptop Nam Nữ Công Sở Túi Hộp Vải Dày dặn, Bền chắc - VBAG",Cặp đựng laptop,192178178,399000,399000,OEM,VND,399000,399000
Cặp đa năng Sakos FLASH 19,Thời Trang,19393844,740000,627000,Sakos,VND,740000,627000
Cặp Sakos Astro 17 N SVO039BK - Đen,Thời Trang,565584,1175000,996000,Sakos,VND,1175000,996000
Cặp xách dành cho Laptop 15.6 inch kèm 2 ngăn phụ cao cấp,Thời Trang,33759666,319000,319000,OEM,VND,319000,319000
CẶP DA CÔNG SỞ ĐỰNG LAPTOP CAO CẤP 9616,Cặp đựng laptop,149963861,520000,520000,OEM,VND,520000,520000
"Túi laptop cao cấp GUBAG cho dân công sở, có dây đeo chéo tiện lợi, máy tính văn phòng 13 14 15,6inch",Balo và Vali,251545757,849000,723000,Gubag,VND,849000,723000
Cặp đựng Laptop túi chống sốc macbook chất lượng CAO nhiều ngăn dày dặn,Cặp đựng laptop,172862827,259000,259000,OEM,VND,259000,259000
"Túi chống sốc, cặp Đựng Laptop14.1inch, 15.6 Inch BEEGEE 5525",Balo và Vali,207389941,380000,190000,Bee Gee,VND,380000,190000
Cặp Công Sở Nam Nữ Cao Cấp Kim Long KL003,Thời Trang,49128733,419000,419000,KL,VND,419000,419000
"Cặp da công sở,Cặp văn phòng Cao Cấp F.s.d.Wg ,Chất liệu Da PU cực bền,Cặp Đựng Laptop 14inh,Vệ sinh dễ dàng- 9357",Cặp đựng laptop,187956762,710000,710000,OEM,VND,710000,710000
Cặp xách Laptop 14 inch chống sốc cao cấp,Thời Trang,20554141,319000,319000,OEM,VND,319000,319000
Túi xách chính hãng TOMTOC (USA) Slim Handbag - A21-C01 cho Macbook Pro/Air 13-14 inch/ Ultrabook 13 inch,Balo và Vali,190517403,699000,699000,Tomtoc,VND,699000,699000
"Cặp xách chống sốc cho laptop, macbook Marcello - nhỏ gọn, sang trọng",Cặp đựng laptop,158900664,350000,299000,Marcello,VND,350000,299000
Cặp Doanh Nhân Lugbro LVOEU1GY,Cặp đựng laptop,74255873,988000,988000,LUGBRO,VND,988000,988000
"Cặp văn phòng chống sốc laptop 15""6 - 17 INCH đeo chéo đeo vai 4 kiểu phong cách mới",Cặp đựng laptop,174172325,153430,137214,OEM,VND,153430,137214
Túi chống sốc laptop 14 15 15 inch cặp đựng laptop đa năng,Cặp đựng laptop,185397239,155000,155000,OEM,VND,155000,155000
"Túi xách da chống sốc laptop macbook surface, túi công sở nam nữ cặp đựng laptop",Cặp đựng laptop,248724168,305000,289750,SUZIN,VND,305000,289750
"Cặp xách đựng laptop 15,6 inch vải dù chống thấm nước hàng cao cấp",Cặp đựng laptop,173907716,129000,129000,OEM,VND,129000,129000
Cặp laptop STARGO DRAKEN 3 14inch,Thời Trang,45597219,550000,412000,STARGO,VND,550000,412000
"Túi xách laptop , Cặp đựng laptop 15,6 inch quai sách công sở, văn phòng, giáo viên đi làm đựng tài liệu cao cấp",Cặp đựng laptop,169270926,239000,239000,OEM,VND,239000,239000
"Túi Đeo Nữ Tomtoc H22C1 Premium Theher Shoulder Bag MB 13”/14”, ULTRABOOK 13″ - Hàng chính hãng",Cặp đựng laptop,197136141,1459000,1260000,Tomtoc,VND,1459000,1260000
Cặp xách Laptop 13 inch chống sốc cao cấp,Thời Trang,20550908,279000,279000,OEM,VND,279000,279000
"Cặp Công Sở Mr Vui 402 Rộng Rãi, Chắc Chắn, Chống Thấm - Hàng Chính Hãng",Cặp đựng laptop,170284794,579000,491000,Mr.vui,VND,579000,491000
Túi chống sốc bảo vệ laptop có quai xách Brinch BW-277 14icnh 15icnh,Cặp đựng laptop,167427042,342000,342000,OEM,VND,342000,342000
Cặp Da Công Sở Nam Đựng Vừa Laptop 14 inch Jusendaisu,Cặp đựng laptop,195960879,289000,289000,OEM,VND,289000,289000
"Cặp Đựng Laptop 15.6 inch, Cặp Tài Liệu Công Sở, Cặp Đi Học Đi Làm Cho Cả Nam và Nữ Chất liệu Đẹp Siêu Bền",Cặp đựng laptop,193181069,225000,225000,XUDI,VND,225000,225000
Túi đeo chéo đựng laptop thời trang công sở,Cặp đựng laptop,201677873,250000,250000,OEM,VND,250000,250000
Túi xách cặp da đựng laptop công sở JEEPT20 39x28x6cm,Cặp đựng laptop,195896211,325000,325000,OEM,VND,325000,325000
Túi Xách Laptop Nam Nữ Công Sở 15.6 Inch HARAS HR290,Cặp đựng laptop,164593644,350000,159000,HARAS,VND,350000,159000
"Cặp Văn Phòng . Cặp Da Công Sở Cao Cấp PUANDA ,Chất liệu Da Cao Cấp ,Đựng Laptop",Cặp đựng laptop,182838326,1190000,1190000,OEM,VND,1190000,1190000
Cặp xách Laptop 15.6 inch chống sốc cao cấp,Thời Trang,20554999,349000,349000,OEM,VND,349000,349000
Cặp đựng laptop Mikkor The Ralph Briefcase,Thời Trang,4956179,690000,690000,Mikkor,VND,690000,690000
Quai đeo cặp laptop chất lượng Cao tùy chỉnh độ dài,Root,121332272,22900,22900,OEM,VND,22900,22900
Túi Xách Tay đựng Mac Mini và phụ kiện SteelSeries Arctis chống sốc,Cặp đựng laptop,165030836,395000,395000,OEM,VND,395000,395000
Cặp xách Laptop 15.6 inch kèm ngăn phụ cao cấp,Thời Trang,34949510,310000,310000,OEM,VND,310000,310000
Túi xách cặp da bò công sở đựng laptop khóa số 9902,Cặp đựng laptop,149415334,650000,650000,OEM,VND,650000,650000
Cặp Đựng Laptop 15 6 Inch Vải Dù Chống Thắm Nước Cao Cấp,Cặp đựng laptop,192880484,139000,139000,OEM,VND,139000,139000
Cặp công sở đa năng DA CÁ SẤU - BEE GEE CCS 5528,Cặp đựng laptop,205967590,2200000,1100000,Bee Gee,VND,2200000,1100000
"Túi nỉ đựng laptop chống sốc 11 inch, 13 inch, 12 inch, 13.3 inch, 14 inch, 15 inch, 15.6 inch, 16 inch chống nước",Root,143894795,121660,121660,OEM,VND,121660,121660
Cặp laptop đa năng TĐ căn lề,Thời Trang,8211997,244770,244770,OEM,VND,244770,244770
Túi Laptop 1 Dây Kéo - 1 Ngăn Phụ - Da Tổng Hợp - Quai Xách Đứng [T04],Cặp đựng laptop,162173146,538000,269000,OEM,VND,538000,269000
"Túi đựng laptop, cặp laptop chống sốc 13- 14 -15.6 inch chống thấm nước, lót nhung + mút bảo vệ máy tối đa",Balo và Vali,71989461,340000,340000,OEM,VND,340000,340000
Túi Da Đựng Laptop Crazy Horse Craft,Cặp đựng laptop,207236329,800000,800000,OEM,VND,800000,800000
"Túi xách đựng Laptop Siva Truta 13 inch, 14 inch ST13COBAN 2020",Thời Trang,52243576,599000,599000,SIVA,VND,599000,599000
Cặp Đựng Túi Đựng Laptop Dell 15.6 Inch - Hàng Chính Hãng,Cặp đựng laptop,222612029,100000,100000,Dell,VND,100000,100000
Túi xách cặp da đựng laptop da bò cao cấp T35 38.5x26x7cm (Nâu) D.HSTORE,Root,149179180,1140000,1140000,OEM,VND,1140000,1140000
"Túi đeo da cao cấp dành cho Macbook/Laptop 13-14"" JETELERN - Hàng Nhập khẩu",Cặp đựng laptop,152875062,1512000,1512000,Jetelern,VND,1512000,1512000
"Túi Xách Nam Nữ Công Sở, Cặp Đựng Laptop 15.6 Inch BEEGEE 5517",Cặp đựng laptop,181806529,380000,190000,Bee Gee,VND,380000,190000
"ặp da công sở,Cặp văn phòng Cao Cấp F.s.d.Wg ,Chất liệu Da PU cực bền,Cặp Đựng Laptop 14inh,Vệ sinh dễ dàng-",Root,206668453,788000,788000,OEM,VND,788000,788000
Cặp công sở phối da SAKOS LEGEND 06,Root,190858637,2900000,2755000,Sakos,VND,2900000,2755000
Ba lô 2 bánh xe có tay kéo ổ khóa mật mã du lịch đi học đựng laptop quần áo sách vở Size 18 TT108,Cặp đựng laptop,191469174,945000,945000,OEM,VND,945000,945000
Cặp Laptop Mikkor The Ralph (39 x 28 x 9 cm),Thời Trang,10969558,690000,690000,Mikkor,VND,690000,690000
Cặp da đẹp 1791-3 cặp da đẹp tại Hà Nội,Cặp đựng laptop,197531398,525000,525000,OEM,VND,525000,525000
"Túi xách chống sốc, cặp đựng laptop, macbook, máy tính xách tay",Thời Trang,66632090,399000,379050,SUZIN,VND,399000,379050
"Cặp da nam công sở Lion Da Bò Thật đựng laptop 15,6 inch đi làm Cặp công sở nữ Tuxa",Root,136681290,1184400,1184400,OEM,VND,1184400,1184400
"Cặp Đa Năng SAKOS FLASH 10 (15"")",Cặp đựng laptop,73521796,740000,703000,Sakos,VND,740000,703000
Cặp Doanh Nhân Lugbro Biz LBC001BK,Thời Trang,198058562,830000,746000,LUGBRO,VND,830000,746000
"Cặp da công sở,Cặp văn phòng-Chất liệu Da PU cao cấp,Đựng Laptop 14inh,Chống nước,Vệ sinh dễ dàng-",Root,206668545,588000,588000,OEM,VND,588000,588000
Túi đeo  Laptop 14inch chống sốc dầy dặn,Cặp đựng laptop,188666327,389000,389000,OEM,VND,389000,389000
"Cặp đựng laptop chống sốc macbook 15 inch, 15.6 inch, 16 inch, 17 inch, 14 inch, 13 inch cao cấp chính hãng",Root,143894323,152460,152460,OEM,VND,152460,152460
Cặp Laptop Đa Năng Hasun HS 80,Thời Trang,19918809,389000,389000,Hasun,VND,389000,389000
"Cặp xách Laptop Doanh nhân McKlein Morgan (17"")",Thời Trang,7550217,8000000,8000000,McKlein,VND,8000000,8000000
Cặp Đa Năng STARGO DRAKEN 2,Thời Trang,44241890,519000,519000,STARGO,VND,519000,519000
Túi xách chính hãng TOMTOC (USA) Messenger Bags - A45-C01 cho Macbook 13-14 inch/Ultrabook 13 inch,Balo và Vali,173652365,1090000,1090000,Tomtoc,VND,1090000,1090000
Cặp da cá sấu khóa số (da bò dập vân cá sấu) ST9319,Cặp đựng laptop,164241319,635000,635000,OEM,VND,635000,635000
Cặp Đa Năng Chống Thấm HASUN Laptop15.6 inch HS 82 - Hàng Chính Hãng,Cặp đựng laptop,175887035,309000,269000,Hasun,VND,309000,269000
Túi xách đựng laptop vải canvas - size 13.3inch - T0346,Cặp đựng laptop,207652763,280000,280000,OEM,VND,280000,280000
Cặp đa năng - Balo đi học cho học sinh cấp 2 và cấp 3 - cặp balo đựng laptop đi làm văn phòng hiệu KIM LONG KL203,Root,194143851,340000,340000,OEM,VND,340000,340000
CẶP ĐA NĂNG MR VUI 401,Thời Trang,60321088,559000,503100,Mr.vui,VND,559000,503100
"Cặp học sinh, cặp đi học đa năng cao cấp kim long",Root,148808951,479000,479000,OEM,VND,479000,479000
Túi laptop da bò Sapolney 2309,Cặp đựng laptop,149354472,1570000,1570000,OEM,VND,1570000,1570000
Túi đựng laptop siêu gọn nhẹ đa chức năng CB3200 size 15.6 inch,Cặp đựng laptop,189474412,280000,280000,OEM,VND,280000,280000
Túi chống sốc hiệu dành cho Macbook - Laptop đủ dòng - 11 ĐẾN 16 INCH,Root,148063892,206664,206664,OEM,VND,206664,206664
Kobo Clara SleepCover – Bao da chính hãng Kobo cho máy đọc sách Kobo Clara – hàng nhập khẩu.,Cặp đựng laptop,179650140,950000,950000,Kobo,VND,950000,950000
"Ba Lô Nam Nữ Cao Cấp Đi Làm Đi Học, Du Lịch, Phong Cách Đơn Giản và Thời Trang, Chống Nước, Chống Xước BL102 - Đựng vừa Laptop 15.6 inch - Hàng Chính Hãng",Cặp đựng laptop,204211694,279000,279000,DD STORE,VND,279000,279000
Cặp xách đựng Laptop 17 inch chính hãng SimpleCarry Credo Messenger Bag,Cặp đựng laptop,193106711,650000,650000,SimpleCarry,VND,650000,650000
Túi laptop 15.6 inch B1073 NASI nhiều ngăn hàng cao cấp mẫu đẹp thời trang cặp xách đựng máy tính nữ chống sốc,Cặp đựng laptop,231112116,250000,149000,OEM,VND,250000,149000
Cặp Laptop SAKOS BORIS,Thời Trang,48288618,725000,688000,Sakos,VND,725000,688000
Balo Doanh Nhân Bopai Chống Trộm Laptop Bagpack 15.6 Inch Vải Canvas Gia Dụng SG,Root,199682837,1351000,1351000,OEM,VND,1351000,1351000
CẶP XÁCH LAPTOP Túi Chống Sốc Laptop MACBOOK Công Sở Vải Chống Thấm Nước Unisex Nam Nữ Chuẩn Leonardo DOLANTO,Balo và Vali,214089141,248000,248000,Dolanto,VND,248000,248000
Túi đeo chéo Laptop Targus CitySmart Multifit,Cặp đựng laptop,229769703,1090000,1090000,Targus,VND,1090000,1090000
"Túi xách dành cho laptop, macbook thời trang cao cấp. Túi đựng macbook, laptop nữ 13inch, 14inch, 15.6inch-K09",Cặp đựng laptop,149363896,500000,500000,OEM,VND,500000,500000
"Túi chống sốc, cặp Đựng Laptop13.3 Inch – 14.1 Inch - 15.6 Inch - BEEGEE 5526",Cặp đựng laptop,204297975,420000,210000,Bee Gee,VND,420000,210000
Cặp đa năng Sakos FLASH 17,Thời Trang,19373284,620000,558000,Sakos,VND,620000,558000
"Dây, quai đeo cặp, túi xách SAKOS",Cặp đựng laptop,205694412,200000,130000,Sakos,VND,200000,130000
"Túi đựng laptop và macbook 14,1 & 15,4 inch",Cặp đựng laptop,89561729,290000,261000,ANANSHOP688,VND,290000,261000
"Balo  Tomtoc  Premium Urban Business For Ultrabook 15.6 inch - H61, Hàng chính hãng",Cặp đựng laptop,190080853,2999000,2999000,Tomtoc,VND,2999000,2999000
"Balo Laptop, Cặp Đựng Laptop 15.6 inch Đẹp Và chống sốc, rất đa năng",Root,170317459,175000,175000,OEM,VND,175000,175000
Cặp Laptop Đa Năng SAKOS FLASH 17,Thời Trang,52900722,740000,740000,Sakos,VND,740000,740000
"Balo Nam Du Lịch TNF Borealis Đựng Laptop Máy Tính Chống Sốc  15,16 inch Chất Lượng Tốt_Rubik",Cặp đựng laptop,179237794,990000,495000,OEM,VND,990000,495000
Cặp Đựng Laptop Dell 15.6inch G&B 01 CAPLDELL01 - Đen,Thời Trang,790958,94000,94000,G&B Dell,VND,94000,94000
"Túi xách Laptop, Cặp laptop thời trang 15.6 inch hàng chuẩn",Cặp đựng laptop,161544767,100000,100000,OEM,VND,100000,100000
Cặp đa năng Kim Long KL140,Cặp đựng laptop,100406480,479000,479000,Kim Long,VND,479000,479000
"Bao Da Thật, Cặp Da, Túi đựng CONTACT'S FAMILY dành cho Laptop 13inch / 16inch / Macbook / Dell XPS / Surface",Cặp đựng laptop,105251122,690000,690000,Contact's Family,VND,690000,690000
BALO ĐỰNG LAPTOP 14 INCH HOẶC ĐI DU LỊCH ALANWALKER,Root,160830907,99000,99000,OEM,VND,99000,99000
Túi đeo chéo đựng laptop thời trang công sở,Cặp đựng laptop,201677793,220000,220000,OEM,VND,220000,220000
Cặp đa năng Kim Long KL205,Cặp đựng laptop,100428990,449000,449000,Kim Long,VND,449000,449000
CẶP ĐA NĂNG MR VUI 426 CÓ NGĂN LAPTOP PHÙ HỢP ĐI HỌC ĐI CHƠI,Cặp đựng laptop,193779060,545000,463250,MRVUI,VND,545000,463250
Cặp Công Sở Laptop 14 Inch Mr Vui 412,Cặp đựng laptop,78552661,520000,520000,Mr.vui,VND,520000,520000
Cặp Laptop Kmore The Axel Briefcase,Cặp đựng laptop,179912640,500000,500000,Kmore,VND,500000,500000
Cặp dù laptop 15in hàng chất lượng,Root,121331481,145000,145000,OEM,VND,145000,145000
"Balo Laptop, Cặp Đựng Máy Tính Cá Nhân Kích Thước 15.6 inch Đẹp Và Chống Sốc - DRU BL031 - Hàng Chính Hãng",Cặp đựng laptop,212559695,163200,81600,DRU,VND,163200,81600
Cặp xách nữ công sở ST8997,Cặp đựng laptop,164240918,839000,839000,OEM,VND,839000,839000
Cặp đựng laptop Sakos,Thời Trang,4941937,805000,724500,Sakos,VND,805000,724500
Cặp Xách Laptop 15 6 Inch Vải Dù Chống Thấm Nước Hàng Cao Cấp TUI-102,Cặp đựng laptop,174427904,139000,139000,OEM,VND,139000,139000
Túi xách chính hãng TOMTOC (USA) Spill-Resistant - A22-E02 cho Macbook Pro 16 inch,Balo và Vali,174665640,949000,949000,Tomtoc,VND,949000,949000
"Cặp laptop, cặp đa năng cho học sinh cấp 2,cấp 3 cao cấp Kim Long",Root,136741674,529000,529000,OEM,VND,529000,529000
Cặp da nam nữ - Leather Bag,Root,167637538,360000,360000,OEM,VND,360000,360000
"Cặp chống sốc laptop cao cấp kiểu Novo 15"" - 15,6"" inch thời trang Tặng móc khóa nam siêu bền C34",Thời Trang,68142670,145238,129888,OEM,VND,145238,129888
Cặp chống sốc laptop TĐ,Thời Trang,4696501,141450,126500,OEM,VND,141450,126500
"Balo nam,cặp đa năng đi học thông minh cao cấp tích hợp công nghệ hiện đại",Root,145134764,289000,289000,OEM,VND,289000,289000
"Balo Laptop, Cặp Đựng Laptop 15.6 inch Đẹp Và chống sốc, rất đa năng",Root,170394494,199000,199000,OEM,VND,199000,199000
Cặp Doanh Nhân Lugbro Biz 16”,Thời Trang,57444103,988000,917000,LUGBRO,VND,988000,917000
Cặp đa năng Kim Long KL202,Cặp đựng laptop,100425243,559000,559000,Kim Long,VND,559000,559000
"Cặp xách chống sốc Macbook, Laptop kèm 2 ngăn phụ nhiều màu kèm quai đeo",Thời Trang,58535043,349000,349000,OEM,VND,349000,349000
Cặp - Túi Xách Solo Thompson Bradford 15.6 inch - Kích thước Cao 33 x Ngang 42 x Rộng 15 cm - Mã EXE336-3 - Màu nâu - Dòng Túi công sở cao cấp Chính hãng bảo hành 05 năm,Cặp đựng laptop,153979028,2750000,2337500,Solo,VND,2750000,2337500
Cặp đựng laptop 16inch đa năng nhiều ngăn tiện lợi 5605,Cặp đựng laptop,189336866,785000,785000,OEM,VND,785000,785000
"Balo - cặp sách Basic B0172 vải Canvas chống nước, tích hợp cổng sạc USB đi học, đi làm, du lịch, đựng laptop Unisex nam nữ",Cặp đựng laptop,192567983,250000,126000,OEM,VND,250000,126000
Balo Laptop Đa Năng Mikkor The Eli,Cặp đựng laptop,162214361,649000,580000,Mikkor,VND,649000,580000
CẶP ĐỰNG LAPTOP 14-17 INCH CÓ DÂY ĐEO,Thời Trang,22277988,95000,95000,OEM,VND,95000,95000
Cặp da laptop cao cấp chống sốc,Cặp đựng laptop,213968154,350000,350000,OEM,VND,350000,350000
"Túi xách laptop macbook kinmac dành cho nữ, ngăn để máy riêng chống sốc-THỜI TRANG VÀ SANG TRỌNG-KM02",Cặp đựng laptop,110948169,1080000,1080000,OEM,VND,1080000,1080000
Balo máy tính có khóa chốt chống trộm- 16 inch (giao màu ngẫu nhiên),Cặp đựng laptop,140607027,220000,205000,Eureka,VND,220000,205000
Túi Xách + Đeo cao cấp Wiwu Laptop Sleeve Case cho Macbook - Laptop từ 11 - 15.6inch ( 4 màu) -,Root,148064788,495750,495750,OEM,VND,495750,495750
Cặp đa năng chống xốc cao cấp,Thời Trang,5830491,240853,215397,OEM,VND,240853,215397
Cặp xách chống sốc Laptop thương hiệu TARGUS dòng Cypress EcoSmart,Cặp đựng laptop,150936422,990000,990000,Targus,VND,990000,990000
"Túi xách Macbook, Laptop 13.3"" thời trang cho nữ hàng cao cấp Kinmac M401",Cặp đựng laptop,115828601,1045000,1045000,Kinmac,VND,1045000,1045000
"Cặp xách, chống sốc bảo vệ laptop 13inch nhiều ngăn tiện dụng (Tím nhạt)",Thời Trang,11845281,349000,349000,OEM,VND,349000,349000
Ba lô Công Nghệ Dung Tích Lớn đựng laptop 17inch chống sốc tốt Flexible Defender (Black),Cặp đựng laptop,191143769,1740000,1740000,OEM,VND,1740000,1740000
Cặp đa năng Sakos FLASH 10,Thời Trang,19450151,740000,740000,Sakos,VND,740000,740000
"Túi Wiwu Pilot Laptop Handbag 15.6 inch Dành Cho Laptop, Macbook Thiết Kế Mỏng Nhẹ, Chống Nước, Chống Xốc - Hàng Chính Hãng",Cặp đựng laptop,183337159,749999,649999,WIWU,VND,749999,649999
"Cặp da công sở Sapolney,Chất liệu Da thật cao cấp,Cặp văn phòng,Đựng laptop 14inh,Chống thấm nước,Vệ sinh dễ dàng - 0116",Cặp đựng laptop,188050567,1550000,1550000,OEM,VND,1550000,1550000
Túi xách laptop Simplecarry Credo Messenger Bag,Cặp đựng laptop,139682286,690000,690000,SimpleCarry,VND,690000,690000
Cặp công sở Mr Vui CSV402 thời trang cho nam và nữ thời trang và thanh lịch có ngăn laptop 15.6 inch (32 x 41 x 19 cm),Balo và Vali,71929213,579000,521100,Mr.vui,VND,579000,521100
Balo laptop nam nữ Hàn quốc thời trang dày dặn chống thấm nước để được laptop 15.6in,Balo và Vali,71175407,600000,300000,Bee Gee,VND,600000,300000
"Cặp laptop phối da SAKOS LEGEND 04 (14"")",Root,190857650,2189000,2079000,Sakos,VND,2189000,2079000
Cặp Xách SOLO Thompson Bradford 15.6 inch - Nâu,Cặp đựng laptop,185949682,2750000,1920000,Solo,VND,2750000,1920000
TÚI CHỐNG SỐC HYPER – HYPERSHIELD STAND AND GO SLEEVE - HÀNG CHÍNH HÃNG,Cặp đựng laptop,208590934,890000,819000,Hyper,VND,890000,819000
Túi đeo chéo chống va đập TOMTOC (USA) EVA - A25-C02 cho Macbook Pro/Air 13-14 inch,Balo và Vali,173535014,1199000,1199000,Tomtoc,VND,1199000,1199000
Cặp đa năng - Balo đi học cho học sinh cấp 2 và cấp 3 - cặp balo đựng laptop đi làm văn phòng hiệu KIM LONG KL033,Root,194143871,440000,440000,OEM,VND,440000,440000
CẶP LAPTOP - CẶP ĐA NĂNG HỌC SINH CẤP 2 VÀ 3 CAO CẤP KIM LONG (VPP THỊNH PHÁT),Root,147325986,559000,559000,OEM,VND,559000,559000
Cặp công sở Mr Vui CSV401 thời trang cho nam và nữ,Thời Trang,58014591,559000,559000,Mr.vui,VND,559000,559000
Balo đựng Laptop 14 inch chống va đập chống nước cao cấp Tặng kèm khóa số chống trộm BALO-822,Cặp đựng laptop,199523180,189000,189000,OEM,VND,189000,189000
Túi đựng Laptop  Marcello L100,Cặp đựng laptop,198508541,320000,320000,OEM,VND,320000,320000
"Bao Da Thật, Túi đựng, Lót chuột Genuine Leather Sleeve CONTACT'S FAMILY dành cho Macbook Air / Macbook Pro 13 / Surface Pro / Laptop 13inch / Laptop Dell XPS 13 / Surface Laptop",Cặp đựng laptop,138173616,590000,590000,OEM,VND,590000,590000
"Túi Chống Sốc Cho Máy Tính, Macbook, Surface Xách Tay Cao Cấp Thông Minh - Cặp Xách Đựng Laptop Vải 13 Đến 15 Inch Có Quai Xách - BG0011",Cặp đựng laptop,142252254,449000,449000,OEM,VND,449000,449000
"Túi đựng laptop macbook chống sốc 360 độ, kháng nước hiệu quả KINMAC 13inch 14inch 15.6inch",Root,184246114,616000,616000,OEM,VND,616000,616000
Cặp da công sở đựng Laptop họa tiết đường chỉ nổi sang trọng,Cặp đựng laptop,125673300,650000,650000,OEM,VND,650000,650000
TÚI BA LÔ ACNOS BL-02/ LOA DI ĐỘNG - CHÍNH HÃNG,Cặp đựng laptop,99405798,630000,630000,Acnos,VND,630000,630000
Túi Xách Cặp Da Đựng Laptop T81 KT:38x27x6cm (Nâu đậm - Nâu sáng - Đen),Cặp đựng laptop,90574683,389000,389000,OEM,VND,389000,389000
Cặp laptop LEXON size 15inch 2 kích cỡ - TRACK 15'' DOCUMENT BAG - Hàng chính hãng,Cặp đựng laptop,198077594,1790000,905000,LEXON,VND,1790000,905000
Cặp Macbook KINMAC 6 lớp Chống Sốc Chống Trầy Chất Liệu Cao Cấp (M22),Root,205475823,399000,399000,OEM,VND,399000,399000
"Balo Laptop, Cặp Đựng Laptop 15.6 inch Đẹp Và chống sốc, rất đa năng",Root,170381656,199000,199000,OEM,VND,199000,199000
"Cặp đi học nữ chống nước basic , túi xách balo đựng laptop đẹp hàng cao cấp cho học sinh cấp 2 -3, sinh viên",Cặp đựng laptop,195651619,255000,255000,OEM,VND,255000,255000
Cặp đa năng cao cấp,Thời Trang,4698483,244770,218900,OEM,VND,244770,218900
[VOUCHER 30K] Balo da nam công sở cao cấp Lata BAL66,Cặp đựng laptop,214827859,790000,790000,Lata,VND,790000,790000
Cặp Đa Năng Học Sinh Nam Nữ Cấp 2 Cấp 3 Cao Cấp Kim Long Kl033 - Thời Trang Ti Ti,Root,129147402,535000,481500,OEM,VND,535000,481500
Cặp da Công sở  đựng Laptop đẳng cấp 6859 Đen & Nâu da bò,Cặp đựng laptop,191580489,2999000,2999000,OEM,VND,2999000,2999000
"Cặp đi học nam nữ chống nước basic , túi xách balo đựng laptop đẹp cho học sinh cấp 2 - 3, sinh viên",Cặp đựng laptop,195950344,422000,422000,OEM,VND,422000,422000
"Cặp xách Laptop, Macbook chống sốc chống nước",Thời Trang,41641625,299000,299000,OEM,VND,299000,299000
DESIGN 2023 - Túi Xách Da Nam Đựng Laptop - Túi Xách Nam Cao Cấp - Cặp da công sở - Loại 1,Cặp đựng laptop,184236625,399000,399000,OEM,VND,399000,399000
Bao Da PU Đựng MacBook Laptop 11/12/13/14/15/15.6 inch Tác Dụng 3 Trong 1 Cao Cấp.,Root,170317390,279000,279000,OEM,VND,279000,279000
Cặp đa năng Kim Long KL034,Cặp đựng laptop,100428580,479000,479000,Kim Long,VND,479000,479000
Túi hợp kim nhôm Alumium 17.3 inch SOLO phiên bản Pro - Túi màu Xám nhôm - Mã AC100 - Kích thước Cao 33 x Ngang 46 x Rộng 13 cm - Chính hãng bảo hành 05 năm,Cặp đựng laptop,153978779,2530000,1897500,Solo,VND,2530000,1897500
"Túi Đựng Laptop Wiwu Alpha Double Layer Sleeve Dành cho Laptop, Macbook Air Chống Sốc BẢo vệ 360 Độ - Hàng Chính Hãng",Cặp đựng laptop,147369216,590000,590000,WIWU,VND,590000,590000
"Balo Laptop TUCANO COMFORT 14” , màu Blue, đựng laptop 14 inch, thương hiệu Ý, bảo hành 2 năm",Cặp đựng laptop,239476047,1330000,1330000,Tucano,VND,1330000,1330000
"Cặp đựng laptop công sở cho nam dây đeo chéo tiện lợi cặp văn phòng cao cấp đựng máy tính 15,6 inch 6688",Cặp đựng laptop,191799215,425000,385000,OEM,VND,425000,385000
"[DA THẬT] Cặp Da đựng tài liệu| Cặp giáo viên| Có ngăn Đựng laptop, tài liệu công tác nhiều ngăn phụ | Đồ Da phương anh",Cặp đựng laptop,217267294,695000,695000,OEM,VND,695000,695000
Túi xách đựng laptop 13inch dạng thể thao,Root,148716718,474000,474000,OEM,VND,474000,474000
"Túi xách chống sốc dành cho Laptop, Macbook 13.3inch - 17 inch",Root,148066093,509150,509150,OEM,VND,509150,509150
"Túi laptop công sở Da Bò Thật Cặp laptop 15,6 inch đi làm Túi quai xách laptop Tuxa",Root,136681573,1066800,1066800,OEM,VND,1066800,1066800
móc khóa thẻ tên name tag ghi thông tin Thẻ đánh dấu chìa khóa và ghi chú thông tin vali hành lý valy magic,Root,252611170,1000,1000,OEM,VND,1000,1000
Túi đựng laptop 15.6 inch da cao cấp TLT200,Root,209414277,282000,282000,OEM,VND,282000,282000
Cặp laptop cỡ to hàng đẹp chống xốc,Root,121331268,110000,110000,OEM,VND,110000,110000
Túi xách chính hãng TOMTOC (USA) Briefcase Premium - H21-C01 cho Macbook 13 - 14 inch/Ultrabook 13 inch,Balo và Vali,169339506,1290000,1290000,Tomtoc,VND,1290000,1290000
"Balo Laptop, Cặp Đựng Laptop 15.6 inch, đẹp Và chống sốc, rất đa năng",Root,170379047,199000,199000,OEM,VND,199000,199000
Bao Da PU Đựng MacBook Laptop 11/12/13/14/15/15.6 inch Tác Dụng 3 Trong 1 Cao Cấp.,Root,170382280,345000,345000,OEM,VND,345000,345000
Cặp đa năng Sakos FLASH 13,Thời Trang,19503067,730000,657000,Sakos,VND,730000,657000
Cặp đựng laptop TRESETTE nhập khẩu Hàn Quốc 5C212 cho nam và nữ,Thời Trang,22610730,2500000,1150000,Tresette,VND,2500000,1150000
CẶP CHỐNG ĐỔ MOTO KIỂU Z1000,Cặp đựng laptop,153813976,400000,400000,OEM,VND,400000,400000
Cặp đựng laptop sinh viên nam nữ (đen),Root,183038570,99000,99000,OEM,VND,99000,99000
"Cặp thùng hông Givi E23NS_OR kèm baga cặp hông SBL2000, hàng Givi chính hãng, bảo hành 2 năm",Root,131903652,5030000,5030000,GIVI,VND,5030000,5030000
"Cặp Balo đựng laptop 13 inch đến 16 inch cho các bạn học sinh, sinh viên đi học thoải mái đựng sách vở, laptop.",Root,169820127,269500,269500,OEM,VND,269500,269500
"Túi chống sốc Rivacase 7915 dành cho Laptop 15.6"" Hàng Chính Hãng",Cặp đựng laptop,179930158,589000,589000,RivaCase,VND,589000,589000
Túi đựng Laptop Marcello L101,Cặp đựng laptop,198508920,180000,180000,OEM,VND,180000,180000
Túi xách công sở TRESETTE Hàn Quốc 5C12 cặp đựng laptop cho nam và nữ,Thời Trang,22485442,2100000,1050000,Tresette,VND,2100000,1050000
"Cặp laptop, cặp đa năng cho học sinh cấp 2,cấp 3 cao cấp Kim Long",Cặp đựng laptop,148851560,529000,529000,OEM,VND,529000,529000
Cặp laptop vừa cặp vừa balo thời trang CB 10001 15.6'' đến 17'',Cặp đựng laptop,187645681,490000,490000,OEM,VND,490000,490000
Túi đựng tay xách macbook và laptop thời trang siêu gọn nhẹ size 13 và 14 inch,Cặp đựng laptop,190613464,280000,280000,OEM,VND,280000,280000
"Cặp đựng laptop đa năng SUB 15"" inch thời trang du lịch tặng móc khóa nam cao cấp",Thời Trang,68153910,162182,145041,OEM,VND,162182,145041
Cặp nam công sở cao cấp Marrant BHM13330 Túi xách da bò cao cấp. Vừa laptop 13.3inch. Hàng chính hãng.,Thời Trang,49235676,2199000,2199000,OEM,VND,2199000,2199000
Cặp laptop 2 cách đeo LEXON size 13inch - MARTA MESSENGER BACKPACK - Hàng chính hãng,Cặp đựng laptop,198077467,1490000,755000,LEXON,VND,1490000,755000
Túi xách Targus Cypress EcoSmart 13-14 inch Sleeve - Navy (TBS64601GL-70) - Hàng chính hãng,Cặp đựng laptop,105344417,630000,630000,Targus,VND,630000,630000
"Balo nam cao cấp công sở GUBAG đựng laptop 13, 14, 15,6 inch, dành cho doanh nhân, đi làm",Cặp đựng laptop,249470755,559000,433000,Gubag,VND,559000,433000
Túi laptop macbook chống sốc 360 độ KINMAC 13inch 14inch 15.6inch,Root,184247006,400000,400000,OEM,VND,400000,400000
"Cặp da công sở,Cặp văn phòng Cao Cấp Fsd.Wg -Chất liệu Da PU cực bền,Cặp Đựng Laptop 14inh,Vệ sinh dễ dàng-",Root,206667938,748000,748000,OEM,VND,748000,748000
cặp đựng laptop D2,Root,171771083,827000,827000,OEM,VND,827000,827000
Cặp Da Nam Đeo Chéo CNT CA15 Cao Cấp,Thời Trang,3651619,255000,255000,CNT'S,VND,255000,255000
Balo SAIGON SWAGGER Core Backpack-Ngăn Chống Sốc Lap 16inch,Root,157254142,570000,570000,Saigon Swagger,VND,570000,570000
Bao Da PU Đựng MacBook Laptop 11/12/13/14/15/15.6 inch Tác Dụng 3 Trong 1 Cao Cấp.,Root,170379207,345000,345000,OEM,VND,345000,345000
Túi Đeo Chéo Laptop RIVACASE 7529 13.3 inch Hàng Chính Hãng,Cặp đựng laptop,200692992,990000,990000,RivaCase,VND,990000,990000
CẶP XÁCH FRODO F004 - BROWN,Cặp đựng laptop,163315130,3980000,3980000,FRODO,VND,3980000,3980000
"{ xả kho } Cặp nhựa học thêm cho các bạn học sinh cấp 1,cặp đi học thêm",Root,183113878,39000,39000,OEM,VND,39000,39000
Cặp xách chống sốc Laptop thương hiệu TARGUS dòng Geolite Essential,Cặp đựng laptop,150946603,490000,490000,Targus,VND,490000,490000
"Túi Đeo Wiwu Pioneer Handle Bag Dành Cho Laptop, Ultrabook Chất Liệu Vải Cao Cấp, Độ Bền Cao - Hàng Chính Hãng",Cặp đựng laptop,148549607,600000,489999,WIWU,VND,600000,489999
"Cặp da công sở,Cặp văn phòng Cao Cấp LEIDEBAOLOU Chất liệu Da PU cực bền,Cặp Đựng Laptop 14inh,Vệ sinh dễ dàng-",Root,206667902,678000,678000,OEM,VND,678000,678000
"Cặp laptop đa năng, có quai đeo balo, quai đeo chéo Kim Long đen",Root,145134105,399000,399000,OEM,VND,399000,399000
Cặp đa năng The Gibson - Black,Cặp đựng laptop,145550452,1390000,1390000,Mikkor,VND,1390000,1390000
"Balo Thời trang phong cách Hàn Quốc chống nước cực xinh - Túi xách đựng laptop, sách vở cỡ lớn đi học , đi làm tiện lợi",Root,116619208,169000,169000,OEM,VND,169000,169000
Túi da PU đựng máy tính xách tay thích hợp cho dòng Macbook Air Pro 11/12/13.3/15.4 inch,Root,173057107,219000,219000,OEM,VND,219000,219000
Balo Đựng Laptop 14.6 Inch Kèm Khóa Số Chống Trộm,Cặp đựng laptop,199009386,159000,159000,OEM,VND,159000,159000
Cặp đa năng Sakos FLASH 11,Thời Trang,19474874,730000,657000,Sakos,VND,730000,657000
Cặp Xách Đa Năng Với Ngăn Chứa Rộng Rãi Chất Liệu Trượt Nước Tốt Dây Đeo Thời Trang 3090,Cặp đựng laptop,189326462,285000,285000,OEM,VND,285000,285000
Cặp Xách Chống sốc Bảo Vệ Mac Mini và phụ kiện SteelSeries Arctis,Cặp đựng laptop,165030684,395000,395000,OEM,VND,395000,395000
Cặp Balo đa năng xịn,Cặp đựng laptop,195741191,479000,479000,OEM,VND,479000,479000
Cặp đa năng Sakos Flash 10,Thời Trang,14672497,620000,558000,Sakos,VND,620000,558000
Túi xách Laptop Solo HAMISH 15.6 inch - Kích thước Ngang 38 x Cao 48 x Rộng 12 cm - Mã HLD300-51 - Màu Xanh đen - Bảo hành Chính hãng bảo hành 05 năm,Cặp đựng laptop,153979154,2400000,1800000,Solo,VND,2400000,1800000
"Túi Đeo Xách Tay Đựng Laptop, Máy Tính Bảng Thời Trang",Cặp đựng laptop,213977313,199000,189050,OEM,VND,199000,189050
Túi đựng Laptop Elecom Off Toco 14 inch BM-OF07 - Hàng chính hãng,Cặp đựng laptop,242650633,990000,809000,Elecom,VND,990000,809000
Cặp laptop chống xốc mở đáy loại to chất liệu dù cao cấp (chống nước),Root,121331905,160000,160000,OEM,VND,160000,160000
Cặp xách / Cặp hợp kim Alumium SOLO Fifth Avenue 17.3 inch Grey,Cặp đựng laptop,185949473,2530000,2530000,Solo,VND,2530000,2530000
Túi đựng laptop chống sốc màu đen trơn YVan 3504,Cặp đựng laptop,189702598,265000,245000,YVan,VND,265000,245000
"Cặp đa năng, cặp laptop cho học sinh giáo viên công sở",Cặp đựng laptop,148850653,349000,349000,OEM,VND,349000,349000
"Cặp laptop15"" - 15.6""",Cặp đựng laptop,112550057,189000,189000,OEM,VND,189000,189000
"Cặp dù thời trang cao cấp đi học, đi làm cho nam nữ (CẶP D UNI M1) - BOM",Cặp đựng laptop,187010559,485000,485000,OEM,VND,485000,485000
"Cặp đựng laptop Coolbell, túi xách tay nam nữ chống thấm nước, thiết kế kiểu dáng trẻ trung, lịch sự -",Root,206668212,458000,458000,OEM,VND,458000,458000
Ba lô laptop Unisex chống thấm phối da thời trang KDR-BL049 KODOROS,Root,141473998,131000,131000,OEM,VND,131000,131000
Cặp đa năng Kim Long KL204,Cặp đựng laptop,100425468,509000,509000,Kim Long,VND,509000,509000
"Túi đeo chéo vải canvas nhiều ngăn chống thấm chống nước đựng vừa laptop 13inch tiện dụng cho đi làm, đi chơi hay đi học | Túi đeo chéo đựng laptop YSB05",Cặp đựng laptop,195521518,269000,269000,YME,VND,269000,269000
Cặp Đa Năng TL114165 Đen- Balo laptop-,Balo Học Sinh - Cặp học sinh,55192788,315000,315000,KTP,VND,315000,315000
"Cặp Đeo Laptop Mikkor Glamour Mac GM 13"" 004 - Hồng",Thời Trang,476608,221900,221900,Mikkor,VND,221900,221900
DESIGN 2023 - Túi Xách Da Nam Đựng Laptop - Túi Xách Nam Cao Cấp - Cặp da công sở - Loại 1,Cặp đựng laptop,184235233,399000,399000,OEM,VND,399000,399000
Cặp Đa Năng Mikkor The Gipson Briefcase,Cặp đựng laptop,143591686,1390000,1390000,Mikkor,VND,1390000,1390000
"Cặp đi học nam nữ  thời trang basic chống nước, túi xách balo đẹp dễ thương cho học sinh cấp 2 - 3, sinh viên- Nhập khẩu",Cặp đựng laptop,195287279,243000,243000,OEM,VND,243000,243000
BALO TIỆN ÍCH TUCANO LATO 14,Root,261983048,1670000,1670000,Tucano,VND,1670000,1670000
Túi laptop đeo vai 15.6 inch B1068 NASI nhiều ngăn hàng cao cấp mẫu đẹp thời trang cặp xách đựng máy tính nam nữ chống sốc,Cặp đựng laptop,244864709,300000,150000,OEM,VND,300000,150000
cặp chữ nổi PCX titanium,Root,149342716,199000,199000,OEM,VND,199000,199000
Chong chóng hoa,Root,144758274,90000,90000,OEM,VND,90000,90000
Túi Đựng Laptop,Root,133431734,29000,29000,OEM,VND,29000,29000
"Cặp xách học sinh,Balo cặp đa năng siêu nhẹ nhiều ngăn",Root,190819387,429000,429000,OEM,VND,429000,429000
Cặp đa năng - Cặp đựng laptop - Ba lô cho học sinh cấp 2 và cấp 3 HY,Root,194143865,265000,265000,OEM,VND,265000,265000
"Túi chống sốc, cặp đựng laptop máy tính chống thấm nước cao cấp",Cặp đựng laptop,207406605,300000,300000,OEM,VND,300000,300000
Túi đeo (full size) dành cho Macbook - Laptop kiểu dáng công sở ( Màu xám) - THỜI TRANG CHỐNG THẤM NƯỚC,Root,148063883,522190,522190,OEM,VND,522190,522190
Túi xách đựng laptop 13inch dạng thể thao,Root,148696819,474000,474000,OEM,VND,474000,474000
Balo Campus Haras,Cặp đựng laptop,178116808,165000,165000,OEM,VND,165000,165000
"Cặp da công sở,Cặp văn phòng Cao Cấp LEIDEBAOLOU Chất liệu Da PU cực bền,Cặp Đựng Laptop 14inh,Vệ sinh dễ dàng-",Root,206667991,678000,678000,OEM,VND,678000,678000
Cặp Đeo Laptop Editor Briefcase Mikkor EB 008 - Hồng,Thời Trang,481290,299000,299000,Mikkor,VND,299000,299000
"Cặp đi học nam nữ chống nước basic , túi xách balo đựng laptop đẹp hàng cao cấp cho học sinh cấp 2 -3, sinh viên-Nhập khẩu",Cặp đựng laptop,195622893,263500,263500,OEM,VND,263500,263500
Cặp Đựng Laptop HP 15.6Inch G&B HP CAPLHP01 - Đen,Thời Trang,875262,95000,95000,G&B HP,VND,95000,95000
"Balo đựng laptop Miti 15.6 inch siêu nhẹ, chống sốc trượt nước BL3751",Cặp đựng laptop,251258869,529000,529000,Miti,VND,529000,529000
"Túi đựng laptop 13 inch cao cấp GUBAG cho dân công sở, có dây đeo chéo tiện lợi",Cặp đựng laptop,249398634,499000,367000,Gubag,VND,499000,367000
Cặp học sinh đa năng balo đựng laptop 15 inch kẹp dọc viền đôi Shalla H1991,Cặp đựng laptop,202346255,173600,173600,OEM,VND,173600,173600
Cặp Laptop Size 15.6 INCH,Root,149568463,389000,389000,OEM,VND,389000,389000
Túi xách Balo công suất lớn BG-G65oem,Cặp đựng laptop,206085151,1308000,1308000,OEM,VND,1308000,1308000
Túi xách nữ túi da to đựng a4 túi công sở túi đeo vai đựng laptop thời trang,Root,169624793,99000,99000,OEM,VND,99000,99000
"Cặp da, Cặp da nam nữ, cặp giáo viên đựng vừa laptop màn 16 ich",Cặp đựng laptop,185718556,449000,449000,OEM,VND,449000,449000
Cặp Laptop Đa Năng Hasun HS 76,Thời Trang,20018739,439000,439000,Hasun,VND,439000,439000
Balo đi học thời trang Nam nữ chống nước đựng laptop Unisex Season 7 Local Brand Chính Hãng Midori M Studio,Cặp đựng laptop,193533232,650000,650000,Midori,VND,650000,650000
"Cặp xách Laptop, Macbook phối da nhiều ngăn cao cấp",Thời Trang,41350284,299000,299000,OEM,VND,299000,299000
"Cặp đi học nam nữ chống nước basic , túi xách balo đựng laptop đẹp hàng cao cấp cho học sinh cấp 2 -3, sinh viên",Cặp đựng laptop,195479329,287000,287000,OEM,VND,287000,287000
Cặp Balo đa năng Kim Long.Hàng chuẩn xịn bền,Cặp đựng laptop,207400947,479000,479000,OEM,VND,479000,479000
CẶP LAPTOP- CẶP ĐA NĂNG HỌC SINH CẤP 2 VÀ 3 CAO CẤP HẢI ÂU,Root,145134716,285000,285000,OEM,VND,285000,285000
"Túi xách Targus TBT920AP-70 dòng Laptop 14"" Balance EcoSmart Topload with TSA &amp; Sling",Cặp đựng laptop,179140748,2290000,2290000,Targus,VND,2290000,2290000
Cặp công sở đa năng DA BÒ THẬT - BEE GEE CCS5529,Cặp đựng laptop,206205770,1460000,730000,Bee Gee,VND,1460000,730000
Túi đựng laptop đeo chéo LEXON size 15inch - TRACK+ LAPTOP BRIEF - Hàng chính hãng,Root,204029815,1490000,755000,Yifu,VND,1490000,755000
Túi Xách Thời Trang Công Sở Nữ Dành Cho Các Dòng Laptop 13.3''-M401 - Hàng Nhập Khẩu,Cặp đựng laptop,81436803,1050000,1050000,OEM,VND,1050000,1050000
Cặp đa năng Dù Xốp Thái viền ngang kéo đen thời trang Tặng móc khóa nam cao cấp,Thời Trang,66403273,187200,187200,OEM,VND,187200,187200
Túi xách công sở đựng laptop Tresette nhập khẩu Hàn Quốc 5C27 DARKGREEN,Cặp đựng laptop,75539567,2800000,1250000,Tresette,VND,2800000,1250000
Balo thời trang cặp đa năng công nghệ 4.0 LL05 Tặng túi chống sốc laptop,Cặp đựng laptop,85435333,228780,204600,OEM,VND,228780,204600
Balo Unisex Trượt Nước Cao Cấp Có Ngăn Đựng Laptop GADINO - BLTK195,Cặp đựng laptop,204326486,329000,329000,Gadino,VND,329000,329000
Bao Da PU Đựng MacBook Laptop 11/12/13/14/15/15.6 inch Tác Dụng 3 Trong 1 Cao Cấp.,Root,170397958,306249,306249,OEM,VND,306249,306249
Túi Đựng macbook 13 inch chống sốc và các ngăn tiện dụng,Root,143887127,474000,474000,OEM,VND,474000,474000
"Túi đeo dọc Wiwu Vertical 13"" dành cho Macbook, iPad, Surface, Laptop- Hàng chính hãng",Cặp đựng laptop,113932102,700000,548999,WIWU,VND,700000,548999
Cặp Doanh Nhân Lugbro Biz LBC001BK,Thời Trang,45067416,950000,950000,LUGBRO,VND,950000,950000
Balo doanh nhân chống nước cho laptop Xiaomi Business Gen 2 Classic,Cặp đựng laptop,253197663,800000,409000,Xiaomi,VND,800000,409000
CẶP LUGBRO BIZ-KL,Balo và Vali,71671585,989000,989000,LUGBRO,VND,989000,989000
Cặp Laptop DG3005 - Màu Xám,Balo Học Sinh - Cặp học sinh,82938976,420000,357000,Hong Sheng Bags & Design Ltd,VND,420000,357000
Túi đựng Laptop và máy tính bảng thời trang,Cặp đựng laptop,213891995,235000,235000,OEM,VND,235000,235000
Cặp đa băng học sinh đựng lptop 15.6 inch CMS Shalla,Cặp đựng laptop,130469637,243540,217800,Shalla,VND,243540,217800
Cặp đựng laptop TRESETTE Hàn Quốc 5C32 cho nam và nữ,Thời Trang,22548028,2000000,1000000,Tresette,VND,2000000,1000000
Túi đeo laptop đa năng M410 13/14inch,Cặp đựng laptop,191650094,430800,430800,OEM,VND,430800,430800
Cặp công sở đa năng FSD.WG 0078-3 nhiều màu,Cặp đựng laptop,195998491,685000,685000,OEM,VND,685000,685000
Túi xách chống sốc Tomtoc Urban Shoulder Bags cho Macbook / Ultrabook / Surface 13/15 inch - H14 - Hàng Chính Hãng,Cặp đựng laptop,113367228,1520000,1520000,Tomtoc,VND,1520000,1520000
"Cặp công sở canvas da bò thật KALDR , phong cách cá tính nổi bật CS2",Root,151803499,1400000,1400000,OEM,VND,1400000,1400000
"Cặp đi học nam nữ chống nước basic , túi xách balo đựng laptop cao cấp unisex cho học sinh cấp 2 -3, sinh viên",Cặp đựng laptop,195636484,256000,256000,OEM,VND,256000,256000
"Cặp Đeo Laptop Mikkor Glamour Mac GM 13"" 005 - Xanh Ngọc",Thời Trang,476610,221900,221900,Mikkor,VND,221900,221900
Cặp Đựng Laptop ASUS 15.6inch G&B 01 CAPLASUS01 - Đen,Thời Trang,790942,95000,95000,G&B Asus,VND,95000,95000
Túi đựng Laptop 16.4inch chống shock ELECOM ZSB-IBH003PN - Hàng Chính Hãng,Cặp đựng laptop,117443207,441000,330750,Elecom,VND,441000,330750
Cặp laptop chống xốc chất liệu đẹp,Root,121329836,170000,170000,OEM,VND,170000,170000
"Cặp balo đa năng, cặp sách học sinh, cặp xách laptop Xbags Simple",Cặp đựng laptop,181715963,480000,319000,XBags,VND,480000,319000
"Balo - cặp sách Ulzzang Basic Chenhao đi học, đi làm, du lịch, đựng laptop B0165 Unisex nam nữ phong cách thời trang, cá tính",Cặp đựng laptop,136789909,285000,148000,OEM,VND,285000,148000
"Túi Macbook 15 Inch CoolBell chất liệu vải mềm, xanh dương",Root,143888773,598800,598800,OEM,VND,598800,598800
Bao Da PU Đựng MacBook Laptop 11/12/13/14/15/15.6 inch Tác Dụng 3 Trong 1 Cao Cấp.,Root,170395806,344100,344100,OEM,VND,344100,344100
"Cặp đa năng học sinh, túi xách đi học, cặp laptop cao cấp Xbags Simple",Cặp đựng laptop,181908917,480000,480000,XBags,VND,480000,480000
"Cặp đi học đẹp cho nữ và nam, cặp học sinh, cặp nữ giá rẻ cho cả nam và nữ",Root,138661474,130000,130000,OEM,VND,130000,130000
Cặp Laptop Kmore The Enzo Briefcase,Cặp đựng laptop,179951497,649000,649000,Kmore,VND,649000,649000
"Cặp đựng Laptop chống sốc 11""-13""inch colorimac cao cấp siêu dầy N34",Thời Trang,55003834,183270,163900,OEM,VND,183270,163900
Cặp đă năng - Balo Hàn quốc USB sạc công suất lớn phản quan Đen Xám Phối Xéo chống nước kép vào vali tặng móc khóa nam,Balo và Vali,73272996,409959,366630,OEM,VND,409959,366630
CẶP DA KHÓA SỐ DOANH NHÂN.,Cặp đựng laptop,247879090,1110000,1110000,OEM,VND,1110000,1110000
Túi Xách Chống Sốc Tomtoc (USA) Slim HandBag Dành Cho  Macbook Pro/Air 13 A21C01D  ĐEN,Cặp đựng laptop,247063381,780000,658000,Tomtoc,VND,780000,658000
Cặp đựng laptop Lexon CHALLENGER - Hàng chính hãng,Cặp đựng laptop,198077622,1490000,755000,LEXON,VND,1490000,755000
Túi Cặp Văn Phòng Dành Cho Máy Tính 12 Đến 15.6 inch Màu Xám Tinh Tế Giá Tốt,Cặp đựng laptop,197601945,110000,65000,OEM,VND,110000,65000
Balo Phối Lưới Vi Tính SAIGON SWAGGERSGS Meshy Backpack- Ngăn Chống Sốc 15inch,Root,157254403,590000,590000,Saigon Swagger,VND,590000,590000
"Balo - cặp sách Ulzzang nhiều ngăn B0166 Maishidai đi học, đi làm, du lịch, đựng laptop  Unisex nam nữ phong cách thời trang, cá tính",Cặp đựng laptop,136795914,295000,189000,OEM,VND,295000,189000
Cặp học sinh đeo chéo đeo vai 4 kiểu phong cách mới JY4 Tặng móc khóa nam cao cấp,Thời Trang,68303305,158670,141900,OEM,VND,158670,141900
Túi xách chính hãng TOMTOC (USA) Briefcase - A14-E cho Macbook Pro 16 inch/Dell XPS 15/Surface Book,Balo và Vali,178095967,979000,979000,Tomtoc,VND,979000,979000
Cặp xách chống sốc Laptop thương hiệu TARGUS dòng Business Casual,Cặp đựng laptop,150946675,490000,490000,Targus,VND,490000,490000
"Túi xách Rivacase 7532 dành cho laptop 15.6"" Chất liệu Polyester Hàng Chính Hãng",Cặp đựng laptop,179988939,790000,790000,RivaCase,VND,790000,790000
"Cặp da đựng laptop 15,6 inh demnuoc3",Root,165177135,625000,625000,OEM,VND,625000,625000
CẶP LAPTOP - CẶP ĐA NĂNG HỌC SINH CẤP 2 VÀ 3 CAO CẤP KIM LONG (VPP THỊNH PHÁT),Root,145220435,479000,479000,OEM,VND,479000,479000
Cặp kiêm túi chống sốc có quai cho Laptop 15.6 inch Cao Cấp KJ01,Root,142867937,325000,325000,OEM,VND,325000,325000
Cặp đựng laptop 13 đến 15 inch,Cặp đựng laptop,134021884,456000,456000,OEM,VND,456000,456000
Túi xách laptop công sở nam - nữ Mikkor The Ralph Briefcase,Cặp đựng laptop,113583744,690000,690000,Mikkor,VND,690000,690000
"Cặp đa năng, cặp laptop cho học sinh giáo viên công sở",Cặp đựng laptop,148809968,349000,349000,OEM,VND,349000,349000
Cặp laptop sinh viên nam nữ (đen),Root,183038766,79000,79000,OEM,VND,79000,79000
Cặp đựng laptop thời trang CB 2068 17.3'',Cặp đựng laptop,189473588,399000,399000,OEM,VND,399000,399000
Cặp Đeo Laptop Editor Briefcase Mikkor EB 002 - Xanh Lá Mạ,Thời Trang,481273,299000,299000,Mikkor,VND,299000,299000
"Túi xách Laptop 14"" Targus TSS959GL-70 CityLite - Hàng Chính Hãng",Cặp đựng laptop,178742319,1090000,1090000,Targus,VND,1090000,1090000
Balo Mark Ryden Compacto Pro 2020 - AsiaMart,Root,199629565,1252800,1252800,OEM,VND,1252800,1252800
"Cặp đa năng laptop thời trang SUB 15"" inch cao cấp Tặng móc khóa nam siêu bền K2",Thời Trang,68152487,171412,145041,OEM,VND,171412,145041
Balo Laptop AGVA Urban Denim 15.6 inch - Kích thước Ngang 28 x Rộng 13 x Cao 45 cm - màu đen - Mã LTB335 - Bảo hành chính hãng 2 năm,Root,153978895,1050000,577500,AGVA,VND,1050000,577500
Túi xách đựng macbook cao cấp Hot,Root,143886037,1068000,1068000,OEM,VND,1068000,1068000
"Cặp đi học nam nữ  thời trang chống nước, túi xách balo đựng laptop cho học sinh cấp 2 - 3 , sinh viên- Hàng nhập khẩu",Cặp đựng laptop,195288575,283000,283000,OEM,VND,283000,283000
"Cặp Laptop cá tính, siêu ngầu Xbags Success Xb 4001",Cặp đựng laptop,203764781,399000,299000,XBags,VND,399000,299000
Cặp đa năng Sakos FLASH 19,Thời Trang,19378562,740000,740000,Sakos,VND,740000,740000
Cặp đa năng chống xốc cao cấp CMS BL 01 Tặng móc khóa nam,Balo và Vali,72287784,254970,215744,OEM,VND,254970,215744
Ba lô đựng laptop LEXON 2 ngăn size 16inch - CHALLENGER BACKPACK - Hàng chính hãng,Cặp đựng laptop,204007968,2990000,1505000,LEXON,VND,2990000,1505000
Túi đựng tài liệu laptop size 15inch LEXON - CHALLENGER ENVELOP BRIEF - Hàng chính hãng,Cặp đựng laptop,204027426,1490000,755000,LEXON,VND,1490000,755000
Túi đựng laptop Homeeasy 439282,Cặp đựng laptop,155784277,55000,55000,Homeasy,VND,55000,55000
"Túi Wiwu Alpha Laptop Bag 14 inch Dành Cho Laptop, Macbook Hệ Thống Khóa Cực Kì Chắc Chắn, Chống Nước - Hàng Chính Hãng",Cặp đựng laptop,170820342,499000,499000,WIWU,VND,499000,499000
TÚI XÁCH TOMTOC (USA) MESSENGER BAGS MACBOOK 13″ PINK( A45-C01C ) HỒNG,Thời Trang,52284448,1165000,988000,Tomtoc,VND,1165000,988000
"Túi xách chống sốc laptop surface, túi công sở nam nữ đeo chéo cặp đựng laptop",Cặp đựng laptop,249179344,389000,369550,SUZIN,VND,389000,369550
Cặp Laptop CB2089_Màu Đen,Root,149568010,289000,289000,OEM,VND,289000,289000
Túi chống bụi elastic cho laptop 13-inch đến 15-inch SF54,Cặp đựng laptop,99363231,73164,61908,OEM,VND,73164,61908
Cặp di học đa năng nhiều ngăn đựng laptop cao cấp,Cặp đựng laptop,201004164,549000,549000,OEM,VND,549000,549000
Balo laptop nam nữ thời trang hàn quốc Cao Cấp - Balo Nam,Cặp đựng laptop,84152905,390000,390000,OEM,VND,390000,390000
PAN-Túi đựng Macbook 13 icnh AESTHETIC DESIGN,Root,143887123,474000,474000,OEM,VND,474000,474000
Cặp Laptop Simplecarry P Messenger,Thời Trang,48316548,749000,749000,SimpleCarry,VND,749000,749000
"Túi đựng Macbook, Laptop 13, 15 inch UNIQ CAVALIER 2-IN-1 Laptop-Sleeve- Hàng Chính Hãng",Cặp đựng laptop,162594062,814000,814000,UNIQ,VND,814000,814000
túi laptop 14inch,Root,171766514,857000,857000,OEM,VND,857000,857000
Cặp Laptop Đa Năng Hasun HS 94,Cặp đựng laptop,171210723,345000,345000,Hasun,VND,345000,345000
"Cặp xách, chống sốc bảo vệ laptop 13inch nhiều ngăn tiện dụng (Đen)",Thời Trang,11438502,349000,349000,OEM,VND,349000,349000
"Túi Xách Targus TSS978GL-70 Groove X2 Slim Laptops 15"" &amp; MacBook 15""- Hàng Chính Hãng",Cặp đựng laptop,178593465,1390000,1390000,Targus,VND,1390000,1390000
cặp đựng laptop D2 m,Root,171773847,827000,827000,OEM,VND,827000,827000
Cặp laptop sinh viên nam nữ (đen),Root,183041078,79000,79000,OEM,VND,79000,79000
"Cặp laptop, cặp đa năng cho học sinh cấp 2,cấp 3 cao cấp Kim Long",Root,148809207,529000,529000,OEM,VND,529000,529000
Túi xách to công sở- tui xach nu to- giỏ xách to nhiều ngăn,Cặp đựng laptop,192151159,250000,250000,OEM,VND,250000,250000
"Túi đựng Laptop, Macbook CoolBell  15inch có dây đeo",Root,148717549,598800,598800,OEM,VND,598800,598800
CẶP LAPTOP - CẶP ĐA NĂNG HỌC SINH CẤP 2 VÀ 3 CAO CẤP KIM LONG (VPP THỊNH PHÁT),Root,147347910,429000,429000,OEM,VND,429000,429000
Túi xách Laptop 14 inch BESTLIFE Elegant - Túi với Chất liệu Nylon + PU kháng nước - Mã BBC-3464 - Bảo hành Chính hãng 02 năm - Nhiều ngăn tiện dụng,Cặp đựng laptop,153979191,1690000,929500,BESTLIFE,VND,1690000,929500
"Ba lô đi học, đi chơi, đi làm đẹp giá rẻ bất ngờ",Cặp đựng laptop,190681337,59000,59000,OEM,VND,59000,59000
Balo Lenovo Legion Active Gaming Backpack GX41C86982 Hàng chính hãng,Cặp đựng laptop,247830843,1490000,1490000,Lenovo,VND,1490000,1490000
"Cặp đựng laptop  Arctic Hunter GW00015 cho kích thước 14.3 inch - 15.6 inch chống nước, có lớp lót lông chống sốc",Cặp đựng laptop,148850142,635000,325000,ARCTIC HUNTER,VND,635000,325000
Bao Da PU Đựng MacBook Laptop 11/12/13/14/15/15.6 inch Tác Dụng 3 Trong 1 Cao Cấp.,Root,170351194,279000,279000,OEM,VND,279000,279000
Cặp Xách Công Sở Đa Năng KhoNCC Hàng Chính Hãng (Biến Thành Balo) - Có Ngăn Laptop Cho Dân Văn Phòng Đẹp Giá Rẻ - KKT-CDN-2148 (Đen),Cặp đựng laptop,75762919,340000,250000,KHONCC,VND,340000,250000
Túi Laptop N009,Cặp đựng laptop,165963171,194000,194000,OEM,VND,194000,194000
"Cặp đi học nam nữ thời trang basic chống nước, túi xách balo đựng laptop cho học sinh cấp 2 - 3, sinh viên-Hàng nhập khẩu",Cặp đựng laptop,195949818,450500,450500,OEM,VND,450500,450500
Túi Laptop N006,Cặp đựng laptop,165957852,120000,120000,OEM,VND,120000,120000
"Cặp đựng, túi chống sốc macbook, laptop cao cấp đa năng vải chống thấm",Thời Trang,26299690,265000,265000,OEM,VND,265000,265000
Balo Cặp Đựng Máy Tính Xách Tay Laptop Acer Backpack 15.6 Inch - Màu Ngẫu Nhiên - Hàng Chính Hãng,Cặp đựng laptop,221224304,180000,180000,Acer,VND,180000,180000
Cặp Đa Năng Lugbro 3-Way Pro Bag M,Thời Trang,57448114,849000,849000,LUGBRO,VND,849000,849000
Balo nam đi học đi làm đựng laptop 17inch màu đen trơn size lớn 0212,Cặp đựng laptop,198455046,650000,520000,YVan,VND,650000,520000
Túi xách nam nữ cao cấp 208188,Root,172191710,66000,66000,OEM,VND,66000,66000
"Cặp xách nam laptop 4 ngăn tiện dụng có ngăn chống sốc laptop, kèm dây đeo vai bên trong, chất liệu vải dầy bền chắc",Thời Trang,43026690,126000,119700,OEM,VND,126000,119700
"Cặp Xách Laptop RIVACASE 8325 dành cho Laptop 13.3-14"" Hàng Chính Hãng",Cặp đựng laptop,200726521,890000,890000,RivaCase,VND,890000,890000
Cặp đa năng Dù Xốp Thái viền ngang kéo đen thời trang LM/12 Tặng móc khóa nam siêu đẹp,Balo và Vali,72534748,173000,173000,OEM,VND,173000,173000
Balo SAIGON SWAGGER Everyday Backpack-Ngăn Chống Sốc Lap 15inch,Root,157254438,550000,550000,Saigon Swagger,VND,550000,550000
Túi xách chính hãng TOMTOC (USA) Casual - A50-E01 cho MacBook Pro 15-16 inch/Ultrabook 15 inch,Cặp đựng laptop,175830469,1539000,1539000,Tomtoc,VND,1539000,1539000
Balo đựng Laptop 15.6 inch chính hãng SimpleCarry Mattan 2,Cặp đựng laptop,193004391,740000,740000,SimpleCarry,VND,740000,740000
Túi xách chính hãng TOMTOC (USA) Spill-Resistant - A22-D01 cho Macbook Pro 15 inch,Balo và Vali,174665742,929000,929000,Tomtoc,VND,929000,929000
Cặp đa năng cho học sinh cấp 2 và cấp 3 cặp văn phòng đựng laptop,Root,174858493,380000,380000,OEM,VND,380000,380000
Cặp da thật da bò 6851,Cặp đựng laptop,191629763,2999000,2999000,OEM,VND,2999000,2999000
Cặp Laptop Kmore The Brooks Briefcase,Cặp đựng laptop,179930462,550000,550000,Kmore,VND,550000,550000
"Cặp da công sở khổ A4, tặng kèm máy tính bỏ túi",Root,143888523,303552,303552,OEM,VND,303552,303552
Cặp laptop thời trang  ZSB 15.6'',Thời Trang,32842442,450000,450000,OEM,VND,450000,450000
Cặp đa năng The Gibson - Graphite,Cặp đựng laptop,145551435,1390000,1390000,Mikkor,VND,1390000,1390000
"Túi Macbook 15 Inch CoolBell chất liệu vải mềm, xanh dương",Root,143887549,610776,610776,OEM,VND,610776,610776
Cặp Học Sinh Đa Năng Nam Nữ Cấp 2 Cấp 3 Kim Long Kl034 - Thời Trang Ti Ti,Root,129147391,469000,422100,OEM,VND,469000,422100
Cặp đa năng Sakos Flash 13,Thời Trang,21674092,740000,740000,Sakos,VND,740000,740000
"Cặp học sinh, cặp đi học cặp đa năng cấp 2- câp 3 cao cấp kim long",Root,136741637,469000,422100,OEM,VND,469000,422100
Balo Gaming Rog Ranger Backpack BP1501H Dùng Cho Laptop 15inch Đến 17inch,Root,248641398,249000,249000,OEM,VND,249000,249000
Cặp đa năng Kim Long KL016,Cặp đựng laptop,100428164,549000,549000,Kim Long,VND,549000,549000
Cặp laptop sinh viên nam nữ (đen),Root,160831499,79000,79000,OEM,VND,79000,79000
(NEW) CẶP LAPTOP - CẶP ĐA NĂNG HỌC SINH CẤP 2 VÀ 3 CAO CẤP VSTY,Root,145134818,279000,279000,OEM,VND,279000,279000
CẶP LAPTOP- CẶP ĐA NĂNG HỌC SINH CẤP 2 VÀ 3 CAO CẤP HẢI ÂU,Cặp đựng laptop,153654837,285000,285000,OEM,VND,285000,285000
Cặp Laptop Xbags Success Xb 4001,Cặp đựng laptop,203770076,399000,399000,XBags,VND,399000,399000
Cặp Đeo Laptop Editor Briefcase Mikkor EB 009 - Đỏ,Thời Trang,481296,299000,299000,Mikkor,VND,299000,299000
Cặp đa năng nhiều ngăn KL201- 735NBLKL201 ( màu đen -(40x16x30cm),Cặp đựng laptop,163722601,449000,449000,OEM,VND,449000,449000
Túi Đựng Laptop 11.6inch ELECOM BM-IBPT11BK - Hàng chính hãng,Cặp đựng laptop,150603767,392000,392000,Elecom,VND,392000,392000
Cặp tóc đa năng Hàn Quốc kiểu chun co giãn siêu tốt,Root,164947063,69000,69000,OEM,VND,69000,69000
Túi đeo chéo Solo 10.2 inch - STM751 (Đen xám) - Kích thước Cao 31 x Ngang 26 x 5 cm - Túi Bảo hành chính hãng 05 năm,Cặp đựng laptop,153979237,890000,667500,Solo,VND,890000,667500
"Cặp Văn Phòng . Cặp Da Công Sở Cao Cấp PUANDA  ,Chất liệu Da Cao Cấp ,Đựng Laptop ,Chống nước,Vệ sinh dễ dàng",Root,219410651,950000,950000,OEM,VND,950000,950000
"Túi xách Rivacase 7921 dành cho Laptop 13.3"" - 14"" Chất Liệu Polyesster Hàng Chính Hãng",Cặp đựng laptop,179941531,889000,889000,RivaCase,VND,889000,889000
"cặp số đựng laptop , cặp lãnh đạo D1 đen",Root,171772893,827000,827000,OEM,VND,827000,827000
"Balo Laptop, Cặp Đựng Laptop 15.6 inch Đẹp Và chống sốc, rất đa năng, tiện lợi.",Root,170316794,210000,210000,OEM,VND,210000,210000
"Cặp đa năng laptop kiểu Novo 15"" - 15,6"" inch thời trang hàn quốc CB5 tặng móc khóa nam cao cấp",Thời Trang,68142663,221000,187000,OEM,VND,221000,187000
Túi Đựng macbook 13 inch chống sốc và các ngăn tiện dụng,Root,143889447,483480,483480,OEM,VND,483480,483480
Cặp công sở văn phòng đựng laptop đeo chéo mẫu mới ngang đỏ trên LL052 Tặng túi chống sốc laptop,Cặp đựng laptop,86135584,234000,198000,OEM,VND,234000,198000
"Cặp đa năng cao cấp, cặp sách học sinh trung học, cặp laptop  Xbags Simple",Cặp đựng laptop,181746016,480000,389000,XBags,VND,480000,389000
Túi Xách Rivacase 7532 Kích Thước Laptop 15.6 Inch - Hàng Chính Hãng,Cặp đựng laptop,200693076,790000,790000,RivaCase,VND,790000,790000
Cặp dù gai chống nước cao cấp. chống xốc cho laptop,Cặp đựng laptop,121330370,140000,140000,OEM,VND,140000,140000
"Túi Xách Rivacase 7931 Dành Cho Laptop 15.6"" Hàng Chính Hãng",Cặp đựng laptop,200723625,950000,950000,RivaCase,VND,950000,950000
"Cặp xách đựng laptop 15.6 inch chất liệu vải dù kèm lớp lót PE chống xước, chống sốc, chống nước cao cấp TUI21",Cặp đựng laptop,171817376,199000,199000,OEM,VND,199000,199000
Cặp đa năng kẹp dọc viền đôi LM45 tặng móc khóa A1,Balo và Vali,72770584,215496,215496,OEM,VND,215496,215496
Túi xách cặp đựng Laptop TRESETTE Hàn Quốc 5C13,Thời Trang,22487563,2100000,1050000,Tresette,VND,2100000,1050000
Túi xách đựng Macbook 13.3Inch Cao cấp,Root,148716698,1068000,1068000,OEM,VND,1068000,1068000
Balo máy tính cao cấp GOLF,Cặp đựng laptop,188718532,1393200,1393200,Golf,VND,1393200,1393200
Cặp đựng laptop vải chống nước,Cặp đựng laptop,134917617,355000,355000,OEM,VND,355000,355000
Balo đựng laptop 15.6inch Bopai siêu mỏng nhẹ,Root,196070004,1392012,1392012,OEM,VND,1392012,1392012
Balo đựng laptop kiêm cặp xách tay 2in1 thông minh Mark Ryden MOCHILA,Root,196075136,1260000,1260000,OEM,VND,1260000,1260000
"Cần tây Hồng Sâm Lan Chi : đào thải đọc tố, tăng cường sức khỏe, tốt cho hệ tiêu hóa, đường ruột",Cặp đựng laptop,159964954,400000,400000,OEM,VND,400000,400000
Túi Đựng macbook 13 inch chống sốc và các ngăn tiện dụng,Root,143888129,540000,540000,OEM,VND,540000,540000
cặp đi học nữ siêu dễ thương có tặng móc khóa ngộ nghĩnh,Cặp đựng laptop,190681311,69000,69000,OEM,VND,69000,69000
Cặp đa năng nhiều ngăn KL033 màu đen ( 735NBLKL033 ) - (40x14x30cm),Cặp đựng laptop,163716973,465000,465000,OEM,VND,465000,465000
"Túi Cặp Xách Đựng Laptop 15 , 16inch Vải Dù Chống Thấm Nước Khóa Chéo . Hàng Cao Cấp TUI-102",Cặp đựng laptop,191657107,159000,159000,OEM,VND,159000,159000
Bao Da PU Đựng MacBook Laptop 11/12/13/14/15/15.6 inch Tác Dụng 3 Trong 1 Cao Cấp.,Root,170316829,279000,279000,OEM,VND,279000,279000
"CẶP ĐA NĂNG MR VUI CNV414 MANG ĐƯỢC 3 KIỂU: ĐEO VAI, ĐEO CHÉO VÀ XÁCH TAY",Cặp đựng laptop,127348523,675000,573750,MRVUI,VND,675000,573750
"Cặp học sinh, cặp đi học cặp đa năng cấp 2- câp 3 cao cấp kim long",Root,148809201,399000,399000,OEM,VND,399000,399000
Cồn Loang trắng Vinimay,Root,206473536,27000,27000,OEM,VND,27000,27000
Balo máy tính GOLF phong cách doanh nhân thời thượng,Cặp đựng laptop,188713624,1285200,1285200,Golf,VND,1285200,1285200
"Cặp laptop đa năng, có quai đeo balo, quai đeo chéo Kim Long đen",Root,145134411,549000,549000,OEM,VND,549000,549000
Cặp đa năng The Gibson - Dark Navy,Cặp đựng laptop,145551276,1390000,1390000,Mikkor,VND,1390000,1390000
"Cặp sách đa năng học sinh, cặp xách laptop Xbags Simple",Cặp đựng laptop,181791524,344000,344000,XBags,VND,344000,344000
Bao da Laptop Sleeve đa năng - Home and Garden,Root,195341332,540000,540000,OEM,VND,540000,540000
Túi xách Macbook - Laptop Cartinoe London style màu xanh từ 11.6 - 13.3inch,Root,105041136,540000,540000,OEM,VND,540000,540000
"{ xả kho } Cặp nhựa học thêm cho các bạn học sinh cấp 1,cặp đi học thêm",Cặp đựng laptop,178744332,45900,45900,OEM,VND,45900,45900
Túi đeo chéo AGVA Traveller Crossbody 12 LTB362 Kích thước Ngang 22x Rộng 7.5 x Cao 39.5 cm Phù hợp Ipad 11 inch trở lên,Root,153979164,850000,467500,AGVA,VND,850000,467500
"Cặp đi học nam nữ chống nước basic , túi xách balo đựng laptop cao cấp unisex cho học sinh cấp 2 -3, sinh viên",Cặp đựng laptop,195624273,391000,391000,OEM,VND,391000,391000
Cặp Laptop Đa Năng Hasun HS 79,Thời Trang,15596139,389000,389000,Hasun,VND,389000,389000
"Túi Xách Laptop RIVACASE 8823 13.3 inch Chất Liệu Polyester, Polyurethane  Hàng Chính Hãng",Cặp đựng laptop,200729399,1490000,1490000,RivaCase,VND,1490000,1490000
"Cặp đựng laptop, dell, hp",Root,167649546,100000,100000,OEM,VND,100000,100000
"Túi xách laptop Elecom BM-IBOF13 off toco dành cho laptop 13,3 inch, chống thấm",Cặp đựng laptop,117443210,686000,514500,Elecom,VND,686000,514500
(Giá Gốc BALO LAPTOP SIÊU RỘNG DU LỊCH NAM NỮ CHẤT LƯỢNG ĐI HỌC ĐI LÀM 4 TẦNG RỘNG NHIỀU MÀU - MP19,Cặp đựng laptop,121329391,169000,169000,OEM,VND,169000,169000
Túi xách da thật dành cho Laptop-Macbook 13-14inch -M258 (có quai đeo chéo),Balo và Vali,72663538,1300000,1300000,OEM,VND,1300000,1300000
Cặp Laptop Xbags Success Xb 4001,Cặp đựng laptop,203765575,399000,319000,XBags,VND,399000,319000
Túi Xách Rivacase 7921 Dành Cho Laptop 13.3 - 14 Inch| Chất Liệu Polyester| Hàng Chính Hãng,Cặp đựng laptop,200721591,890000,890000,RivaCase,VND,890000,890000
"Túi đựng laptop và macbook 13 & 13,3 inch",Cặp đựng laptop,114880299,320000,288000,ANANSHOP688,VND,320000,288000
"Cặp đựng laptop 15.6 inch cao cấp, đi làm dành cho dân phòng, công sở, đủ size từ 13 - 16 inch",Cặp đựng laptop,220681238,439000,329000,Gubag,VND,439000,329000
Cặp đa năng cao cấp hình học mẫu mới KK01 Tặng móc khóa A7,Cặp đựng laptop,75765247,268658,227326,OEM,VND,268658,227326
Cặp đựng laptop TRESETTE nhập khẩu Hàn Quốc 5C22 cho nam và nữ,Thời Trang,22615890,2484000,1700000,Tresette,VND,2484000,1700000
Túi xách chính hãng TOMTOC (USA) Briefcase - A14-B cho Macbook Pro/Air 13 inch/Surface Go/Dell XPS 13 inch,Balo và Vali,178099293,939000,939000,Tomtoc,VND,939000,939000
"Túi Xách Nam Nữ Công Sở, Cặp Đựng Laptop 17 Inch LAZA TX471",Cặp đựng laptop,72578023,199000,199000,OEM,VND,199000,199000
"Túi đựng mỹ phẩm, túi đựng đồ du lịch bằng nhựa PVC trong suốt hoạ tiết gấu hoạt hình",Root,207419440,150000,110000,OEM,VND,150000,110000
"Túi đựng mỹ phẩm Phong cách Hàn Quốc dễ thương -  Túi du lịch trong suốt, chống nước",Root,217318936,150000,80000,OEM,VND,150000,80000
"Set 7 túi đựng đồ, phân loại đồ tiện lợi khi mang theo du lịch",Root,207419392,250000,199000,OEM,VND,250000,199000
"Bộ cốc du lịch mạ vàng có tay cầm, Cốc đánh răng, đựng khăn rửa mặt tiện dụng đi công tác",Root,207417252,90000,60000,OEM,VND,90000,60000
"Túi đựng mỹ phẩm Phong cách Hàn Quốc- Túi du lịch trong suốt, chống nước",Root,207419584,150000,110000,OEM,VND,150000,110000
"Túi phụ kiện vải, tiên ích đựng dụng cụ SAKOS POKE",Balo và Vali,182774352,60000,39000,Sakos,VND,60000,39000
"Túi đựng mỹ phẩm, đồ vệ sinh cá nhân gấp gọn tiện dụng cho nam nữ, Túi đựng đồ mỹ phẩm, túi đựng đồ trang điểm, túi đựng đồ cá nhân đi du lịch - chính hãng dododios",Phụ kiện du lịch khác,213914433,98000,93100,dododios,VND,98000,93100
"Dây nhựa đeo khẩu trang,mắt kính màu sắc Rainbow",Phụ kiện du lịch khác,194816086,25545,25545,OEM,VND,25545,25545
"[Loại Dày] Set 2 Túi Vải Đựng Giày, Đồ Du Lịch Đa Năng Có Dây Rút, Chống Thấm Nước",Phụ kiện du lịch khác,204090483,29000,29000,NAVIVU,VND,29000,29000
"Túi đựng đồ cá nhân, mỹ phẩm và đồ trang điểm chia nhiều ngăn - Màu Xanh - Chính hãng dododios",Phụ kiện du lịch khác,213942401,99000,94050,dododios,VND,99000,94050
"Bịt Mắt Bamozo Lụa Satin Cao Cấp, Dây Đeo Điều Chỉnh Không Đè Nén Áp Lực Lên Mắt",Phụ kiện du lịch khác,203468708,45000,29000,BAMOZO,VND,45000,29000
"Túi cá nhân Chatelet Air 2.0: Khoang chứa rộng rãi, tổ chức nội thất thông minh với nhiều ngăn và túi Chất liệu vải lót không thấm nước",Phụ kiện du lịch khác,190463300,2500000,1750000,DELSEY,VND,2500000,1750000
Địu 4 tư thế cho bé êm ái thoáng khí an toàn-HH086,Root,195151068,99000,99000,OEM,VND,99000,99000
Lọ chiết mỹ phẩm Bamozo Mini Tiện Dụng,Phụ kiện du lịch khác,253043960,25000,9000,BAMOZO,VND,25000,9000
"Bao Da PU Cao Cấp Đựng Passport, Hộ Chiếu Với 6 Màu Siêu Đẹp, Sang Trọng. Hàng Có Sẵn",Phụ kiện du lịch khác,194020028,95000,95000,OEM,VND,95000,95000
Bộ Chiết Mỹ Phẩm Du Lịch 5 Món,Phụ kiện du lịch khác,146492792,51000,51000,OEM,VND,51000,51000
"Túi lụa mờ dây rút ,túi rút dây đựng quần áo,giầy dép, đồ lót chống nước hình gấu G412-TuiGauDR",Phụ kiện du lịch khác,204877760,3000,3000,OEM,VND,3000,3000
"[ Độc quyền KOSshop] - Túi trùm Vali đòn gánh SG- vải thun cao cấp - bảo vệ vali chống trầy xước, dễ dàng nhận diện vali tại sân bay",Phụ kiện du lịch khác,261983360,450000,450000,KOS,VND,450000,450000
Bộ chiết mỹ phẩm du lịch 7 món,Phụ kiện du lịch khác,166072965,24400,23180,OEM,VND,24400,23180
Túi đựng mỹ phẩm có  dạng hộp trong suốt BAMOZO,Phụ kiện du lịch khác,203467832,130000,29000,BAMOZO,VND,130000,29000
(Giá sale) Bộ chiết mỹ phẩm 7 món,Balo và Vali,144332153,84111,84111,OEM,VND,84111,84111
Túi đeo đùi GIVI EA139,Phụ kiện du lịch khác,191576208,380000,380000,GIVI,VND,380000,380000
"DÂY ĐEO KHẨU TRANG, MẮT KÍNH 2 MÀU XANH TRẮNG KẾT HỢP CHARM CARO",Phụ kiện du lịch khác,195659336,28000,28000,OEM,VND,28000,28000
Bộ chiết mỹ phẩm 7 món túi zip,Root,172658627,63000,63000,OEM,VND,63000,63000
Set 5 bình chiết mỹ phẩm du lịch mini cao cấp phong cách Hàn Quốc SP004010 - SHOP10K,Phụ kiện du lịch khác,194458348,59000,59000,OEM,VND,59000,59000
"Dây Đeo Mắt Kính Acrylic Chống Thất Lạc Đa Năng Họa Tiết Doraemon,Doraemi",Phụ kiện du lịch khác,195660462,35000,33250,OEM,VND,35000,33250
Bộ Chiết Mỹ Phẩm Du Lịch Tiện Dụng,Root,144754654,38000,38000,OEM,VND,38000,38000
"(Hình trụ) Lọ chiết nước hoa thủy tinh, chai đựng, vỏ chiết nước hoa dạng vòi xịt hình trụ dung tích 10ml",Phụ kiện du lịch khác,194415080,12000,12000,OEM,VND,12000,12000
Bộ Chiết Mỹ Phẩm 3 Lọ 60ml Bằng Nhựa Dẻo Loại Tốt Dễ Bóp Dành Cho Du Lịch,Balo và Vali,193883485,58000,58000,OEM,VND,58000,58000
Set 6 túi du lich 1 mặt lưới tiện lợi phân loại đồ khi mang đi du lịch,Root,207417073,200000,150000,OEM,VND,200000,150000
Túi hút chân không đựng quần áo TAIKONGE túi đựng chăn ga dùng bơm tay bơm điện sử dụng nhiều lần,Phụ kiện du lịch khác,215869959,16900,16900,OEM,VND,16900,16900
"Túi Đựng Quần Áo, Chăn Ga, Thú Bông Cỡ Lớn Có Khóa Kéo ghi tên túi đựng",Root,207418557,160000,120000,OEM,VND,160000,120000
Bộ Chiết Mỹ Phẩm Du Lịch,Root,173733798,34000,34000,OEM,VND,34000,34000
Bộ 3 túi vải đa năng Philips - Xanh dương,Phụ kiện du lịch khác,189617894,200000,200000,Philips,VND,200000,200000
"Xe điện đa tiện ích ngả nằm Lucass XE-110LA - Dành cho người già và khuyết tật, nâng hạ bằng thủy lực",Phụ kiện du lịch khác,225231690,18900000,11350000,Lucass,VND,18900000,11350000
Cath Kidston - Túi đựng mỹ phẩm/Zip Cosmetic Bag - Sweet Pea Stripe Small - Yellow -1042641,Phụ kiện du lịch khác,199103354,899000,629000,Cath Kidston,VND,899000,629000
"Túi du lịch tinh tế đựng đồ dùng cá nhân, mỹ phẩm, đi tập gym cho nam vải Polyester Oxford Men Stay Simplicity",Phụ kiện du lịch khác,190860872,179000,179000,Men Stay Simplicity,VND,179000,179000
Túi Đựng mỹ Phẩm Hai Ngăn Bamozo Washbag Có Tay Cầm Tiện Dụng,Phụ kiện du lịch khác,253360708,150000,79000,BAMOZO,VND,150000,79000
Cath Kidston - Túi đựng mỹ phẩm/Classic Cosmetic Case - Self Care - Blue/Grey -1042467,Phụ kiện du lịch khác,199103491,899000,629000,Cath Kidston,VND,899000,629000
"Túi Da Đựng Đồ Mỹ Phẩm Lớn,Túi Đựng Đồ Trang Điểm Cá Nhân Du Lịch Cao Cấp, Bền Đẹp Chắc Chắn - HÀNG CHÍNH HÃNG MINIIN",Phụ kiện du lịch khác,248740144,79000,79000,MINIIN,VND,79000,79000
Túi Zip Lụa Mờ Có Khóa Kéo Loại Có Lỗ Khí Size To Size Nhỏ Dày Dai Mềm Mịn,Balo và Vali,154165283,5000,5000,OEM,VND,5000,5000
Túi Phụ Kiện RIVACASE 5631  Hàng Chính Hãng,Phụ kiện du lịch khác,200689209,349000,349000,RivaCase,VND,349000,349000
"Vỏ bọc bảo vệ vali du lịch chất liệu nhựa PVC dày trong suốt chống chầy xước, chống lửa, chống nước nhiều kích thước",Root,206291484,47000,47000,OEM,VND,47000,47000
"Set 9 Túi đựng đồ lót, mỹ phẩm, phụ kiện đi du lịch công tác đa năng tiện lợi màu xám và be",Phụ kiện du lịch khác,215998852,628000,376800,OEM,VND,628000,376800
Bộ Chiết Mỹ Phẩm Du Lịch Phong Cách Hàn Quốc Màu Hồng Siêu Xinh Tiện Dụng,Phụ kiện du lịch khác,225920121,54900,54900,OEM,VND,54900,54900
"Túi đựng mỹ phẩm, túi đựng đồ du lịch",Root,248889483,89999,89999,OEM,VND,89999,89999
Túi hộp cứng chất lượng tốt,Phụ kiện du lịch khác,190463779,350000,350000,OEM,VND,350000,350000
Địu 4 tư thế cho bé êm ái thoáng khí an toàn-HH086,Root,195151572,96000,96000,OEM,VND,96000,96000
Túi đựng hộp cơm hình vuông logo COBA'COOK- Giấy bạc giữ nhiệt và 2 khóa kéo tiện dụng-CBS,Phụ kiện du lịch khác,193223684,213000,106500,COBA'COOK,VND,213000,106500
Cath Kidston - Túi đựng mỹ phẩm/Zip Cosmetic Bag - Pomegranate - Cream -1049602,Root,199103385,769000,539000,OEM,VND,769000,539000
"Vỏ Bọc bảo vệ thẻ căn cước, thẻ sinh viên, bằng lái xe, thẻ nhân viên,....trong suốt, không thấm nước",Root,194860666,1299,1000,OEM,VND,1299,1000
Bộ Chiết Mỹ Phẩm Du Lịch 10 Món Loại To,Phụ kiện du lịch khác,168496590,110600,110600,OEM,VND,110600,110600
Bộ Chiết Mỹ Phẩm Du Lịch 5 Món,Root,181219748,87000,77000,OEM,VND,87000,77000
"Túi đựng mỹ phẩm nhựa PVC dẻo trong suốt, chống thấm nước, túi trang điểm, đựng đồ vệ sinh cá nhân tiện lợi cầm tay hoặc đem đi du lịch IDIGO FP5-1101",Phụ kiện du lịch khác,214710805,270000,135000,IDIGO,VND,270000,135000
"5 vỏ bọc bảo vệ thẻ căn cước, thẻ sinh viên, bằng lái xe, thẻ nhân viên, thẻ ATM",Root,194860512,5500,5500,OEM,VND,5500,5500
Bộ Chiết Mỹ Phẩm Du Lịch Tiện Dụng,Root,169655790,38000,38000,OEM,VND,38000,38000
"Túi đựng thuốc, đồ dùng, dụng cụ sơ cứu y tế tiện lợi chống thấm nước",Phụ kiện du lịch khác,214636471,68000,68000,OEM,VND,68000,68000
Túi đựng hộp cơm hình vuông logo COBA'COOK- Giấy bạc giữ nhiệt và 2 khóa kéo tiện dụng-CBS,Phụ kiện du lịch khác,190299469,213000,106500,OEM,VND,213000,106500
Túi Đeo Chéo Tomtoc (USA) A0532D1 Đựng Phụ Kiện G-Sling Bag Nintendo Switch,Phụ kiện du lịch khác,197170052,999000,840000,Tomtoc,VND,999000,840000
"Túi đựng đồ lót đi du lịch, Túi Đựng áo ngực, Đồ Lót Đi Du Lịch Nhiều Ngăn Nhỏ Gọn Không Thấm Nước Tiện Dụng, hộp vải đựng đồ đa năng, tủ vải quần áo, hộp vải chia ngăn - Hãng dododios - Màu Xanh",Phụ kiện du lịch khác,212561048,99000,94050,dododios,VND,99000,94050
Bịt Mắt Gấu Trúc Cute Nhiều Mẫu (giao ngẫu nhiên) - HT,Phụ kiện du lịch khác,193767648,15000,15000,OEM,VND,15000,15000
Túi đeo thắt lưng Rivacase 7614 Hàng Chính Hãng,Phụ kiện du lịch khác,200702327,590000,590000,RivaCase,VND,590000,590000
"Hộp đựng bàn chải đánh răng , kem đánh răng tiện lợi khi mang đi du lịch dã ngoại - MUDU",Root,207417833,150000,90000,OEM,VND,150000,90000
Túi simili đựng hộp cơm hình vuông logo COBA'COOK- Giấy bạc giữ nhiệt và 2 khóa kéo tiện dụng-SS,Phụ kiện du lịch khác,190299253,259000,155400,COBA'COOK,VND,259000,155400
PHẾU CHIẾT MỸ PHẨM MINI - SIÊU TIỆN LỢI,Root,144511128,2800,2800,OEM,VND,2800,2800
Túi Đựng Mỹ Phẩm / Đồ Trang Điểm Du Lịch Chống Thấm Nước Washbag Trong Suốt Moc68shop,Root,194860525,35900,35900,OEM,VND,35900,35900
Cath Kidston - Túi đựng đồ dùng nhà tắm/Two Part Wash Bag - Self Care - Blue/Grey -1042696,Phụ kiện du lịch khác,199103625,1399000,979000,Cath Kidston,VND,1399000,979000
10 hũ 50g chiết mỹ phẩm,Phụ kiện du lịch khác,155773326,60000,60000,OEM,VND,60000,60000
[HB Gift] Túi quà tặng Dr ForHair,Phụ kiện du lịch khác,216231999,50000,50000,Dr.FORHAIR,VND,50000,50000
[PHỤ KIỆN] Dây Sạc Lưỡi Cắt Tông Đơ,Phụ kiện du lịch khác,197828310,35000,35000,OEM,VND,35000,35000
"2 Vỏ Bọc bảo vệ thẻ căn cước, thẻ sinh viên, bằng lái xe, thẻ nhân viên, thẻ ATM",Root,194860500,1999,1899,OEM,VND,1999,1899
Túi Đựng Đồ Lót Đi Du Lịch Nhiều Ngăn Nhỏ Gọn Không Thấm Nước Tiện Dụng - Màu Đen - Chính hãng dododios,Phụ kiện du lịch khác,212561916,94000,89300,dododios,VND,94000,89300
Túi đựng đồ lót tiện dụng Miley Lingerie - Giao ngẫu nhiên,Phụ kiện du lịch khác,197143444,70000,66500,Miley Lingerie,VND,70000,66500
"Túi đựng mỹ phẩm trong suốt chuyên dụng, túi lưới đựng đồ vệ sinh cá nhân mang theo du lịch, đi tập gym IDIGO FM4-1100",Phụ kiện du lịch khác,214788954,250000,125000,IDIGO,VND,250000,125000
Túi bao tử unisex Cali Cross Bag chính hãng NATOLI nhiều ngăn chống nước thời trang đơn giản cao cấp,Phụ kiện du lịch khác,247940508,313000,313000,NATOLI,VND,313000,313000
Bộ 3 Lọ Chiết Nước Hoa Nhỏ Gọn Và Tiện Dụng chiết từ đáy lên,Balo và Vali,90109923,99000,99000,OEM,VND,99000,99000
Túi đựng phụ kiện du lịch cao cấp Port Kitt - Boundary Supply - Hàng chính hãng,Phụ kiện du lịch khác,205378308,2480000,2480000,Boundary,VND,2480000,2480000
"Hộp đựng bàn chải đánh răng , kem đánh răng tiện lợi khi mang đi du lịch dã ngoại",Root,207419522,70000,70000,OEM,VND,70000,70000
Cath Kidston - Túi đựng mỹ phẩm/Beauty Organiser Roll - Pomegranate - Cream -1049626,Phụ kiện du lịch khác,199103449,1499000,749500,Cath Kidston,VND,1499000,749500
"Túi vải đeo chéo nhỏ gọn, nhiều ngắn ONWAYS phù hợp chạy bộ, trekking",Phụ kiện du lịch khác,203392840,399000,399000,OnWays,VND,399000,399000
"Bộ Chiết Mỹ Phẩm 7 Món Kèm Túi Zip đựng xinh xắn, gọn nhẹ, tiện dụng",Root,164061532,63621,63621,OEM,VND,63621,63621
"10 Vỏ Bọc bảo vệ thẻ căn cước, thẻ sinh viên, bằng lái xe, thẻ nhân viên",Root,194860447,10000,10000,OEM,VND,10000,10000
Bộ ví cá nhân nữ hạng thương gia Emirates,Phụ kiện du lịch khác,220668734,250000,250000,OEM,VND,250000,250000
Túi Đựng Xếp Gọn Túi Du Lịch Đựng Đồ Dơ Túi Đi Chợ Tái Sử Dụng Được Nhiều Lần GIAO MÀU NGẪU NHIÊN 142,Phụ kiện du lịch khác,214168689,25000,25000,OEM,VND,25000,25000
Túi Đựng Đồ Mỹ Phẩm Đi Du Lịch Sang Trọng Gọn Gàn,Root,248546151,89000,89000,OEM,VND,89000,89000
"Túi xách du lịch, túi du lịch đa năng nhiều ngăn phong cách thể thao Picano P6569",Root,254019066,600000,600000,OEM,VND,600000,600000
Túi đựng mỹ phẩm/ Classic Make Up Case - Pinball Ditsy,Root,252798008,699000,699000,Cath Kidston,VND,699000,699000
Cath Kidston - Túi đựng mỹ phẩm/Classic Make Up Case - Kingdom Posey - Navy -1042542,Root,199103613,799000,559000,OEM,VND,799000,559000
Túi Vải Đựng Giày Dép Dây Rút Chống Bẩn Du Lịch Size Lớn Với Họa Tiết Thiết Kế Đẹp Mắt,Root,248330063,4900,4900,OEM,VND,4900,4900
Cath Kidston - Túi đựng mỹ phẩm/Classic Cosmetic Case - Bee & Heart - Yellow -1042474,Phụ kiện du lịch khác,199103169,899000,629000,Cath Kidston,VND,899000,629000
Túi Đựng Giày Mia Pack-it shoes bag II S Orange,Phụ kiện du lịch khác,252576355,149000,149000,Kakashi,VND,149000,149000
[Lập Trình Nhúng A-Z][59] Mạch Khuếch Đại Âm Thanh PAM8403 2x3W 5V,Root,262916043,6000,6000,OEM,VND,6000,6000
[Lập Trình Nhúng A-Z][62] Module Màn Hình Nokia 5110 LCD Loại Tốt,Root,262916039,80000,80000,OEM,VND,80000,80000
[Lập Trình Nhúng A-Z][115] Bảng Mạch IIC / I2C Lcd1602 2004A,Root,262974227,25000,25000,OEM,VND,25000,25000
[Lập Trình Nhúng A-Z][103] Module Màn Hình OLed 0.96 Inch IIC,Phụ kiện du lịch khác,262974899,60000,60000,OEM,VND,60000,60000
Cath Kidston - Túi đựng mỹ phẩm/Classic Make Up Case - Marble Hearts Ditsy - Pink -1042504,Root,199103285,799000,559000,OEM,VND,799000,559000
[Lập Trình Nhúng A-Z][121] Board Arduino Uno R3 ATmega328P,Root,262974243,245000,245000,OEM,VND,245000,245000
[Lập Trình Nhúng A-Z][110] Cảm Biến JoyStick PS2,Root,262974210,11000,11000,OEM,VND,11000,11000
[Lập Trình Nhúng A-Z][118] Module Mạch Hạ Áp 5V Sang 3.3V AMS1117,Phụ kiện du lịch khác,262974946,7000,7000,OEM,VND,7000,7000
[Lập Trình Nhúng A-Z][118] Module Cảm Biến Phát Tia Laser 5V (Màu Đỏ),Root,262974178,12000,12000,OEM,VND,12000,12000
[Lập Trình Nhúng A-Z][117] Bàn Phím Ma Trận Keypad 4*4/1*4/3*4/4*5,Phụ kiện du lịch khác,262974908,13000,13000,OEM,VND,13000,13000
[Lập Trình Nhúng A-Z][110] Module Điều Khiển Hồng Ngoại Từ Xa,Root,262974157,20000,20000,OEM,VND,20000,20000
[107] Kit Wifi Esp32 Chip CP2102 30P,Root,262974209,36000,36000,OEM,VND,36000,36000
"[G2] Dây Máy In, Cáp Nạp Arduino",Root,263025642,12000,12000,OEM,VND,12000,12000
[5] Module Nút Nhấn KY-004,Root,263026543,6000,6000,OEM,VND,6000,6000
Hộp Đựng Linh Kiện F0 (Hộp Ghép Đa Năng)/ Giá 1 hộp,Root,263026774,19000,19000,OEM,VND,19000,19000
Pin 9V Mẫu Ngẫu Nhiên,Root,263026365,4500,4500,OEM,VND,4500,4500
[G5] Động Cơ Bước 17HS8401B,Root,263027175,190000,190000,OEM,VND,190000,190000
[G5] Thiết Hàn TY-v866,Root,263026012,40000,40000,OEM,VND,40000,40000
LCD1602 Xanh Lá 5V,Root,263025581,35000,35000,OEM,VND,35000,35000
Module Đọc Thẻ Nhớ Micro SD/Micro SDHC SPI,Root,263026413,25000,25000,OEM,VND,25000,25000
[Lập Trình Nhúng A-Z][138] IC Nguồn 7805 7809 7812 7815 7905 7912 7915 LM317,Root,263026112,4000,4000,OEM,VND,4000,4000
Đồng Hồ Đo Vạn Năng,Root,263027375,130000,130000,OEM,VND,130000,130000
[Lập Trình Nhúng A-Z][145] Module Khuếch Đại Âm Thanh PAM8403 2x3W 5V Có Volume Điều Chỉnh Âm Lượng,Root,263025708,20000,20000,OEM,VND,20000,20000
[Lập Trình Nhúng A-Z][144] Jack Nguồn DC-022B 5.5*2.1mm ( Có Cao Su Chống Nước),Root,263025748,2400,2400,OEM,VND,2400,2400
[Lập Trình Nhúng A-Z][141] Ốc Siết Cáp Nhựa Chống Nước PG7 PG9 PG11,Root,263025700,1200,1200,OEM,VND,1200,1200
[Lập Trình Nhúng A-Z][147] Module Nút Nhấn Button,Root,263025681,8000,8000,OEM,VND,8000,8000
[Lập Trình Nhúng A-Z][140] Mạch Nạp ESP8266 ESP-01 CH340 USB to ESP8266 ESP01,Phụ kiện du lịch khác,263063126,24000,24000,OEM,VND,24000,24000
[Lập Trình Nhúng A-Z][154] Công Tắc Vô Cấp EC11 20mm 5 Chân,Root,263025731,10500,10500,OEM,VND,10500,10500
[Lập Trình Nhúng A-Z][150] Nút Nhấn Đề Nhấn Nhả DS-318 12mm,Root,263026343,7000,7000,OEM,VND,7000,7000
[Lập Trình Nhúng A-Z][150] Relay HK4100F 6 Chân 3A 5V/12V/24V,Root,263025517,7500,7500,OEM,VND,7500,7500
[Lập Trình Nhúng A-Z][153] Nút Nhấn Giữ DS-428 12mm,Root,263026350,4000,4000,OEM,VND,4000,4000
[Lập Trình Nhúng A-Z][156] Quạt Tản Nhiệt 5V 3010 (3x3x1cm) Cho Raspberry Pi Bao Gồm Ốc Vít,Root,263026022,27000,27000,OEM,VND,27000,27000
[Lập Trình Nhúng A-Z][G18] Mạch Thu Phát WiFi ESP8266 ESP-07,Root,263027128,46000,46000,OEM,VND,46000,46000
[Lập Trình Nhúng A-Z][G16] Hộp Gồm 140 Dây Cắm Board Test,Root,263027063,26000,26000,OEM,VND,26000,26000
[Lập Trình Nhúng A-Z][G16] Công Tắc Bập Bênh 4 Chân Có Đèn KCD1-104,Root,263025892,6000,6000,OEM,VND,6000,6000
[Lập Trình Nhúng A-Z][G18] L9110 Điều Khiển Động Cơ Cánh Quạt,Root,263025569,40000,40000,OEM,VND,40000,40000
[Lập Trình Nhúng A-Z][G18] Mạch Cảm Biến Ánh Sáng Tự Động XH-M131 12V,Root,263027366,37000,37000,OEM,VND,37000,37000
[Lập Trình Nhúng A-Z][G18] Nhiệt Kế Điện Tử TP101 -50 Độ C - 300 Độ C,Root,263025611,31000,31000,OEM,VND,31000,31000
[Lập Trình Nhúng A-Z][G12] Module Nguồn Ổn Áp LM7805 LM7812,Root,263026919,30000,30000,OEM,VND,30000,30000
[Lập Trình Nhúng A-Z] Ống Gen Co Nhiệt Cách Điện 328/140/127/530PCS,Root,263025848,18000,18000,OEM,VND,18000,18000
[Lập Trình Nhúng A-Z][G13] Mỏ Hàn Nhiệt Mini 5V-8W Dùng Nguồn USB,Root,263026027,116000,116000,OEM,VND,116000,116000
[Lập Trình Nhúng A-Z][G10] Phíp Đồng Đục Lỗ 2 Mặt PCB Xanh Tốt Dày 1.6mm,Root,263026744,7000,7000,OEM,VND,7000,7000
[Lập Trình Nhúng A-Z][G14] Jack Audio 3.5mm PJ-320D PJ320D Loại Dán/Cắm,Root,263025565,1000,1000,OEM,VND,1000,1000
[Lập Trình Nhúng A-Z][G12] Mạch Hạ Áp XL4016E1 8A 4-38VDC Hiển Thị Led (XH-M404),Root,263027399,75000,75000,OEM,VND,75000,75000
[Lập Trình Nhúng A-Z][G13] Cờ Lê 5 Trong 1 Thay Thế Phụ Kiện Cho E3D MK8 MK10,Root,263025419,34000,34000,OEM,VND,34000,34000
[Lập Trình Nhúng A-Z][G18] Hút Thiếc Hàn Cầm Tay Mini,Root,263026469,15000,15000,OEM,VND,15000,15000
[Lập Trình Nhúng A-Z][G2] Dây Kẹp Cá Sấu 2 Đầu Tiện Lợi,Root,263026678,10000,10000,OEM,VND,10000,10000
[Lập Trình Nhúng A-Z][G20] Board Test Cắm Mạch Loại 400 Lỗ,Root,263026757,15000,15000,OEM,VND,15000,15000
[Lập Trình Nhúng A-Z][G20] Mạch Nguồn 5V / 3.3V Cắm Board Test MB-102,Root,263025807,19000,19000,OEM,VND,19000,19000
[Lập Trình Nhúng A-Z][G17] Hộp Công Tắc Nhấn Có Nặp,Root,263025531,35000,35000,OEM,VND,35000,35000
[Lập Trình Nhúng A-Z][G24] Module Relay 1/2/4 Kênh 5V,Root,263027369,12000,12000,OEM,VND,12000,12000
[Lập Trình Nhúng A-Z][G29] Mạch Tăng Áp DC 3V-6V Đến 400KV 400000V,Root,263027349,39000,39000,OEM,VND,39000,39000
[Lập Trình Nhúng A-Z][G29] Module Led Matrix 8x8 MAX7219,Root,263026195,50000,50000,OEM,VND,50000,50000
[Lập Trình Nhúng A-Z][G27] Jack Nối JS-910B,Root,263025942,2200,2200,OEM,VND,2200,2200
[Lập Trình Nhúng A-Z][G4] Tụ Gốm (Nhiều Loại),Root,263027183,1400,1400,OEM,VND,1400,1400
[Lập Trình Nhúng A-Z][G6] Điện Trở 1/4W 1% (Gói 20 Con),Root,263026579,2000,2000,OEM,VND,2000,2000
[Lập Trình Nhúng A-Z][G22] Móc Kẹp Test Logic,Root,263027111,2800,2800,OEM,VND,2800,2800
[Lập Trình Nhúng A-Z] Combo 10 Led Đơn Đục Đường Kính 3mm/5mm,Root,263025727,2900,2900,OEM,VND,2900,2900
[Lập Trình Nhúng A-Z][G6] Combo 20 Loại Điện Trở 1/4W 1% (400 Cái),Root,263026663,30000,30000,OEM,VND,30000,30000
"01 Bộ Chốt Khóa Nhựa Gắng Quai Cặp Balo, Túi Xách P1001",Phụ kiện du lịch khác,248701916,23800,23800,OEM,VND,23800,23800
[Lập Trình Nhúng A-Z][G7] Công Tắc Bập Bênh - KCD4 16A/250V 4Pin 31x25mm,Root,263026847,7000,7000,OEM,VND,7000,7000
[Lập Trình Nhúng A-Z][G9] Khung Xe Robot 2 Tầng 4 Bánh Mica,Root,263026089,166000,166000,OEM,VND,166000,166000
[Lập Trình Nhúng A-Z][86] PIC16F887 16F877 DIP-40,Root,263027440,98000,98000,OEM,VND,98000,98000
[Lập Trình Nhúng A-Z][G36] Module Cảm Biến Dò Line Đơn TCRT5000,Root,263025592,15000,15000,OEM,VND,15000,15000
[Lập Trình Nhúng A-Z][G36] Cảm Biến Nhiệt Độ Hồng Ngoại Không Tiếp Xúc GY-906-BAA MLX90614ESF,Root,263027355,250000,250000,OEM,VND,250000,250000
[Lập Trình Nhúng A-Z][G15] Combo 2 Công Tắc Gạt 3 Chân SS12F15 SS-12F15,Root,263025449,1000,1000,OEM,VND,1000,1000
[Lập Trình Nhúng A-Z][G35] Động Cơ Motor 300 DC 3V 4.5V 5V,Root,263026182,3000,3000,OEM,VND,3000,3000
"[Lập Trình Nhúng A-Z][G15] Bộ Mũi Hàn T12 Ttip Hàn, Đầu Mỏ Hàn T12-K/KU/ILS/B/J02",Root,263026726,66000,66000,OEM,VND,66000,66000
[Lập Trình Nhúng A-Z][G31] Tua Vít Ngắn Nhiều Loại,Root,263025787,7000,7000,OEM,VND,7000,7000
[Lập Trình Nhúng A-Z][G30] Thước Kẹp Nhựa 150mm,Root,263025421,12000,12000,OEM,VND,12000,12000
[Lập Trình Nhúng A-Z][G26] Bộ Mạch Trái Tim Mini Tự Lắp Ráp 25 Led,Root,263025533,24000,24000,OEM,VND,24000,24000
[Lập Trình Nhúng A-Z] Đế Ra Chân ESP32 30P,Root,263026031,36000,36000,OEM,VND,36000,36000
"[Lập Trình Nhúng A-Z][G33] Thanh Đèn LED Mini 3 Bóng, 8 Bóng, 24 Bóng Siêu Sáng Cổng Cắm USB",Root,263027173,10000,10000,OEM,VND,10000,10000
[Lập Trình Nhúng A-Z][G30] Kẹp Cá Sấu 4mm 300V 15A,Root,263026281,14000,14000,OEM,VND,14000,14000
[Lập Trình Nhúng A-Z][G35] Còi Điện Tử SFM-27 DC3-24V,Root,263026090,12000,12000,OEM,VND,12000,12000
[Lập Trình Nhúng A-Z][G35] Đầu Jack Audio 3.5MM,Root,263025735,2500,2500,OEM,VND,2500,2500
[Lập Trình Nhúng A-Z][G39] Module MOS Điều Khiển Công Suất Cao PWM,Root,263026945,15000,15000,OEM,VND,15000,15000
[Lập Trình Nhúng A-Z][G37] Cảm Biến Độ Nghiêng SW520D,Root,263026227,12000,12000,OEM,VND,12000,12000
[Lập Trình Nhúng A-Z][G26] Cảm Biến Nhiệt Độ Và Độ Ẩm DHT21 (AM2301A),Root,263025878,85000,85000,OEM,VND,85000,85000
"[Lập Trình Nhúng A-Z][G38] Mạch Tăng Áp DC-DC 400W Điện Áp Vào 8,5V-50V Cho Ra 10V-60V",Root,263025908,75000,75000,OEM,VND,75000,75000
[Lập Trình Nhúng A-Z][G34] Túi 10 Nút nhấn 2 chân SMD 3*6*2.5mm Đầu Trắng/Đỏ,Root,263025952,4000,4000,OEM,VND,4000,4000
[Lập Trình Nhúng A-Z] Công Tắc Gạt MTS-202 MTS202 3A 250V Loại Tốt,Root,263026118,3700,3700,OEM,VND,3700,3700
[Lập Trình Nhúng A-Z] Máy Khoan Mini (Mới 95%),Root,263027059,100000,100000,OEM,VND,100000,100000
[Lập Trình Nhúng A-Z][G36] Giá Đỡ Trục Vòng Bi Lỗ 8mm KFL-08,Root,263027106,25000,25000,OEM,VND,25000,25000
[Lập Trình Nhúng A-Z][G26] Led Phủ Màu Phi 5mm/3mm - Gói 100 Con,Root,263026947,25000,25000,OEM,VND,25000,25000
[Lập Trình Nhúng A-Z][G14] Led 2 Màu Đỏ - Xanh Lá 3 Chân 5mm,Root,263025925,1000,1000,OEM,VND,1000,1000
[Lập Trình Nhúng A-Z][G2] Dây Cáp Chuyển Đổi Usb Sang Cổng 5.5mm x 2.1mm,Root,263026264,8000,8000,OEM,VND,8000,8000
[Lập Trình Nhúng A-Z][G36] Vòng Bi KP-08 Trục Đứng Đường Kính Bên Trong 8mm,Root,263026398,25000,25000,OEM,VND,25000,25000
[Lập Trình Nhúng A-Z][G22] Công Tắc Hành Trình KW12 Cán Dài 28mm,Root,263027108,3500,3500,OEM,VND,3500,3500
"[Lập Trình Nhúng A-Z][G6] Vòng Bi 604ZZ, 606ZZ, 608ZZ, 623ZZ, 624ZZ, 625ZZ, 626ZZ, 628ZZ",Root,263027250,3500,3500,OEM,VND,3500,3500
Bộ ví dụng cụ cá nhân Nam Emirates hạng thương gia,Phụ kiện du lịch khác,221784591,299000,299000,OEM,VND,299000,299000
"Túi đựng đồ đi sinh size lớn, Túi đi sinh,mẹ và bé",Root,254903478,35000,35000,OEM,VND,35000,35000
Túi Cầm Tay/Đeo Chéo Đựng Đồ Dùng Cá Nhân,Phụ kiện du lịch khác,195656716,145000,145000,OEM,VND,145000,145000
CHAI LỌ CHIẾT NƯỚC HOA TỰ ĐỘNG DẠNG XỊT (5ML) ️ Freeship,Phụ kiện du lịch khác,187769139,22000,22000,OEM,VND,22000,22000
Ví nữ cầm tay thời trang bản to kiểu dáng thanh lịch - nhiều mẫu,Phụ kiện du lịch khác,195329423,28000,28000,OEM,VND,28000,28000
[Lập Trình Nhúng A-Z][113] Cảm Biến Vật Cản Hồng Ngoại E18-D80NK 5V,Root,262974167,44000,44000,OEM,VND,44000,44000
[Lập Trình Nhúng A-Z][122] Module Điều Khiển Công Suất MOSFET IRF520,Root,262974199,12000,12000,OEM,VND,12000,12000
[Lập Trình Nhúng A-Z][103] Module Còi Chíp KY006,Root,262974163,8000,8000,OEM,VND,8000,8000
"[Lập Trình Nhúng A-Z][142] Combo Cảm Biến Cân Nặng Loadcell 1kg, 5kg, 10kg, 20kg Và Mạch Giải Mã HX711",Root,263027379,45000,45000,OEM,VND,45000,45000
Module cảm biến hồng ngoại TCRT5000,Root,263027016,15000,15000,OEM,VND,15000,15000
[Lập Trình Nhúng A-Z][139] Jump Đơn/Đôi Cái 2.54MM 1x40P/2x40P Thẳng,Root,263026861,2500,2500,OEM,VND,2500,2500
[Lập Trình Nhúng A-Z][138] Pin Vuông 9V 6F22,Root,263026830,7600,7600,OEM,VND,7600,7600
[G6] Vòi Inox 304 Loại 8mm,Root,263026053,19000,19000,OEM,VND,19000,19000
Túi cói đeo vai thời trang in ấn thủ công vật liệu dệt khâu tay tự làm kiểu sứ giả quốc triều H1991,Phụ kiện du lịch khác,202346323,189000,160083,OEM,VND,189000,160083
[Lập Trình Nhúng A-Z][114] Mạch Thu Phát Wifi ESP8266 ESP-01S,Root,262974187,35000,35000,OEM,VND,35000,35000
[Lập Trình Nhúng A-Z][127] Nút Nhấn Nhả Chống Nước PBS-33B,Root,262991411,6500,6500,OEM,VND,6500,6500
[159] Mạch Chuyển Đổi 16 Bit 4 Kênh I2C ADS1115,Root,263026891,85000,85000,OEM,VND,85000,85000
[3] Cảm Biến Nhiệt Độ DS18B20,Root,263027362,14500,14500,OEM,VND,14500,14500
[Lập Trình Nhúng A-Z][G11] Đầu Kẹp Cá Sấu Nhiều Kích Thước,Root,263026045,1000,1000,OEM,VND,1000,1000
[Lập Trình Nhúng A-Z][G1] Đế Pin AA Đủ Loại,Root,263027445,3000,3000,OEM,VND,3000,3000
[Lập Trình Nhúng A-Z][160] Cảm Biến Cân Nặng Loadcell 50kg,Root,263026047,14000,14000,OEM,VND,14000,14000
[Lập Trình Nhúng A-Z][G14] Combo 10 Nút Nhấn 2 Chân 6*6*5mm,Root,263025793,4000,4000,OEM,VND,4000,4000
[Lập Trình Nhúng A-Z][G13] Động Cơ RC SERVO MG995,Root,263027438,87000,87000,OEM,VND,87000,87000
[Lập Trình Nhúng A-Z][G14] Đầu Jack USB3.1 Type C 6P,Root,263025641,1000,1000,OEM,VND,1000,1000
"[Lập Trình Nhúng A-Z][G13] Module Hạ Áp DC 9V, 12V, 24V, 36V, 40V Ra Cổng USB 5V 3A DC",Root,263026809,22000,22000,OEM,VND,22000,22000
[Lập Trình Nhúng A-Z][G12] Vôn Kế DC 4.5V - 30V Màn Hình Led 0.56inch ( 2 Dây chuyên Dụng ),Root,263025840,22000,22000,OEM,VND,22000,22000
[Lập Trình Nhúng A-Z][G10] Pin CR2032 Lithium,Root,263026792,5000,5000,OEM,VND,5000,5000
[Lập Trình Nhúng A-Z][G13] Cáp Âm Thanh 3.5MM Dài 50Cm,Root,263025790,7000,7000,OEM,VND,7000,7000
[Lập Trình Nhúng A-Z][G13] Chiết Áp Đơn Đứng/Ngang RV09 Tay Cầm 7.5mm/12.5mm,Root,263027179,1800,1800,OEM,VND,1800,1800
[Lập Trình Nhúng A-Z][G17] Bộ Cảm Biến Cân Nặng Loadcell + Khung Bàn Cân Mica,Root,263025820,110000,110000,OEM,VND,110000,110000
[Lập Trình Nhúng A-Z][G18] Board Arduino Uno R3 SMD,Root,263027167,120000,120000,OEM,VND,120000,120000
"[Lập Trình Nhúng A-Z][G17] Bộ Phụ Kiện Chứa Điện Trở, Led, Jump, Nút Nhấn",Root,263025545,35000,35000,OEM,VND,35000,35000
[Lập Trình Nhúng A-Z][G18] Module Không Dây LoRa SX1278 433MHz SPI,Root,263025984,150000,150000,OEM,VND,150000,150000
[Lập Trình Nhúng A-Z][G18] Mạch Khuếch Âm Thanh Bluetooth 5.0 JTMY XH-A158 5W*2,Root,263025616,60000,60000,OEM,VND,60000,60000
[Lập Trình Nhúng A-Z][G18] Dây Hút Thiếc CP2015 2mm Dài 0.75m/1.5m,Root,263025554,18000,18000,OEM,VND,18000,18000
[Lập Trình Nhúng A-Z][G2] Combo Bó 10 Dây Kẹp Cá Sấu 5 Màu 46Cm,Root,263026577,24000,24000,OEM,VND,24000,24000
[Lập Trình Nhúng A-Z][149] Bảng Mạch Bảo Vệ Pin Lithium 11.1v 4.6v Cho Động Cơ 3s 40a Bms,Phụ kiện du lịch khác,263089723,38000,38000,OEM,VND,38000,38000
[Lập Trình Nhúng A-Z][G18] Vỏ Mica Cho Arduino UNO R3,Root,263025463,14000,14000,OEM,VND,14000,14000
"[Lập Trình Nhúng A-Z][G19] Combo Khung Xe Robot Bằng Nhôm, Động Cơ Và Bánh Xe Đa Hướng Mecanum 60mm",Root,263025647,375000,375000,OEM,VND,375000,375000
[Lập Trình Nhúng A-Z][G24] Hộp Dụng Cụ Chùi Mỏ Hàn Thiếc,Root,263027357,26000,26000,OEM,VND,26000,26000
[Lập Trình Nhúng A-Z][G21] Gá Động Cơ Giảm Tốc N20 (Có Ốc Vặn),Root,263026390,3500,3500,OEM,VND,3500,3500
[Lập Trình Nhúng A-Z][G27] Jack Cắm DC-022 5.5-2.1 Màu Trắng,Root,263025806,2500,2500,OEM,VND,2500,2500
[Lập Trình Nhúng A-Z][G26] Led Phủ Màu Phi 5mm/3mm - Gói 10 Con,Root,263026183,2800,2800,OEM,VND,2800,2800
[Lập Trình Nhúng A-Z][G28] Mạch Tạo Thời Gian Trễ Đóng Ngắt Relay NE555 12V,Root,263025657,20000,20000,OEM,VND,20000,20000
[Lập Trình Nhúng A-Z][G4] Đế Ra Chân 8051 (Nạp Và Test Chương Trình),Root,263026150,42000,42000,OEM,VND,42000,42000
[Lập Trình Nhúng A-Z][G6] Nhựa Thông Hộp Hình Chữ Nhật,Root,263026176,4500,4500,OEM,VND,4500,4500
"[Lập Trình Nhúng A-Z][G7] Combo Nguồn, Dây Cắm Và Breadboard",Root,263025573,60000,60000,OEM,VND,60000,60000
[Lập Trình Nhúng A-Z][G7] Pin 12V 27A/23A Alkaline Dùng Cho Điều Khiển,Root,263026934,4500,4500,OEM,VND,4500,4500
[Lập Trình Nhúng A-Z][G8] Bộ Sạc Đôi Pin Lion 18650,Root,263025850,35000,35000,OEM,VND,35000,35000
[Lập Trình Nhúng A-Z][G4] Miếng Tản Nhiệt 40*40*11mm,Root,263025792,12000,12000,OEM,VND,12000,12000
[Lập Trình Nhúng A-Z][G31] Kìm Cắt Chân Linh Kiện LK35 3.5 Inch,Root,263027450,30000,30000,OEM,VND,30000,30000
[Lập Trình Nhúng A-Z][G31] Thước Kẻ Hợp Kim Nhôm Dài 30cm,Root,263027054,12000,12000,OEM,VND,12000,12000
[Lập Trình Nhúng A-Z][G7] Đế Giữ Pin 18650 1P/2P/3P,Root,263027212,1000,1000,OEM,VND,1000,1000
[Lập Trình Nhúng A-Z][G15] Giá Đỡ Mỏ Hàn,Root,263025497,8000,8000,OEM,VND,8000,8000
[Lập Trình Nhúng A-Z] Bộ Hỗn Hợp 580 Ống Gen Co Nhiệt (Có Hộp Đựng),Root,263025950,69000,69000,OEM,VND,69000,69000
[Lập Trình Nhúng A-Z][G15] Dao Cắt Tỉa Kèm 6 Lưỡi Dao,Root,263026349,17000,17000,OEM,VND,17000,17000
[Lập Trình Nhúng A-Z][120] Mạch Sạc Pin 18650 TP4056 Tích Hợp Tăng Áp,Root,262974156,14000,14000,OEM,VND,14000,14000
[Lập Trình Nhúng A-Z][151] PIC16F877A-I/PT PIC16F877A TQFP-44,Root,263025876,80000,80000,OEM,VND,80000,80000
[Lập Trình Nhúng A-Z][G40] Công Tắc Hình Thuyền KCD1-204-3P 15MM,Root,263025627,5000,5000,OEM,VND,5000,5000
[Lập Trình Nhúng A-Z][G36] Mạch Giải Mã CD74HC4067 16 Kênh,Root,263026255,18000,18000,OEM,VND,18000,18000
[Lập Trình Nhúng A-Z][G36] Giá Đỡ Micro SIM 7P,Root,263027045,7000,7000,OEM,VND,7000,7000
[Lập Trình Nhúng A-Z] Khay Nhựa X0 Đựng Linh Kiện Điện Tử 155*107*74mm (Đã Có Chân Nối),Root,263025508,15000,15000,OEM,VND,15000,15000
[Lập Trình Nhúng A-Z][G41] Đầu Jack HDMI 19P,Root,263026858,5000,5000,OEM,VND,5000,5000
[Lập Trình Nhúng A-Z][G42] Bộ 3 Chiếc Jack Nối Dây Điện CH-2,Root,263025645,2000,2000,OEM,VND,2000,2000
[Lập Trình Nhúng A-Z][136] Jump Đơn Đực 2.54MM 1x40P 20mm,Root,263025509,3000,3000,OEM,VND,3000,3000
[Lập Trình Nhúng A-Z][G35] Đầu Sạc USB 5V2A,Root,263025596,25000,25000,OEM,VND,25000,25000
[Lập Trình Nhúng A-Z][G27] Bộ 2 Nắp Công Tắc Lò Xo PS-22F02,Root,263026046,1000,1000,OEM,VND,1000,1000
[Lập Trình Nhúng A-Z][G32] Đầu Kẹp Mũi Khoan Trục 5mm (M8-5),Root,263026464,45000,45000,OEM,VND,45000,45000
[Lập Trình Nhúng A-Z][G35] Module Cảm Biến Ngọn Lửa KY-026,Root,263026820,14000,14000,OEM,VND,14000,14000
[Lập Trình Nhúng A-Z][G23] Tua Vít 2 Đầu Dài 112mm,Root,263025414,17000,17000,OEM,VND,17000,17000
[Lập Trình Nhúng A-Z][G10] Bảng Mạch Đục Lỗ PCB 5*7Cm,Root,263027370,2000,2000,OEM,VND,2000,2000
[Lập Trình Nhúng A-Z][G32] Đầu Kẹp Mũi Khoan 0.3-8mm,Root,263025431,58000,58000,OEM,VND,58000,58000
"[Lập Trình Nhúng A-Z][G32] Đầu Khoan, Đầu Kẹp Mũi Khoan 2-13MM",Root,263025546,65000,65000,OEM,VND,65000,65000
[Lập Trình Nhúng A-Z][132] Công Tắc Hành Trình SS5GL SS5-GL,Root,263027422,16000,16000,OEM,VND,16000,16000
[Lập Trình Nhúng A-Z][G36] Mạch Led Nháy Theo Nhạc KA2284,Root,263025494,20000,20000,OEM,VND,20000,20000
[Lập Trình Nhúng A-Z] Hộp Đựng Linh Kiện 8 Ngăn,Root,263025403,25000,25000,OEM,VND,25000,25000
Túi Đựng Giày Dép Dây Rút Vải Dù Cao Cấp Size Lớn Bảo Quản Chống Bụi Bẩn Ẩm Mốc Nhỏ Gọn Tiện Ích,Root,248785024,4900,4900,OEM,VND,4900,4900
Bộ Chiết Mỹ Phẩm Du Lịch Phong Cách Hàn Quốc Màu Hồng Siêu Xinh Tiện Dụng,Phụ kiện du lịch khác,225920036,49000,49000,OEM,VND,49000,49000
Cath Kidston - Túi đựng mỹ phẩm/Recycled Rose Brushes Bag - Marble Hearts Ditsy - Brown -1042573,Phụ kiện du lịch khác,199103607,799000,559000,Cath Kidston,VND,799000,559000
Cath Kidston - Túi đựng mỹ phẩm/Classic Cosmetic Case - Kingdom Posey - Navy -1042481,Phụ kiện du lịch khác,199103252,899000,629000,Cath Kidston,VND,899000,629000
"Túi Đựng Quần Áo, Chăn Ga, Thú Bông Cỡ Lớn Có Khóa Kéo ghi tên túi đựng",Root,217318892,160000,120000,OEM,VND,160000,120000
"Túi đựng mỹ phẩm, túi đựng đồ du lịch bằng nhựa PVC trong suốt hoạ tiết gấu hoạt hình",Root,217318912,110000,110000,OEM,VND,110000,110000
[Lập Trình Nhúng A-Z][118] Module Wifi ESP32 Camera OV2640,Root,262974186,200000,200000,OEM,VND,200000,200000
"[Lập Trình Nhúng A-Z][123] Nhíp Đầu Cong, Đầu Thẳng Chuyên Dụng",Root,262974226,10000,10000,OEM,VND,10000,10000
[Lập Trình Nhúng A-Z][114] Module Sim800A Không Dây GSM GPRS,Root,262974170,250000,250000,OEM,VND,250000,250000
[Lập Trình Nhúng A-Z][102] USB Phân Tích Tín Hiệu Số Logic 24Mhz 8 Kênh ARM FPGA,Phụ kiện du lịch khác,262973297,181000,181000,OEM,VND,181000,181000
[Lập Trình Nhúng A-Z][111] Mạch nạp 51 AVR ISP USBASP Vỏ Nhôm,Root,262974161,75000,75000,OEM,VND,75000,75000
[Lập Trình Nhúng A-Z][125] Kit Stm32 Stm32f103 (STM32F103C8T6) Board Mini Và Mạch Nạp StLink V2,Root,262991431,59000,59000,OEM,VND,59000,59000
Túi đựng giày Mia Sport shoes bag S Blue,Phụ kiện du lịch khác,255356354,210000,210000,Kakashi,VND,210000,210000
[G25] Túi Thiếc Hàn 0.8mm-0.5m,Root,263026897,4500,4500,OEM,VND,4500,4500
[Lập Trình Nhúng A-Z][134] Module Cảm Biến Chạm TTP223 1 Phím,Root,263027084,5900,5900,OEM,VND,5900,5900
[154] Đầu Kẹp Mũi Khoan,Root,263025978,22000,22000,OEM,VND,22000,22000
"Breadboard MB-102 830 Lỗ 165x55x10mm (Board test, cắm linh kiện )",Root,263027082,24000,24000,OEM,VND,24000,24000
[Lập Trình Nhúng A-Z][137] Pin CR1220 3V Chân Hàn Vuông Góc,Root,263027044,3000,3000,OEM,VND,3000,3000
[103] Còi Chip Buzzer 12*9.5mm 3V/5V/12V,Root,263025881,4000,4000,OEM,VND,4000,4000
[Lập Trình Nhúng A-Z][137] Mạch Sạc Pin 18650 3.7V Tích Hợp Tăng Áp Lên 5V 2A Chế Sạc Dự Phòng,Root,263027344,21000,21000,OEM,VND,21000,21000
[Lập Trình Nhúng A-Z][144] Jack Nguồn DC 5.5 DC022,Root,263026086,1900,1900,OEM,VND,1900,1900
Máy Rót Rượu Cảm Ứng Tự Động Thông Minh,Root,263027446,280000,280000,OEM,VND,280000,280000
Dây Cáp Dữ Liệu USB 2.0 50CM,Root,263026366,15000,15000,OEM,VND,15000,15000
[Lập Trình Nhúng A-Z][146] Module LED 3 màu KY-016,Root,263026575,5000,5000,OEM,VND,5000,5000
[Lập Trình Nhúng A-Z][154] Nam Châm Nam Châm Đất Hiếm,Root,263026776,3800,3800,OEM,VND,3800,3800
[Lập Trình Nhúng A-Z][155] Module Tăng Áp Dc-Dc 5v Sang 3.3v 9v 12v 24v Usb,Root,263026314,50000,50000,OEM,VND,50000,50000
[Lập Trình Nhúng A-Z][147] Module LED 3 Màu KY-009,Root,263025489,5000,5000,OEM,VND,5000,5000
[Lập Trình Nhúng A-Z][149] Mạch Bảo Vệ Sạc Xả Pin Lithium 7.4v 8.4v 18650 2s 3a,Root,263025593,12000,12000,OEM,VND,12000,12000
[Lập Trình Nhúng A-Z][147] Bộ Tua Vít Mini Thiết Kế 3 Trong 1 Đa Năng,Root,263027161,4000,4000,OEM,VND,4000,4000
[Lập Trình Nhúng A-Z][154] Jump Đơn Đực 2.54MM 1x40P Cong,Root,263025677,1800,1800,OEM,VND,1800,1800
[Lập Trình Nhúng A-Z][136] Mắt Nhận Hồng Ngoại VS1838B VS1838,Phụ kiện du lịch khác,263062875,2500,2500,OEM,VND,2500,2500
[Lập Trình Nhúng A-Z][140] Nút Nhấn Nhả - Nút Reset 10mm DS-314,Root,263025694,3000,3000,OEM,VND,3000,3000
[Lập Trình Nhúng A-Z] Bộ Hỗn Hợp 530 Ống Gen Co Nhiệt Đầu Nối Dây Điện (Có Hộp Đựng),Root,263025711,65000,65000,OEM,VND,65000,65000
[Lập Trình Nhúng A-Z][G12] Module Hạ Áp Dc-Dc Xl4016E1 8a Xh-M401,Root,263025585,53000,53000,OEM,VND,53000,53000
[Lập Trình Nhúng A-Z][G13] Quạt Tản Nhiệt 12V 4010,Root,263027056,15000,15000,OEM,VND,15000,15000
[Lập Trình Nhúng A-Z][G12] Module Sạc Dự Phòng Lithium 18650 5V2.4A 2A 1A Hai Cổng USB Chuyên Dụng,Root,263026415,55000,55000,OEM,VND,55000,55000
[Lập Trình Nhúng A-Z][G11] Đế IC Đủ Kích Thước (Chân Tròn),Root,263027401,2000,2000,OEM,VND,2000,2000
"[Lập Trình Nhúng A-Z][G13] Thiết Bị Kéo,Gắp IC Chuyên Dụng",Root,263026093,19000,19000,OEM,VND,19000,19000
[Lập Trình Nhúng A-Z][G10] Bảng Mạch Lỗ Đơn,Root,263026795,7000,7000,OEM,VND,7000,7000
[Lập Trình Nhúng A-Z][G14] Cổng USB B Vuông Chân Cắm Nằm 90 Độ BF 90,Root,263027321,1500,1500,OEM,VND,1500,1500
[Lập Trình Nhúng A-Z][G18] Module Sạc Pin Lithium 134N3P,Root,263026667,10000,10000,OEM,VND,10000,10000
[Lập Trình Nhúng A-Z][G2] Cáp Chuyển Đổi DC5.5*2.1mm,Root,263025902,4000,4000,OEM,VND,4000,4000
[Lập Trình Nhúng A-Z][149] Bảng Mạch Bảo Vệ Pin Lithium 5S 18.5v 21v 18650 15a 25a,Phụ kiện du lịch khác,263089675,36000,36000,OEM,VND,36000,36000
[Lập Trình Nhúng A-Z][G13] Tay Vặn Có 4 Kích Cỡ M2 M2.5 M3 M4,Root,263025464,10000,10000,OEM,VND,10000,10000
[Lập Trình Nhúng A-Z][G14] Anten WiFi 2.4G 2dbi Kèm Dây chuyển SMA Sang IPEX 3,Root,263026388,24000,24000,OEM,VND,24000,24000
[Lập Trình Nhúng A-Z][G16] Jack Nguồn AC-07 3 Chân,Root,263027026,5000,5000,OEM,VND,5000,5000
[Lập Trình Nhúng A-Z][G18] Hộp Mica Đựng MEGA2560 R3,Root,263027365,18000,18000,OEM,VND,18000,18000
"[Lập Trình Nhúng A-Z][G19] Khung Robot, Khung Xe 4 Bánh, 3 Bánh Chất Liệu Nhôm 1.5mm",Root,263025805,45000,45000,OEM,VND,45000,45000
"[Lập Trình Nhúng A-Z][G18] Giá Đỡ Cảm Biến E18-D80NK, E3F-DS30C4, E3F-DS30P1",Root,263025776,7500,7500,OEM,VND,7500,7500
[Lập Trình Nhúng A-Z][G26] Hộp Led Gồm 500 Led Loại 3mm Nhiều Màu,Root,263027455,100000,100000,OEM,VND,100000,100000
[Lập Trình Nhúng A-Z][G27] Công Tắc Bập Bênh Tròn KCD1 6A 250V 20mm,Root,263025626,4000,4000,OEM,VND,4000,4000
[Lập Trình Nhúng A-Z] Túi Hỗn Hợp 328 Ống Gen Co Nhiệt,Root,263026664,30000,30000,OEM,VND,30000,30000
[Lập Trình Nhúng A-Z] Túi Hỗn Hợp 530 Ống Gen Co Nhiệt,Root,263025430,50000,50000,OEM,VND,50000,50000
[Lập Trình Nhúng A-Z][G15] Đế Gác Mỏ Hàn Giá Rẻ,Root,263025690,3500,3500,OEM,VND,3500,3500
[Lập Trình Nhúng A-Z][G26] Cap Micro USB Dài 1m,Root,263026030,10000,10000,OEM,VND,10000,10000
[Lập Trình Nhúng A-Z] Nguồn Adapter 5V 3A Micro USB Dùng Cho Raspberry Pi 3B/3B+/zero,Root,263027420,65000,65000,OEM,VND,65000,65000
[Lập Trình Nhúng A-Z][G33] Điện Trở Sứ 5W 5% Giá Trị Từ 0.22R Đến 20R,Root,263027424,2000,2000,OEM,VND,2000,2000
[Lập Trình Nhúng A-Z][G14] Đầu Jack USB3.1 Type C 24P,Root,263026743,7000,7000,OEM,VND,7000,7000
[Lập Trình Nhúng A-Z][G14] Đầu Jack USB3.1 Type C 24P SMD 8.0mm,Root,263027061,7500,7500,OEM,VND,7500,7500
[Lập Trình Nhúng A-Z][154] Nam Châm Đất Hiếm 5x2mm,Root,263025620,1000,1000,OEM,VND,1000,1000
[Lập Trình Nhúng A-Z][G40] Nút Công Tắc Nhấn Giữ Bằng Kim Loại Cỡ 16mm,Root,263025441,25000,25000,OEM,VND,25000,25000
[Lập Trình Nhúng A-Z][G36] Module Cảm Biến Khoảng Cách VL53L0X GY-530,Root,263026222,60000,60000,OEM,VND,60000,60000
[Lập Trình Nhúng A-Z][G36] Mạch Sạc Nhanh Hỗ Trợ QC2.0 - QC3.0 (Mạch BUCK 6-32VDC ra cổng USB 5V-2.1A),Root,263026268,25000,25000,OEM,VND,25000,25000
[Lập Trình Nhúng A-Z][G36] Combo 10 Led Vuông 2*5*7 Nhiều Màu,Root,263026411,5500,5500,OEM,VND,5500,5500
[Lập Trình Nhúng A-Z][G22] Công Tắc Hành Trình 1A 125V,Root,263027378,2000,2000,OEM,VND,2000,2000
[Lập Trình Nhúng A-Z][G20] Module Hạ Áp LM2596S Từ 24V / 12V Xuống 5V 5A Cổng USB,Root,263026706,50000,50000,OEM,VND,50000,50000
[Lập Trình Nhúng A-Z][G39] Đế Pin AA 2 Cell Có/Không Jack DC,Root,263026721,4000,4000,OEM,VND,4000,4000
[Lập Trình Nhúng A-Z] Công Tắc Gạt MTS-202 MTS202 2A/250V 6A/125V,Root,263025434,3700,3700,OEM,VND,3700,3700
[Lập Trình Nhúng A-Z] Khung Xe Robot Đa Hướng 4 Bánh (Khung Tròn),Root,263026620,120000,120000,OEM,VND,120000,120000
[Lập Trình Nhúng A-Z] Tụ Hóa 50V Nhiều Loại Từ 10uF Đến 4700uF,Root,263026917,2000,2000,OEM,VND,2000,2000
[Lập Trình Nhúng A-Z][G30] Đầu Chụp Mỏ Hàn 936 937 938 969,Root,263026394,15000,15000,OEM,VND,15000,15000
[Lập Trình Nhúng A-Z][G31] Bộ 7 Món Đầu Kẹp Mũi Khoan Từ 2.35mm Đến 5.05mm,Root,263025499,25000,25000,OEM,VND,25000,25000
[Lập Trình Nhúng A-Z][89] Transistor D882 2SD882 2SD882P NPN,Root,263026326,1500,1500,OEM,VND,1500,1500
[Lập Trình Nhúng A-Z][144] Nút Nhấn 6 Chân Nhấn Giữ 8x8mm,Root,263026114,1500,1500,OEM,VND,1500,1500
[Lập Trình Nhúng A-Z] Hộp Đựng RFID - Hộp Đựng Linh Kiện,Root,263025524,40000,40000,OEM,VND,40000,40000
[Lập Trình Nhúng A-Z][G41] Đĩa Encoder 20 Xung,Root,263025482,1000,1000,OEM,VND,1000,1000
Bàn chải thông mình chữ U cho bé - chất liệu Silicon,Phụ kiện du lịch khác,207044696,35000,35000,OEM,VND,35000,35000
Túi Đựng Đồ Mỹ Phẩm Đi Du Lịch Sang Trọng Gọn Gàn,Root,247972660,89000,89000,OEM,VND,89000,89000
Cath Kidston - Túi đựng mỹ phẩm/Classic Make Up Case - Kingdom Ditsy - Cream -1042511,Phụ kiện du lịch khác,199103321,799000,559000,Cath Kidston,VND,799000,559000
Võng Gác Chân Bằng Vải Oxford Nhiều Màu Siêu Bền Tiện Dụng Cho Tàu Thuyền/ Du Lịch,Root,207419450,160000,110000,OEM,VND,160000,110000
[Lập Trình Nhúng A-Z][57] Mạch Nguồn Giảm Áp AMS1117 Đầu Ra 3.3v,Root,262916041,6000,6000,OEM,VND,6000,6000
[Lập Trình Nhúng A-Z][104] Mạch Nạp ST-Link V2,Root,262974219,98000,98000,OEM,VND,98000,98000
[Lập Trình Nhúng A-Z][108] Mạch Điều Khiển Động Cơ DC L298 - Mạch Cầu H L298N PWM,Phụ kiện du lịch khác,262974152,37000,37000,OEM,VND,37000,37000
[Lập Trình Nhúng A-Z][G20] Board Test Cắm Mạch Loại SYB-170,Phụ kiện du lịch khác,262974904,5000,5000,OEM,VND,5000,5000
[Lập Trình Nhúng A-Z][118] Module Kit RF Thu Phát Wifi ESP8266 NodeMCU Lua D1 Mini,Phụ kiện du lịch khác,262974944,70000,70000,OEM,VND,70000,70000
[Lập Trình Nhúng A-Z][105] Nút Nhấn Nhả R13-507 16mm,Root,262974179,4500,4500,OEM,VND,4500,4500
[Lập Trình Nhúng A-Z][129] Mạch Sạc Pin Lithium TP4056 1A Micro USB V2,Phụ kiện du lịch khác,263020074,5000,5000,OEM,VND,5000,5000
[Lập Trình Nhúng A-Z][134] Mạch Nguồn Tăng Áp DC MT3608 2A,Root,263020126,12000,12000,OEM,VND,12000,12000
[Lập Trình Nhúng A-Z][137] Module Hạ Áp XL4015 - 5A,Root,263025547,29000,29000,OEM,VND,29000,29000
[G18] Module Cảm Biến Mưa,Root,263025889,13000,13000,OEM,VND,13000,13000
[3] Module Cảm Biến Nhiệt Độ DS18B20,Root,263027052,25000,25000,OEM,VND,25000,25000
[G36] Đầu Đực Cái RS232 DB9 DR-9S 90,Root,263025715,4000,4000,OEM,VND,4000,4000
[Lập Trình Nhúng A-Z][G15] Nhôm Tản Nhiệt TO220,Root,263027448,2000,2000,OEM,VND,2000,2000
[Lập Trình Nhúng A-Z][144] Combo 5 Header XH2.54 Đực Thẳng Đủ Loại,Root,263025949,1000,1000,OEM,VND,1000,1000
[Lập Trình Nhúng A-Z][144] Mạch Hạ Áp USB 5V3A Mini,Root,263026181,20000,20000,OEM,VND,20000,20000
[Lập Trình Nhúng A-Z][144] Thạch Anh 2 Chân Cắm Nhiều Loại,Root,263026918,1900,1900,OEM,VND,1900,1900
[Lập Trình Nhúng A-Z][141] Module Cảm Biến Đo Nhịp Tim Max30102,Root,263025417,40000,40000,OEM,VND,40000,40000
"[Lập Trình Nhúng A-Z][148] Module Điều Khiển Động Cơ A4988, DRV8825 (Kèm Tản Nhiệt)",Root,263025841,26000,26000,OEM,VND,26000,26000
[Lập Trình Nhúng A-Z][151] Bàn Phím Ma Trận 4x4,Root,263026062,13000,13000,OEM,VND,13000,13000
[Lập Trình Nhúng A-Z][149] Bảng Mạch Bảo Vệ Pin Lithium 4S 40A 18650 BMS,Root,263025602,40000,40000,OEM,VND,40000,40000
[Lập Trình Nhúng A-Z][156] Đế Chuyển Adapter Micro USB To DIP,Root,263026916,3000,3000,OEM,VND,3000,3000
[Lập Trình Nhúng A-Z][156] Đế Chuyển Adapter TypeC to Dip,Root,263025877,8000,8000,OEM,VND,8000,8000
[Lập Trình Nhúng A-Z][146] Module Còi Buzzer,Phụ kiện du lịch khác,263063292,12000,12000,OEM,VND,12000,12000
[Lập Trình Nhúng A-Z][G11] Nhíp Nhựa Chống Tĩnh Điện Màu Đen 93303,Root,263027042,4000,4000,OEM,VND,4000,4000
[Lập Trình Nhúng A-Z][G12] Biến trở RV24YN20S,Root,263025669,29000,29000,OEM,VND,29000,29000
[Lập Trình Nhúng A-Z][G12] Mạch Chuyển Đổi AC Tới DC 5V/12V,Root,263025980,26000,26000,OEM,VND,26000,26000
[Lập Trình Nhúng A-Z][G13] Quạt Tản Nhiệt 12V DIY 3D V6 Bao Gồm Vỏ Quạt,Root,263025661,39000,39000,OEM,VND,39000,39000
[Lập Trình Nhúng A-Z][G13] Cáp Nối Dài 29Cm Ống Linh Hoạt Dây Kim Loại Đầu USB,Root,263025416,16000,16000,OEM,VND,16000,16000
[Lập Trình Nhúng A-Z][G13] Khớp Nối Trục Bằng Hợp Kim Nhôm,Root,263025860,12000,12000,OEM,VND,12000,12000
[Lập Trình Nhúng A-Z][G18] Động Cơ DC OT-FF-N40WA N40/ N50WA N50,Root,263026203,13000,13000,OEM,VND,13000,13000
"[Lập Trình Nhúng A-Z][G2] Dây Cáp Mini USB, Cáp Nano",Root,263025915,8000,8000,OEM,VND,8000,8000
[Lập Trình Nhúng A-Z] Dây Bus Trắng XH2.54 2 Đầu Dài 20CM,Root,263027491,2000,2000,OEM,VND,2000,2000
[Lập Trình Nhúng A-Z][G13] Led RGB 4 Chân Siêu Sáng Phi 5mm,Root,263027191,1200,1200,OEM,VND,1200,1200
[Lập Trình Nhúng A-Z][G13] Tua Vít Nhỏ,Root,263025898,1500,1500,OEM,VND,1500,1500
[Lập Trình Nhúng A-Z][G16] Robot Xe Hơi A30 2 Bánh Bằng Hợp Kim Nhôm,Root,263025555,185000,185000,OEM,VND,185000,185000
[Lập Trình Nhúng A-Z][G17] Động Cơ Giảm Tốc Vàng Chữ L 3V-6V,Root,263026698,25000,25000,OEM,VND,25000,25000
"[Lập Trình Nhúng A-Z][G17] Module Wifi ESP8266 ESP-12E, ESP-12F, ESP-12S NodeMCU",Root,263026184,42000,42000,OEM,VND,42000,42000
[Lập Trình Nhúng A-Z][G18] Module Điều Khiển Mực Nước Tự Động XH-M203,Root,263026145,60000,60000,OEM,VND,60000,60000
[Lập Trình Nhúng A-Z][G22] Mạch Nguồn Tăng Áp DC-DC Từ 10-32V Lên 12-35V 150W,Root,263027484,52000,52000,OEM,VND,52000,52000
[Lập Trình Nhúng A-Z][G24] Cáp Chuyển USB to UART TTL PL2303HX,Root,263025588,35000,35000,OEM,VND,35000,35000
[Lập Trình Nhúng A-Z][G26] Hộp Led Gồm 500 Led Loại 5mm Nhiều Màu,Root,263025600,140000,140000,OEM,VND,140000,140000
[Lập Trình Nhúng A-Z][G28] Đế Pin 9V,Root,263027122,1500,1500,OEM,VND,1500,1500
[Lập Trình Nhúng A-Z][G5] Bánh Xe Đa Hướng Mini Cho Xe Robot,Root,263025484,8000,8000,OEM,VND,8000,8000
Túi zip dẻo trắng sửa combo 5 size tiện ích du lịch K15 Shalla (THIẾT YẾU),Phụ kiện du lịch khác,194808693,20000,16940,OEM,VND,20000,16940
[Lập Trình Nhúng A-Z][G6] Trụ Cột Đồng Hình Lục Giác M3 Các Loại,Root,263026406,1000,1000,OEM,VND,1000,1000
[Lập Trình Nhúng A-Z][G29] Đế Pin 9V Có Jack DC Đực 5.5x2.1mm,Root,263026373,13000,13000,OEM,VND,13000,13000
[Lập Trình Nhúng A-Z][G5] Biến Trở (Chiết Áp) Đơn,Root,263026288,2800,2800,OEM,VND,2800,2800
"[Lập Trình Nhúng A-Z][G6] Led 7 Đoạn Các Loại (Âm Chung, Dương Chung)",Root,263025648,2500,2500,OEM,VND,2500,2500
[Lập Trình Nhúng A-Z][G6] Cầu Chì Ống 5x20mm 250V Đủ Loại,Root,263026431,1000,1000,OEM,VND,1000,1000
[Lập Trình Nhúng A-Z][G34] Cầu Đấu Dây KF7.62 2P/3P/4P 7.62mm Màu Xanh,Root,263025691,1500,1500,OEM,VND,1500,1500
[Lập Trình Nhúng A-Z][44] IC So Sánh LM358 LM358P DIP-8,Root,263025498,2000,2000,OEM,VND,2000,2000
[Lập Trình Nhúng A-Z][G32] Bộ 10 Mũi Khoan Nhiều Loại,Root,263026025,25000,25000,OEM,VND,25000,25000
[Lập Trình Nhúng A-Z][G9] Hộp Biến Trở Vi 3296W Chỉnh Nhiều Loại,Root,263026779,130000,130000,OEM,VND,130000,130000
[Lập Trình Nhúng A-Z][G9] Nút Công Tắc Nhấn Nhả Bằng Kim Loại Cỡ 16mm,Root,263026828,15000,15000,OEM,VND,15000,15000
[Lập Trình Nhúng A-Z][G31] Đầu Mỏ Hàn 907 60W,Root,263027124,22000,22000,OEM,VND,22000,22000
"[Lập Trình Nhúng A-Z][G8] Bộ Máy Hàn, Tay Hàn, Mỏ Hàn TQ936 60W Chỉnh Nhiệt Độ",Root,263026570,65000,65000,OEM,VND,65000,65000
[Lập Trình Nhúng A-Z] 1 Mét Ống Co Nhiệt Nhiều Loại,Root,263026576,2000,2000,OEM,VND,2000,2000
[Lập Trình Nhúng A-Z] Hộp Đựng Linh Kiện 24 Ngăn,Root,263025695,27000,27000,OEM,VND,27000,27000
[Lập Trình Nhúng A-Z][159] LED Trắng Siêu Sáng F8 8mm 0.5W,Root,263027371,1000,1000,OEM,VND,1000,1000
[Lập Trình Nhúng A-Z][G30] Bộ Tua Vít 32 Trong 1,Root,263025560,45000,45000,OEM,VND,45000,45000
"[Lập Trình Nhúng A-Z][G26] Kẹp Cá Sấu 50A 80mm - Kẹp Bình Ắc Quy Ô Tô, Xe Máy",Root,263025685,9000,9000,OEM,VND,9000,9000
[Lập Trình Nhúng A-Z][88] IC Nguồn TNY278PN TNY278P TNY278 DIP-7,Root,263027165,9500,9500,OEM,VND,9500,9500
[Lập Trình Nhúng A-Z][G37] Cặp Đực Cái JST-2P Dài 15Cm,Root,263027263,4000,4000,OEM,VND,4000,4000
[Lập Trình Nhúng A-Z][G4] Túi 10 Con Diode 1N4007 1A/1000V,Root,263025589,3000,3000,OEM,VND,3000,3000
[Lập Trình Nhúng A-Z][G34] Kìm Cắt Mini 3.5 Inch,Root,263025491,30000,30000,OEM,VND,30000,30000
[Lập Trình Nhúng A-Z][G41] Kit PIC16f877A (Gồm Chip PIC16f877A),Root,263027046,380000,380000,OEM,VND,380000,380000
[Lập Trình Nhúng A-Z][G14] Đầu Jack USB3.1 Type C 16P Loại Dán,Root,263027377,3000,3000,OEM,VND,3000,3000
[Lập Trình Nhúng A-Z][G31] Bộ Máy Khoan Mini Cầm Tay Mini 12V 20W,Root,263027051,210000,210000,OEM,VND,210000,210000
[Lập Trình Nhúng A-Z][G42] IC Ổn Áp Nguồn CJ78L05 CJ78L09 CJ78L12 CJ78L15 SMD,Root,263026372,1500,1500,OEM,VND,1500,1500
[Lập Trình Nhúng A-Z][87] MOSFET IRFZ44NPBF TO-220 55V/49A,Root,263027174,5000,5000,OEM,VND,5000,5000
[Lập Trình Nhúng A-Z][G37] Nhíp Thăm Dò Kiểm Tra LCR và Thành Phần Chip SMD,Root,263027184,42000,42000,OEM,VND,42000,42000
[Lập Trình Nhúng A-Z][G14] Cuộn Cảm Cắm 0608 6x8mm Nhiều Loại (3.3uH-10mH),Root,263026834,1000,1000,OEM,VND,1000,1000
"Túi xách du lịch cỡ lớn 2 tầng pink, túi du lịch đa năng nam nữ sang trọng ,chống nước tốt",Phụ kiện du lịch khác,191950015,139000,139000,OEM,VND,139000,139000
Thảm dã ngoại khổ 1m55 gấp gọn-Chống thấm nước tiện lợi,Root,249531912,49000,49000,OEM,VND,49000,49000
Túi đựng đồ dùng nhà tắm/Two Part Wash Bag Spring Bunnies and Lambs  - Blue - 1083781,Root,252798025,1349000,1349000,Cath Kidston,VND,1349000,1349000
Túi để phụ kiện điện tử 300D,Phụ kiện du lịch khác,208127490,85000,85000,OEM,VND,85000,85000
Cath Kidston - Túi đựng mỹ phẩm/Classic Make Up Case - Bee & Heart - Yellow -1042535,Root,199103225,799000,559000,OEM,VND,799000,559000
Mắt cáo (ôrê) 1 mặt tán size 4mm-6mm(bịch 10 bộ),Root,254084801,12000,12000,OEM,VND,12000,12000
Túi đựng giường xếp văn phòng hình trụ,Phụ kiện du lịch khác,214771530,30000,28000,OEM,VND,30000,28000
"Cốp du lịch, túi hành lý xách tay đựng đồ đa năng 14inch cự dễ thương",Phụ kiện du lịch khác,212554319,239000,239000,OEM,VND,239000,239000
[Lập Trình Nhúng A-Z][107] Mạch Tăng Áp 0.9-5V Lên 5VDC - 600mA Tích Hợp Cổng USB,Root,262974149,9000,9000,OEM,VND,9000,9000
[Lập Trình Nhúng A-Z][109] Màn Hình LCD 16x02 LCD16x02,Root,262974253,32000,32000,OEM,VND,32000,32000
[Lập Trình Nhúng A-Z][112] Cảm Biến Hồng Ngoại TCRT5000,Root,262974205,12000,12000,OEM,VND,12000,12000
[Lập Trình Nhúng A-Z][103] Còi Chip Buzzer 12*9.5mm 3V/5V/12V,Phụ kiện du lịch khác,262973478,4000,4000,OEM,VND,4000,4000
[Lập Trình Nhúng A-Z][121] Arduino Nano V3.0 Atmega328P,Root,262974171,120000,120000,OEM,VND,120000,120000
[Lập Trình Nhúng A-Z][G20] Jack DC Đầu Cái / Đầu Đực,Root,263020113,2500,2500,OEM,VND,2500,2500
[154] Bánh Xe Đa Hướng Mắt Trâu,Root,263025520,14000,14000,OEM,VND,14000,14000
[G5] Van Nước Một Chiều Loại 8mm,Root,263027459,8000,8000,OEM,VND,8000,8000
Module Hạ Áp ADJ LM2596 LM2596S DC-DC Điện Áp Điều Chỉnh Được 5V/12V/24V Cường Độ Dòng Điện 3A,Root,263026038,19000,19000,OEM,VND,19000,19000
Board Test Cắm Mạch,Root,263027123,10000,10000,OEM,VND,10000,10000
DC Động Cơ Bánh Răng Tốc Độ Cao 6V/12V,Root,263027154,110000,110000,OEM,VND,110000,110000
Tip41C,Root,263026011,2400,2400,OEM,VND,2400,2400
[Lập Trình Nhúng A-Z][147] Module Thu Phát RF (Gồm 1 Bộ Thu Và 1 Bộ Phát RF),Root,263025579,25000,25000,OEM,VND,25000,25000
[Lập Trình Nhúng A-Z][148] Động Cơ DC 130 3-6V Motor 3V,Root,263025882,3000,3000,OEM,VND,3000,3000
[Lập Trình Nhúng A-Z][156] Đế Chuyển Adapter Usb 2.0 to Dip,Root,263025770,5000,5000,OEM,VND,5000,5000
[Lập Trình Nhúng A-Z][157] Module Cảm Biến Ánh Sáng,Root,263026273,10000,10000,OEM,VND,10000,10000
[Lập Trình Nhúng A-Z][152] Vôn Kế - Đồng Hồ Led Đo Áp - Volt DC 3 Dây 0~30v 0.36 Inch,Root,263026060,18000,18000,OEM,VND,18000,18000
[Lập Trình Nhúng A-Z][149] Module Tăng Áp BOOST DC-DC XL6009 4A,Root,263026714,25000,25000,OEM,VND,25000,25000
[Lập Trình Nhúng A-Z][156] Đế Chuyển USB-4P To 2.54mm DIP,Root,263026810,5000,5000,OEM,VND,5000,5000
[Lập Trình Nhúng A-Z][144] Công Tắc Hành Trình Giới Hạn KW11-3Z-2 3 Chân 5A 125 250VAC,Phụ kiện du lịch khác,263063155,3000,3000,OEM,VND,3000,3000
[Lập Trình Nhúng A-Z][145] Jack Bắp Chuối 4mm Đực Cái,Phụ kiện du lịch khác,263063240,1800,1800,OEM,VND,1800,1800
[Lập Trình Nhúng A-Z][136] Transistor Công Suất TIP41C TIP41 TIP120 TIP122,Phụ kiện du lịch khác,263062866,2500,2500,OEM,VND,2500,2500
[Lập Trình Nhúng A-Z][G13] Tua Vít Vặn Ốc Hai Đầu Mini M3 + M4,Root,263025562,18000,18000,OEM,VND,18000,18000
[Lập Trình Nhúng A-Z][G13] Module Chiết Áp 10K Điện Áp 0V-5V (Gồm Ốc Và Núm Vặn),Root,263025679,18000,18000,OEM,VND,18000,18000
[Lập Trình Nhúng A-Z][G13] Động Cơ N20 1.5V-6V,Root,263025418,15000,15000,OEM,VND,15000,15000
[Lập Trình Nhúng A-Z][G13] Module Nguồn DC 5.5x2.1mm,Root,263026111,6500,6500,OEM,VND,6500,6500
[Lập Trình Nhúng A-Z] Dây 40P 10Cm/20Cm/30Cm (Tệp 40 Sợi),Root,263025962,14000,14000,OEM,VND,14000,14000
[Lập Trình Nhúng A-Z][G1] Đế Pin 18650 Có Chân Hàn/Dây Nối,Root,263026122,5500,5500,OEM,VND,5500,5500
[Lập Trình Nhúng A-Z][G24] Bộ Kit Arduino Uno R3 Có Hộp Nhựa,Root,263026250,545000,545000,OEM,VND,545000,545000
[Lập Trình Nhúng A-Z][G18] Combo 2 Led 2 Màu Đỏ - Xanh Lá 3 Chân Âm Chung 3MM,Root,263026393,1000,1000,OEM,VND,1000,1000
[Lập Trình Nhúng A-Z][G16] Combo 12 Loại Tụ Từ 0.22UF Đến 470UF,Root,263025439,29000,29000,OEM,VND,29000,29000
[Lập Trình Nhúng A-Z][G16] Diode Cầu KBP206 KBP210 KBP307 KBP310 Các Loại,Root,263026058,2000,2000,OEM,VND,2000,2000
[Lập Trình Nhúng A-Z][G14] Công Tắc Từ MKA14103 2x14mm Thường Mở,Root,263025576,5000,5000,OEM,VND,5000,5000
[Lập Trình Nhúng A-Z][G2] Dây Chuyển Đổi USB To COM RS232 HL-340,Root,263027006,25000,25000,OEM,VND,25000,25000
Cath Kidston - Túi đựng mỹ phẩm/Recycled Rose Brushes Bag - Check Ditsy - Green -1049596,Phụ kiện du lịch khác,199103421,699000,489000,Cath Kidston,VND,699000,489000
[Lập Trình Nhúng A-Z][G22] Mỡ Hàn Thiếc BST-21503U,Root,263025446,22000,22000,OEM,VND,22000,22000
[Lập Trình Nhúng A-Z][G5] Bộ Bánh Xe Và Động Cơ Giảm Tốc Vàng 3V-9V,Root,263025752,7000,7000,OEM,VND,7000,7000
[Lập Trình Nhúng A-Z][G24] Thẻ từ RFID 125Khz,Root,263026461,4000,4000,OEM,VND,4000,4000
[Lập Trình Nhúng A-Z][G23] Mạch Cảm Biến Đo Nhịp Tim Max30102,Root,263027195,40000,40000,OEM,VND,40000,40000
[Lập Trình Nhúng A-Z][G22] Mạch Điều Khiển Động Cơ PWM 6-28VDC 3A 80W,Root,263025676,30000,30000,OEM,VND,30000,30000
[Lập Trình Nhúng A-Z][G28] Module Cảm Biến Nhiệt Độ và Độ Ẩm DHT11,Root,263025623,25000,25000,OEM,VND,25000,25000
[Lập Trình Nhúng A-Z][G3] Cell Pin 18650 Siêu Bền (Mới 100%),Root,263026080,15000,15000,OEM,VND,15000,15000
"[Lập Trình Nhúng A-Z][G5] Cút - Góc Ống PU, PE",Root,263027343,2900,2900,OEM,VND,2900,2900
[Lập Trình Nhúng A-Z][G6] Combo 10 Nút Nhấn 4 Chân 6x6x4.3/5/6/7/8/9/10/12/14/16 mm Tiếp Điểm Đồng,Root,263026395,3000,3000,OEM,VND,3000,3000
[Lập Trình Nhúng A-Z][G6] Vòi Inox 304 Dùng Cho Bình Rót Rượu Tự Động 8mm,Root,263027425,19000,19000,OEM,VND,19000,19000
[Lập Trình Nhúng A-Z][G38] Mạch Tăng Áp Boost 1200W DC-DC 12 - 80VDC,Root,263025853,229000,229000,OEM,VND,229000,229000
[Lập Trình Nhúng A-Z][G17] Mạch Tăng Áp DC-DC 600W Điện Áp Vào 10V-60V Cho Ra 12V-60V,Root,263026017,120000,120000,OEM,VND,120000,120000
[Lập Trình Nhúng A-Z][G39] Module Encoder Cảm Biến Tốc Độ Động Cơ,Root,263026282,13000,13000,OEM,VND,13000,13000
[Lập Trình Nhúng A-Z][G21] Móc Khóa Thước Dây,Root,263026402,15000,15000,OEM,VND,15000,15000
[Lập Trình Nhúng A-Z][G41] Cáp Nối Dài 30Cm,Root,263025478,10000,10000,OEM,VND,10000,10000
[Lập Trình Nhúng A-Z][G39] Module Cảm Biến Rung Lò Xo SW1801P,Root,263026794,11000,11000,OEM,VND,11000,11000
[Lập Trình Nhúng A-Z][G37] Bảng Mạch Phát Triển Pin Lithium 18650 Cho Raspberry Pi 3 Esp32 Esp8266 Wemos V3,Root,263025834,60000,60000,OEM,VND,60000,60000
[Lập Trình Nhúng A-Z][133] Module SIM900A Và Anten,Root,263026161,120000,120000,OEM,VND,120000,120000
[Lập Trình Nhúng A-Z] Tụ Hóa 16V Nhiều Loại Từ 10uF Đến 4700uF,Root,263025443,1000,1000,OEM,VND,1000,1000
[Lập Trình Nhúng A-Z][G15] Bút Thử Điện Cảm Ứng Thông Minh,Root,263026421,29000,29000,OEM,VND,29000,29000
[Lập Trình Nhúng A-Z][G33] Điện Trở Cắm 2W 5% Có Giá Trị Từ 0.1R Đến 150K,Root,263026208,1000,1000,OEM,VND,1000,1000
[Lập Trình Nhúng A-Z] Hộp Đựng Linh Kiện 10 Ngăn,Root,263027014,8000,8000,OEM,VND,8000,8000
Hộp Đựng Linh Kiện 36  Hộp Đựng Linh Kiện 36 Ngăn,Root,263027067,39000,39000,OEM,VND,39000,39000
[Lập Trình Nhúng A-Z][G32] Đầu Kẹp Mũi Khoan Trục 3.17mm,Root,263025426,45000,45000,OEM,VND,45000,45000
[Lập Trình Nhúng A-Z] Combo 10 Led Đơn Siêu Sáng Đường Kính 3mm/5mm,Root,263026197,2900,2900,OEM,VND,2900,2900
[Lập Trình Nhúng A-Z][G30] Bộ 10 Lưỡi Dao Cắt Mica - Alu - Fomex - Nhựa - Bảng Mạch,Root,263025440,14000,14000,OEM,VND,14000,14000
[Lập Trình Nhúng A-Z][G15] Giá Đỡ Cầu Chì Với Nắp Trong Suốt 5*20mm,Root,263027372,2500,2500,OEM,VND,2500,2500
[Lập Trình Nhúng A-Z][G35] Điện Trở Nhiệt NTC10D-11 NTC 10D-11,Root,263025891,1000,1000,OEM,VND,1000,1000
[Lập Trình Nhúng A-Z][G35] Board Test Cắm Mạch SYB-170 Trong Suốt,Root,263026383,6000,6000,OEM,VND,6000,6000
Cath Kidston - Túi đựng mỹ phẩm/Classic Cosmetic Case - Marble Hearts Ditsy - Pink -1042443,Phụ kiện du lịch khác,199103192,899000,629000,Cath Kidston,VND,899000,629000
[HCM] Miếng Bịt Mắt Ngủ Hình Gấu Trúc Dễ Thương Ngủ Văn Phòng Đi Du Lịch Dã Ngoại H059-B - Egreen Dùng 1 Lần,Phụ kiện du lịch khác,249570831,16455,16455,OEM,VND,16455,16455
TÚI ĐEO CHÉO THẺ THAO CÓ NGĂN ĐỰNG GIÀY CAO CẤP,Root,193720638,550000,495000,OEM,VND,550000,495000
Vải mưa bọc ba lô loại 30 - 40L,Phụ kiện du lịch khác,212047477,57420,29284,OEM,VND,57420,29284
Túi đựng phụ kiện chuyên dụng cao cấp Tek Case - Boundary Supply - Hàng chính hãng,Phụ kiện du lịch khác,205379866,2780000,2780000,Boundary,VND,2780000,2780000
Cath Kidston - Túi đựng mỹ phẩm/Zip Make Up Bag - Pomegranate - Cream -1049619,Phụ kiện du lịch khác,199103287,699000,489000,Cath Kidston,VND,699000,489000
Cath Kidston - Túi nữ/Bow Tie Pouch - Pomegranate - Cream -1049466,Phụ kiện du lịch khác,199103163,749000,449000,Cath Kidston,VND,749000,449000
[Lập Trình Nhúng A-Z][119] Đế Pin 3V CR2025 CR2032,Root,262974255,1000,1000,OEM,VND,1000,1000
[Lập Trình Nhúng A-Z][107] Mạch Tăng Áp Mini Có Cổng Micro USB MT3608,Root,262974257,13000,13000,OEM,VND,13000,13000
[Lập Trình Nhúng A-Z][108] Kìm Cắt Dây Điện PLATO-170,Root,262974155,24000,24000,OEM,VND,24000,24000
"[Lập Trình Nhúng A-Z][106] Đế Module Cảm Biến Siêu Âm HC-SR04, HC-SR05",Root,262974248,6500,6500,OEM,VND,6500,6500
[Lập Trình Nhúng A-Z][131] Cổng Kết Nối Terminal KF301 5.08mm,Root,263020112,1000,1000,OEM,VND,1000,1000
"[Lập Trình Nhúng A-Z][129] Mạch Sạc Pin Có Bảo Vệ MicroUSB TP4056 - Có IC Bảo Vệ Quá Dòng, Quá Áp",Phụ kiện du lịch khác,263020008,6000,6000,OEM,VND,6000,6000
[Lập Trình Nhúng A-Z][126] Relay 5V/12V/24V 10A/250V 5 Chân,Root,262991424,5900,5900,OEM,VND,5900,5900
[Lập Trình Nhúng A-Z][129] Mạch Bảo Vệ Pin 3S 10A,Root,263020014,28000,28000,OEM,VND,28000,28000
[Lập Trình Nhúng A-Z][130] Bộ Điều Khiển Từ Xa Không Dây 4 Kênh,Root,263020137,59000,59000,OEM,VND,59000,59000
[Lập Trình Nhúng A-Z][116] Module Cảm Biến Nhận Dạng Vân Tay AS608,Root,262974224,275000,275000,OEM,VND,275000,275000
[Lập Trình Nhúng A-Z][117] Động Cơ Bước 5V/12V 28BYJ-48 + Mạch Điều Khiển ULN2003,Phụ kiện du lịch khác,262974920,15000,15000,OEM,VND,15000,15000
[Lập Trình Nhúng A-Z][114] Module Relay ESP8266 ESP- 01S,Root,262974162,58000,58000,OEM,VND,58000,58000
[Lập Trình Nhúng A-Z][111] Servo SG90/MG90S,Root,262974198,29000,29000,OEM,VND,29000,29000
[Lập Trình Nhúng A-Z][106] Cảm Biến Siêu Âm HC-SR04/ HC-SR05,Root,262974185,6500,6500,OEM,VND,6500,6500
[Lập Trình Nhúng A-Z][143] Relay SLA-05VDC/12VDC/24VDC-SL-A Loại 5V/12V/24V 30A 4 Chân/5 Chân/6 Chân,Root,263026827,19000,19000,OEM,VND,19000,19000
[Lập Trình Nhúng A-Z][142] Thanh 5 Cảm Biến Dò Line TCRT5000 - Robot Dò Line,Root,263025571,49000,49000,OEM,VND,49000,49000
[G3] Nguồn Adapter 5V/9V/12V,Root,263027390,25000,25000,OEM,VND,25000,25000
Combo Mỏ Hàn 907 220V-60W và 5 Món Phụ Kiện,Root,263026113,189000,189000,OEM,VND,189000,189000
[G30] Dây Đo Đồng Hồ Vạn Năng 10A,Root,263026042,12000,12000,OEM,VND,12000,12000
Bộ Sạc Pin Lithium 3.7V 4.2V Sạc Chất Lượng,Root,263025698,40000,40000,OEM,VND,40000,40000
[G14] Đầu Jack USB3.1 Type C 6P Loại Dán,Root,263026266,3000,3000,OEM,VND,3000,3000
[G5] Thiếc Hàn 0.8mm/1.0mm 10g/20g/50g/100g Nhiều Loại,Root,263025906,35000,35000,OEM,VND,35000,35000
[Lập Trình Nhúng A-Z][136] Móc Kẹp Dây Dẫn Cho Phân Tích Logic,Root,263026396,5200,5200,OEM,VND,5200,5200
[102] USB Phân Tích Tín Hiệu Số Logic 24Mhz 8 Kênh ARM FPGA,Root,263027495,181000,181000,OEM,VND,181000,181000
[Lập Trình Nhúng A-Z][137] Module Cảm Biến Nhịp Tim MAX30100,Root,263026911,40000,40000,OEM,VND,40000,40000
[Lập Trình Nhúng A-Z][136] Trở Băng 9 Chân,Root,263025847,2000,2000,OEM,VND,2000,2000
[Lập Trình Nhúng A-Z][147] Đế Cắm Test IC 40P/16P Chân,Root,263027345,15000,15000,OEM,VND,15000,15000
[Lập Trình Nhúng A-Z][135] Module Flash W25Q32 W25Q64 W25Q128,Phụ kiện du lịch khác,263062623,20000,20000,OEM,VND,20000,20000
[Lập Trình Nhúng A-Z][139] Pin Cúc Áo CR2025 Lithium 3V,Phụ kiện du lịch khác,263063011,6000,6000,OEM,VND,6000,6000
[Lập Trình Nhúng A-Z][146] Màn Hình LCD Text LCD 2004 LCD2004,Phụ kiện du lịch khác,263063259,90000,90000,OEM,VND,90000,90000
[Lập Trình Nhúng A-Z][140] Module Nguồn Hạ Áp 3A Hiệu Suất Cao (Vin 4-24V),Phụ kiện du lịch khác,263063144,20000,20000,OEM,VND,20000,20000
[Lập Trình Nhúng A-Z][G12] Công tắc E-TEN1021 (ETEN1021 1021 Công Tắc Bật 2 Chân 2 Vị Trí 15A 250VAC),Root,263027062,12000,12000,OEM,VND,12000,12000
[Lập Trình Nhúng A-Z][G12] Module Relay 6/8 Kênh,Root,263027012,86000,86000,OEM,VND,86000,86000
[Lập Trình Nhúng A-Z][G10] Pin CR1220 Lithium,Root,263026109,4000,4000,OEM,VND,4000,4000
[Lập Trình Nhúng A-Z][G14] Đế Ra Chân Cổng USB Đực - Cái (USB DIP),Root,263025407,2500,2500,OEM,VND,2500,2500
[Lập Trình Nhúng A-Z][G14] Đầu Jack USB3.1 Type C 16P,Root,263027462,1500,1500,OEM,VND,1500,1500
[Lập Trình Nhúng A-Z] Keo Nến 7MM Dài 30cm,Root,263025618,2200,2200,OEM,VND,2200,2200
[Lập Trình Nhúng A-Z][G13] Đầu Phát Laser 5V 5mW (3-5V),Root,263025598,8500,8500,OEM,VND,8500,8500
[Lập Trình Nhúng A-Z][G12] Công Tắc Bập Bênh Đôi Có Đèn KCD3 6 Chân 15A 250V,Root,263025486,12000,12000,OEM,VND,12000,12000
[Lập Trình Nhúng A-Z][G21] Motor Giảm Tốc N20 3-6V 104rpm Và Bánh Xe N20,Root,263027081,3500,3500,OEM,VND,3500,3500
[Lập Trình Nhúng A-Z][G2] Dây Điện ( Lõi nhiều Sợi ) Dài 1m,Root,263025537,2500,2500,OEM,VND,2500,2500
[Lập Trình Nhúng A-Z][G16] Cổng RJ45 18.3mm 8P8C,Root,263026696,4000,4000,OEM,VND,4000,4000
[Lập Trình Nhúng A-Z][G18] Module Ghi Âm ISD1820,Root,263026238,45500,45500,OEM,VND,45500,45500
[Lập Trình Nhúng A-Z][G18] Module Cảm Biến Mưa,Root,263026578,13000,13000,OEM,VND,13000,13000
[Lập Trình Nhúng A-Z][G14] Biến Trở Vuông 3362P Nhiều Loại,Root,263026550,2500,2500,OEM,VND,2500,2500
[Lập Trình Nhúng A-Z][G14] Cáp Chuyển Đổi Tín Hiệu USB TTL PL2303TA,Root,263026561,35000,35000,OEM,VND,35000,35000
Túi đựng mỹ phẩm/ Classic Make Up Case Spring Bunnies and Lambs  - Blue - 1083668,Root,252798039,699000,699000,Cath Kidston,VND,699000,699000
Túi bọc Vali nhựa dẻo dày dặn trong suốt - Bao bọc Vali nhựa PVC trong suốt chống nước có viền (Không kèm vali),Balo và Vali,73274662,60270,53900,OEM,VND,60270,53900
Bộ 7 Túi Đựng Đồ Du Lịch Tiết Kiệm Phân Loại Hành Lý Dành Cho Vali,Phụ kiện vali,192155106,200000,187000,NAVIVU,VND,200000,187000
Hộp đựng dụng cụ vệ sinh cá nhân & mỹ phẩm du lịch - Travel kit Etravel cao cấp,Phụ kiện vali,38446007,344000,240800,OEM,VND,344000,240800
Bộ 7 Túi Đựng Đồ Du Lịch Phân Loại Ngăn Nắp Dành Cho Vali,Phụ kiện du lịch khác,74346568,200000,187000,OEM,VND,200000,187000
Bộ 7 Túi Đựng Đồ Du Lịch Phân Loại Hành Lý Ngăn Nắp Dành Cho Vali,Phụ kiện vali,186843254,200000,187000,OEM,VND,200000,187000
Lọ chiết nước hoa du lịch 5ml( Giao màu ngẫu nhiên),Balo và Vali,71290678,17800,17800,OEM,VND,17800,17800
Áo Trùm Vali Mia Cover City Chống Trầy Xước,Phụ kiện vali,180576287,160000,160000,Mia,VND,160000,160000
Túi Trùm Chống Xước Cho Vali Cao Cấp Bamozo TT01,Root,170601088,39000,29000,BAMOZO,VND,39000,29000
"Vali hợp kim nhôm nguyên khối MS1307 Macsim cao cấp màu bạc, màu đen, mùa Ti-gold 20inches",Phụ kiện vali,179945646,10440000,10440000,Macsim,VND,10440000,10440000
Hộp đựng thuốc du lịch 7 ngăn nhỏ gọn,Phụ kiện vali,160460089,79000,79000,OEM,VND,79000,79000
"Túi đựng giày K2 ,túi để giày dép du lịch ,thể thao đá bóng chống nước nhỏ gọn là phụ kiện tiện ích dễ dàng mang theo",Phụ kiện vali,179523076,79000,75000,OEM,VND,79000,75000
"Vali hợp kim nhôm nguyên khối MS1318 Macsim cao cấp màu ti-gold,màu bạc, màu đen cỡ 24inches",Phụ kiện vali,179945968,12480000,12480000,Macsim,VND,12480000,12480000
"Vali hợp kim nhôm nguyên khối MS1318 Macsim cao cấp màu đen, màu bạc, màu Ti-gold cỡ 20inches",Phụ kiện vali,179946157,10440000,10440000,Macsim,VND,10440000,10440000
"Quai xách tay cầm 21cm, đã bao gồm ốc vít, dùng cho vali kéo cho vali lock&lock, Kakashi,Lojel, American Tourister bảo hành 12 tháng",Phụ kiện vali,187988594,36000,36000,OEM,VND,36000,36000
"Hộp Cốc Đựng Bàn Chải Đánh Răng, Kem Đánh Răng Du Lịch",Thời Trang,213573836,25000,23750,OEM,VND,25000,23750
Túi bọc bảo vệ vali -Áo vỏ bọc vali H105,Phụ kiện vali,89295071,244000,244000,ZOOYOO,VND,244000,244000
"Khóa số mini du lịch chuẩn TSA cho vali, túi xách, balo, tủ cá nhân (giao màu ngẫu nhiên)",Phụ kiện vali,9361479,88900,88900,OEM,VND,88900,88900
Dây Đai Vali Khóa Số Thẻ Tên Chống Trộm,Thời Trang,7225009,27499,27499,OEM,VND,27499,27499
Dây Đai Vali Dài 2m CR-18B,Thời Trang,15331267,17019,15220,OEM,VND,17019,15220
Vải Bọc trùm Áo trùm Vali nhiều size SD211 Shalla,Phụ kiện vali,45623475,46899,41943,Shalla,VND,46899,41943
Hộp đựng bàn chải đánh răng nhỏ gọn tiện lợi khi đi du lịch,Root,247246147,16999,16999,OEM,VND,16999,16999
"Lọ chiết mỹ phẩm du lịch silicon hình thú cute 30ml, 60ml, 90ml",Root,135538994,40000,40000,OEM,VND,40000,40000
"Combo 8 Vỏ Bọc Thẻ Căn Cước, ATM, Thẻ Nhân Viên Siêu Mềm",Root,146491558,23000,20000,OEM,VND,23000,20000
KHÓA VALI MASTER LOCK 4630EURQAST (BỘ 4),Phụ kiện vali,16448733,523000,470700,MasterLock,VND,523000,470700
Hộp Đựng Bàn Chải Du Lịch Nhiều Màu,Phụ kiện vali,49711157,24000,24000,OEM,VND,24000,24000
Hộp tiện ích du lịch đựng dụng cụ vệ sinh cá nhân & mỹ phẩm - Travel kit Etravel,Thời Trang,34672201,139000,139000,OEM,VND,139000,139000
Thẻ hành lý cho vali cặp du lịch ký gửi hàng hóa chọn hình V1 Shalla TẶNG BỌC CĂN CƯỚC,Phụ kiện vali,142104769,11260,9528,OEM,VND,11260,9528
Trùm Bọc Balo đi mưa 35L loại cao cấp hàng xuất khẩu MA21 Shalla,Phụ kiện vali,34723694,41860,35420,Shalla,VND,41860,35420
"Bao Vali Trong Suốt, áo bọc vali trong suốt size 20, 22, 24, 26, 28",Phụ kiện vali,81193354,90090,76230,OEM,VND,90090,76230
"Ủng Quần Rằn Ri Lội Nước, Làm Ao - Ủng Quần Làm Ruộng 2 lớp",Root,173650934,135000,135000,OEM,VND,135000,135000
"Túi Đựng Giày Dép Du Lịch Có Dây Rút Loại To Tiện lợi Chống Bám Bụi, Ẩm Mốc",Root,190631715,9500,9500,OEM,VND,9500,9500
"Quai xách, tay cầm vali 21.5cm, đã bao gồm ốc vít, vali lock&lock, Kakashi, Lojel, American Tourister, sakos, samsonite, Delsey, lusetti",Phụ kiện vali,197370204,54000,54000,OEM,VND,54000,54000
Hộp đựng bàn chải gấu Rilakuma,Phụ kiện vali,155244491,14999,14999,OEM,VND,14999,14999
"Túi đựng mỹ phẩm, đồ trang điểm, đồ dùng vệ sinh cá nhân đi du lịch - Màu Đỏ",Phụ kiện vali,213943374,98000,93100,dododios,VND,98000,93100
Dây Đai Cột Vali Du Lịch Có Khóa Số,Root,181218556,53000,53000,OEM,VND,53000,53000
"Quai xách, tay cầm vali 22cm,  đã bao gồm ốc vít, dùng cho vali Carlton , Lusetti..... đủ màu",Phụ kiện vali,197366553,45000,45000,OEM,VND,45000,45000
BỘ 3 LỌ CHIẾT MỸ PHẨM SILICON CAO CẤP,Phụ kiện vali,197346119,35000,35000,OEM,VND,35000,35000
"Thẻ Đeo Hành Lý Nhiều Hình Treo Vali, Balo, Túi Xách Kute",Root,146493701,23000,20000,OEM,VND,23000,20000
Túi bọc bảo vệ vali -Áo vỏ bọc vali - Gấu Đen,Phụ kiện vali,2298887,250000,149000,ZOOYOO,VND,250000,149000
"Lọ chiết mỹ phẩm toner có nút nhấn tiện lợi 100ml, 150ml, 200ml, 300ml",Phụ kiện vali,135538504,35000,35000,OEM,VND,35000,35000
Dây đai du lịch Master Lock 4701EURDGRN S Green,Phụ kiện vali,32050859,360000,324000,MasterLock,VND,360000,324000
Ổ khóa vali du lịch TSA Sakos YLA006,Phụ kiện vali,49304253,450000,292000,Sakos,VND,450000,292000
"Cốp Vali Đựng Mĩ Phẩm Đồ Trang Điểm Du Lịch Cao Cấp - Vali Đựng Hành Lí Xách Tay , Vali Mini - HÀNG CHÍNH HÃNG MINIIN",Phụ kiện vali,252912221,189000,189000,MINIIN,VND,189000,189000
Túi bọc bảo vệ vali -Áo vỏ bọc vali - Gấu Vui Nhộn H113,Phụ kiện vali,44472755,274000,199000,ZOOYOO,VND,274000,199000
"Dây đai cố định và bảo vệ vali an toàn mẫu đôi 2m, màu ngẫu nhiên+ Tặng kèm thẻ đeo hành lý ngẫu nhiên",Phụ kiện vali,65419924,167700,129000,ST SOHOGO,VND,167700,129000
Túi bọc bảo vệ vali -Áo vỏ bọc vali - Du Lịch Nước Anh,Phụ kiện vali,7461583,250000,250000,ZOOYOO,VND,250000,250000
Kiềm/ kìm bấm lỗ kèm 100 khoen bằng da chuyên dụng cho giày dép/ túi xách/thắt lưng,Phụ kiện vali,205257038,49999,49999,OEM,VND,49999,49999
Túi bọc bảo vệ vali -Áo vỏ bọc vali - Around-Tròn,Phụ kiện vali,2297253,250000,250000,OEM,VND,250000,250000
Điếu cày du lịch kèm bao da chống đổ nước tặng kèm bịt nõ nhấc tàn,Phụ kiện vali,182708809,296000,296000,OEM,VND,296000,296000
Túi bọc bảo vệ vali - Áo vỏ bọc vali H12,Phụ kiện vali,14994859,232000,232000,OEM,VND,232000,232000
Ổ Khóa Số Du Lịch Cho Vali Cao Cấp,Phụ kiện vali,176662327,34000,34000,OEM,VND,34000,34000
Trùm vali inch 3d thun 4 chiều co giãn hình cô bé yoga SIZE 20 -24 -28 H199,Phụ kiện vali,194808534,145000,122815,OEM,VND,145000,122815
Túi bọc bảo vệ vali -Áo vỏ bọc vali - Summer,Phụ kiện vali,2298707,250000,250000,ZOOYOO,VND,250000,250000
"Hộp Cốc Đựng Bàn Chải Đánh Răng, Kem Đánh Răng Du Lịch",Phụ kiện vali,43741586,22500,21000,OEM,VND,22500,21000
"Hộp Đựng 10 Tăm Chỉ Nha Khoa Di Động, Nhỏ Gọn, Kèm 10 Tăm Chỉ Cá Nhân, Bỏ Túi Mang Theo Du Lịch, Đi Làm. Kingler 7036",Root,248782481,20000,20000,kingler,VND,20000,20000
Săng Mổ Bảo Thạch Trong Phẫu Thuật (bịch 20 miếng),Phụ kiện vali,200616770,72000,72000,OEM,VND,72000,72000
Móc Khóa Vans Metal Keychain - Black Sk8Hi - VN000621F1106,Phụ kiện vali,162150311,300000,300000,Vans,VND,300000,300000
Hộp Đựng Bàn Chải Đánh Răng Du Lịch,Phụ kiện vali,124208687,24000,24000,BB,VND,24000,24000
"Túi bọc Vali nhựa dẻo dày dặn trong suốt cao cấp - Bao bọc Vali nhựa PVC trong suốt chống nước chống trầy - không viền, có viền - đủ size.",Phụ kiện vali,165653081,220000,209000,OEM,VND,220000,209000
Túi bọc bảo vệ vali -Áo vỏ bọc vali - Ticket,Thời Trang,7462917,250000,250000,ZOOYOO,VND,250000,250000
Túi bọc bảo vệ vali - Áo vỏ bọc vali H24,Phụ kiện vali,14994929,274000,169000,OEM,VND,274000,169000
Hộp đựng thuốc du lịch nhiều ngăn tích hợp dao cắt thuốc tiện lợi,Phụ kiện vali,160449800,79000,79000,OEM,VND,79000,79000
Thẻ đeo hành lý treo vali nhiều hình,Phụ kiện vali,139211174,14075,11909,OEM,VND,14075,11909
COMBO 2 DÂY ĐAI VALI CHỐNG TRỘM AN TOÀN BẢO VỆ HÀNH LÝ,Phụ kiện vali,24828877,30750,27500,OEM,VND,30750,27500
Lọ chiết mỹ phẩm du lịch Silicon,Phụ kiện vali,135538513,47000,47000,OEM,VND,47000,47000
Túi Đựng Giày Dép Dây Rút Bamozo Tiện Dụng Bỏ Vali Du Lịch,Root,193513052,16100,9000,BAMOZO,VND,16100,9000
Vải Bọc trùm áo trùm Vali chống trầy nhiều size VS34  - nâu - 24 inch,Phụ kiện vali,45631172,70356,59532,Shalla,VND,70356,59532
Vải Bọc trùm Áo Vali vải nhựa 20 - 24 -28 inch cao cấp chống trầy bảo vệ vali EL6 tặng bọc căn cước {CHÍNH HÃNG},Phụ kiện vali,172916340,28071,25104,OEM,VND,28071,25104
Vải Bọc trùm Vali,Phụ kiện vali,7230083,33456,29920,OEM,VND,33456,29920
Trùm vali Bằng nhựa Trong suốt có Viền size 18-20-24-26-28-30 inch K501 {CHỐNG NƯỚC},Phụ kiện vali,194808548,75000,63525,OEM,VND,75000,63525
Bộ 9 Xe Chó Cứu Hộ Chạy Bánh Đà- Bộ Đồ Chơi Biệt Đội Chó Cứu Hộ Paw Patrol Cho Bé,Phụ kiện vali,164353069,165000,165000,OEM,VND,165000,165000
"[VIDEO]- Set 8 túi đựng đồ du lịch đa năng, nhiều size- CHỌN MÀU- Bộ 8 túi phân loại đồ phù hợp đi công tác, du lịch cho nam và nữ",Phụ kiện vali,197602139,229000,229000,SOHOGO,VND,229000,229000
"Bộ 6 túi nhiều kích cỡ đựng quần áo và đồ dùng cá nhân xếp vali đi du lịch tiện lợi, gọn gàng",Phụ kiện vali,253235506,129000,96750,OEM,VND,129000,96750
Áo trùm vali TRIP Vải không dệt màu đen,Phụ kiện vali,35042297,100000,55000,Trip,VND,100000,55000
Hộp Đựng Bàn Chải Du Lịch,Phụ kiện vali,26526139,51000,51000,FALDO,VND,51000,51000
"Thẻ Đeo Hành Lý Nhiều Hình Treo Vali, Balo, Túi Xách Kute  TP'S",Root,144197803,23000,20000,OEM,VND,23000,20000
Túi bọc bảo vệ vali -Áo vỏ bọc vali - Du Lịch Nước Pháp,Phụ kiện vali,7462625,250000,250000,ZOOYOO,VND,250000,250000
"Hũ chiết mỹ phẩm du lịch Silicon, nhựa PP",Root,135537905,9000,9000,OEM,VND,9000,9000
Túi bọc bảo vệ vali -Áo vỏ bọc vali - Chuột Hoạt Hình H111,Phụ kiện vali,44472541,250000,250000,ZOOYOO,VND,250000,250000
Túi bọc bảo vệ vali -Áo vỏ bọc vali - Around-Vuông,Phụ kiện vali,2297015,250000,250000,ZOOYOO,VND,250000,250000
Thẻ name tag gắn vali hành lý hình chữ nhật phong cách hiện đại TAG03,Phụ kiện vali,89426750,11260,9528,OEM,VND,11260,9528
Khóa link chống xoắn chịu tải lớn đủ các size,Root,144672943,13000,13000,OEM,VND,13000,13000
Túi bọc bảo vệ vali -Áo vỏ bọc vali - 3 Con Gấu Xanh Đen,Phụ kiện vali,7459979,232000,232000,ZOOYOO,VND,232000,232000
Áo trùm vali TRIP vải thun co dãn 4D,Phụ kiện vali,35042216,300000,180000,Trip,VND,300000,180000
"Tay cầm, quai xách nổi 20cm,  đã bao gồm ốc vít, dùng cho vali Sony, Baravia, Lusetti, lock&lock, Kakashi, Lojel, American Tourister, sakos, samso",Phụ kiện vali,195569940,45000,45000,OEM,VND,45000,45000
Túi bọc bảo vệ vali -Áo vỏ bọc vali - Mèo và Cá,Thời Trang,2297169,311000,311000,ZOOYOO,VND,311000,311000
Túi bọc bảo vệ vali -Áo vỏ bọc vali,Phụ kiện vali,252356225,175000,175000,OEM,VND,175000,175000
Áo bọc vali - túi trùm vải thun 3d co giãn 4 chiều - nhựa PVC chống nước 5 size H1991,Phụ kiện vali,194808608,80000,67760,OEM,VND,80000,67760
Túi bọc bảo vệ vali -Áo vỏ bọc vali - Sóng Biển,Thời Trang,7462853,232000,232000,ZOOYOO,VND,232000,232000
Bộ sưu tập áo trùm vali TRIP vải thun 4D cao cấp đủ 3 size,Thời Trang,46755391,300000,180000,Trip,VND,300000,180000
CHAI CHIẾT NƯỚC HOA DẠNG XỊT 10ML - CHAI CHIẾT MỸ PHẨM MINI,Balo và Vali,144510824,21000,21000,OEM,VND,21000,21000
Dây Đai Khóa Vali Hành Lý Có Thể Điều Chỉnh tiện lợi dây đai 150cm-4.0 cm,Root,121332036,25000,25000,OEM,VND,25000,25000
Cần kéo thay thế ( sẵn hàng) tặng bọc cặp và dây cặp như hình,Root,162832598,183480,183480,OEM,VND,183480,183480
Túi bọc bảo vệ vali -Áo vỏ bọc vali - Shark,Thời Trang,6487281,250000,250000,ZOOYOO,VND,250000,250000
Ổ Khóa Số TSA Cho Vali Du Lịch (Giao Màu Ngẫu Nhiên),Thời Trang,28446180,82000,82000,OEM,VND,82000,82000
Thẻ (tag) hành lý hình máy bay chất liệu nhôm,Phụ kiện vali,46054520,44000,44000,OEM,VND,44000,44000
Túi đựng đồ nghề đeo hông - Đai đồ kỹ thuật đeo bụng thắt lưng,Root,168464711,70000,70000,OEM,VND,70000,70000
Túi bọc bảo vệ vali - Áo vỏ bọc vali H16,Phụ kiện vali,14994867,250000,250000,OEM,VND,250000,250000
Trùm vali Bao hình lí nhựa trong suốt 20 - 24 -28 inch cao cấp F8,Phụ kiện vali,55578792,45000,41000,OEM,VND,45000,41000
"Túi Bọc Bao Trùm Vali Chống Bụi ITO Vali 20,24,28,29 inch tiện lợi an toàn GD16-BTVL-24",Root,171437834,49000,49000,OEM,VND,49000,49000
"Vỏ bọc bảo về vali kéo túi bọc vali nhựa trong suốt đủ size 20, 22,24,26,28 inch chống chầy xước",Root,140429400,25000,25000,OEM,VND,25000,25000
"Thẻ bảng tên hành lý vali,túi xách hoạ tiết dễ thương K141",Root,176067708,14014,11858,OEM,VND,14014,11858
Túi Bọc Bảo Vệ Vali -Túi Trùm Vali H01 - HPVali,Phụ kiện vali,19748017,274000,169000,ZOOYOO,VND,274000,169000
Túi bọc bảo vệ vali - Áo vỏ bọc vali H15,Thời Trang,14994871,250000,250000,OEM,VND,250000,250000
Trùm vali Bao hình lí nhựa trong suốt 20 - 24 -28 inch F4,Phụ kiện vali,55578802,55350,49500,OEM,VND,55350,49500
Túi bọc bảo vệ vali -Áo vỏ bọc vali - Khám phá Đại Dương H110,Root,44472626,250000,250000,ZOOYOO,VND,250000,250000
Túi bọc bảo vệ vali -Áo vỏ bọc vali - Du Lịch Singapore,Phụ kiện vali,7462725,232000,232000,ZOOYOO,VND,232000,232000
Túi bọc bảo vệ vali -Áo vỏ bọc vali - Chuột H109,Phụ kiện vali,44472717,250000,250000,ZOOYOO,VND,250000,250000
"Quai xách tay cầm vali 22.2cm 24.2cm,  đã bao gồm ốc vít, dùng cho nhiều loại vali và nhiều hãng vali khác nhau",Balo và Vali,202764145,50000,50000,OEM,VND,50000,50000
"Thẻ Đeo Hành Lý Nhiều Hình Treo Vali, Balo, Túi Xách Kute",Root,124274904,14075,11909,OEM,VND,14075,11909
Bao trùm bọc vali nhựa Trong suốt Viền đen 6 size EV1,Phụ kiện vali,194808591,78000,66066,OEM,VND,78000,66066
Bao trùm vali Bao hình lí nhựa trong suốt 20 - 24 -28 inch cao cấp F45 Tặng túi đựng điện thoại chống nước,Phụ kiện vali,72295929,67650,60500,OEM,VND,67650,60500
"(Tặng áo bao trùm)Vali kéo du lịch RIMOWA khung nhôm khóa sập TSA chống trộm, chống bể vỡ size 24 hành lý ký gửi",Phụ kiện vali,149451547,2600000,2600000,OEM,VND,2600000,2600000
Túi bọc Vali nhựa dẻo dày dặn trong suốt - Bao bọc Vali nhựa PVC trong suốt chống nước. không viền - 20 inch,Phụ kiện vali,73274831,55350,49500,OEM,VND,55350,49500
"[TSP62]Túi đựng mỹ phẩm hàng loại 1 [SIÊU SALE][SIÊU XINH]Túi Đựng đồ du lịch trong suốt, chống nước",Phụ kiện vali,130032451,43000,43000,OEM,VND,43000,43000
Vải Bọc trùm áo trùm Vali chống trầy nhiều size VS34  - xanh - 28 icnh,Phụ kiện vali,45634094,72800,61600,Shalla,VND,72800,61600
"Combo đầy đủ quần áo phụ kiện của nhân viên bảo vệ, nhân viên an ninh- Hình thật",Root,176699837,465000,465000,OEM,VND,465000,465000
Túi bọc bảo vệ vali -Áo vỏ bọc vali - Mũi Tên,Thời Trang,7462489,232000,232000,ZOOYOO,VND,232000,232000
Túi bọc bảo vệ vali -Áo vỏ bọc vali - Tem Thư,Phụ kiện vali,2297105,250000,250000,ZOOYOO,VND,250000,250000
Dây Đai An Toàn Vali Du Lịch Vòng 2 Chiều Có Khóa Số,Phụ kiện vali,143838999,85000,85000,OEM,VND,85000,85000
Túi du lịch gấp gọn đa năng 2 tầng nhiều ngăn chống thấm đựng hành lý cao cấp,Phụ kiện vali,249574900,109000,109000,OEM,VND,109000,109000
Túi bọc bảo vệ vali -Áo vỏ bọc vali - Gấu Nâu H108,Phụ kiện vali,44472563,250000,149000,ZOOYOO,VND,250000,149000
"Quai xách vali 22cm,  đã bao gồm ốc vít, dùng cho nhiều loại vali",Phụ kiện vali,202768106,50000,50000,OEM,VND,50000,50000
"Áo bọc vali silicon trong suốt, áo trùm vali chống xước, chống nước, chống bụi bẩn size20 size24 size28 size29",Root,149451828,60060,50820,OEM,VND,60060,50820
Vải Bọc trùm Áo Vali nhiều size EV1 Shalla,Phụ kiện vali,34745664,46294,41401,Shalla,VND,46294,41401
Hộp đựng bàn chải kem đánh răng du lịch ống đựng đồ đa chức năng tiện dụng,Phụ kiện vali,202877851,9000,9000,OEM,VND,9000,9000
"Ống Đựng Bàn Chải Đánh Răng, Hộp Đựng Bàn Chải Du Lịch Tiện Dụng - PucaMart",Phụ kiện vali,151621762,11563,11563,OEM,VND,11563,11563
Vải Bọc trùm Áo Vali vải nhựa 20 - 24 -28 inch cao cấp chống trầy bảo vệ vali ELV1,Phụ kiện vali,179013336,45045,38115,OEM,VND,45045,38115
Túi bọc bảo vệ vali -Áo vỏ bọc vali - Xanh Đỏ,Thời Trang,2297205,250000,250000,OEM,VND,250000,250000
Túi bọc bảo vệ vali -Áo vỏ bọc vali - Chim và máy ảnh,Phụ kiện vali,2298327,250000,175000,ZOOYOO,VND,250000,175000
"Bao Trùm Vali KOS Thun Co Dãn 4 Chiều, bảo vệ vali chống trầy xước",Phụ kiện vali,11423361,200000,200000,KOS,VND,200000,200000
Túi bọc bảo vệ vali ZOOYOO Gấu Trắng,Phụ kiện vali,2297817,277000,169000,ZOOYOO,VND,277000,169000
Túi bọc bảo vệ vali - Áo vỏ bọc vali H13,Phụ kiện vali,14994922,232000,232000,OEM,VND,232000,232000
Ổ KHOÁ MINI KHOÁ VALI DU LỊCH COLUMBIA,Root,168667505,15000,15000,OEM,VND,15000,15000
"Set Logo Dán Xe, Vali, Laptop (B)",Root,164463787,25000,25000,OEM,VND,25000,25000
Dây Đai An toàn Vali - Màu ngẫu nhiên,Phụ kiện vali,7228633,17019,15220,OEM,VND,17019,15220
Combo Bộ 10 khóa nhựa cao cấp dây đai 25 mm cố định túi đựng hành lí và balo túi xách,Root,121330153,10000,10000,OEM,VND,10000,10000
Bộ 4 ổ khóa vali TSA Master Lock 4689 EURQ Sử Dụng Chung Chìa,Ổ khóa,200521424,530000,477000,Master Lock,VND,530000,477000
Túi bọc bảo vệ vali -Áo vỏ bọc vali - Du Lịch Nhật Bản,Phụ kiện vali,7462573,232000,149000,ZOOYOO,VND,232000,149000
"Bảng nam châm gắn thẻ tên nhân viên đeo áo, thẻ tên nhân viên",Root,144448718,25000,25000,OEM,VND,25000,25000
Túi đựng giày dép quần áo 35*28cm hoa văn dễ thương – Túi để giày 5 mẫu,Root,114688166,9000,9000,OEM,VND,9000,9000
Túi bọc vali The Lonely Wolfs,Phụ kiện vali,12506461,307000,307000,ZOOYOO,VND,307000,307000
"Giàn Phơi Gắn Tường Thông Minh Nhôm, Inox Hòa Phát Giá Rẻ Thích Hợp Cho Căn Hộ, Chung Cư Cao Cấp Và Nhà Phố",Phụ kiện vali,207809590,799000,799000,OEM,VND,799000,799000
Túi bọc bảo vệ vali ZOOYOO Mèo và xe đạp,Phụ kiện vali,2298295,250000,250000,ZOOYOO,VND,250000,250000
Bộ Chiết Mỹ Phẩm Du Lịch Tiện Dụng 5 in1 P91,Phụ kiện vali,54157777,45000,45000,OEM,VND,45000,45000
Gối cổ du lịch Global TA Double Comfort  SAMSONITE - MỸ,Phụ kiện vali,176151215,300000,270000,Samsonite,VND,300000,270000
Bộ Chiết Mỹ Phẩm Đi Du Lịch 6 Món Hàn Quốc Tiện Lợi,Root,171934301,22000,22000,OEM,VND,22000,22000
Sỉ 1kg túi xốp màu trắng  2 quai loại dẻo  ( nhiều kích cỡ ),Phụ kiện vali,196349063,48000,48000,OEM,VND,48000,48000
Gối cổ du lịch Kakashi DoKo Thương Hiệu MIA,Phụ kiện vali,179551939,149000,149000,Kakashi,VND,149000,149000
"Ví Nam Cầm Tay Cao Cấp William Polo,chất Liệu Da Bò Thật Vân Xước,ví Dáng Dài Nam,thiết Kế Nhiều Ngăn,chống Nước-",Phụ kiện vali,206668294,1030000,1030000,OEM,VND,1030000,1030000
"Cốp Vali Đựng Đồ Trang Điểm Du Lịch, Cốp Gắn Trên Vali Kéo Khi Di Chuyển",Phụ kiện vali,213497455,252000,239400,Nice Villa,VND,252000,239400
"Túi bọc vali - Túi trùm bảo vệ vali vải thun siêu dai, co giãn rất tốt, đường in sắc nét - Hoạ tiết cá tính",Phụ kiện vali,194808558,80000,67760,OEM,VND,80000,67760
Bọc Vali Trong Suốt Size 20-24-28,Root,193053700,49000,49000,OEM,VND,49000,49000
"Xi Đánh Bóng Giày Da, Ghế Sofa, Áo Khoác Da, Túi Xách Và Các Loại Đồ Da 40g",Phụ kiện vali,145764362,96000,96000,OEM,VND,96000,96000
Ổ khoá vali dự lịch ( ổ khóa đồng thau),Root,164314374,12000,11400,OEM,VND,12000,11400
Thẻ Treo Vali Kakashi MIA Anse LA314 Nhỏ Gọn Dễ Thương,Root,206052844,44000,44000,Kakashi,VND,44000,44000
"Ổ khóa vali, balo thau 2cm/2.5cm/3cm nhỏ gọn",Phụ kiện vali,252383951,10000,10000,OEM,VND,10000,10000
Áo trùm vali - Vải trùm vali co giản 4d in hình Thú Shalla,Phụ kiện vali,36981965,199875,169125,Shalla,VND,199875,169125
Túi bọc bảo vệ vali - Áo vỏ bọc vali H22,Phụ kiện vali,14994901,307000,189000,OEM,VND,307000,189000
Vải Bọc trùm áo trùm Vali chống trầy nhiều size VS34  - xanh - 24 inch,Phụ kiện vali,45634092,70356,59532,Shalla,VND,70356,59532
Combo 10 Thẻ Ghi Nhớ Nhãn Tag Name Gắn Móc Chìa Khóa Đánh Dấu Hành Lý Vali,Phụ kiện vali,161390143,15000,15000,Legaxi,VND,15000,15000
Túi bọc bảo vệ vali -Áo vỏ bọc vali - 3 Con Gấu Đứng,Phụ kiện vali,7459871,232000,149000,ZOOYOO,VND,232000,149000
Set 6 túi đựng đồ du lịch chống thấm giúp phân loại đồ đi du lịch gọn gàng tiện lợi,Root,230038657,132000,132000,OEM,VND,132000,132000
Vỏ Bọc Vali Nhiều Màu In Hình Dễ Thương Đủ Kích Cỡ Nhỏ Lớn Size 20 Inch Đến 28 Inch,Phụ kiện vali,99100638,175000,175000,OEM,VND,175000,175000
Thẻ Treo Vali Thẻ Treo Hành Lý Luggage Tag Saigonir Hình Ảnh Đồ Ăn Việt Nam Việt Nam Chất Liệu Nhựa Dẻo PVC Kích Thước 6.8*10.5cm Phù Hợp Làm Quà Lưu Niệm Cho Người Nước Ngoài,Phụ kiện vali,54006028,75000,75000,Saigonir,VND,75000,75000
(SIÊU DÀY 50D) Túi bọc vali trong suốt PVC không viền bảo vệ vali chống va đập,Phụ kiện vali,197628212,160000,160000,OEM,VND,160000,160000
Bao da đựng thẻ nhân viên cao cấp UHOO,Root,172573527,70000,70000,OEM,VND,70000,70000
Bọc Vali Trong Suốt Size 20-24-28,Root,193969407,49000,49000,OEM,VND,49000,49000
Dây đai khóa vali cầu vồng,Root,173005271,130000,130000,OEM,VND,130000,130000
Áo trùm vali size 20 -24 -28 inch thun 4 chiều inch 3d đa sắc hình,Phụ kiện vali,194808684,175000,148225,OEM,VND,175000,148225
Hộp Nhựa 200x120x75mm - Chống nước CT,Root,169924578,53350,53350,OEM,VND,53350,53350
Dây Đai Vali Đôi,Root,82498000,82000,82000,OEM,VND,82000,82000
Túi bọc bảo vệ vali -Áo vỏ bọc vali - Size M-3-CHU-GAU,Thời Trang,2167677,300000,300000,ZOOYOO,VND,300000,300000
Hộp đựng bàn chải điện du lịch,Phụ kiện vali,115990483,25000,25000,OEM,VND,25000,25000
HỘP ĐỰNG TAI NGHEHỘP NHỰA ĐỰNG HÌNH VALI ĐỰNG TAI NGHE CÁP SẠC TIỆN DỤNG,Root,144198761,46000,40000,OEM,VND,46000,40000
Bao trùm vali vải không dệt,Phụ kiện vali,68688214,50000,50000,KOS,VND,50000,50000
Dây đai buộc hành lý chuyên dụng chịu tải lớn chiều dài dây 1.5 mét và khóa,Phụ kiện vali,121332321,19000,19000,OEM,VND,19000,19000
Ổ khóa vali du lịch TSA Sakos YLA008,Phụ kiện vali,49304998,450000,292000,Sakos,VND,450000,292000
Túi bọc bảo vệ vali -Áo vỏ bọc vali - Cú HeadPhone,Thời Trang,2298753,250000,149000,ZOOYOO,VND,250000,149000
Túi bọc trùm vali 20-24 inch thun 4 chiều siêu bền,Phụ kiện vali,58567037,146484,123948,OEM,VND,146484,123948
Bao đựng bảo vệ thẻ nhân viên Uhoo cao cấp kèm dây đeo,Root,172574466,35000,35000,OEM,VND,35000,35000
Túi Đựng Mỹ Phẩm Du Lịch Chống Nước,Phụ kiện vali,189683169,35000,33250,OEM,VND,35000,33250
"Đệm ngồi 3D cao cấp, nệm lót ghế gel tổ ong thoáng khí, bảo vệ cột sống dành cho người hay ngồi làm việc",Phụ kiện vali,214651703,198000,198000,OEM,VND,198000,198000
Thẻ hành lý hình dáng họa tiết dễ thương giúp tránh thất lạc hành lý iCART - Giao mẫu ngẫu nhiên,Phụ kiện vali,35911711,14075,11909,OEM,VND,14075,11909
Bao trùm nhựa vải vali size20-24-28 inch trong suốt QAS56,Phụ kiện vali,179013699,45045,38115,OEM,VND,45045,38115
Túi bọc bảo vệ vali -Áo vỏ bọc vali - Gấu Nâu H108,Phụ kiện vali,44457215,299000,189000,ZOOYOO,VND,299000,189000
Túi bọc bảo vệ vali -Áo vỏ bọc vali - DOG,Phụ kiện vali,2298383,250000,175000,ZOOYOO,VND,250000,175000
Hộp đựng bàn chải điện du lịch,Root,194454994,25000,25000,OEM,VND,25000,25000
"Túi bọc vali Msquare size 20, 24 và 28",Root,144481312,560000,560000,OEM,VND,560000,560000
"Túi chiến thuật rằn ri đi hành quân, dã ngoại, thao trường cho bộ đội",Root,181786500,80000,80000,OEM,VND,80000,80000
Cảo ống nước D27 có chân + nhựa ngàm kẹp BESSEY,Root,164977727,170000,170000,OEM,VND,170000,170000
Túi đựng bình nước có quai đeo chéo,Phụ kiện vali,110791407,157500,157500,OEM,VND,157500,157500
Túi Đựng Giày Dép Du Lịch Thể Thao Tiện Dụng 3 Ngăn Chống Nước,Root,249006166,79000,75050,dododios,VND,79000,75050
Túi Bọc Bao Trùm Vali Chống Bụi ITO Vali siêu tiện lợi an toàn GD16-BTVL,Root,171436877,49000,49000,OEM,VND,49000,49000
"Hộp Đựng Thuốc Mini, Mang Đi Làm, Đi Du Lịch, Nhỏ Gọn Bỏ Túi, Tiện Dụng, Nhựa An Toàn, Giá Rẻ, Kingler 7122",Root,129949676,19000,19000,kingler,VND,19000,19000
Bao hành lí trùm vali du lịch 20-22-24-26-28-30 inch thun 3d mèo túi - nhựa trong suốt (cao cấp),Phụ kiện vali,194808589,80000,67760,OEM,VND,80000,67760
Ổ KHÓAMIỄN PHÍ VẬN CHUYỂN Ổ KHÓA SỐ MINI DU LỊCH COLUMBIA KHÓA BALO VALY TÚI XÁCH CAO CẤP TIỆN DỤNG,Root,144197866,25000,25000,OEM,VND,25000,25000
Bộ Chiết Mỹ Phẩm 5 Món Du Lịch Hàn Quốc,Phụ kiện vali,48998106,19900,19900,OEM,VND,19900,19900
"Bộ 3 cái Ổ khóa tròn vali, balo, túi du lịch loại dây cáp mật mã 3 số TK034",Phụ kiện vali,20271474,119000,119000,OEM,VND,119000,119000
Combo 2 túi bọc vali trong suốt (chọn size),Phụ kiện vali,24846555,220220,186340,KTP,VND,220220,186340
Túi bọc bảo vệ vali chống chầy xước Best Summer party,Root,205614915,149000,149000,OEM,VND,149000,149000
Vỏ Bọc Vali Nhiều Màu In Hình Dễ Thương Đủ Kích Cỡ Size 20 Inch Đến 28 Inch,Phụ kiện vali,99100824,240000,240000,OEM,VND,240000,240000
"Túi chiến thuật rằn ri nâu vàng đi hành quân, dã ngoại, thao trường cho BĐ (2 cóc)",Root,181786057,80000,80000,OEM,VND,80000,80000
Vải Bọc trùm áo trùm Vali chống trầy nhiều size VS34  - đen - 20 inch,Phụ kiện vali,45631164,48929,41401,Shalla,VND,48929,41401
Khóa 4 số Master Lock 4697 D có TSA khóa vali hành lý du lịch,Phụ kiện vali,20865957,404000,404000,MasterLock,VND,404000,404000
Bình du lịch đựng bàn chải kem đánh răng - Hàng Nhập Khẩu,Phụ kiện vali,24911392,120000,120000,OEM,VND,120000,120000
"LỌ CHIẾT/ỐNG CHIẾT/CHAI CHIẾT/VỎ CHIẾT NƯỚC HOA TỰ ĐỘNG 5ml, 8ml",Root,136677124,24000,24000,OEM,VND,24000,24000
"Chai xịt giọt chiết mỹ phẩm du lịch 30ml, 60ml, 80ml, 100ml",Phụ kiện vali,135537904,12000,12000,OEM,VND,12000,12000
Vali hợp kim nhôm nguyên khối MS1317 Macsim cao cấp màu bạc cỡ 20inches,Phụ kiện vali,207936047,18840000,13188000,Macsim,VND,18840000,13188000
"Quai xách vali 17cm cho vali sập lusetti, bubule",Phụ kiện vali,197368114,63000,63000,OEM,VND,63000,63000
Bộ khóa mini vali 2 chìa kim loại cao cấp lõi đồng 100% bền đẹp chống va đập kẹt rít balo 49*25mm nhỏ gọn tiện lợi,Root,114687235,29999,29999,OEM,VND,29999,29999
"SET 3 TÚI NHỰA TRONG để mỹ phẩm, phụ kiện",Root,134293575,360000,360000,OEM,VND,360000,360000
Hộp đựng bàn chải và kem đánh răng du lịch,Root,144753804,20000,20000,OEM,VND,20000,20000
Dây đai du lịch Master Lock 4700EURDBLU,Phụ kiện vali,32052982,260000,234000,MasterLock,VND,260000,234000
Thẻ Treo Vali Thẻ Treo Hành Lý Luggage Tag Saigonir Hình Ảnh Các Biểu Tượng Việt Nam Chất Liệu Nhựa Dẻo PVC Kích Thước 6.8*10.5cm Phù Hợp Làm Quà Lưu Niệm Cho Người Nước Ngoài,Phụ kiện vali,54006546,75000,75000,Saigonir,VND,75000,75000
Combo 3 mặt nạ bịt tai giữ ấm nam/nữ thời trang mùa đông (màu đen),Root,183040480,139000,139000,OEM,VND,139000,139000
(Xả Khoi) Set 5 Lược Chải Tóc Mát Xa Da Đầu Có Gương Và Giá Đỡ (Hàng Đẹp),Root,149131680,79000,79000,OEM,VND,79000,79000
Ống hộp đựng bàn chải đánh răng tiện lợi đi du lịch bảo quản,Phụ kiện vali,203764629,11563,11563,OEM,VND,11563,11563
Túi Bọc Bao Trùm Vali Chống Bụi ITO Vali 28' inch tiện lợi an toàn GD16-BTVL-28,Root,171437869,59000,59000,OEM,VND,59000,59000
Áo trùm vali immax vải không dệt,Phụ kiện vali,189473456,100000,55000,i'mmaX,VND,100000,55000
Khóa vali du lịch TSA Yale YTP1/32/119/1,Thời Trang,23478475,257000,257000,Yale,VND,257000,257000
[SIZE 24 INCH] Vali khoá sập có cổng sạc USB nhập khẩu Hàn Quốc 8002,Phụ kiện vali,213820184,3820000,2870000,Tresette,VND,3820000,2870000
Túi nhựa rút dây đựng đồ tiện ích đi du lịch chống thấm nước gấu Brown mèo Cat xương rồng hồng hạc,Phụ kiện vali,136354842,9000,9000,OEM,VND,9000,9000
Đai Bó Eo Tạo Dáng Shape-up Tiện Lợi,Root,146493319,28000,25000,OEM,VND,28000,25000
Túi bọc bảo vệ vali - Áo vỏ bọc vali H14,Phụ kiện vali,14994887,232000,149000,OEM,VND,232000,149000
ĐAI ĐEO NGỰC NAM - Thời Trang Chất Thun Dễ Sử Dụng - Đi Chơi - Club,Root,151799976,89000,89000,OEM,VND,89000,89000
cắm bàn chải kem đáng răng 2155,Root,176084622,45000,45000,OEM,VND,45000,45000
Dây đai ràng vali hành lý Master Lock 3112 DAT màu xám dài 5m rộng 25mm,Phụ kiện vali,200521468,186000,186000,Master Lock,VND,186000,186000
"LOẠI XỊN Hộp Đựng Bàn Chải Và Kem Đánh Răng Du Lịch, Để Văn Phòng Nhỏ Gọn Tiện Lợi",Root,163887253,29000,29000,OEM,VND,29000,29000
"Bao đựng bảo vệ thẻ nhân viên, thẻ cư dân",Root,172574568,25000,25000,OEM,VND,25000,25000
"Bộ ấm chén trà du lịch dã ngoại gốm sứ cao cấp, Hộp chống sốc chuyên dụng, Bộ ấm chén du lịch",Root,243053195,275000,215000,OEM,VND,275000,215000
"Quai xách, tay cầm vali 13cm,  đã bao gồm ốc vít, dùng cho nhiều hãng vali",Phụ kiện vali,195569934,45000,45000,OEM,VND,45000,45000
Túi Đựng Giày The Travel Star Shoes Bag Thương Hiệu Kakashi,Phụ kiện vali,180572538,149000,149000,Kakashi,VND,149000,149000
"Chai lọ hút chân không phun sương, xịt giọt, chiết dầu gội mỹ phẩm sữa rửa mặt 15ml, 30ml, 50ml",Phụ kiện vali,135537911,16000,16000,OEM,VND,16000,16000
Dây Đai Khóa Vali Chữ Thập Winwinshop88,Phụ kiện vali,886632,159000,159000,Winwinshop88,VND,159000,159000
Túi bọc bảo vệ vali - Áo vỏ bọc vali H23,Thời Trang,14994950,232000,149000,OEM,VND,232000,149000
Túi Du Lịch Cài Vali Treo Vali Travel Chống Nước Di Chuyển Xa Không Mệt,Root,214092751,129000,129000,OEM,VND,129000,129000
Cốc đựng bàn chải hình gấu,Root,166071325,20000,20000,OEM,VND,20000,20000
Khóa vali du lịch Yale Y-NOVELTY-2,Thời Trang,23478175,97000,97000,Yale,VND,97000,97000
Áo trùm Vali Màu Nâu,Phụ kiện vali,51200014,40000,33000,OEM,VND,40000,33000
Áo trùm vali 20 - 24 inch thun 4 chiều trơn cao cấp,Phụ kiện vali,58567050,146484,123948,OEM,VND,146484,123948
Túi trùm balo - túi chống nước balo,Phụ kiện vali,5821371,41860,35420,OEM,VND,41860,35420
"Cốp Vali Size Nhỏ Vải Dù Không Thấm Nước  Đựng Đồ Makeup Đồ Nối Mi Tiện Lợi Các Ngăn Xếp Tùy Ý Kích Thước 26x22x12cm, Nhiều Màu, Độ Bền Cao, Tay Cầm Chắc Chắn, Chia Ngăn Linh Hoạt,",Phụ kiện vali,72294996,220000,220000,OEM,VND,220000,220000
"(Giá sale) Túi bọc vali đủ size 20, 22, 24, 26, 28",Root,144331762,132000,132000,OEM,VND,132000,132000
Dây đai khóa vali cầu vồng,Root,144480756,130000,130000,OEM,VND,130000,130000
(Giá sale) Dây đai khóa vali cầu vồng,Root,144332857,143000,143000,OEM,VND,143000,143000
khóa cho dây đai làm balo túi xách và nhiều mục đích khác,Root,121331069,5000,5000,OEM,VND,5000,5000
Dây khóa Vali chữ thập kèm thẻ hành lý,Phụ kiện vali,24423057,69000,69000,OEM,VND,69000,69000
"Bán sỉ vỏ bóng bay cao su ( combo 10 túi, mỗi túi 1 màu)",Root,169337667,468000,468000,OEM,VND,468000,468000
Túi Đựng Mỹ Phẩm Du Lịch Đựng Đồ Trang Điểm Sang Trọng Washbag Trong Suốt Chống Nước Tiện Dụng,Root,252627305,53000,53000,OEM,VND,53000,53000
Túi bọc bảo vệ vali -Áo vỏ bọc vali - Doreamon H115,Phụ kiện vali,44457314,289000,209000,ZOOYOO,VND,289000,209000
Bộ 10 đầu khoá 8 cao cấp,Phụ kiện vali,121330611,18000,18000,OEM,VND,18000,18000
Túi đựng mỹ phẩm không ngăn,Phụ kiện vali,8022426,60000,54000,OEM,VND,60000,54000
Lọ Chiết Nước Hoa Mỹ Phẩm Thủy Tinh 10ml Dạng Xịt Du Lịch,Balo và Vali,73308735,14900,14900,OEM,VND,14900,14900
"Ổ Khóa Vali, Túi Xách, Tủ Đồ",Root,149709014,16000,16000,OEM,VND,16000,16000
Thẻ (tag) hành lý chất liệu nhôm,Phụ kiện vali,50273977,44000,44000,OEM,VND,44000,44000
"Bộ 2 cái Ổ khóa tròn vali, balo, túi du lịch loại dây cáp mật mã 3 số TK034",Phụ kiện vali,20271471,82000,82000,OEM,VND,82000,82000
"Móc khóa số mini phụ kiện vali, túi xách, balo, túi du lịch",Phụ kiện vali,206663697,10000,10000,OEM,VND,10000,10000
Túi đựng dụng cụ y tế cá nhân cao cấp phong cách hàn quốc - Hàng nhập khẩu,Thời Trang,6896627,79000,79000,OEM,VND,79000,79000
Dây đai du lịch Master Lock 4702EURDRED,Phụ kiện vali,32069406,405000,364500,MasterLock,VND,405000,364500
Hộp Đựng Bàn Chải Đơn Đi Du Lịch Nhỏ Gọn Nhiều Màu - br00645,Root,162779213,18753,18753,OEM,VND,18753,18753
BỘ 6 TÚI LƯỚI ĐỰNG ĐỒ DU LỊCH SIÊU TIỆN DỤNG,Phụ kiện vali,186313863,99000,99000,OEM,VND,99000,99000
Hộp đựng bàn chải điện phù hợp cho tất cả các loại bàn chải,Root,206675652,25000,25000,OEM,VND,25000,25000
"combo 10 Thẻ nhựa ghi chú treo chìa khóa, Viết hoặc in ấn tên, SĐT treo balo, vali đánh dấu vật dụng bay_muoi",Phụ kiện vali,81110965,10000,10000,OEM,VND,10000,10000
Vải Bọc trùm áo trùm Vali chống trầy nhiều size VS34  - đen - 24 inch,Phụ kiện vali,45631166,70356,59532,Shalla,VND,70356,59532
"Vali hợp kim nhôm nguyên khối MS1318 Macsim cao cấp màu đen , màu bạc,màu ti-gold cỡ 28inches",Root,207936030,14520000,10164000,Macsim,VND,14520000,10164000
"Bịt ống nhựa PVC,Nắp bịt trơn ống PVC các cỡ",Root,166152032,2000,2000,OEM,VND,2000,2000
Bộ Chiết Mỹ Phẩm 7 món đi du lịch,Root,170104951,50000,50000,OEM,VND,50000,50000
"Túi Bọc Hành Lý Hựu Tâm Shop THL20 (20"")",Phụ kiện vali,1744005,55350,49500,OEM,VND,55350,49500
"Túi chiến thuật màu xanh trơn đi hành quân, dã ngoại, thao trường cho BĐ",Root,181787068,80000,80000,OEM,VND,80000,80000
Vali khung nhôm khoá sập cao cấp chống trày chống vỡ size 1860 SIZE 24,Phụ kiện vali,197636620,950000,950000,OEM,VND,950000,950000
"Lọ chiết nước hoa, chai mini chiết nước hoa dạng xịt Shop10K SP003959",Phụ kiện vali,152420940,29000,29000,OEM,VND,29000,29000
Vải Bọc trùm áo trùm Vali chống trầy nhiều size VS34  - nâu - 20 inch,Phụ kiện vali,45631170,39000,33000,Shalla,VND,39000,33000
"Vali hợp kim nhôm nguyên khối MS1318 Macsim cao cấp màu đen , màu bạc,màu ti-gold cỡ 28inches",Root,205146900,14520000,14520000,Macsim,VND,14520000,14520000
Vali hợp kim nhôm nguyên khối MS1318 Macsim cao cấp màu đen cỡ 20inches,Root,205147347,10440000,10440000,Macsim,VND,10440000,10440000
Túi bọc bảo vệ vali -Áo vỏ bọc vali - Wolf ZooYoo,Phụ kiện vali,2297919,311000,311000,ZOOYOO,VND,311000,311000
Hộp đựng bàn chải đánh răng tiện lợi khi đi du lịch,Root,186189015,9000,9000,OEM,VND,9000,9000
Túi đựng giày du lịch tiện lợi,Thời Trang,14397310,100000,51500,OEM,VND,100000,51500
Túi phụ kiện mỹ phẩm tiện ích Mr Vui 001 - Hàng Chính Hãng,Phụ kiện vali,214160129,135000,99000,Mr.vui,VND,135000,99000
DÂY KHÓA VALIDÂY ĐAI CỘT VALI CÓ KHÓA SỐ CAO CẤP TIỆN DỤNG,Root,144196852,53000,53000,OEM,VND,53000,53000
Khóa bấm Yale YTP1/32/119/1,Ổ khóa,10228865,261000,234900,Yale,VND,261000,234900
"Chai PET xịt chân không 5ml-10ml-15ml tạo bọt dưỡng lotion, kem chống nắng, kem cạo râu khi đi du lịch, dã ngoại",Phụ kiện vali,139229652,10000,10000,OEM,VND,10000,10000
combo 100 thẻ ghi chú chìa khóa x,Root,171776073,100000,100000,OEM,VND,100000,100000
Túi Đựng Mỹ Phẩm MOHI MT9 - Hàng Chính Hãng,Phụ kiện vali,73894235,55000,52250,MO hi,VND,55000,52250
Túi đựng đồ mỹ phẩm điện thoại bút trong suốt nhìn xuyên,Root,114688579,20000,20000,OEM,VND,20000,20000
"Đi Du Lịch, Chai Nhựa PP Dạng Xịt Phun, Chai Chiết Tinh Dầu, Nước Hoa",Phụ kiện vali,175434449,7500,7500,OEM,VND,7500,7500
Bộ 2 gối hơi+ 2 bịt mắt và 2 nút tai 206339,Root,109979200,68329,68329,OEM,VND,68329,68329
Tag name - biển gắn tên cho hành lý của bạn (màu ngẫu nhiên),Root,139222331,30000,30000,OEM,VND,30000,30000
Khóa mật khẩu mini tiện ích,Phụ kiện vali,7220565,24000,24000,OEM,VND,24000,24000
Khóa Titalium TM 64TI Series ABUS (20mm),Ổ khóa,5766065,139000,125100,Abus,VND,139000,125100
combo 100 Móc khóa Thẻ chìa khóa,Root,171775186,120000,120000,OEM,VND,120000,120000
Set 3 Túi Đựng Mỹ Phẩm Du Lịch Đựng Đồ Trang Điểm Sang Trọng Washbag Trong Suốt Chống Nước Tiện Dụng,Root,252627014,80000,80000,OEM,VND,80000,80000
Hộp Nhựa 115x90x55mm - Chống Nước CT,Root,169923396,38220,38220,OEM,VND,38220,38220
Vải bọc bảo vệ vali Travel World (size 25-28inch),Phụ kiện vali,23792336,580000,580000,OEM,VND,580000,580000
"Xe kéo đi chợ siêu thị gấp gọn hàng đẩy hàng, thùng đựng đồ vali kéo đa năng, xe kéo đi chợ có thùng đựng",Phụ kiện vali,214823993,789000,559000,OEM,VND,789000,559000
Khóa Vali Mini Đa Năng Họa tiết Plant Thời Trang,Phụ kiện vali,36800737,35000,35000,OEM,VND,35000,35000
Vải Bọc trùm áo trùm Vali chống trầy nhiều size VS34  - nâu - 28 inch,Phụ kiện vali,45631174,63180,53460,Shalla,VND,63180,53460
Cuộn dây đai dù 25mmx20m làm quai túi xách thủ công đa năng màu đen,Root,121331290,69000,69000,OEM,VND,69000,69000
"Khóa số mini du lịch chuẩn TSA cho vali, túi xách, balo, tủ cá nhân (giao màu ngẫu nhiên)",Root,209643731,88900,88900,OEM,VND,88900,88900
"Combo 6 Túi Đựng Đồ Du Lịch size lớn, túi sắp xếp quần áo đồ dùng gọn gàng trong vali Chống Thấm DL22-6TuiLL",Root,171436826,139000,139000,OEM,VND,139000,139000
"Lọ Chiết, Chai Chiết Nước Hoa Tự Động/ Ống Đựng Nước Hoa Chiết Đáy Trực Tiếp Dạng Xịt",Root,162577652,40000,35000,OEM,VND,40000,35000
Khóa vali du lịch Yale YP3/31/123/1,Phụ kiện vali,23266053,296000,296000,Yale,VND,296000,296000
Túi đựng phụ kiện mỹ phẩm STARGO TIDY,Phụ kiện vali,71554116,199000,128000,STARGO,VND,199000,128000
Túi bọc bảo vệ vali -Áo vỏ bọc vali - Size L-MEO-VA-CA,Thời Trang,2174727,350000,350000,ZOOYOO,VND,350000,350000
"Bộ Chiết Mỹ Phẩm 7 Món Hàn Quốc Hàng Loại 1, Tặng Kèm Túi Zip Tiện Dụng Khi Mang Đi Du Lịch",Root,112257989,70000,70000,OEM,VND,70000,70000
Khăn Rằn Nam Bộ (130 x 55 cm) - Đen,Phụ kiện vali,2121693,25000,25000,OEM,VND,25000,25000
Túi Bọc Bảo Vệ Vali LUG Vải Thun Hình Ngộ Nghĩnh Size S,Phụ kiện vali,137464290,358000,358000,Lug,VND,358000,358000
Túi bọc bảo vệ vali -Áo vỏ bọc vali - Chuột Hoạt Hình H111 Size S M L XL HPValiOEM,Phụ kiện vali,42406981,306500,306500,ZOOYOO,VND,306500,306500
Khóa Vali Mini Đa Năng Họa tiết Mèo Thời Trang,Thời Trang,36775381,35000,35000,OEM,VND,35000,35000
Vỏ Bọc Hộ Chiếu Du Lịch Có Khe Nhét Thẻ Tiện Dụng,Root,179566621,4999,4749,OEM,VND,4999,4749
Túi vải đựng đồ lót 2 mặt loại dày dặn 30 ngăn có móc treo tiện lợi không thấm nước AZSF1302,Root,171182082,46000,46000,OEM,VND,46000,46000
"10 Mét lưới cước, lưới trồng cây, lưới căng giàn dây leo khổ rộng 2 mét",Root,175783814,43870,43870,OEM,VND,43870,43870
Set 6 túi đựng đồ du lịch,Root,166071437,79000,79000,OEM,VND,79000,79000
"Giỏ xách mây tre đan bằng tay . Giỏ đựng thực phẩm cho nhà cửa và đi dã ngoại ,đồ dùng trang trí tiện ích",Root,192685682,190000,190000,OEM,VND,190000,190000
Balo rằn ri thời trang cao cấp QĐ,Root,181785419,150000,150000,OEM,VND,150000,150000
"Túi bọc vali đủ size 20, 22, 24, 26, 28",Root,144482127,120000,120000,OEM,VND,120000,120000
Combo Dây Đai Phượt Phản Quang Đi Xe Máy Vàng Và Khăn Phượt Đa Năng Đen,Phụ kiện vali,5918913,79000,79000,OEM,VND,79000,79000
Túi bọc bảo vệ vali -Áo vỏ bọc vali - Hand Digital,Phụ kiện vali,2298539,250000,149000,ZOOYOO,VND,250000,149000
Hộp Nhựa 100x68x50mm - Chống Nước CT,Root,197804679,25900,25900,OEM,VND,25900,25900
Khăn Rằn Tốt (160 x 40 cm) - Đen,Phụ kiện vali,2121689,51000,51000,OEM,VND,51000,51000
Ổ KHÓAỔ KHÓA SỐ MINI 3 SỐ KHOÁ VALI BALO TÚI XÁCH ĐA NĂNG TIỆN LỢI KHI ĐI DU LỊCH,Root,144196733,35000,30000,OEM,VND,35000,30000
HỘP ĐỰNG NỮ TRANG DU LỊCH CỰC ĐẸP TRANG SỨC - JL,Phụ kiện vali,248582225,52000,49400,OEM,VND,52000,49400
0Túi đeo chéo trong suốt chất liệu PVC chống thấm nước,Phụ kiện vali,174176053,49000,49000,OEM,VND,49000,49000
"Vali hợp kim nhôm nguyên khối MS1307 Macsim cao cấp màu bạc,màu đen, màu Ti-gold cỡ 28inches",Root,207936068,14520000,10164000,Macsim,VND,14520000,10164000
Ổ Khóa Số Abus 145/20 (20mm) - Nâu,Ổ khóa,647730,139000,125100,Abus,VND,139000,125100
Khóa Móc Master Lock 7620 EURDWHI (20mm),Phụ kiện vali,646568,195000,195000,Master,VND,195000,195000
ĐAI ĐEO NGỰC NAM - Thời Trang Chất Thun Dễ Sử Dụng - Đi Chơi - Club,Root,151801542,89000,89000,OEM,VND,89000,89000
"Thẻ tên đánh dấu và ghi nhớ hành lý, chìa khóa (Name tag vali) - có sẵn vòng treo",Root,252091220,9000,9000,OEM,VND,9000,9000
"XE ĐẨY HÀNH LÝ,VALI KHÁCH SẠN,SÂN BAY F-005",Root,162823343,4880000,4880000,OEM,VND,4880000,4880000
Mặt nạ bịt tai giữ ấm mùa thu đông,Thời Trang,69181798,59000,59000,OEM,VND,59000,59000
Hộp Đựng Bàn Chải Đánh Răng Kem Đánh Răng Du Lịch 19.6x6cm H144,Root,162247357,37900,36005,OEM,VND,37900,36005
"ÁO TRÙM VALI NHỰA PVC ĐỘ GIẦY 0,3 MM",Root,151971530,60060,50820,OEM,VND,60060,50820
"Vali hợp kim nhôm nguyên khối MS1307 Macsim cao cấp màu đen , màu bạc, màu Ti-gold cỡ 24inches",Phụ kiện vali,179944876,12480000,12480000,Macsim,VND,12480000,12480000
Chai chiết kem lotion (mỏ vịt ) size 5-10-15ml chất liệu nhựa PP trắng,Root,139217538,16000,16000,OEM,VND,16000,16000
"Túi đựng đồ make up, mỹ phẩm, khi đi du lịch bằng nhựa trong suốt chống nước-Túi đựng bút đa năng SK",Root,146870336,35100,35100,OEM,VND,35100,35100
Gối kèm túi sưởi tròn totoro,Root,144045322,200000,200000,OEM,VND,200000,200000
"Túi Đa Năng Đựng giày Dép, Quần Áo Đi Du Lịch",Root,167547665,20000,20000,OEM,VND,20000,20000
Hộp đựng bàn chải gấu Rilakuma,Root,138386309,12600,12600,OEM,VND,12600,12600
"Khóa số vali balo MC4015 loại 4 số có thể thay đổi mã số, làm bằng hợp kim-HD",Root,140347898,69000,69000,OEM,VND,69000,69000
"Vali hợp kim nhôm nguyên khối MS1403 Macsim cao cấp màu xanh Green, màu đen, màu bạc, màu blue",Phụ kiện vali,179943899,13800000,13800000,Macsim,VND,13800000,13800000
"Kem Bả Ma Tít Heavy Filler Vá Sửa ᴄhữa Vết Rách, Vết Rạn, Nứt, Bong Tróc Trên Da Giày, Ghế, Túi Ví XIMO XI09",Phụ kiện vali,199597023,85000,85000,Ximo,VND,85000,85000
Dây đai KOS Strap 2,Phụ kiện vali,26017521,330000,330000,KOS,VND,330000,330000
Túi xách MINI FLOWER màu trắng kem - CHAUTFIFTH,Phụ kiện vali,204802945,875000,875000,OEM,VND,875000,875000
Cốc Đựng Bàn Chải Hình Gấu Siêu Dính,Root,115901765,23000,23000,OEM,VND,23000,23000
Thẻ tên hành lý,Root,171766134,4997,4997,OEM,VND,4997,4997
"Bộ 2 ổ khóa mật mã nhỏ cho vali, balo, túi, cặp xách loại 4 số TK042",Phụ kiện vali,26417726,75000,75000,OEM,VND,75000,75000
"Khoen ore 4mm Khuy mắt cáo 4ly Khoen bấm giày bata, bấm túi giấy, bấm bao bì Bằng NHÔM Túi 100 cái Không long đền",Root,160888132,30000,30000,OEM,VND,30000,30000
combo 10 Thẻ nhựa ghi chú treo chìa khóa,Root,171773323,10000,10000,OEM,VND,10000,10000
"Túi Đựng Giày Dép Du Lịch, Thể Thao, Đá Bóng Có Dây Kéo Hoạ Tiết Chống Nước, Bụi Bẩn Tiện Lợi Bỏ Vali Gọn Gàng",Phụ kiện vali,259542209,60000,60000,Trip,VND,60000,60000
"Móc cao su quạt trần, dành cho trần nhà đã có móc sắt",Root,169519542,35000,35000,OEM,VND,35000,35000
combo 10 Thẻ nhựa ghi chú treo chìa khóa,Root,171772873,10000,10000,OEM,VND,10000,10000
BỘ 6 TÚI LƯỚI ĐỰNG ĐỒ DU LỊCH SIÊU TIỆN DỤNG,Phụ kiện vali,186313858,99000,99000,OEM,VND,99000,99000
"Hàng về, Set vali kéo, balo đeo và hộp bút cho bé",Root,173013234,660000,660000,OEM,VND,660000,660000
"Vali hợp kim nhôm nguyên khối MS1307 Macsim cao cấp màu đen,màu bạc,màu Ti-gold cỡ 24inches",Phụ kiện vali,207936062,12480000,8736000,Macsim,VND,12480000,8736000
"Pin Cài Áo, Phụ Kiện Trang Trí Túi Xách Balo Dễ Thương - Shimmer Silver",Root,149772252,20000,20000,Shimmer Silver,VND,20000,20000
Ổ khóa du lịch AMERICAN TOURISTER - MỸ,Phụ kiện vali,176153126,170000,119000,American Tourister,VND,170000,119000
"Túi đựng mỹ phẩm, đựng đồ vệ sinh cá nhân, có thể gấp lại, có móc treo tường thuận tiện - Hàng chính hãng",Phụ kiện vali,205924868,95000,90250,FuNu,VND,95000,90250
Túi Đựng Đồ Lạnh Du Lịch Trên Ôtô 206066,Root,190216993,61848,61848,OEM,VND,61848,61848
Dây đỡ Quai treo Móc đỡ balo túi xách vào Vali đi du lịch,Root,101876484,14900,14900,OEM,VND,14900,14900
Dây khóa số Vali chống trộm - Home and Garden,Root,195343537,126000,126000,OEM,VND,126000,126000
Combo Mũ Lưỡi Trai Đen Trơn Và Khăn Phượt Đen,Thời Trang,5918861,52000,52000,OEM,VND,52000,52000
Vali hợp kim nhôm nguyên khối MS1317 Macsim cao cấp màu đen màu đen,Root,205147975,18840000,18840000,Macsim,VND,18840000,18840000
"Vali hợp kim nhôm nguyên khối MS1317 Macsim cao cấp màu bạc, màu đen cỡ 20inches",Phụ kiện vali,179944053,18840000,18840000,Macsim,VND,18840000,18840000
Vali hợp kim nhôm nguyên khối MS1104 Macsim cao cấp màu Bạc cỡ 29 inches,Phụ kiện vali,207936085,14520000,10164000,Macsim,VND,14520000,10164000
Túi Xách Tay Hành Lý Bỏ Túi Sức Chứa Lớn Expandable Bag X100,Phụ kiện vali,186494634,708000,708000,OEM,VND,708000,708000
"Set Logo Dán Xe, Vali, Laptop (C)",Root,164463759,25000,25000,OEM,VND,25000,25000
Bộ 4 khóa Vali Du Lịch Fortress-  1820Q,Phụ kiện vali,20301619,145000,137750,MasterLock,VND,145000,137750
Combo 6 Túi Đựng Đồ Du Lịch Secret Pouch,Phụ kiện vali,197028021,89000,84550,OEM,VND,89000,84550
Khóa Vali Master Lock 1559DCOL,Phụ kiện vali,20113449,270000,270000,MasterLock,VND,270000,270000
"Lọ chiết mỹ phẩm du lịch Silicon Thú Cute 50ml, 70ml, 90ml",Root,135538295,45000,45000,OEM,VND,45000,45000
"Khóa chống trộm cho tất cả các loại hành lý như balo, túi xách du lịch ,vali kéo hàng cao cấp chất lượng cao",Phụ kiện vali,253113184,150000,135000,ANANSHOP688,VND,150000,135000
Dây đai Vali có khóa thẻ tên chống trộm,Root,168497602,96600,96600,OEM,VND,96600,96600
"Túi Đựng Giầy Du Lịch Chống Nước, túi du lịch , phụ kiện du lịch cần thiết",Root,149567658,159000,159000,OEM,VND,159000,159000
CỐC ĐỰNG BÀN CHẢI KEM ĐÁNH RĂNG HÌNH GẤU DÁN TƯỜNG,Root,169656318,30000,30000,OEM,VND,30000,30000
"Túi bọc vali Msquare size 20, 24 và 28",Root,173012738,560000,560000,OEM,VND,560000,560000
Sỉ 1kg túi xốp màu trắng  2 quai loại dẻo  ( nhiều kích cỡ ),Phụ kiện vali,196346896,49000,49000,OEM,VND,49000,49000
"Vali hợp kim nhôm nguyên khối MS1403 Macsim cao cấp màu xanh Green, xanh Blue, màu đen,màu bạc (20 inches)",Root,207936040,13800000,9660000,Macsim,VND,13800000,9660000
(KÈM HÌNH THẬT) Ống Đựng Bàn Chải Du Lịch VNR,Phụ kiện vali,158349633,23000,23000,OEM,VND,23000,23000
Ổ khóa vali,Root,143115030,19000,19000,OEM,VND,19000,19000
"Dây đai an toàn mẹ và bé , dây ràng vali , DÂY DÀI 150CM MẸ VÀ BÉ",Root,257864003,70000,45500,OEM,VND,70000,45500
Ổ Khóa Số Chọn Vali 3 Số CJSJ 30mm,Root,149710727,29000,29000,OEM,VND,29000,29000
"(Giá sale) Túi bọc vali Msquare size 20, 24 và 28",Root,144327046,550000,550000,OEM,VND,550000,550000
"Hộp đựng bàn chải, kem đánh răng, lược & mỹ phẩm cá nhân",Root,152990942,149000,149000,OEM,VND,149000,149000
Bộ Chiết Mỹ Phẩm 7 Món Mini Tiện Lợi Khi Đi Du Lịch - JL,Phụ kiện vali,193715062,28990,27541,OEM,VND,28990,27541
"[SIZE 20 INCH] Vali khoá sập viền nhôm cao cấp kèm ổ sạc, móc treo đồ nhập khẩu Hàn Quốc TRESETTE 3033",Root,242451145,4660000,4330000,Tresette,VND,4660000,4330000
Túi du lịch Eco Durable có thể thu gọn - Gray,Root,148696811,418800,418800,OEM,VND,418800,418800
"Túi vải nhỏ mini có dây rút màu kem đậm đựng phụ kiện, cà phê, trang sức tiện lợi",Root,118280914,11000,11000,OEM,VND,11000,11000
Set 3 túi trong suốt đựng đồ mỹ phẩm tiện lợi,Root,253347512,87000,87000,OEM,VND,87000,87000
Vali hợp kim nhôm nguyên khối MS1318 Macsim cao cấp màu đen cỡ 20inches,Phụ kiện vali,194568359,10440000,10440000,Macsim,VND,10440000,10440000
Túi Du Lịch Cài Vali Treo Vali Hạc Hồng Chống Nước Di Chuyển Xa Không Mệt,Root,214092797,49000,49000,OEM,VND,49000,49000
"Xe Đẩy Di Động Naturehike NH19PJ001 Đựng Đồ Du Lịch, Dã Ngoại",Phụ kiện vali,101650777,2600000,2099000,Naturehike,VND,2600000,2099000
LỌ CHIẾT NƯỚC HOA MINI 5ML TIỆN LỢI KHI ĐI DU LỊCH HBH (giao ngẫu nhiên),Phụ kiện vali,165250774,49000,49000,HBH,VND,49000,49000
Áo Trùm Vải Không Dệt Vali SAKOS,Balo và Vali,182797637,239000,155000,Sakos,VND,239000,155000
Khăn Rằn Nam Bộ (130 x 55 cm) - Tím,Thời Trang,2121701,40000,40000,OEM,VND,40000,40000
Vải Bọc trùm áo trùm Vali chống trầy nhiều size VS34  - đen - 28 inch,Phụ kiện vali,45631168,53300,45100,Shalla,VND,53300,45100
Khoá số mini-khóa vali hình trái tim (giao màu ngẫu nhiên),Root,180593760,40000,40000,OEM,VND,40000,40000
"Cốp Quai Xách 2 Tầng 4 Khay  Bọc Da Công Nghiệp, Không Thấm Nước, Đựng Đồ Trang Điểm, Đồ Nail, Nối Mi, Phun Xăm Tiện Dụng, Tay Cầm, Dây Đeo Thuận Lợi Khi Di Chuyển, Mang Đồ, Độ Bền Cao, Nhiều Màu Thời Trang Tùy Chọn",Phụ kiện vali,73596096,650000,650000,OEM,VND,650000,650000
Combo Găng Tay Chiến Thuật Hở Ngón Và Mũ Lưỡi Trai Đen,Phụ kiện vali,5919027,69000,69000,OEM,VND,69000,69000
"combo 10 Thẻ nhựa ghi chú treo chìa khóa, Viết hoặc in ấn tên, SĐT treo balo, vali đánh dấu vật dụng bay_muoi1",Phụ kiện vali,81110759,10000,10000,OEM,VND,10000,10000
"Dây Đai Vali, Dây Ràng Hành Lý, Dây Buộc Túi Giỏ Cặp Balo Thùng Vào Vali Bảo Vệ Đồ Đạc Co Giãn Đi Du Lịch Máy Bay Legaxi",Phụ kiện vali,252650917,60000,60000,Legaxi,VND,60000,60000
"Túi Bọc Hành Lý Hựu Tâm Shop THL28 (28"")",Thời Trang,1744009,73800,66000,OEM,VND,73800,66000
Hộp đựng thuốc 3 ngăn ONEDAY,Phụ kiện vali,237524671,69000,35000,OEM,VND,69000,35000
Khóa hành lý hợp kim MSquare Bảo vệ đồ dùng cá nhân,Root,148694159,202800,202800,OEM,VND,202800,202800
Bình chiết mỹ phẩm 4in1 thông minh,Root,144481531,198000,198000,OEM,VND,198000,198000
"AirTag Leather Loop DA THẬT nút bấm - case, vỏ ốp lưng nhiều màu, móc khóa, móc hành lý ba lô air tag Leather",Root,137967136,49000,49000,OEM,VND,49000,49000
"Hàng về, Set vali kéo, balo đeo và hộp bút cho bé",Root,144479875,660000,660000,OEM,VND,660000,660000
"Gối hơi kèm bịt tai, che mắt",Root,163812013,30000,30000,OEM,VND,30000,30000
"Khoen ore (ode) 5mm Khuy mắt cáo bấm giày bata, bấm túi giấy, bấm bao bì Bằng NHÔM Túi 100 cái Không long đền",Root,195318027,35000,35000,OEM,VND,35000,35000
Hộp đựng bàn chải kèm cốc rất tiện dụng khi đi xa đi du lịch,Root,144481040,101400,101400,OEM,VND,101400,101400
VÒNG ĐEO TAY MỎ NEO,Root,182786317,69000,69000,OEM,VND,69000,69000
"Thẻ đeo va li-ba lô, hành lý du lịch",Phụ kiện vali,16049716,45000,45000,OEM,VND,45000,45000
combo 10 Móc khóa Thẻ chìa khóa name tag,Root,171764757,12000,12000,OEM,VND,12000,12000
"Com bo sỉ 100 vỏ bọc thẻ cccd, thẻ ngân hàng atm, bằng lái xe , thẻ sinh viên",Phụ kiện vali,164428599,120000,120000,OEM,VND,120000,120000
Bộ chiết mỹ phẩm 7 món mini tiện dụng phù hợp cho du lịchgng,Phụ kiện vali,79461779,68000,68000,OEM,VND,68000,68000
mặt nạ bịt tai giữ ấm nam/nữ thời trang mùa đông,Root,183041583,50000,50000,OEM,VND,50000,50000
Hộp Đựng Bàn Chải Và Kem Đánh Răng Khi Đi Du Lịch,Root,181220023,62000,55000,OEM,VND,62000,55000
"Ví - bóp mini tiện ích đựng thẻ ngân hàng, card visit, thẻ ATM siêu dễ thương nhỏ gọn",Root,162406968,9000,9000,OEM,VND,9000,9000
Khóa số vali Master Lock 4692 DBRN rộng 32mm có TSA màu da bò khóa hành lý,Ổ khóa,200521414,366000,366000,Master Lock,VND,366000,366000
Chai xịt đựng cồn rửa tay kích thước mini có móc khóa mang theo du lịch - JL,Phụ kiện vali,193648130,12000,11400,OEM,VND,12000,11400
Túi du lịch gắn vali kéo có ngăn mở rộng đựng giày vải nylon chống nước size lớn nhiều ngăn tiện lợi L888,Root,248635827,165000,149000,OEM,VND,165000,149000
Túi du lịch có ngăn để giày chống thấm nước đựng đồ du lịch cao cấp tiện dụng DC239,Root,146947598,171000,171000,OEM,VND,171000,171000
MIẾNG BỊT MẮT DỄ NGỦ HÌNH HOẠT HÌNH CUTE,Phụ kiện vali,191690924,19000,19000,OEM,VND,19000,19000
Túi bọc bảo vệ vali -Áo vỏ bọc vali - Size M-XANH-DO,Phụ kiện vali,2167783,300000,300000,ZOOYOO,VND,300000,300000
[SIZE 20 INCH] Vali kéo du lịch cao cấp chất liệu hợp kim nhôm nguyên khối nhập khẩu Hàn Quốc Tresette 2628,Root,253494442,4630000,4310000,Tresette,VND,4630000,4310000
"10 Vỏ bọc bảo quản thẻ cccd atm, thẻ sinh viên... nhựa dẻo trong suốt",Root,136431019,14999,14000,OEM,VND,14999,14000
Vải Bọc trùm Vali nhiều size KK21 Shalla,Phụ kiện vali,34745194,63180,53460,Shalla,VND,63180,53460
Khóa du lịch NOVELTY 3 số màu tím Yale Y-NOVELTY-2PURPLE,Phụ kiện vali,19877872,90394,90394,Yale,VND,90394,90394
"Long đền cao su dùng cho khoen ore mắt cáo Size 4mm,5mm,6mm,8mm,10mm Túi 100 cái Màu trắng trong suốt Phụ liệu may mặc",Root,195317517,15000,15000,OEM,VND,15000,15000
SIÊU PHẨM BELT CHẠY BỘ ĐA NĂNG YIPINU,Phụ kiện vali,69861317,180000,180000,OEM,VND,180000,180000
Hộp đựng bàn chải kèm cốc rất tiện dụng khi đi xa đi du lịch,Root,144325727,101400,101400,OEM,VND,101400,101400
Combo Dây Đai Phượt Phản Quang Đi Xe Máy Và Khăn Phượt Đen Trơn,Thời Trang,5918917,79000,79000,OEM,VND,79000,79000
Bộ Chai Lọ Chiết Mỹ Phẩm Du Lịch 8 Món kèm Túi Đựng Khóa Zip - Có 2 Màu,Phụ kiện vali,170739406,35000,35000,OEM,VND,35000,35000
Gối Kê Cổ Để Bồn Tắm HomeSpa PILLOW Deluxe,Root,197107270,588000,588000,OEM,VND,588000,588000
Ghế kê chân Toilet hiệu Song Long giúp ngồi đúng tư thế,Root,159682056,55000,55000,OEM,VND,55000,55000
"Quây treo thay đồ chữ c - khung rèm thay quần áo, quây thử đồ, khung thay quần áo cho shop",Root,158100367,360000,360000,OEM,VND,360000,360000
Vali hợp kim nhôm nguyên khối MS1317 Macsim cao cấp màu bạc cỡ 20inches,Root,205147850,18840000,18840000,Macsim,VND,18840000,18840000
Hộp đựng bàn chải đánh răng nhỏ gọn tiện lợi khi đi du lịch,Root,247247930,17000,17000,OEM,VND,17000,17000
Bộ 3 Túi Gincevhy Túi nhựa trong PVC chống nước đựng mỹ phẩm tiện lợi,Phụ kiện vali,167655053,65000,65000,OEM,VND,65000,65000
"Combo 8 Vỏ Bọc Thẻ Căn Cước, ATM, Thẻ Nhân Viên Siêu Mềm  TP'S",Root,144198242,23000,20000,OEM,VND,23000,20000
Bộ chiết mỹ phẩm mini 4 món mang đi du lịch cực kỳ tiện lợi,Phụ kiện vali,138384342,35000,33250,OEM,VND,35000,33250
"Xốp bịt đáy cửa cách nhiệt, bụi, côn trùng -Thanh chắn khe hở cửa chống thoát hơi máy lạnh H186",Root,153844376,24900,23000,OEM,VND,24900,23000
4 túi tắm kỳ ghét mới nhất Hàn Quốc,Root,165712298,62000,62000,OEM,VND,62000,62000
"Túi đựng giày K2 ,túi để giày dép du lịch ,thể thao đá bóng chống nước nhỏ gọn là phụ kiện tiện ích dễ dàng mang theo",Phụ kiện vali,175426346,79000,75000,OEM,VND,79000,75000
"Vỏ Bọc Hộ Chiếu - Vỏ Passport Trong Suốt, Vỏ Đựng Hộ Chiếu, Tiện Dụng, An Toàn Khi Đi Du Lịch. 5310",Phụ kiện vali,147965437,19000,19000,taky home,VND,19000,19000
Túi rằn ri 1.45m,Root,150947994,286000,286000,OEM,VND,286000,286000
"Đai Đeo Khẩu Trang Chống Đau Tai,Dụng Cụ Đeo Khẩu Trang Silicol 2 In 1 Tiện Ích",Root,205262526,2800,2800,OEM,VND,2800,2800
Ô Đội Đầu đi biển dã ngoại đánh golf đi câu cá- thegioidocau,Root,146905132,79200,79200,OEM,VND,79200,79200
Túi Đựng Giày Hoạ Tiết Chống Bẩn Đi Du Lịch Tiện Lợi XIMO Bảo Vệ Giày,Root,149382918,22885,22885,OEM,VND,22885,22885
Vali hợp kim nhôm nguyên khối MS1317 Macsim cao cấp màu đen màu đen,Root,207936081,18840000,13188000,Macsim,VND,18840000,13188000
"Vali hợp kim nhôm nguyên khối MS1307 Macsim cao cấp màu bạc,màu đen, màu Ti-gold cỡ 28inches",Phụ kiện vali,194568375,14520000,14520000,Macsim,VND,14520000,14520000
Dây khóa Vali chữ thập kèm thẻ hành lý,Root,209613052,78900,78900,OEM,VND,78900,78900
Khóa Móc Master Lock 4680EURDNKL (30mm),Ổ khóa,646579,352000,316800,Master,VND,352000,316800
mặt nạ bịt tai giữ ấm nam/nữ thời trang mùa đông,Root,160830913,50000,50000,OEM,VND,50000,50000
"Vỏ Bọc (Set 10 Cái) Bảo Vệ CCCD, ATM, Thẻ Tín Dụng, Bằng Lái Xe Không Thấm Nước, Chống Xước",Root,155808731,15400,15400,OEM,VND,15400,15400
"10 hũ nhựa 3g,5g chiết mỹ phẩm(Màu ngẫu nhiên)",Root,155773378,15300,15300,OEM,VND,15300,15300
Dây Đai Cột Vali Du Lịch Có Khóa Số,Root,253078426,22000,22000,OEM,VND,22000,22000
"Hộp đựng bàn chải, kem đánh răng đa năng nhựa cao cấp có ngăn tiện dụng khi đi du lịch KN STORE (Mẫu 5)",Root,177909418,61000,61000,OEM,VND,61000,61000
"Túi đựng giày k2 ,túi để giày dép du lịch thể thao chông nước nhỏ gọn tiện dụng đơn giản phù hợp mọi hoạt động",Phụ kiện vali,176744345,79000,75000,OEM,VND,79000,75000
Khóa bấm Yale YTP3/32/350/1,Phụ kiện vali,10228867,303000,272700,Yale,VND,303000,272700
Vải Bọc Vali Size 20 ( 51x27x22 cm),Root,169655998,39000,39000,OEM,VND,39000,39000
Túi đeo chéo nam nữ chất liệu vải chống thấm nước phong cách Hàn Quốc - Túi bao tử Unisex TC83,Phụ kiện vali,66855309,100100,84700,OEM,VND,100100,84700
Vỏ Bọc Hộ Chiếu Du Lịch Có Khe Nhét Thẻ Tiện Dụng,Root,176288147,4999,4749,OEM,VND,4999,4749
Bọc vali thun co giãn đủ size S M L,Root,173012459,400000,400000,OEM,VND,400000,400000
"Hộp vali kéo kệ trang điểm 33M 4IN1, 524K (Hộp), SP-356525",Phụ kiện vali,183506975,419000,419000,OEM,VND,419000,419000
Hộp đựng vật dụng cá nhân du lịch-Hộp Đựng Bàn Chải,Root,152989633,12000,12000,OEM,VND,12000,12000
Túi Đựng Đồ Du Lịch 4 Ngăn Chống Thấm Roll-N-Go,Root,139192101,59000,59000,OEM,VND,59000,59000
"hũ 15g 20g vuông vạt góc đựng kem mỹ phẩm ,...",Root,155773681,18700,18700,OEM,VND,18700,18700
Túi Đựng Giày Dép Du Lịch Dây Rút Chống Thấm Chống Bụi,Root,197831819,11850,11850,OEM,VND,11850,11850
Ổ khóa vali,Root,143115256,25000,25000,OEM,VND,25000,25000
Vali hợp kim nhôm nguyên khối MS1313 Macsim cao cấp màu bạc cỡ 20inches,Phụ kiện vali,179946342,10440000,10440000,Macsim,VND,10440000,10440000
Vali hợp kim nhôm nguyên khối MS1104 Macsim cao cấp màu Ti-gold cỡ 26 inches,Root,207936022,12480000,8736000,Macsim,VND,12480000,8736000
"Vali hợp kim nhôm nguyên khối MS1307 Macsim cao cấp màu bạc, màu đen, màu Ti-gold 20inches",Phụ kiện vali,194568336,10440000,10440000,Macsim,VND,10440000,10440000
Túi Y Tế Du Lịch ngang loại lớn,Phụ kiện vali,36957374,68000,68000,OEM,VND,68000,68000
"Thẻ ghi chú (name tag) ghi thông tin hành lý, đánh dấu chìa khóa",Root,171765620,1000,1000,OEM,VND,1000,1000
Bô cần câu tay CAO CẤP 8H HIGH CARBON BĐ15 ( rẻ vô địch ) docaucagiangnam,Root,150958075,629900,629900,OEM,VND,629900,629900
mặt nạ bịt tai giữ ấm nam/nữ thời trang mùa đông,Root,183040437,50000,50000,OEM,VND,50000,50000
"Lọ chiết mỹ phẩm du lịch Silicon Mèo Dễ Thương 37ml, 89ml",Root,135538717,48000,48000,OEM,VND,48000,48000
Tấm Che Bịt Mắt Có Túi Gel Làm Mát,Root,146491956,39000,34000,OEM,VND,39000,34000
Dây Đai Cột Vali Du Lịch Có Khóa Số,Root,146494144,53000,53000,OEM,VND,53000,53000
KHÓA VALI MASTER LOCK 4670EURDCOL,Thời Trang,30735120,175000,175000,MasterLock,VND,175000,175000
"Túi xách cho giường xếp Vali giúp dễ di chuyển và đeo xách chống sốc, chống nước",Phụ kiện vali,176811934,200000,200000,OEM,VND,200000,200000
Võng Mùng Cao Cấp Galaxy Sport Dài 2m5 Ngủ Trong Nhà Phượt Du Lịch (Hàng Xuất Khẩu),Phụ kiện vali,7009097,385000,319000,Galaxy Store,VND,385000,319000
"Combo 8 Vỏ Bọc Thẻ Căn Cước, ATM, Thẻ Nhân Viên Siêu Mềm",Root,181217521,11999,11399,OEM,VND,11999,11399
Túi Đựng Mỹ Phẩm Du Lịch Đựng Đồ Trang Điểm Sang Trọng Washbag Trong Suốt Chống Nước Tiện Dụng,Root,253259518,54900,51000,OEM,VND,54900,51000
Áo trùm vali du lịch 20-22-24-26-28-30 inch thun 3d mèo len - nhựa trong suốt H1991,Phụ kiện vali,194808748,80000,67760,OEM,VND,80000,67760
"Hộp để bàn chải, kem đánh răng đi du lịch, công tác",Root,173011906,300000,300000,OEM,VND,300000,300000
Bộ túi đa năng giúp chia hành lý du lịch (Hồng nhạt),Root,125100552,79000,79000,OEM,VND,79000,79000
"Cặp mâm dừng phanh dầu dùng lắp ráp thay thế cho cầu liền,cầu rút đường kính má phanh 20,5cm",Root,178000856,800000,800000,OEM,VND,800000,800000
LĂN ĐÔI SỪNG CÁN SỪNG,Root,166451119,99000,99000,OEM,VND,99000,99000
Vali du lịch BAMOZO 8801 vali kéo nhựa được bảo hành 5 năm,Vali nhựa,184906825,580000,369000,BAMOZO,VND,580000,369000
"Vali Kéo Du Lịch LUG Thương Hiệu Aber AB1195 Size 20, Nhựa ABS Hạn Chế Trầy Xước, Khóa Số Bảo Mật An Toàn",Root,67348889,1875000,890000,ABER,VND,1875000,890000
"Vali du lịch BAMOZO 8801 MÀU XANH NGỌC size 20/24, vali kéo nhựa được bảo hành 5 năm.",Vali nhựa,192863790,689000,449000,BAMOZO,VND,689000,449000
"Vali Nhựa LUG Aber S20/S24/S28 MHL010 Nhựa ABS hạn chế trầy xước, Khóa số bảo mật an toàn",Vali nhựa,207011340,2400000,599000,ABER,VND,2400000,599000
"Vali du lịch BAMOZO 8801 MÀU ĐEN size 20/24, vali kéo nhựa được bảo hành 5 năm.",Vali nhựa,192747456,689000,429000,BAMOZO,VND,689000,429000
Vali kéo TRIP Lux88 size 16inch nhựa PC/ABS - Bảo hành 5 năm,Vali nhựa,90523616,1080000,670000,Trip,VND,1080000,670000
Vali du lịch kéo tay  TN 20 inch Xanh Navy,Thời Trang,26330015,399000,269000,Laka,VND,399000,269000
Vali kéo du lịch Kingsun xách tay máy bay size 20inch KS-219-Xanh lam nhạt,Vali nhựa,135628142,699000,479000,KingSun,VND,699000,479000
Sea Choice 20 inch Mang theo Hành lý Vỏ Cứng Nhẹ Vali chật lượng 100% ABS 4 Bánh Xe Quay Có Khóa TSA,Vali nhựa,192688393,1225669,1225669,Sea Choice,VND,1225669,1225669
Vali du lịch BAMOZO 8809 vali kéo nhựa được bảo hành 5 năm,Vali nhựa,184786598,850000,499000,BAMOZO,VND,850000,499000
"Vali Kéo LUG Holdall S20/S24/S28 HA6679 Nhựa ABS Hạn Chế Trầy Xước, Khóa Âm Thời Trang",Vali nhựa,206762831,2200000,790000,HOLDALL,VND,2200000,790000
"Vali du lịch BAMOZO 8801 MÀU BẠC size 20/24, vali kéo nhựa được bảo hành 5 năm.",Vali nhựa,192734422,580000,399000,BAMOZO,VND,580000,399000
"Vali Kéo LUG Holdall S19/S23/S27 HA6680 Nhựa ABS Hạn Chế Trầy Xước, Khóa Âm Thời Trang",Vali nhựa,206844762,2400000,990000,HOLDALL,VND,2400000,990000
Vali kéo du lịch LUG thương hiệu Aber Chain siêu nhẹ EC01: Nhựa PP chống bể vỡ,Vali nhựa,190846410,4286000,1500000,ABER,VND,4286000,1500000
Vali kéo TRIP P12 size 20inch xách tay máy bay nhựa PC/ABS - Bảo hành 5 năm,Thời Trang,35042419,990000,630000,Trip,VND,990000,630000
Vali du lịch Vali kéo size20inch KS-218,Vali nhựa,85704958,648000,428000,KingSun,VND,648000,428000
"Vali du lịch BAMOZO 8809 MÀU TRẮNG size 20/24/28 , vali nhựa kéo bảo hành 5 năm",Vali nhựa,192116878,700000,499000,BAMOZO,VND,700000,499000
"Vali du lịch BAMOZO 8801 MÀU VÀNG size 20/24, vali kéo nhựa được bảo hành 5 năm.",Balo và Vali,193411648,689000,449000,BAMOZO,VND,689000,449000
"Vali du lịch BAMOZO 8801 MÀU XANH LÁ size 20/24, vali kéo nhựa được bảo hành 5 năm.",Vali nhựa,192729392,750000,399000,BAMOZO,VND,750000,399000
Vali Doanh Nhân Cao Cấp Đựng Laptop 15.6inch Khóa Số 2 Ngăn Tiện Dụng,Vali nhựa,188375340,930000,883500,OEM,VND,930000,883500
Vali Nhôm Nguyên Khối Khóa Sập NiceVilla 20inch-24inch-29inch,Vali nhựa,209379444,2200000,2090000,Nice Villa,VND,2200000,2090000
Vali Siêu Nhẹ SAKOS STARLINE 4.5,Thời Trang,20238711,1925000,1848000,Sakos,VND,1925000,1848000
Vali Du Lịch Cao Cấp Size 20inch - Vali chính hãng  KS-033,Vali nhựa,78955800,638000,388000,KingSun,VND,638000,388000
Sea Choice Carry on Vali Hành lý xách tay nhẹ 18 inch Thích hợp cho chuyến du lịch ngắn hạn Khung nhôm PC Hành lý cabin có khóa TSA Vali kéo 4 bánh có tay cầm rộng Du lịch ngắn ngày,Vali nhựa,188900643,1785540,1785540,Sea Choice,VND,1785540,1785540
Vali Kéo Du Lịch Valinice Tosa Size S Hạn Chế Bể Vỡ,Vali nhựa,180576923,1715000,799000,Valinice,VND,1715000,799000
Vali du lịch BAMOZO cao cấp 8801 vali kéo nhựa được bảo hành 5 năm,Vali nhựa,184816905,700000,399000,BAMOZO,VND,700000,399000
VALI SỐ CẶP SỐ CÔNG TÁC SEASAIL ĐỰNG TÀI LIỆU,Root,179758777,550000,550000,OEM,VND,550000,550000
Valy du lịch valy kéo cao cấp size 20inch màu xanh rêu KINGSUN-KS 218,Vali nhựa,94157819,648000,428000,KingSun,VND,648000,428000
Sea Choice Hành lý xách tay 20IN và Hộp đựng mỹ phẩm mini 14IN Bộ du lịch Hành lý Hardside có bánh xe quay Vali Polypropylene nhẹ có khóa TSA Dây kéo YKK Vali nhẹ 14+20/24/28 inch,Vali nhựa,158801039,1319404,1319404,Sea Choice,VND,1319404,1319404
VALY DU LỊCH VALY KÉO KINGSUN CAO CẤP SIZE 20INCH KS-033,Vali nhựa,94173605,638000,329000,KingSun,VND,638000,329000
Sea Choice Bảo hành 3 năm Vali du lịch 20/24 inch 4 bánh 4 bánh xoay 360 độ siêu êm Vỏ xe đẩy nhẹ chống nước có 3 màu,Vali nhựa,158801746,1565926,1565926,Sea Choice,VND,1565926,1565926
Vali cao cấp nhựa ABS+PC chống va đập tốt chuẩn hàng việt nam,Vali nhựa,174546378,499000,384230,OEM,VND,499000,384230
"Vali kéo du lịch thời trang Hàn Quốc AS102 nhựa dẻo ABS, Chống va đập, khóa số an toàn (size 20 + 24 inch)",Root,179758387,590000,590000,OEM,VND,590000,590000
Vali Khung Nhôm Khóa Sập Kèm Áo Bọc Thời Trang,Vali nhựa,187384618,900000,782000,OEM,VND,900000,782000
Vali Du Lịch NiceVilla Size 20 & 24 Inch,Vali nhựa,205499001,390000,370500,Nice Villa,VND,390000,370500
"Vali Kéo LUG Lusetti Nolan S20/S24/S28 LS802 Nhựa PP Chống Bể vỡ, Hạn Chế Trầy Xước, Khóa Số TSA Bảo Mật Cao",Vali nhựa,115240244,3225000,1590000,Lusetti,VND,3225000,1590000
"Vali du lịch thời trang Bamozo 8812 size 14/20/24 , vali nhựa kéo được bảo hành 5 năm.",Vali nhựa,196002059,749000,499000,BAMOZO,VND,749000,499000
Vali du lịch bằng nhựa tay kéo nhôm hình chú thỏ trừu tượng bay bổng size 20 24 26,Vali nhựa,194122893,550000,550000,OEM,VND,550000,550000
Vali kéo TRIP P806 nhựa PC/ABS - Bảo hành 5 năm,Vali nhựa,77323577,1030000,630000,Trip,VND,1030000,630000
Vali Du Lịch Cao Cấp Size 20inch - Bảo Hành 5 Năm  KS-T01,Vali nhựa,78930717,648000,428000,KingSun,VND,648000,428000
Vali kéo TRIP P808 nhựa PC/ABS - Bảo Hành 5 năm,Vali nhựa,77680718,1050000,630000,Trip,VND,1050000,630000
Vali Nhựa Thời Trang Sang Trọng Size 20 & 24 Inch,Vali nhựa,157828713,390000,370500,OEM,VND,390000,370500
Vali kéo Samsonite Harts Spinner,Vali nhựa,220666692,5100000,3570000,Samsonite,VND,5100000,3570000
VALI SIZE 32 MẪU MỚI HOT NHẤT 2021( nhựa pp chống va đap),Vali nhựa,120115191,1250000,1250000,OEM,VND,1250000,1250000
"Vali Du Lịch Hành Lý Xách Tay 20 Inch / Ký Gửi 24 Inch - Khóa số, Bánh xe 360 độ, Phân ngăn khoa học",Vali nhựa,176751556,700000,496000,OEM,VND,700000,496000
Túi Kéo Du Lịch Xách Tay Lavar CT3,Root,12430770,824000,824000,OEM,VND,824000,824000
Vali Kéo Du Lịch TN Màu Đen Có Nắp - 20 Inch,Thời Trang,32215894,299000,269000,Laka,VND,299000,269000
"Vali kéo du lịch khung nhôm khóa sập A218 CHỐNG BỂ VỠ, CHỐNG XƯỚC",Thời Trang,46837728,990000,669000,OEM,VND,990000,669000
[SIZE 20 INCH] Vali khóa sập cao cấp nhập khẩu Hàn Quốc Tresette 1175,Vali nhựa,199707934,3000000,2210000,Tresette,VND,3000000,2210000
Vali Kéo MIA Du Lịch Pisani TARUS 3 size 20/24/28 Hạn Chế Trầy Xước - Bảo Hành Trọn Đời,Vali nhựa,216354279,2330000,2330000,Pisani,VND,2330000,2330000
Vali kéo American Tourister Maxivo Spinner TSA,Vali nhựa,216379232,4500000,4500000,American Tourister,VND,4500000,4500000
"Vali QUẢNG CHÂU. Khung Nhôm, Khóa Sập. Cao Cấp. Size 20/24/29 Inch. Mã 1860",Vali nhựa,212981495,1380000,1380000,OEM,VND,1380000,1380000
Vali du lịch tay kéo mẫu thời trang cao cấp chống va đập màu trơn,Thời Trang,58211953,549000,549000,OEM,VND,549000,549000
HÌNH THẬT_Vali Du Lịch Tay Kéo In Hình Thời Trang 4 Bánh Xe Xoay 360 Độ Chất Liệu Nhựa Nhám PC+ABS Dày Dặ Hàng Sẵn Kho Đủ Size 20/24/26 inch,Vali nhựa,208178496,455000,455000,OEM,VND,455000,455000
Vali Sakos Champion 7 SLX033DNF - Xanh,Thời Trang,574374,2585000,2195000,Sakos,VND,2585000,2195000
Vali nhựa du lịch size ký gửi hành lý 24inch 60cm i'mmaX X12,Thời Trang,68752056,840000,570000,i'mmaX,VND,840000,570000
Vali Kéo Thời Trang NiceVilla Size 20 & 24 Inch,Vali nhựa,195129187,390000,370500,Nice Villa,VND,390000,370500
"Vali Kamiliant Zakk Spinner TSA Thương hiệu Chính Hãng , bảo hành quốc tế trên 118 quốc gia",Thời Trang,21459896,2800000,1400000,KAMILIANT,VND,2800000,1400000
Vali Kéo Du Lịch Larita Lina OC22004_20 S Hạn Chế Va Đập,Vali nhựa,192546911,2350000,2350000,Valinice,VND,2350000,2350000
"Vali kéo Mia vn Valinice SEBAS size 20 S, Nhựa ABS cao cấp - BẢO HÀNH TRỌN ĐỜI",Vali nhựa,252578212,1830000,1830000,Valinice,VND,1830000,1830000
Vali kéo Upland TSA AMERICAN TOURISTER - MỸ : Tích hợp khóa số TSA Bánh xe đôi 360 độ êm nhẹ,Balo và Vali,71541339,3100000,1550000,American Tourister,VND,3100000,1550000
Vali Kéo Du Lịch Pisani LANI 3 SIZE 20/24/28 Thời Trang Hạn Chế Bể Vỡ- Bảo Hành Trọn Đời,Vali nhựa,181122639,2130000,2130000,Valinice,VND,2130000,2130000
Vali kéo TRIP P803A size 20inch nhựa PC/ABS - Bảo hành 5 năm,Thời Trang,35042206,1470000,890000,Trip,VND,1470000,890000
Vali Du Lịch Bamozo 8812 Size 14 Inch Chất Liệu Nhựa ABS Bền Đẹp Bảo Hành 5 Năm,Vali nhựa,253043401,320000,320000,BAMOZO,VND,320000,320000
Vali nhựa Pc + Abs 16 Inch Gọn Nhẹ,Vali nhựa,216113804,320000,266000,Nice Villa,VND,320000,266000
Vali Nhôm nguyên khối size 20-24-29,Vali nhựa,163142847,2500000,2500000,OEM,VND,2500000,2500000
Vali kéo du lịch cao cấp bảo hành chính hãng Size 24inch-KS 219 - Vàng hồng,Vali nhựa,171574360,799000,579000,KingSun,VND,799000,579000
Vali nhựa du lịch SAKOS PORTA - Z26 (Size Trung 66cm / 24inch TSA) - Hàng chính hãng,Vali nhựa,76825875,2465000,2093000,Sakos,VND,2465000,2093000
Vali du lịch kéo tay TN 20 inch Đỏ,Thời Trang,32215972,299000,279000,Laka,VND,299000,279000
Vali kéo i'mmaX X13 size 20inch xách tay máy bay nhựa PC/ABS - Bảo hành 3 năm,Thời Trang,68753216,740000,490000,i'mmaX,VND,740000,490000
Sea Choice 19 inch Hành lý xách tay Trọng lượng nhẹ Vỏ cứng ABS 4 Bánh xe Spinner Vali có khóa TSA Dây kéo YKK,Vali nhựa,161532512,752059,752059,Sea Choice,VND,752059,752059
"Combo 2 Vali Kéo LUG Holdall S219/S23/S27 HA6680 Nhựa ABS Hạn Chế Trầy Xước, Khóa Số Âm Thời Trang",Vali nhựa,213495429,4600000,1690000,HOLDALL,VND,4600000,1690000
Vali Kéo Du Lịch Larita MONZA size 20 S Chống Bể Thương Hiệu - Bảo Hành Trọn Đời,Vali nhựa,191575965,1815000,1815000,Valinice,VND,1815000,1815000
Vali kéo American Tourister Linex Spinner TSA,Vali nhựa,216336452,3200000,1600000,American Tourister,VND,3200000,1600000
"Vali du lịch BAMOZO 8801 MÀU VÀNG HỒNG size 20/24,  vali kéo nhựa được bảo hành 5 năm.",Vali nhựa,192673325,917700,399000,BAMOZO,VND,917700,399000
Vali khóa kéo du lịch cao cấp Bảo hành chính hãng 36 Tháng,Root,151971932,449000,449000,OEM,VND,449000,449000
"Vali kéo Kiza KAMILIANT - MỸ : Thương hiệu Chính Hãng , bảo hành quốc tế trên 118 quốc gia",Vali nhựa,182105931,3300000,888000,KAMILIANT,VND,3300000,888000
"Vali khung nhôm khóa sập Bamozo 9066 size 20/24/28 inch, nhựa ABS/PC cao cấp, bịt 4 góc kim loại chống va đập cực tốt",Root,184500495,1350000,749000,BAMOZO,VND,1350000,749000
Vali Kéo Du Lịch MIA Pisani X9 YG1849A Khoá Khung Bảo Mật Chắc Chắn,Vali nhựa,190701837,4612000,4612000,Valinice,VND,4612000,4612000
"Vali kéo Rock-Lite KAMILIANT - MỸ : Thương hiệu Chính Hãng , bảo hành quốc tế trên 118 quốc gia",Vali nhựa,204639323,3900000,888000,KAMILIANT,VND,3900000,888000
Vali thông minh ngồi lái được,Thời Trang,54511383,11000000,11000000,OEM,VND,11000000,11000000
"Vali kéo Falcon KAMILIANT MỸ : Thương hiệu Chính Hãng , bảo hành quốc tế trên 118 quốc gia",Vali nhựa,242430069,3900000,1088000,KAMILIANT,VND,3900000,1088000
vali kéo du lịch cao cấp thời trang,Root,169624780,289000,289000,OEM,VND,289000,289000
Vali kéo American Tourister Hundo Spinner EXP TSA,Vali nhựa,216379205,3500000,1750000,American Tourister,VND,3500000,1750000
Vali kéo American Tourister Senna Spinner TSA,Vali nhựa,216379203,3200000,1600000,American Tourister,VND,3200000,1600000
VALI NHÔM NGUYÊN KHỐI SIZE 20,Vali nhựa,186743052,2350000,2350000,OEM,VND,2350000,2350000
"Vali du lịch BAMOZO 8809 MÀU BẠC size 20/24/28 , vali kéo nhựa bảo hành 5 năm",Vali nhựa,192062084,950000,569000,BAMOZO,VND,950000,569000
Vali Kéo Du Lịch Larita Siro OC22001 Hạn Chế Bể Vỡ,Vali nhựa,192549032,2330000,2330000,Valinice,VND,2330000,2330000
VALI SIÊU TO KHỔNG LỒ SIZE 28 32 34 INCH NHỰA DẺO CHỐNG VA ĐẬP,Root,179758396,1300000,1300000,OEM,VND,1300000,1300000
Vali Thời Trang Nhựa PP Chống Va Đập - Vali Mẫu Mới Cao Cấp,Balo và Vali,72659883,700000,665000,OEM,VND,700000,665000
Vali kéo American Tourister Upland Spinner TSA,Vali nhựa,216336439,2800000,1400000,American Tourister,VND,2800000,1400000
Vali kéo American Tourister LOCKation Spinner Frame,Vali nhựa,247425503,6700000,6700000,American Tourister,VND,6700000,6700000
"Vali Kéo Du Lịch Nhật Bản Echolac Chính Hãng PC005N22: Nhựa PC Hạn Chế Va Đập, Khóa TSA An Ninh Quốc Tế, Ngăn Mở Rộng 25%",Vali nhựa,193684971,3380000,2380000,ECHOLAC,VND,3380000,2380000
"Vali Kéo LUG Lusetti S20/S24/S28 LS2107 Nhựa ABS Hạn Chế Trầy Xước, Dây Kéo Đôi Chống Rạch Trộm",Vali nhựa,216909265,3300000,1500000,Lusetti,VND,3300000,1500000
Vali nhựa dẻo chống bể cao cấp TRIP PP108,Vali nhựa,133711470,1490000,890000,Trip,VND,1490000,890000
Vali du lịch kéo cao cấp độc quyền chính hãng Size 20inch KS-218 - Xanh lam nhạt,Vali nhựa,171236900,648000,428000,KingSun,VND,648000,428000
Vali kéo TRIP P16 size 20inch nhựa PC/ABS - Bảo hành 5 năm,Thời Trang,35042457,1250000,750000,Trip,VND,1250000,750000
"VALI SIZE ĐẠI 32, 36 NHỰA DẺO CHỐNG VỠ",Vali nhựa,166430788,1250000,1250000,OEM,VND,1250000,1250000
VALI NHÔM NGUYÊN KHỐI SIZE 24,Vali nhựa,187010789,2850000,2850000,OEM,VND,2850000,2850000
Vali kéo khung nhôm nắp gập TRIP A91 nhựa PC/ABS - Bảo hành 5 năm,Vali nhựa,207181972,1750000,1050000,Trip,VND,1750000,1050000
Vali kéo Samsonite Myton Spinner Exp Scale,Vali nhựa,217561400,6800000,6800000,Samsonite,VND,6800000,6800000
Vali Hình Họa Tiết Vỏ Nhựa Khung Nhôm Khóa Sập  NiceVilla,Vali nhựa,206360988,900000,855000,Nice Villa,VND,900000,855000
"Vali Kéo Lug Lusetti Sharon S18/S22 LS1150: Nhựa PP Chống Bể Vỡ, Khóa TSA An Ninh Quốc Tế",Vali nhựa,252136085,1780000,890000,Lusetti,VND,1780000,890000
Vali da nhân tạo kiểu kéo ngang tiếp viên hàng không size 16 TT050,Thời Trang,51117858,890000,890000,OEM,VND,890000,890000
Vali Kéo Nhựa Du Lịch STARGO LUJOSO Z26 - Size ký gửi (24 inch),Vali nhựa,212465922,1299000,699000,STARGO,VND,1299000,699000
Vali kéo American Tourister Argyle Spinner EXP TSA,Vali nhựa,216379266,3800000,1900000,American Tourister,VND,3800000,1900000
"Vali kéo Liniar KAMILIANT - MỸ :Hệ thống bánh xe 360° vận hành êm nhẹ, trơn tru Cần đẩy ống kép bền chắc, có thể thay đổi độ cao Lớp vỏ vali 100% ABS với thiết kế chống trầy xước",Vali nhựa,225231657,3700000,988000,KAMILIANT,VND,3700000,988000
Vali vải Sakos Winner 7 (Size lớn - 7 Tấc),Thời Trang,20234663,2880000,2446000,Sakos,VND,2880000,2446000
Vali kéo Samsonite Upscape Spinner EXP,Vali nhựa,220666846,6200000,6200000,Samsonite,VND,6200000,6200000
VALI KHUNG NHÔM CAO CẤP 2022,Root,179777302,950000,950000,OEM,VND,950000,950000
"Vali Du Lịch Nancy Bamozo Nhựa PP Cao Cấp, Vali Kéo Du Lịch Chống Va Đập - Bảo Hành 5 Năm.",Vali nhựa,253052536,1029000,599000,BAMOZO,VND,1029000,599000
Vali Kéo MIA Du Lịch Pisani DORADO 3 size 20/24/28 Chống Va Đập Tốt - Bảo Hành Trọn Đời,Vali nhựa,216356782,2370000,2370000,Pisani,VND,2370000,2370000
Vali Nhựa Khung Nhôm Khóa Sập NiceVilla,Vali nhựa,194472995,900000,855000,Nice Villa,VND,900000,855000
"Vali du lịch BAMOZO 8801 MÀU HỒNG NHẠT size 20/24, vali kéo nhựa được bảo hành 5 năm.",Vali nhựa,192772392,689000,449000,BAMOZO,VND,689000,449000
Vali vải cao cấp Hùng Phát size  28,Root,252718753,519000,519000,OEM,VND,519000,519000
"Vali Kéo LUG Aber S20/S24/S28 MHL027: Nhựa ABS Hạn Chế Trầy Xước, Khóa Số Bảo Mật An Toàn",Vali nhựa,252773239,2600000,1200000,ABER,VND,2600000,1200000
Vali Kéo Du Lịch Thời Trang Rover Emi,Root,32980009,1429000,1099000,OEM,VND,1429000,1099000
Vali NiceVilla Nhựa Dẻo PP Chống Sốc,Vali nhựa,194041830,750000,712500,Nice Villa,VND,750000,712500
Vali cặp số nhôm nhựa có khóa số mật mã đựng hồ sơ một bộ đồ TT052,Vali nhựa,76155912,1250000,1250000,OEM,VND,1250000,1250000
Vali nhựa du lịch STARGO ESSENZA - Z26 (Size Trung 67cm / 24inch TSA) - Hàng chính hãng,Vali nhựa,76017141,1015000,799000,STARGO,VND,1015000,799000
Vali Du Lịch Bamozo 8812 Thời Trang Màu Xanh Nhạt Size 20/24 Chất Liệu Nhựa ABS Bền Đẹp Bảo Hành 5 Năm,Vali nhựa,194807926,849000,599000,BAMOZO,VND,849000,599000
Sea Choice Hành lý xách tay 20IN và Hộp đựng mỹ phẩm mini 14IN Bộ du lịch Hành lý Hardside có bánh xe quay Vali Polypropylene nhẹ có khóa TSA Dây kéo YKK Vali nhẹ 14+20/24/28 inch,Vali nhựa,147023940,2578420,2578420,Sea Choice,VND,2578420,2578420
"Vali du lịch thời trang BAMOZO 8812 MÀU HỒNG NHẠT size 20/24 , vali kéo chống trầy xước được bảo hành 5 năm",Vali nhựa,195870603,298000,229000,BAMOZO,VND,298000,229000
"VALI KHUNG NHÔM KHOÁ SẬP SIZE 20,24,29 MỚI 2021",Root,180105851,700000,700000,OEM,VND,700000,700000
"Combo 2 Vali Kéo Lusetti Sharon Size 18&22 LS1150: Nhựa PP Chống Bể Vỡ, Kháo TSA An Ninh Quốc Tế",Vali nhựa,252166119,3760000,1690000,Lusetti,VND,3760000,1690000
"Vali kéo du lịch valy khung nhôm khóa sập thời trang size 20, size 24, size 29 TSA chống bể vỡ",Vali nhựa,149451852,1250000,1250000,OEM,VND,1250000,1250000
Vali du lịch Vali kéo cao cấp chính hãng Size 24inch  KS-218 - Bạc,Vali nhựa,171587772,748000,409000,KingSun,VND,748000,409000
VALI SIÊU TO KHỔNG LỒ KHÓA SẬP KHUNG NHÔM CHỐNG VA ĐẬP SIZE 28 32 34 INCH,Root,179758587,1750000,1750000,OEM,VND,1750000,1750000
Vali Sakos Champion 4.5 SLX055BKF (52 x 34 cm) - Đen,Balo và Vali,836288,1969000,1890000,Sakos,VND,1969000,1890000
Vali Du Lịch STARGO JASPER Z22 (20inch),Thời Trang,52791759,1420000,1349000,STARGO,VND,1420000,1349000
Sea Choice Bộ hành lý  Vali cứng chất liệu PC Bảo hành 5 năm với bánh xe Spinner Khóa TSA 2 PCS Hardside Hành lý cho phụ nữ và nam giới Vali nhẹ 13 + 20/24/28 inch,Vali nhựa,198794029,1193545,1193545,Sea Choice,VND,1193545,1193545
"Combo vali kéo Vaiana WENGER - THỤY SĨ : Combo 01 vali kéo size cabin 55cm và 01 vali kéo size đại 87cm Vali kéo Thụy Sĩ với thiết kế sang trọng, tinh tế Khóa số TSA an toàn tiêu chuẩn Hoa Kỳ Tính năng mở rộng tăng sức chứa, giúp sắp xếp hành lý linh hoạt",Vali nhựa,247843151,9200000,1999000,Wenger,VND,9200000,1999000
VALI kéo TRAVELKING KN 808 size 18inch,Vali nhựa,198425393,1450000,1450000,Travel,VND,1450000,1450000
Bọc vali chống chầy xước ( Cốc nước ),Root,205615011,145340,145340,OEM,VND,145340,145340
Vali kéo Samsonite Enow Spinner EXP,Vali nhựa,217561523,8500000,5950000,Samsonite,VND,8500000,5950000
Vali Kéo Du Lịch Tay Kéo Nhôm In Hình Hai Chú Mèo Nằm Đảo Chiều Tối Giản Cute,Vali nhựa,194498947,430000,430000,OEM,VND,430000,430000
Vali kéo cao cấp du lịch thời trang (Màu Đồng),Root,185306354,289000,289000,OEM,VND,289000,289000
"Sea Choice Bộ hành lý  Vali cứng chất liệu PC Bảo hành 5 năm với bánh xe quay Khóa TSA, Hành lý 2 PIECE Hardside dành cho nữ và nam Vali nhẹ 13+20/24/28 inch",Vali nhựa,198795766,1155443,1155443,Sea Choice,VND,1155443,1155443
Vali nhựa STARGO HARMONY size xách tay (Z22),Vali nhựa,191777680,945000,850000,STARGO,VND,945000,850000
vali chống vỡ pp-01 size 28 cao cấp,Root,151971601,999000,999000,OEM,VND,999000,999000
Vali cao cấp siêu nhẹ Sakos Paralle - thương hiệu Mỹ,Vali nhựa,189744046,2170000,2170000,Sakos,VND,2170000,2170000
Từ Điển Xây Kênh Từ Cơ Bản Đến Thành Công - Bản chuẩn,Sách Marketing - Bán hàng,222331800,268000,227800,OEM,VND,268000,227800
Vali khung nhôm khóa sập S6,Root,151972204,899000,899000,OEM,VND,899000,899000
Vali Nhựa Thời Trang Cao Cấp DOMA DH1102 - Blue,Vali nhựa,205985853,1990000,1990000,Doma,VND,1990000,1990000
Vali Kéo Du Lịch In Hình 3 Nhân Vật Hoạt Hình Ngộ Nghĩnh Bánh Xe Xoay 360 Độ Size 20 24 26,Vali nhựa,194517904,890000,890000,OEM,VND,890000,890000
"Vali kéo Sky Bridge AMERICAN TOURISTER - MỸ : Bánh xe đôi xoay 360 độ, giúp di chuyển dễ dàng, êm ái Khóa số tích hợp TSA, giúp tăng cường bảo mật Đai khóa chữ X và nội thất bên trong được thiết kế nhiều ngăn tiện lợi",Vali nhựa,170102206,3100000,1550000,American Tourister,VND,3100000,1550000
Vali Kéo Du Lịch nhựa ABS+PC Size 20/24 Inch,Vali nhựa,158663627,350000,332500,OEM,VND,350000,332500
"Vali kéo du lịch khung nhôm thời trang chống bể vỡ vali nhựa khung nhôm SIZE 20, SIZE 24 chống trộm",Vali nhựa,149451599,1250000,1250000,OEM,VND,1250000,1250000
Vali kéo i'mmaX Z1100 nhựa PC/ABS - Bảo hành 3 năm,Balo và Vali,187009931,765000,500000,i'mmaX,VND,765000,500000
Vali du lịch xách tay size 20inch - Thời trang - Cao Cấp KS-T01 -  Xanh Lá,Vali nhựa,87043396,648000,428000,KingSun,VND,648000,428000
Vali kéo American Tourister Squasem Spinner EXP TSA,Vali nhựa,216115007,4900000,4900000,American Tourister,VND,4900000,4900000
Vali Thời Trang Nhựa Dẻo PP Nicevilla Size 20inch & 24inch,Vali nhựa,204249392,550000,522500,Nice Villa,VND,550000,522500
"VALI KHUNG NHÔM HỘP SIZE ĐẠI 28,32,36",Root,179777247,1850000,1850000,OEM,VND,1850000,1850000
Vali Kéo Du Lịch Rover One Chống Bể,Root,32979946,1429000,999000,OEM,VND,1429000,999000
Vali Sakos Champion 4.5 SLX055DNF (52 x 34 cm) - Xanh,Thời Trang,836292,1850000,1850000,Sakos,VND,1850000,1850000
"Sea Choice Mẫu hành lý Bermuda ""MỚI"" (Có thể đặt Powerbank ở dưới cùng của thanh) Vali hành lý bằng nhôm 20"" với 4 bánh xe xoay 360° Spinner và khóa TSA Góc chống sốc bằng nhôm gia cố Chất liệu PC Vali Bề mặt vỏ nhẵn",Vali nhựa,162875072,1879300,1879300,Sea Choice,VND,1879300,1879300
Vali nhựa i'mmaX X14 size 24inch nhựa PC/ABS - Bảo hành 3 năm,Thời Trang,68767421,840000,570000,i'mmaX,VND,840000,570000
"Vali khung nhôm khóa sập BAMOZO 9066 MÀU TRẮNG  size 20/24/28 , nhựa ABS/PC cao cấp, bịt 4 góc kim loại chống va đập cực tốt",Vali nhựa,192125146,1350000,799000,BAMOZO,VND,1350000,799000
Vali kéo Samsonite Robez Spinner EXP,Vali nhựa,220666745,8000000,5600000,Samsonite,VND,8000000,5600000
"Vali du lịch khung nhôm, vali kéo size 20, size 24, size 29 HẠNG THƯƠNG GIA chống bể vỡ, chống xước, chống trộm",Root,149451415,2300000,2300000,OEM,VND,2300000,2300000
Vali nhựa size nhỏ 20inch i'mmaX X11,Thời Trang,68723218,740000,480000,i'mmaX,VND,740000,480000
"Vali Dáng Vuông Size 18, Vali Hành Lý Xách Tay Phù Hợp Cho Chuyến Du Lịch Ngắn Hạn - PVL2302",Vali nhựa,252005809,859000,859000,pehouse,VND,859000,859000
"Vali khung nhôm khóa sập BAMOZO 9066 MÀU XANH NHẠT size 20/24/28 inch, nhựa ABS/PC cao cấp, bịt 4 góc kim loại chống va đập cực tốt",Vali nhựa,192133508,1790000,999000,BAMOZO,VND,1790000,999000
Vali khoá sập HÀNG LOẠI 1 lót xanh tặng kèm túi vải bọc,Vali nhựa,120114767,1300000,1300000,OEM,VND,1300000,1300000
Vali Kéo Mia vn Valinice SINA size 20 S Nhựa ABS cao cấp - BẢO HÀNH TRỌN ĐỜI,Vali nhựa,252560815,1815000,1815000,Valinice,VND,1815000,1815000
Vali chống vỡ,Root,151971684,800000,800000,OEM,VND,800000,800000
"Vali khung nhôm khóa sập size 20/24, bịt 4 góc kim loại KS-051",Root,247796308,1069000,759000,KingSun,VND,1069000,759000
Bộ Vali Doanh Nhân Cao Cấp Doma DH2204 - Grey,Vali nhựa,184602705,3090000,3090000,Doma,VND,3090000,3090000
Vali du lịch kéo Kingsun cao cấp Size 24inch KS-033 - Bạc,Vali nhựa,171788019,738000,518000,KingSun,VND,738000,518000
Bộ Vali Du Lịch Macat M18BC,Thời Trang,2538119,999000,999000,Macat,VND,999000,999000
Vali du lịch kéo cao cấp Size 24inch- Chất lượng cao  KS-155 - Vàng hồng,Vali nhựa,171762196,698000,478000,KingSun,VND,698000,478000
Sea Choice Vali du lịch Sea Choice 20 inch Vali vỏ cứng di động nhỏ gọn 100% ABS 4 bánh có khóa TSA Mang theo hành lý Gối kê cổ Memory Foam miễn phí,Vali nhựa,197966312,1341140,1341140,Sea Choice,VND,1341140,1341140
Vali nhựa du lịch SAKOS PARALLE Z30 (Size đại 75cm/ 28inch TSA) - Hàng chính hãng,Vali nhựa,75539900,2540000,2413000,Sakos,VND,2540000,2413000
Vali Du Lịch STARGO JASPER Z26 (24inch),Thời Trang,52811980,1640000,1393000,STARGO,VND,1640000,1393000
Vali du lịch mẫu trơn chất liệu nhựa pc+abs có size to giá rẻ,Vali nhựa,189658029,485000,485000,OEM,VND,485000,485000
Vali Du Lịch Cao Cấp Size 24inch - Bảo Hành 5 Năm  KS-T01 - Xanh lam nhạt,Vali nhựa,171776958,748000,528000,KingSun,VND,748000,528000
Vali Nhựa Du Lịch STARGO FIBRA Z22 (Size Xách Tay 57cm / 20inch TSA),Root,195106621,1475000,1401000,STARGO,VND,1475000,1401000
"[ ĐỘC QUYỀN ] Vali kéo du lịch SKYWAY GLACIER BAY - Thương hiệu Mỹ - size cabin, size ký gửi - Hạn chế trầy xước, bể vỡ",Vali nhựa,198768648,2500000,2500000,Skyway,VND,2500000,2500000
Vali du lịch kéo Kingsun cao cấp Size 24inch KS-033 - Vàng,Vali nhựa,171783683,738000,518000,KingSun,VND,738000,518000
Vali Du Lịch Nhập Khẩu Nhựa Cao Cấp Chống Va Đập 20 inch,Thời Trang,59101035,368000,368000,OEM,VND,368000,368000
Vali kéo Samsonite Cube-048 Spinner Front PKT,Vali nhựa,217561388,9700000,9700000,Samsonite,VND,9700000,9700000
Vali kéo i'mmaX X13 size 24inch ký gửi hành lý nhựa PC/ABS - Bảo hành 3 năm,Thời Trang,68758358,840000,570000,i'mmaX,VND,840000,570000
Bộ Vali Nhựa Cao Cấp Doma DH2204 - Orange,Vali nhựa,184249588,3090000,3090000,Doma,VND,3090000,3090000
Vali kéo Samsonite Red Toiis C,Vali nhựa,253196120,5200000,5200000,Samsonite,VND,5200000,5200000
Vali Kéo Du Lịch In Hình Phong Cách Đường Phố 20 inch 24 inch 26 inch,Vali nhựa,155370132,950000,950000,OEM,VND,950000,950000
Vali kéo doanh nhân thương hiệu Mỹ Sakos Vertica chính hãng,Vali nhựa,113899153,2465000,2093000,Sakos,VND,2465000,2093000
"Vali Du Lịch Tay Kéo Có Khay Để Cốc 23-05 Bánh Xe Vạn Năng, Vali Hành Lý 20 inch Mở Trước Đựng Laptop",Vali nhựa,249802910,1600000,919000,pehouse,VND,1600000,919000
Vali Du Lịch Tay Kéo In Hình Xe Đạp Cổ Điển Nhựa ABS PC Nhiều Size,Vali nhựa,194498923,920000,920000,OEM,VND,920000,920000
[SIZE 20 INCH] Vali kéo siêu bền Tresette nhập khẩu Hàn Quốc 8915,Vali nhựa,75666321,3000000,1920000,Tresette,VND,3000000,1920000
valy kéo du lịch nhựa ốp góc 22521,Vali nhựa,104046419,390000,390000,OEM,VND,390000,390000
Vali doanh nhân Sakos phối da Atlas,Vali nhựa,20421035,2575000,2472000,Sakos,VND,2575000,2472000
Vali nhựa du lịch STARGO CURVA - Z22 (Size cabin 56cm / 20inch TSA),Vali nhựa,194407692,1990000,1890000,STARGO,VND,1990000,1890000
Vali chống vỡ pp size 28,Root,151972128,1273000,1273000,OEM,VND,1273000,1273000
Vali Kéo Du Lịch Rover Ada,Root,32979977,1099000,999000,OEM,VND,1099000,999000
Vali khung nhôm khoá sập size 29( ảnh và video tự quay chụp),Root,179777281,1300000,1300000,OEM,VND,1300000,1300000
"Vali khung nhôm khóa sập BAMOZO 9066 MÀU VÀNG HỒNG size 20/24/28 inch, nhựa ABS/PC cao cấp, bịt 4 góc kim loại chống va đập cực tốt",Vali nhựa,192165363,1350000,799000,BAMOZO,VND,1350000,799000
vali kéo du lịch Travel King 24921 xanh lục,Vali nhựa,127058201,990000,990000,Hùng Phát NATURAL HERB TEA,VND,990000,990000
Vali kéo ngang 2 bánh tiếp viên hàng không size 17 Inch chất liệu da nhân tạo TT110,Vali nhựa,212235522,2390000,2390000,OEM,VND,2390000,2390000
Vali khung nhôm A1S cao cấp 2022,Vali nhựa,163021404,1000000,1000000,OEM,VND,1000000,1000000
[SIZE 20 INCH] Vali khóa sập nhập khẩu Hàn Quốc Tresette 6136,Vali nhựa,186279143,3200000,2790000,Tresette,VND,3200000,2790000
Vali khung nhôm vỏ nhựa cao cấp thời trang mẫu thương gia du lịch bánh xe xoay 360 độ khoá sập TSA mật khẩu 3 đơn vị số,Vali nhựa,193177968,896000,896000,OEM,VND,896000,896000
"Vali TRIP PP915 Size 20inch, Vali TRIP cao cấp, dòng vali chống bể, chống trộm",Thời Trang,49461184,2200000,1290000,Trip,VND,2200000,1290000
"Vali du lịch xếp gọn tiết kiệm không gian Kachi MK355 size 20"" / 24"" với 4 màu - Hàng chính hãng",Vali nhựa,249092790,1790000,1700500,Kachi,VND,1790000,1700500
"Vali kéo Wenger SMU India WENGER - THỤY SĨ :Vali thương hiệu Thụy Sĩ có lịch sử lâu đời Thiết kế họa tiết sóng tinh tế, thanh lịch Nhựa ABS bền bỉ, bề mặt kết cấu chống trầy xước Khóa số TSA an toàn tiêu chuẩn Hoa Kỳ",Vali nhựa,245965780,2600000,2600000,Wenger,VND,2600000,2600000
Vali kéo nhựa Colorful,Thời Trang,46513713,549000,549000,OEM,VND,549000,549000
Vali Kéo Du Lịch P/SANI Reito YG086L Tích Hợp Cổng Sạc USB Hiện Đại,Vali nhựa,190701950,2830000,2830000,Valinice,VND,2830000,2830000
"Bộ Vali Túi Xách Du Lịch 
Macat MA9- 25 inch",Root,35189051,1350000,1350000,Macat,VND,1350000,1350000
[SIZE 20 INCH] Vali khoá sập có cổng sạc USB nhập khẩu Hàn Quốc 8002,Vali nhựa,213830561,3510000,2630000,Tresette,VND,3510000,2630000
Vali Du Lịch Tay Kéo Màu Hồng Gold Có Hình Chiếc Mèo Đeo Tai Nghe Chill Chill Size 20 24 26,Vali nhựa,194499036,890000,890000,OEM,VND,890000,890000
Vali du lịch size ký gửi hành lý 24inch i'mmaX X11,Thời Trang,68726981,840000,570000,i'mmaX,VND,840000,570000
Vali kéo nhựa PP cao cấp - nhiều màu,Vali nhựa,74389796,999000,949050,OEM,VND,999000,949050
Vali nhựa du lịch STARGO DIAMANT - Z26 (Size Trung 66cm / 24inch TSA) - Hàng chính hãng,Vali nhựa,94559630,1015000,1015000,STARGO,VND,1015000,1015000
Vali kéo du lịch Roncato Butterfly thương hiệu Ý,Vali nhựa,206713700,3690000,3690000,Roncato,VND,3690000,3690000
Vali nhựa Xách Tay 20 Inch / Ký Gửi 24 Inch STARGO XAVAN - Hàng Chính Hãng,Thời Trang,40767110,1260000,1069000,STARGO,VND,1260000,1069000
"Vali Kéo LUG S20/S24/S28 PP04 Nhựa PP Chống Bể Vỡ, Dây Kéo Đôi Chống Rạch Trộm",Vali nhựa,217285507,6380000,3190000,Lug,VND,6380000,3190000
"Vali 20inch xách tay hoặc kéo có bánh xe di động thông minh chống nước - Vali du lịch, Vali kéo nhỏ gọn thời trang đi dã ngoại, công tác",Vali nhựa,214096497,1343000,805800,OEM,VND,1343000,805800
Vali Du Lịch Vỏ Nhựa In Hình Gấu Brownie Tiệc Tùng Size 20 24 26,Vali nhựa,194499009,890000,890000,OEM,VND,890000,890000
Bộ 2 vali nhựa kéo size 20inch + 24 inch i'mmaX X11,Thời Trang,68729611,1480000,950000,i'mmaX,VND,1480000,950000
Vali doanh nhân Xiaomi Passport,Root,103616370,1050000,1050000,OEM,VND,1050000,1050000
Vali nhựa Mr Vui VLC185 18 inch - 20 inch - 24 inch,Thời Trang,38103484,1620000,1620000,Mr.vui,VND,1620000,1620000
"Vali 18inch xách tay hoặc kéo có bánh xe di chuyển dễ dàng - Vali kéo đi du lịch, Vali đựng đồ quần áo nhỏ gọn đẹp",Vali nhựa,214091702,1191000,714600,OEM,VND,1191000,714600
"Vali Du Lịch Thời Trang Xách Tay size 18inch PVL23-02, Vali Kéo Chống Nước Bánh Xe Không Tiếng Động, Thùng Đựng Hành Lý Lên Cabin",Vali nhựa,249774865,1400000,899000,pehouse,VND,1400000,899000
Vali nhựa du lịch SAKOS PORTA - Z22 (Size cabin 56cm / 20inch TSA) - Hàng chính hãng,Vali nhựa,76825431,2245000,1906000,Sakos,VND,2245000,1906000
Vali Kéo Du Lịch In Hình Chú Gấu Happy Day Phong Cách Nhật Cute,Vali nhựa,194516058,545000,545000,OEM,VND,545000,545000
Vali kéo American Tourister Trigard Spinner TSA,Vali nhựa,253149384,3600000,1800000,American Tourister,VND,3600000,1800000
Vali nhựa du lịch SAKOS PARALLE Z26 (Size trung 65cm/ 24inch TSA) - Hàng chính hãng,Vali nhựa,75539834,2360000,2242000,Sakos,VND,2360000,2242000
Vali kéo nhựa Delsey Grenelle,Thời Trang,52024141,7500000,5250000,DELSEY,VND,7500000,5250000
Vali Kéo Khung Nhôm Khóa Sập Mạ Vàng NiceVilla,Vali nhựa,206651204,1000000,950000,Nice Villa,VND,1000000,950000
Vali Du Lịch Tay Kéo In Hình Thỏ Con Đáng Yêu Chất Liệu Nhựa ABS Cao Cấp 20 Inch 24 Inch 28 Inch,Vali nhựa,78629458,729000,729000,OEM,VND,729000,729000
Vali kéo Samsonite Red Toiis L,Vali nhựa,253196083,5200000,5200000,Samsonite,VND,5200000,5200000
Vali kéo du lịch 863 SIZE 28 / 24 /20 CHỐNG BỂ VỠ- CHỐNG RẠCH MÓC- CHỐNG XƯỚC S,Root,103619544,329000,329000,OEM,VND,329000,329000
Vali Kéo Mia  Du Lịch Pisani URI 3 size 20/24/28 Cao Cấp Chống Bể Vỡ Khóa Khung Bảo Mật Chắc Chắn - Bảo Hành Trọn Đời,Vali nhựa,230044286,5720000,5720000,Pisani,VND,5720000,5720000
Vali Du Lịch Macat M19BC - Đen (Tặng 1 Túi Du Lịch Đồng Bộ),Thời Trang,564603,965000,965000,Macat,VND,965000,965000
Vali Du Lịch Bamozo 8812 Màu Xanh Lá Size 20/24 Nhựa ABS Bền Đẹp Chống Va Đập Bảo Hành 5 Năm,Vali nhựa,253048257,1029000,599000,BAMOZO,VND,1029000,599000
Combo 3 Vali Kéo Du Lịch LUG Aber S20&24&28 MHL010: Nhựa ABS Hạn Chế Trầy Xước,Vali nhựa,252158615,6090000,2690000,ABER,VND,6090000,2690000
[SIZE 20 INCH] Vali khóa sập cao cấp nhập khẩu Hàn Quốc Tresette 2029 Có Ngăn Đựng Latop Vân Dọc Sang Trọng Cổng Sạc USB,Vali nhựa,199707918,4090000,2860000,Tresette,VND,4090000,2860000
[SIZE 20 INCH] Vali khóa kéo du lịch nhập khẩu Hàn Quốc Tresette 3789,Balo và Vali,209606090,3670000,2390000,Tresette,VND,3670000,2390000
Vali kéo nhựa PP chống va đập chính hãng Travelking 884 SIZE 20,Vali nhựa,198511523,900000,900000,Travel,VND,900000,900000
VALI KHUNG NHÔM SIZE 20-24-28 MẪU MỚI,Root,179777265,900000,900000,OEM,VND,900000,900000
Vali nhựa kéo hoạ tiết kute có khoá số/mật khẩu du lịch - ảnh chụp thật,Root,103616940,380000,380000,OEM,VND,380000,380000
VALI KHÓA KÉO CAO CẤP ABS 01,Vali nhựa,189885810,660000,660000,OEM,VND,660000,660000
Vali nhựa pc cao cấp chống vỡ size 20-24,Vali nhựa,186192906,850000,850000,OEM,VND,850000,850000
Valy Du Lịch Tay Kéo Nhựa ABS PC Cao Cấp Mẫu Nhám In Hình Núm Tay Mèo Đáng Yêu,Vali nhựa,74854723,729000,729000,OEM,VND,729000,729000
Vali du lịch Vali kéo cao cấp chính hãng Size 24inch  KS-218 - Vàng hồng,Vali nhựa,171586345,748000,528000,KingSun,VND,748000,528000
Vali Kéo Khung Nhôm Vỏ Vali Du Lịch Chất Liệu PC ABS Đàn Hồi Cao Cấp Chống Xước Chống Bể Bánh Xe 360 Độ,Vali nhựa,184072345,1500000,1500000,OEM,VND,1500000,1500000
"Vali khung nhôm khóa sập BAMOZO 9066 MÀU HỒNG NHẠT size 20/24/28 inch, nhựa ABS/PC cao cấp, bịt 4 góc kim loại chống va đập cực tốt",Vali nhựa,192139159,1350000,799000,BAMOZO,VND,1350000,799000
SIZE 29 VALI VALI KHUNG NHÔM KHOÁ SẬP GÓC VUÔNG,Vali nhựa,120114593,1600000,1600000,OEM,VND,1600000,1600000
Vali nhựa khung nhôm khóa sập in hình I Fly The World TT005,Thời Trang,4763199,790000,790000,OEM,VND,790000,790000
Vali Sakos ELITE 6,Thời Trang,20241668,2795000,2683000,Sakos,VND,2795000,2683000
Vali Kéo Du Lịch Larita Lyra HF8023_20 S Hạn Chế Trầy Xước,Vali nhựa,192532490,2150000,2150000,Valinice,VND,2150000,2150000
Vali kéo du lịch bằng nhựa màu trơn hoạt tiết size 20 24 28,Vali nhựa,189657235,485000,485000,OEM,VND,485000,485000
Vali Nhựa Du Lịch STARGO CURVA Z26 - Size ký gửi (24 inch),Vali nhựa,216902972,2680000,2546000,STARGO,VND,2680000,2546000
"Vali Kéo LUG IT LUGGAGE S21/S27/S31 IT16-2371-08 Nhựa ABS hạn chế trầy xước, Khóa số TSA an ninh quốc tế, Ngăn Mở Rộng 25%",Vali nhựa,213720050,8500000,4250000,IT LUGGAGE,VND,8500000,4250000
VALI Kéo Nhựa Du Lịch SAKOS MASTERY Khung Nhôm Z22/ Size S - Xách Tay (Cabin - 20inch)/ Khóa TSA/ Nhựa PC,Vali nhựa,216247023,8900000,7900000,Sakos,VND,8900000,7900000
Vali kéo du lịch size 20 valy khung nhôm khóa kéo chống bể vỡ (HÌNH THẬT),Vali nhựa,149451536,2300000,2300000,OEM,VND,2300000,2300000
VALI SIZE 28 DÁNG HỘP MẪU MỚI NHẤT 2021!,Vali nhựa,120114684,1220000,1220000,OEM,VND,1220000,1220000
"Cốp Vali đựng mỹ phẩm tiện lợi, hàng Quảng Châu cao cấp, size 14inch",Vali nhựa,212989670,192998,192998,OEM,VND,192998,192998
Vali Du Lịch Kéo Tay TN 20 Inch (Tím),Thời Trang,26344061,349000,289000,Laka,VND,349000,289000
Vali khóa sập khung nhôm thương hiệu Mỹ - Sakos Sapphire A26 (26 inch),Vali nhựa,113499949,5090000,4581000,Sakos,VND,5090000,4581000
Vali nhựa thời trang cao cấp - nhiều màu,Vali nhựa,74391999,549000,390000,OEM,VND,549000,390000
[SIZE 20 INCH] Vali khoá kéo du lịch nhập khẩu Hàn Quốc 6022,Vali nhựa,191819666,3200000,2460000,Tresette,VND,3200000,2460000
"VALI KHUNG NHÔM CHỐNG VA ĐẬP, CHỐNG MÓC RẠCH, CHỐNG XƯỚC 20 24 INCH",Root,179758847,890000,890000,OEM,VND,890000,890000
Vali du lịch kéo cao cấp Size 24inch- Chất lượng cao  KS-155 - Vàng,Vali nhựa,171762214,698000,478000,KingSun,VND,698000,478000
VALI SIÊU KÉO NHỰA DẺO CHỐNG VA ĐẬP SIZE 22 24 INCH,Root,179758386,1050000,1050000,OEM,VND,1050000,1050000
VALI Kéo Nhựa Du Lịch SAKOS SAPPHIRE Khung Dây Kéo Z22/ Size S - Xách Tay (Cabin - 20inch)/ Khóa TSA/ Nhựa PC,Thời Trang,208252422,3490000,3315000,Sakos,VND,3490000,3315000
Vali khóa kéo du lịch bảo hành 36 tháng SIZE 20,Root,151972030,457000,457000,OEM,VND,457000,457000
Vali Sakos Winner 4.5 Black,Thời Trang,5464845,2190000,1859000,Sakos,VND,2190000,1859000
Vali Sakos Champion 5 F SLX031DNF - Xanh,Thời Trang,565574,2189000,2101000,Sakos,VND,2189000,2101000
Vali kéo du lịch 203  size 20/24 chất liệu ABS chống va đập,Vali nhựa,150732364,450000,450000,OEM,VND,450000,450000
Vali Du Lịch Bằng Nhựa In Hình Mèo Hoa Đội Mũi Enjoy Size 20 24 26,Vali nhựa,194517781,430000,430000,OEM,VND,430000,430000
HÌNH THẬT_Vali Du Lịch Tay Kéo Chất Liệu Nhựa Nhám PC+ABS Dày Dặn Thiết Kế Bo Góc Sang Trọng 4 Bánh Xe Đôi Xoay 360 Độ Hàng Sẵn Kho Đủ Size 20/24/26 inch,Vali nhựa,208178653,475000,475000,OEM,VND,475000,475000
Vali kéo nhựa PP V2 cao cấp - nhiều màu,Vali nhựa,74421679,999000,949050,OEM,VND,999000,949050
Vali khung nhôm khoá sập cao cấp chống trày chống vỡ 1860 SIZE 20,Vali nhựa,197635784,850000,850000,OEM,VND,850000,850000
Túi xách du lịch/Vali du lịch/Túi kéo kiêm vali kéo du lịch thời trang 3CE.,Root,249923540,175000,175000,OEM,VND,175000,175000
Vali Kéo Du Lịch In Hình Cô Gái Cổ Điển Nhiều Màu Nhiều Size Giá Rẻ,Vali nhựa,194520896,890000,890000,OEM,VND,890000,890000
Bộ Vali Du Lịch Macat D3L,Vali nhựa,2538129,1105000,1105000,Macat,VND,1105000,1105000
Vali ITO Pistachio Stripe 20 inch (51 cm) Lightweight Hard Shell khóa TSA,Vali nhựa,206132748,4790000,4790000,Ito,VND,4790000,4790000
SIZE 24 VALI KHUNG NHÔM KHOÁ SẬP BO GÓC VUÔNG,Vali nhựa,186692497,1300000,1300000,OEM,VND,1300000,1300000
Vali Kéo Du Lịch In Hình Thể Dục Thể Thao Phong Cách Nhật Bản Vui Nhộn Size 20 24 26,Vali nhựa,194499002,430000,430000,OEM,VND,430000,430000
"Vali Macat Lavar 7 (17"")",Thời Trang,1943991,824000,824000,Macat,VND,824000,824000
Vali Sakos STARLINE 5,Thời Trang,20238949,2055000,1972000,Sakos,VND,2055000,1972000
"Vali kéo Toiis C Trunk SAMSONITE RED - MỸ : Thiết kế tối giản, vượt thời gian và phi giới tính Các tính năng hàng đầu như hệ thống bánh xe đôi có bạc đạn vận hành êm nhẹ, khóa kéo an toàn kết hợp khóa số TSA, chức năng mở rộng tăng thêm sức chứa",Vali nhựa,197751655,9500000,8550000,Samsonite,VND,9500000,8550000
"Quai xách, tay cầm vali 22cm, đã bao gồm ốc vít, dùng cho vali lock&lock, Kakashi, Lojel, American Tourister, sakos, samsonite, Delsey, lusetti, sony",Vali nhựa,195569932,50000,50000,OEM,VND,50000,50000
Vali khung nhôm khoá sập cao cấp chống trày chống vỡ 1860 size 26,Vali nhựa,197636968,1050000,1050000,OEM,VND,1050000,1050000
Bộ 2 vali nhựa kéo size 20inch + 24inch i'mmaX X13,Thời Trang,68762357,1480000,950000,i'mmaX,VND,1480000,950000
Vali kéo SamsoniteTSA  HARTS SPINNER :Hệ thống 4 bánh xe đôi xoay 360° với nút chặn Khóa kéo chống trộm Safeplux,Vali nhựa,96711017,5100000,5100000,Samsonite,VND,5100000,5100000
Vali du lịch khóa TSA tiêu chuẩn Quốc tế- Đen full,Thời Trang,22030267,1168000,1168000,OEM,VND,1168000,1168000
Vali Sakos Champion 7 SLX033BKF - Đen,Thời Trang,574373,2585000,2481000,Sakos,VND,2585000,2481000
"Vali mini 3 tầng nhiều ngăn có khóa mã số an toàn, cặp đựng giấy tờ, tài liệu có khóa kéo, chất liệu vải chống thấm nước",Root,160213612,74000,74000,OEM,VND,74000,74000
Vali ITO Pistachio Stripe 24-inch (61 cm) Lightweight Hard Shell khóa TSA,Vali nhựa,206106732,5900000,5900000,Ito,VND,5900000,5900000
VALI KHUNG NHÔM KHÓA SẬP 2021 ( KHÓA HẢI QUAN),Root,103619224,1299000,1299000,OEM,VND,1299000,1299000
Vali cho bé,Vali nhựa,120114573,360000,360000,OEM,VND,360000,360000
vali khung nhôm dáng mới 1501 size 24,Vali nhựa,88792306,1390000,1390000,OEM,VND,1390000,1390000
Size 26 vali khung nhôm khóa sập hàng supper loại 1,Root,86599717,1490000,1490000,OEM,VND,1490000,1490000
"Vali nhựa Mr Vui VLC205 size 20 inch, vali xách tay (53 x 28 x 33 cm)",Vali nhựa,214768884,1699000,1529100,MRVUI,VND,1699000,1529100
Vali du lịch khung nhôm khóa sập cao cấp chống bể vỡ bảo vệ hành lý tuyệt đối,Thời Trang,46134788,1350000,1350000,KTP,VND,1350000,1350000
"Vali kéo Titanium DELSEY - PHÁP: Được làm từ vật liệu polycarbonate nhẹ và bền, vẻ ngoài tinh tế với lớp sơn mờ để hạn chế tối đa trầy xước Khóa số TSA an toàn tiêu chuẩn Hoa Kỳ Nội thất tổ chức phong phú, đa năng",Vali nhựa,242019690,8500000,6800000,DELSEY,VND,8500000,6800000
"Vali du lịch tay kéo XXCLW size lớn 20inch 39x21,5x45cm + tặng kèm túi",Thời Trang,15219389,559000,559000,OEM,VND,559000,559000
Vali Nhựa Cứng Cáp STARGO HARMONY - Hàng Chính Hãng,Vali nhựa,201004395,945000,801000,STARGO,VND,945000,801000
"[Hàng sẵn] Vali du lịch kiêm xe ngồi  20inch có khóa hải quan chắc,tặng khung an toàn và đệm ngồi kèm sticker cho bé",Vali nhựa,205289375,2750000,2750000,OEM,VND,2750000,2750000
Túi bọc vali nhựa trong suốt,Thời Trang,24362093,105000,105000,KTP,VND,105000,105000
HÌNH THẬT_Vali Du Lịch Tay Kéo In Hình Cute Chất Liệu Nhựa Nhám PC+ABS Dày Dặn Hàng Sẵn Kho Đủ Size 20/24/26 inch,Vali nhựa,208178616,455000,455000,OEM,VND,455000,455000
Vali THƯƠNG GIA SIZE 20,Root,103622977,899000,899000,OEM,VND,899000,899000
vali màu hồng nhạt 24 inch,Balo và Vali,169624384,380000,380000,OEM,VND,380000,380000
Vali kéo size 20 inch,Vali nhựa,143114560,390000,390000,OEM,VND,390000,390000
"Vali xách tay Bric’s Bellagio 21″ – Xanh Olive BBG28301.698 size cabin, vali xách tay siêu bền, siêu nhẹ, chống va đập",Vali nhựa,184253863,17680000,17680000,Efora,VND,17680000,17680000
Vali Sakos NEO VICTORY NY,Thời Trang,20622888,2660000,2259000,Sakos,VND,2660000,2259000
Vali kéo American Tourister Ellen Spinner TSA,Vali nhựa,253148353,2900000,1450000,American Tourister,VND,2900000,1450000
Vali kéo du lịch CHỐNG BỂ VỠ- CHỐNG RẠCH MÓC- CHỐNG XƯỚC,Root,103619149,329000,329000,OEM,VND,329000,329000
Vali Nhựa Cao Cấp Doma DH2205,Vali nhựa,184767323,1790000,1790000,Doma,VND,1790000,1790000
"[Tổng Hợp] Vali điện thông minh cao cấp AW S3mini/ S3S đẳng cấp, sang trọng Có pin sạc dự phòng",Vali nhựa,217317802,11000000,11000000,OEM,VND,11000000,11000000
Vali Du Lịch Thời Trang STARGO GARNET Z22 (Size 20inch),Vali nhựa,57428824,1475000,1207000,STARGO,VND,1475000,1207000
Vali kéo American Tourister Applite 4 Eco Spinner EXP TSA,Vali nhựa,253149261,4800000,2400000,American Tourister,VND,4800000,2400000
Vali Tay Kéo Du Lịch_VaLi Đôi_ValLi Cặp Cho Các Bạn Trẻ Mẫu Mới Siêu Đẹp Chất Liệu Nhựa Nhám PC+ABS Dày Dặn Hàng Sẵn Kho Đủ Size 20/24/26 inch,Vali nhựa,208178430,595000,595000,OEM,VND,595000,595000
[SIZE 20 INCH] Vali khóa sập cao cấp nhập khẩu Hàn Quốc Tresette 2810,Vali nhựa,199707875,2650000,2060000,Tresette,VND,2650000,2060000
HÌNH THẬT_Vali Kéo Du Lịch In Hình Siêu Cute Chất Liệu Nhựa Nhám PC+ABS Dày Dặn 2 Màu Đen&Trắng Hàng Sẵn Kho Đủ Size 20/24/26 inch,Vali nhựa,208178251,455000,455000,OEM,VND,455000,455000
"Vali kéo Vaiana WENGER - THỤY SĨ :Vali kéo Thụy Sĩ với thiết kế sang trọng, tinh tế Khóa số TSA an toàn tiêu chuẩn Hoa Kỳ Tính năng mở rộng tăng sức chứa, giúp sắp xếp hành lý linh hoạt",Vali nhựa,247841679,5600000,1999000,Wenger,VND,5600000,1999000
"Vali Xách Tay Bric’s Capri 21″ – Đen BRK28027.001 Thời Trang Size Cabin, Vali Xách Tay Siêu Bền, Siêu Nhẹ, Chống Va Đập brics",Vali nhựa,184284285,12680000,12680000,Efora,VND,12680000,12680000
Vali nhựa Sakos INFINITY,Thời Trang,24409159,2630000,2630000,Sakos,VND,2630000,2630000
Vali Sakos Winner 5,Thời Trang,20231741,2365000,2270000,Sakos,VND,2365000,2270000
Vali kéo American Tourister Curio Spinner EXP TSA Book Open,Vali nhựa,253145813,5400000,5400000,American Tourister,VND,5400000,5400000
Vali nhựa STARGO AZURA,Thời Trang,40770859,1980000,1485000,STARGO,VND,1980000,1485000
HÌNH THẬT_Vali Du Lịch Tay Kéo In Hình Thỏ Con Dễ Thương Chất Liệu Nhựa Nhám PC+ABS Dày Dặn 4 Bánh Xe Xoay 360 Độ Hàng Sẵn Đủ Size 20/24/26 inch,Vali nhựa,208178359,595000,595000,OEM,VND,595000,595000
Vali kéo du lịch KHUNG NHÔM CHỐNG BỂ VỠ- CHỐNG RẠCH MÓC- CHỐNG XƯỚC SIZE20/24/29,Root,103622097,1199000,1199000,OEM,VND,1199000,1199000
VALI H4 CHỐNG VA ĐẬP BẢO HÀNH 24 THÁNG,Root,151972200,322000,322000,OEM,VND,322000,322000
"Vali kéo doanh nhân chất liệu da sang trọng bánh 360 độ ,size 18inch",Vali nhựa,249961551,1139000,1061000,OEM,VND,1139000,1061000
Vali Tay Kéo Nhôm Vỏ Nhựa In Hình Gấu Brownie Line Friends Cute Phô Mai Que Size 20 24 26,Vali nhựa,194498977,890000,890000,OEM,VND,890000,890000
"Vali mini 3 tầng nhiều ngăn có khóa mã số an toàn, cặp đựng giấy tờ, tài liệu có khóa kéo, chất liệu vải chống thấm nước",Root,149772995,116900,116900,OEM,VND,116900,116900
Vali Cứng Mr.Vui VLC170 (37 x 24 cm),Thời Trang,6086601,989000,839000,Mr.vui,VND,989000,839000
Vali ITO Pistachio Plain 20-inch (51 cm) Lightweight Hard Shell khóa TSA,Vali nhựa,206106695,5590000,5590000,Ito,VND,5590000,5590000
Vali khóa sập Hàn Quốc Tresette 3026,Vali nhựa,184085133,4550000,4550000,Tresette,VND,4550000,4550000
HÌNH THẬT_Vali Du Lịch Tay Kéo In Hình Mèo Dễ Thương Chất Liệu Nhựa Nhám PC+ABS Dày Dặn Hàng Sẵn Kho Đủ Size 20/24/26 inch,Vali nhựa,192155336,650000,475000,OEM,VND,650000,475000
VALI KÉO CAO CẤP L002,Thời Trang,47869068,769000,769000,OEM,VND,769000,769000
vali khóa sập s5,Root,151971949,941000,941000,OEM,VND,941000,941000
Vali Du Lịch Macat M25 - 25 inch,Root,12430981,1499000,1499000,Macat,VND,1499000,1499000
Vali khóa sập cao cấp nhập khẩu Hàn Quốc Tresette 2918 Có Ngăn Đựng Latop  Cổng Sạc USB,Root,216900791,4030000,3750000,Tresette,VND,4030000,3750000
"VALI KHUNG NHÔM, KHÓA SẬP, MẪU MỚI 2021 CHỐNG XƯỚC CHỐNG VA ĐẬP",Root,179758679,790000,790000,OEM,VND,790000,790000
"Vali Kéo Du Lịch 20 Icnh, Vali Đa Năng Mở Cốp Trước Kèm Khay Đựng Cốc Tiện Lợi - PVL2305",Vali nhựa,252053766,1500000,1500000,pehouse,VND,1500000,1500000
"Vali kéo doanh nhân chất liệu da sang trọng bánh 360 độ ,size 18inch",Vali nhựa,249720809,1139000,1082050,OEM,VND,1139000,1082050
Vali kéo du lịch,Thời Trang,21747380,590000,590000,OEM,VND,590000,590000
[SIZE 20 INCH] Vali kéo du lịch cao cấp chất liệu hợp kim nhôm nguyên khối nhập khẩu Hàn Quốc Tresette 2128,Root,253494105,4000000,3580000,Tresette,VND,4000000,3580000
[SIZE 26 INCH] Vali khóa sập nhập khẩu Hàn Quốc Tresette 6136,Vali nhựa,186299493,4000000,3510000,Tresette,VND,4000000,3510000
"Vali kéo du lịch khung nhôm khóa sập TSA chống bể vỡ, chống rạch móc, siêu nhẹ Size 20/size 24",Vali nhựa,149451790,1250000,1250000,OEM,VND,1250000,1250000
HOT Vali Hiện đại phong cách HÀN QUỐC cao cấp - Vali du lịch 20ing đa năng Bền đẹp tiện lợi Chất lượng Tốt PR141 Giao màu ngẫu nhiên,Vali nhựa,213588131,1400000,1400000,OEM,VND,1400000,1400000
"Quai xách tay cầm vali 22.5cm, đã bao gồm ốc vít, dùng cho vali lock&lock, Kakashi, Lojel, American Tourister, sakos, samsonite, Delsey, lusetti,sony",Vali nhựa,195569947,50000,50000,OEM,VND,50000,50000
NEW 2019 VALI RIMOWA SIZE 20 + 24 (6 màu VIDEO+ẢNH THẬT) Khung nhôm khoá,Root,103621792,1199000,1199000,OEM,VND,1199000,1199000
"Vali du lịch hình cô gái Maruko dễ thương ,Vali kéo size 20 ,size 24 kèm cốp có bánh xe chất liệu cao cấp Rẻ - Bền - Đẹp",Vali nhựa,262067923,235000,235000,OEM,VND,235000,235000
Vali Sakos Champion 5 F SLX031BKF - Đen,Thời Trang,565573,2189000,1858000,Sakos,VND,2189000,1858000
Vali kéo du lịch thương hiệu Ý Roncato Light,Vali nhựa,224259128,6500000,6500000,Roncato,VND,6500000,6500000
"Vali kéo du lịch khung nhôm khoá sập,vali khóa kéo nhựa size 20, size 24",Vali nhựa,149451727,1250000,1250000,OEM,VND,1250000,1250000
HÌNH THẬT_Vali Kéo Du Lịch In Hình Cô Gái Dễ Thương Chất Liệu Nhựa Nhám PC+ABS Dày Dặn 4 Bánh Xe Đôi Xoay 360 Độ Mượt Mà Hàng Sẵn Kho Đủ Size 20/22/24/26 inch,Vali nhựa,248765069,700000,455000,OEM,VND,700000,455000
Vali Sakos Champion 6 F SLX032BKF - Đen,Thời Trang,565575,2585000,2585000,Sakos,VND,2585000,2585000
Vali Sakos Winner 6,Thời Trang,20234350,2629000,2232000,Sakos,VND,2629000,2232000
"Quai xách, tay cầm vali 19.7cm, đã bao gồm ốc vít, vali lock&lock, Kakashi, Lojel, American Tourister, sakos, samsonite, Delsey, lusetti",Vali nhựa,195569938,50000,50000,OEM,VND,50000,50000
"Vali nhỏ xinh đa năng, tiện lợi",Vali nhựa,193715609,188999,188999,OEM,VND,188999,188999
"VALI KHUNG NHÔM SIZE 20,24",Vali nhựa,185466512,990000,990000,OEM,VND,990000,990000
Vali Kéo Du Lịch In Hình Gấu NICE Dễ Thương Chất Liệu Nhựa Nhám PC+ABS Dày Dặn 4 Bánh Xe Xoay 360 Độ Hàng Sẵn Kho Đủ Size 20/22/24/26 inch,Vali nhựa,248786897,800000,595000,OEM,VND,800000,595000
Vali Kéo Du Lịch In Hình Hổ Con Dễ Thương Thời Trang Uniex Chất Liệu Nhựa Nhám PC+ABS Dày Dặn 4 Bánh Xe Xoay 360 Độ Hàng Sẵn Kho Đủ Màu Đủ Size 20/24/26 inch,Vali nhựa,208178498,455000,455000,OEM,VND,455000,455000
"Vali Ký Gửi Bric’s Amalfi 27″ – Đỏ BAQ08353.190 hành lý ký gửi thời trang siêu bền, siêu nhẹ, chống va đập",Vali nhựa,195937634,13680000,13680000,Efora,VND,13680000,13680000
Vali Sakos ELITE 4.5,Thời Trang,20240540,2265000,2174000,Sakos,VND,2265000,2174000
Vali xếp gọn du lịch 3 tầng CXALTB-01 (57x30x100cm) - Đen,Thời Trang,10670915,1234000,1234000,OEM,VND,1234000,1234000
"Vali kéo du lịch size 28 inch (cực đại) xoay 360 độ, tiện dụng, chống va đập VLSJ28",Root,103617922,599000,599000,OEM,VND,599000,599000
Mẫu Mới Về - Vali Du Lịch Tay Kéo Chất Liệu Nhựa ABS Cao Cấp 26 inch,Vali nhựa,78630755,769000,769000,OEM,VND,769000,769000
Vali Du Lịch Thời Trang STARGO GARNET Z26 (Size 24inch),Thời Trang,57435970,1695000,1695000,STARGO,VND,1695000,1695000
Vali kéo Samsonite Red Toiis C Trunk,Root,253194937,9500000,9500000,Samsonite,VND,9500000,9500000
Vali Hùng Phát cao cấp size 20,Root,252174136,389000,389000,OEM,VND,389000,389000
Túi bọc vali nhựa pvc trong suốt,Thời Trang,26679884,50000,39000,OEM,VND,50000,39000
HÌNH THẬT_Vali Du Lịch Tay Kéo In Hình Mèo Không Bong Tróc Chất Liệu Nhựa Nhám PC+ABS Dày Dặn 4 Bánh Xe Xoay 360 Độ Hàng Sẵn Kho Đủ Size 20/24/26 inch,Vali nhựa,208178381,455000,455000,OEM,VND,455000,455000
"Vali du lịch hình cô gái Maruko dễ thương , Valy kéo có bánh xe chất liệu cao cấp Rẻ - Bền - Đẹp",Vali nhựa,198783708,799000,799000,OEM,VND,799000,799000
Vali Ký Gửi Hành Lý Dạng Xếp Gọn Super Bagage (Size 32inch) ️ FREESHIP ️,Root,197109770,936000,936000,OEM,VND,936000,936000
Vali Kéo Du Lịch In Hình One Pice Dễ Thương Chất Liệu PC+ABS Dày Dặn 4 Bánh Xe Xoay 360 Độ Hàng Sẵn Kho Đủ Size 20/22/24/26 inch,Vali nhựa,248782951,800000,595000,OEM,VND,800000,595000
VALI KHUNG NHÔM KHÓA SẬP BO GÓC TRÒN SIZE 24,Vali nhựa,187058403,1450000,1450000,OEM,VND,1450000,1450000
Vali vải Hùng Phát size 28,Root,252718715,525000,525000,OEM,VND,525000,525000
Vali khung nhôm khóa sập ( Khóa hải quan tặng áo vali),Root,103616864,1199000,1199000,OEM,VND,1199000,1199000
Vali NHÔM_NGUYÊN_KHỐI size 24 (6 màu)(tặng bọc vali trong suốt),Root,103621502,3800000,3800000,OEM,VND,3800000,3800000
Vali kéo nhựa PP chống va đập chính hãng Travelking 884 SIZE 28,Vali nhựa,198511771,1200000,1200000,Travel,VND,1200000,1200000
"Vali kéo hành lý xách tay cao cấp mới 2018 Bristish Style kích cỡ 51x23x34cm (Xanh, Đen)",Root,96654537,461500,461500,OEM,VND,461500,461500
vali khung nhôm ri 26 size 24,Vali nhựa,88080408,1190000,1190000,OEM,VND,1190000,1190000
Vali Sakos STARLINE 6,Thời Trang,20239157,2310000,2217000,Sakos,VND,2310000,2217000
"Vali nhựa cao cấp size 20, sức chứa 7-10kg",Root,253377495,515000,515000,OEM,VND,515000,515000
VALI NHỰA DU LỊCH HÙNG PHÁT SIZE 16. Cam kết gửi hàng đúng hãng Hùng Phát,Root,253299764,399000,399000,OEM,VND,399000,399000
Vali kéo du lịch RIMOWA KHUNG NHÔM KHÓA SẬP_CHỐNG XƯỚC_TSA SIZE29,Root,103621780,1899000,1899000,OEM,VND,1899000,1899000
Vali Du Lịch Khung Nhôm Vỏ Nhựa PC ABS Đàn Hồi Cao Cấp Chống Bể Vỡ Chống Rạch Khóa 3 Lớp Bảo Hành Đổi Mới,Vali nhựa,184074752,1500000,1500000,OEM,VND,1500000,1500000
Vali NHÔM_NGUYÊN_KHỐI size 24 (6 màu)(tặng bọc vali trong suốt),Root,103620159,3490000,3490000,OEM,VND,3490000,3490000
Vali Du Lịch Macat D-ONE (47 x 33 x 23 cm) - Đỏ,Thời Trang,521639,853000,853000,Macat,VND,853000,853000
Vali Sakos Champion 4.5 SLX055RDF (52 x 34 cm) - Đỏ,Thời Trang,836296,1969000,1671000,Sakos,VND,1969000,1671000
VALI KÉO DU LỊCH THỜI TRANG HÀN QUỐC AS108,Root,179758388,420000,420000,OEM,VND,420000,420000
HÌNH THẬT_Vali Du Lịch Tay Kéo In Hình Gấu Cute Chất Liệu Nhựa Nhám PC+ABS Dày Dặn 4 Bánh Xe Xoay 360 Độ Hàng Sẵn Kho Đủ Size 20/24/26 inch,Vali nhựa,208178438,455000,455000,OEM,VND,455000,455000
"Vali mini 3 tầng nhiều ngăn có khóa mã số an toàn, cặp đựng giấy tờ, tài liệu có khóa kéo, chất liệu vải chống thấm nước",Root,149757122,76000,76000,OEM,VND,76000,76000
Vali kéo du lịch 20 inch - Giao hàng màu sắc ngẫu,Thời Trang,57334354,690000,690000,OEM,VND,690000,690000
HOT Vali hiện đại 2 trong 1 tiện lợi đa năng Sz18ing Bền đẹp - Vali Phong cách HÀN QUỐC cao cấp Chất lượng Tốt PR142 Giao màu ngẫu nhiên,Vali nhựa,213588948,1900000,1900000,OEM,VND,1900000,1900000
Vali Sakos Winner 4.5 Xanh Navy,Thời Trang,20226153,2190000,1859000,Sakos,VND,2190000,1859000
"Vali kéo Meteor EU DELSEY - PHÁP :Vali kéo nhựa với thiết kế mang đậm phong cách Pháp Khóa kéo đôi chống trộm kết hợp với khóa số TSA an toàn Hệ thống bánh xe đôi 360° mang lại cảm giác thoải mái tuyệt vời Tổ chức nội thất phong phú, tinh tế",Vali nhựa,243093604,7400000,5180000,DELSEY,VND,7400000,5180000
Vali kéo nhựa du lịch VLN 607 size 24,Vali nhựa,198501112,650000,650000,Travel,VND,650000,650000
Vali chống vỡ cao cấp pp-03,Root,151971802,731000,731000,OEM,VND,731000,731000
Vali kéo du lịch KHUNG NHÔM CHỐNG BỂ VỠ- CHỐNG RẠCH MÓC- CHỐNG XƯỚC SIZE20/24/29 (BH 5N),Root,103616480,1199000,1199000,OEM,VND,1199000,1199000
Vali nhựa thời trang có in hình lá cờ trọng lượng nhẹ TK036,Thời Trang,20266415,750000,750000,OEM,VND,750000,750000
"Vali mini 3 tầng nhiều ngăn có khóa mã số an toàn, cặp đựng giấy tờ, tài liệu có khóa kéo, chất liệu vải chống thấm nước",Root,153498867,116900,116900,OEM,VND,116900,116900
"Quai xách, tay cầm vali 19.3cm, đã bao gồm ốc vít, dùng cho vali lock&lock, Kakashi, Lojel, American Tourister, sakos, samsonite, Delsey,lusetti,sony",Vali nhựa,195569935,50000,50000,OEM,VND,50000,50000
VALI VẢI CAO CẤP HÙNG PHÁT SIZE 20,Root,250567536,410000,410000,OEM,VND,410000,410000
"Vali Kéo du lịch khung nhôm khoá sập cao cấp, sẵn kho size 20+24. nhựa pc dẻo dai,chống vỡ, chống xước nhé",Vali nhựa,261813181,590000,549000,OEM,VND,590000,549000
"Vali xách tay Bric’s Bellagio 21″ – Xanh Olive BBG28301.078 size cabin, vali xách tay siêu bền, siêu nhẹ, chống va đập",Vali nhựa,184252647,17680000,17680000,Efora,VND,17680000,17680000
VALI ĐÔI SIZE 24 VÀ 20,Root,214912825,686000,686000,OEM,VND,686000,686000
VALI NHỰA Siêu nhẹ,Vali nhựa,179758752,1640000,1640000,OEM,VND,1640000,1640000
Vali nhựa hùng phát size 28 màu bạc,Vali nhựa,258667050,399000,372000,No Brand,VND,399000,372000
"Vali nhựa kéo PC + ABS cao cấp. Chống xước, chống va đập ( bảo hành 5 năm) 1 đổi 1 nếu lỗi",Root,103618264,329000,329000,OEM,VND,329000,329000
Vali doanh nhân ( Thương gia),Root,103618945,899000,899000,OEM,VND,899000,899000
Valy Du Lịch Tay Kéo Nhựa ABS PC Cao Cấp Mẫu Nhám In Hình Núm Tay Mèo Đáng Yêu L013 Xanh,Vali nhựa,74854996,729000,729000,OEM,VND,729000,729000
Túi Kéo Du Lịch Macat Innova 4 - Đỏ,Thời Trang,570490,585000,585000,Macat,VND,585000,585000
Vali Sakos Champion 6 SLX032DNF - Xanh Navy,Thời Trang,574372,2385000,2385000,Sakos,VND,2385000,2385000
Vali nhựa Hasun HS 9331,Thời Trang,15286059,775000,681000,Hasun,VND,775000,681000
Vali ITO Pistachio Lucky 24-inch (61 cm) Lightweight Hard Shell khóa TSA,Vali nhựa,206106686,6990000,6990000,Ito,VND,6990000,6990000
Vali Kéo Du Lịch Cao Cấp 20/ 24 Inch cao cấp Có Khóa Mật Khẩu Tiện Dụng Cho mọi lứa tuổi nhựa abs siêu bền chống va đập,Root,175657494,998000,998000,OEM,VND,998000,998000
VALI KHUNG NHÔM KHÓA SẬP BO GÓC TRÒN SIZE 26,Vali nhựa,187643499,1550000,1550000,OEM,VND,1550000,1550000
VALI NHÔM NGUYÊN KHỐI CAO CẤP SIZE 20 24 26 29 INCH,Root,249944377,2200000,2200000,OEM,VND,2200000,2200000
"Vali Mikkor The Troy 00001606 (24"") - Đen",Thời Trang,901105,2290000,2290000,Mikkor,VND,2290000,2290000
Vali 28 icnh cao cấp HCM,Root,103616484,999999,999999,OEM,VND,999999,999999
Vali kéo du lịch SAKOS ENDURA Size 24inch cao 67cm khóa TSA (hành lý ký gửi) - Hàng chính hãng,Vali nhựa,171097428,2590000,2460000,Sakos,VND,2590000,2460000
[SIZE 20 INCH] Vali khóa kéo nhập khẩu Hàn Quốc Tresette 0618 sọc ngang sang trọng,Vali nhựa,186229414,3300000,2860000,Tresette,VND,3300000,2860000
"Vali size 20inch có cổng USB, ngăn đựng laptop và túi lưới - Vali du lịch, Vali kéo nam nữ đi công tác đẹp",Vali nhựa,222679010,2500000,1500000,OEM,VND,2500000,1500000
Vali ITO Pistachio Stripe 28-inch (71 cm) Lightweight Hard Shell khóa TSA,Vali nhựa,206106675,6990000,6990000,Ito,VND,6990000,6990000
Vali nhựa hùng phát size 20/24,Vali nhựa,258668677,370000,345000,No Brand,VND,370000,345000
VALI KHUNG NHÔM KHOÁ SẬP GÓC VUÔNG CHỐNG XƯỚC- CHỐNG VA ĐẬP TUYỆT ĐỐI,Vali nhựa,120115269,2300000,2300000,OEM,VND,2300000,2300000
Vali cao cấp Size 28 ( Bh 5 năm),Root,103621650,599000,599000,OEM,VND,599000,599000
"Vali kéo Montenegro TRAVELER'S CHOICE - MỸ :Vali kéo làm từ nhựa Polycarbonate bền chắc Cần đẩy vali chắc chắn, có thể thay đổi độ cao Tay nắm ở cả bên trên và bên hông vali, thuận tiện khi di chuyển Dây khóa kéo chống rạch trộm an toàn",Vali nhựa,260814813,4700000,2350000,TRAVELER'S CHOICE,VND,4700000,2350000
Vali Tay Kéo Du Lịch In Hình Gõ Phím Hip Hop Năng Động Thời Trang,Vali nhựa,155370463,820000,820000,OEM,VND,820000,820000
vali khung nhôm bo góc tròn sz 29 hồng,Vali nhựa,198787271,1700000,1700000,OEM,VND,1700000,1700000
Vali Sakos ELITE 5,Thời Trang,20240972,2375000,2280000,Sakos,VND,2375000,2280000
vali khung nhôm 2020 (size 24),Root,86599694,1417000,1417000,OEM,VND,1417000,1417000
"Vali mini 3 tầng nhiều ngăn có khóa mã số an toàn, cặp đựng giấy tờ, tài liệu có khóa kéo, chất liệu vải chống thấm nước",Root,160221466,116900,116900,OEM,VND,116900,116900
"Vali kéo Cao Cấp nhập khẩu Hàn Quốc Tresette 2031 Có Ngăn Đựng Latop, khóa Mở Rộng đựng đồ tối đa",Root,216900802,3760000,3500000,Tresette,VND,3760000,3500000
Combo Vali Và Túi Du Lịch Double Carry-On Luggage 18inch ️ FREESHIP ️,Root,209171567,1188000,1188000,OEM,VND,1188000,1188000
"Vali Kéo Du Lịch Size 18inch Chất Da Xịn, Vali Kéo Doanh Nhân Có Ngăn Để Laptop Riêng",Vali nhựa,250103263,1139000,1139000,OEM,VND,1139000,1139000
VALI THỜI TRANG - CHỐNG RẠCH TRỘM - CHỐNG TRẦY XƯỚC SIZE20 & SIZE24,Root,103616476,329000,329000,OEM,VND,329000,329000
Vali kéo du lịch KTPVASION01,Thời Trang,22754233,439000,439000,KTP,VND,439000,439000
"Vali Xách Tay Bric’s Be Young 21″ – Đen B1Y08429.001 size cabin, vali xách tay bền, nhẹ, cổng USP",Vali nhựa,196295743,6480000,6480000,Efora,VND,6480000,6480000
Vali nhựa du lịch SAKOS VERTICA- Z26 (Size Trung 65cm / 24inch TSA) - Hàng chính hãng,Vali nhựa,76224728,2465000,2341000,Sakos,VND,2465000,2341000
[SIZE 20 INCH] Vali khóa sập du lịch Hàn Quốc Tresette 3789,Root,242451813,4200000,2730000,Tresette,VND,4200000,2730000
HÌNH THẬT_Vali Kéo Du Lịch In Hình Gấu Đôi Dễ Thương Chất Liệu Nhựa Nhám PC+ABS Cao Cấp 2 Màu Trắng&Đen Hàng Sẵn Kho Đủ Size 20/24/26 Inch,Vali nhựa,208178610,750000,595000,OEM,VND,750000,595000
Vali Sakos Titan 5 FG01 SLX022RDF - Đỏ,Vali nhựa,576846,2340000,1987000,Sakos,VND,2340000,1987000
"Vali nhựa kéo cho bé; Vali du lịch đẹp in đủ hình hoạt hình ngộ nghĩnh, hàng in 2 mặt; Nhựa ABS+ PC An toàn khi sử dụng",Root,114696499,329000,329000,OEM,VND,329000,329000
"Vali kéo hành lý xách tay cao cấp mới 2018 Bristish Style kích cỡ 51x23x34cm (Xanh, Đen)",Root,195342292,426000,426000,OEM,VND,426000,426000
Vali Sakos Champion 7 SLX033RDF - Đỏ,Thời Trang,574375,2585000,2481000,Sakos,VND,2585000,2481000
Vali ITO Pistachio Lucky 20-inch (51 cm) Lightweight Hard Shell khóa TSA,Vali nhựa,206106743,5690000,5690000,Ito,VND,5690000,5690000
(SIÊU HOT) Vali nhiều màu Size 28,Root,103616915,999000,999000,OEM,VND,999000,999000
Bộ Vali (56 x 36 cm) Kèm Balo Laptop (42 x 35 cm) Macat AC19T - Xanh Navy,Vali nhựa,1642589,1265000,1265000,Macat,VND,1265000,1265000
Vali Nhựa Dây Kéo COSMOS,Thời Trang,26031518,2465000,2341000,Sakos,VND,2465000,2341000
VALI KHÓA SẬP CAO CẤP S2 SIZE28,Root,151971473,1900000,1900000,OEM,VND,1900000,1900000
Vali hành lý kéo xếp gọn 4 tầng riêng biệt chống nước tiện lợi 32inch,Root,199684168,780000,780000,OEM,VND,780000,780000
"Bọc vali trong suôt dày dặn đủ size 22,24,26,28",Root,92921986,95000,95000,OEM,VND,95000,95000
"Vali kéo Protector WENGER - THỤY SĨ: Vali kéo Thụy Sĩ với thiết kế sang trọng, tinh tế Khóa số TSA an toàn tiêu chuẩn Hoa Kỳ Khóa kéo đôi chống rạch trộm gia tăng khả năng bảo mật",Vali nhựa,251917429,3900000,3900000,Wenger,VND,3900000,3900000
KHÓA VALI MASTER LOCK 4688D,Thời Trang,36161016,290000,261000,MasterLock,VND,290000,261000
Kẹo dừa bến tre,Vali nhựa,182741892,10000,10000,OEM,VND,10000,10000
Xe đẩy hành lý xếp gọn tải trọng 150kg - HanruiOffical,Root,90502678,2580000,2580000,OEM,VND,2580000,2580000
Bộ Chiết Mỹ Phẩm Du Lịch 7 Món  Travel Bottling,Vali nhựa,248640240,125000,125000,OEM,VND,125000,125000
Vali Nhựa Cao Cấp Hùng Phát Size 28,Root,253376855,539000,539000,OEM,VND,539000,539000
Vali du lịch Size 18 inch - Vali kéo thời trang chất liệu da cao cấp có khóa bảo mật và ngăn chống sốc máy tính,Vali nhựa,249869221,1139000,1139000,OEM,VND,1139000,1139000
[SIZE 24 INCH] Vali kéo du lịch cao cấp chất liệu hợp kim nhôm nguyên khối nhập khẩu Hàn Quốc Tresette 2128,Root,253494978,4420000,4110000,Tresette,VND,4420000,4110000
valy nhựa 280421,Vali nhựa,94554993,420000,420000,OEM,VND,420000,420000
[SIZE 20 INCH] Vali khóa sập Tresette 6055 sành điệu Hàn Quốc siêu bền đẹp 3 năm Bảo Hành 6055,Root,252672306,3450000,2270000,Tresette,VND,3450000,2270000
[SIZE 24 INCH] Vali khóa sập nhập khẩu Hàn Quốc Tresette 6136,Vali nhựa,186293318,3700000,3250000,Tresette,VND,3700000,3250000
[SIZE 20 INCH] Vali khoá sập thời trang da cao cấp nhập khẩu Hàn Quốc TRESETTE 1910,Vali nhựa,199947107,3300000,3300000,Tresette,VND,3300000,3300000
Vali kéo du lịch KHUNG NHÔM CHỐNG BỂ VỠ- CHỐNG RẠCH MÓC- CHỐNG XƯỚC SIZE20/24/29 (BH 5N),Root,103616185,1199000,1199000,OEM,VND,1199000,1199000
Túi Kéo Du Lịch Macat Innova 4 - Đen,Thời Trang,570489,585000,585000,Macat,VND,585000,585000
Vali kéo du lịch STARGO STAMINA Size 20inch cao 55cm khóa TSA (hành lý xách tay) - Hàng chính hãng,Vali nhựa,171049586,1920000,1824000,STARGO,VND,1920000,1824000
[SIZE 20 INCH] Vali cao cấp Tresette 3008 nhập khẩu Hàn Quốc,Root,253494580,3320000,3090000,Tresette,VND,3320000,3090000
Vali du lich hiện đại 18ing tiện lợi bền đẹp - Vali Phong cách hàn quốc cao cấp chống va đập tốt PR139 Giao màu ngẫu nhiên,Vali nhựa,213574650,800000,800000,OEM,VND,800000,800000
SẢN PHẨM MỚI //VALI MOLINE SIZE24//,Root,103622204,950000,950000,OEM,VND,950000,950000
HÌNH THẬT_VaLi Kéo Du Lịch In Hình Gấu Dễ Thương Mẫu Mới Về Chất Liệu Nhựa Nhám PC+ABS Đủ Size 20/24/26 inch Hàng Sẵn,Vali nhựa,208178333,455000,455000,OEM,VND,455000,455000
Vali NHÔM_NGUYÊN_KHỐI size 24 (6 màu)(tặng bọc vali trong suốt),Root,103616299,3490000,3490000,OEM,VND,3490000,3490000
HÌNH THẬT_Vali Du Lịch Tay Kéo Hình In UV Không Bong Tróc Chất Liệu Nhựa Nhám PC+ABS Dày Dặn Hàng Sẵn Kho Đủ Size 20/24/26 inch,Vali nhựa,208178373,455000,455000,OEM,VND,455000,455000
Set Vali Du Lịch Hành Lý 20 Inch Và 24 Inch Nhựa ABS Có Khóa Kéo Góc Bo Chắc Chắn Deli - Chống Sốc Tay Cầm Rộng Hạn Chế Trầy Xước 2 IN 1 Du Lịch Ngắn Ngày Vali Gia Đình - EH1045,Vali nhựa,249694485,3510000,1965600,Deli,VND,3510000,1965600
Vali kéo du lịch SIZE 24 KHUNG NHÔM CHỐNG BỂ VỠ- CHỐNG RẠCH MÓC- CHỐNG XƯỚC hành lý du lịch xách tay máy bay khóa sập TS,Root,103619016,1800000,1800000,OEM,VND,1800000,1800000
Vali khóa sập S7 chống vỡ,Root,151972063,1050000,1050000,OEM,VND,1050000,1050000
VALI NHÔM KHÓA SẬP SIZE 20/24/28,Root,103617979,1500000,1500000,OEM,VND,1500000,1500000
Vali kéo du lịch Trắng KHUNG NHÔM CHỐNG BỂ VỠ- CHỐNG RẠCH MÓC- CHỐNG XƯỚC SIZE20/24/29,Root,103621579,1199000,1199000,OEM,VND,1199000,1199000
Bộ Vali (56 x 36 cm) Kèm Balo Laptop (42 x 35 cm) Macat AC19T - Đỏ,Thời Trang,1642587,1265000,1265000,Macat,VND,1265000,1265000
Vali khung nhôm khoá sập cao cấp chống trày chống vỡ 1860 size 29,Vali nhựa,197637225,1450000,1450000,OEM,VND,1450000,1450000
Vali kéo du lịch KHUNG NHÔM CHỐNG BỂ VỠ- CHỐNG RẠCH MÓC- CHỐNG XƯỚC SIZE20/24/29,Root,103616847,1199000,1199000,OEM,VND,1199000,1199000
Vali kéo khóa TSA tiêu chuẩn Quốc tế- Màu xám,Thời Trang,16832047,1179000,1179000,OEM,VND,1179000,1179000
Vali khung nhôm khoá sập cao cấp ( khoá hải quan),Root,103620717,1299000,1299000,OEM,VND,1299000,1299000
Vali vải cao cấp Hùng Phát size 24,Root,250567743,480000,480000,OEM,VND,480000,480000
Vali nhựa hùng phát size 28 màu xanh,Vali nhựa,258670196,545000,508000,No Brand,VND,545000,508000
Vali Sakos Champion 6 F SLX032RDF - Đỏ,Thời Trang,565577,2385000,2385000,Sakos,VND,2385000,2385000
[SIZE 24 INCH] Vali sập du lịch cao cấp nhập khẩu Hàn Quốc Tresette 2908 Có Ngăn Đựng Latop Sang Trọng Cổng Sạc USB,Root,242450570,3600000,3310000,Tresette,VND,3600000,3310000
Bao trùm nhựa siêu dẻo trong suốt tiện lợi QSK8 - trắng - 28 icnh,Thời Trang,53581577,55350,49500,OEM,VND,55350,49500
Vali kéo nhựa du lịch sóng âm,Thời Trang,4091413,439000,439000,OEM,VND,439000,439000
"Vali kéo du lịch size 20,size 24 khung nhôm khóa sập, khóa kéo, chống trôm, chống bể vỡ,vali nhôm",Root,149451418,2300000,2300000,OEM,VND,2300000,2300000
VALI THỜI TRANG - CHỐNG RẠCH TRỘM - CHỐNG TRẦY XƯỚC KHOÁ ÂM TSA SIZE20 & SIZE24 28,Root,103616654,899000,899000,OEM,VND,899000,899000
VALI KÉO DU LỊCH NHỰA DẺO CHỐNG VA ĐẬP AS105,Root,249944488,850000,850000,OEM,VND,850000,850000
HÌNH THẬT_Vali Du Lịch Tay Kéo In Hình Gấu Dễ Thương Chất Liệu Nhựa Nhám PC+ABS Dày Dặn Hàng Sẵn Kho Đủ Size 20/24/26 inch,Vali nhựa,208178552,455000,455000,OEM,VND,455000,455000
Bộ Vali (56 x 36 cm) Kèm Balo Laptop (42 x 35 cm) Macat AC19T - Tím,Thời Trang,1642585,1265000,1265000,Macat,VND,1265000,1265000
MẪU MỚI_VaLi Kéo Du Lịch In Hình Gấu Dễ Thương Chất Liệu Nhựa Nhám PC+ABS Bền Hàng Sẵn Kho Đủ Size 20/22/24/26 inch,Vali nhựa,248779462,700000,455000,OEM,VND,700000,455000
"Vali kéo du lịch Modo by Roncato Charm - hành lý xách tay, ký gửi size 20 inch - 24 inch - 28 inch",Balo và Vali,206289442,3490000,3490000,Modo By Roncato,VND,3490000,3490000
"Vali kéo du lịch KHUNG NHÔM, Vali KHÓA KÉO Chống Trộm, Chống Bể Vỡ Size 20, Size 24",Vali nhựa,149451537,2300000,2300000,OEM,VND,2300000,2300000
"Vali kéo du lịch size 28 inch (cực đại) xoay 360 độ, tiện dụng, chống va đập VLSJ28",Root,103618565,850000,850000,OEM,VND,850000,850000
VALI NHỰA DU LỊCH HP SIZE 16,Vali nhựa,214757387,425000,425000,No Brand,VND,425000,425000
VALI DU LỊCH TRẺ EM MILION,Vali trẻ em,125568712,330000,330000,OEM,VND,330000,330000
VALI THỜI TRANG TRẺ EM - NỮ HOÀNG,Thời Trang,22167301,379100,379100,OEM,VND,379100,379100
"Hộp tiện ích du lịch ETRAVEL vật liệu TRITAN dành cho trẻ em (hộp đựng bàn chải, kem đánh răng, khăn mặt & mỹ phẩm) - tặng kèm bàn chải, khăn mặt",Thời Trang,54811391,219000,219000,OEM,VND,219000,219000
Vali Em Bé - Vali Trẻ Em In Hình 2 mặt Hàng Cao Cấp,Vali trẻ em,74309539,390000,379000,OEM,VND,390000,379000
Vali trang điểm 2in1 cho bé gái,Root,151818187,325000,325000,OEM,VND,325000,325000
Vali trang điểm thật hello kitty cho bé,Root,158011827,349000,349000,OEM,VND,349000,349000
VALI CHO BÉ CÓ CHỖ NGỒI SIZE 20-24,Vali trẻ em,166430639,1500000,1500000,OEM,VND,1500000,1500000
Vali kéo trẻ em cho bé gái,Thời Trang,13723956,369100,369100,OEM,VND,369100,369100
cặp kéo học sinh cấp 1 tặng kèm túi học thêm và hộp bút +vỏ bọc balo (video shop quay),Root,107619896,390000,390000,OEM,VND,390000,390000
Vali kéo du lịch cho bé,Thời Trang,15653774,267997,267997,OEM,VND,267997,267997
VALI ELSA cho bé gái,Vali trẻ em,161256859,289000,289000,OEM,VND,289000,289000
VALI KHUNG NHỰA DU LỊCH cho Bé A550 Blue Sky,Vali trẻ em,174294156,1688000,1688000,OEM,VND,1688000,1688000
Vali Elsa được chọn màu và hình ( Đủ nhiều mẫu elsa cho bé),Root,211926632,315000,285000,OEM,VND,315000,285000
VALI DU LỊCH TRẺ EM - BB17,Thời Trang,20206327,381000,381000,OEM,VND,381000,381000
"Vali kéo du lịch cho bé yêu, vali nhựa kéo MILION dễ thương - 3 sắc thái cảm xúc, nhựa ABS cao cấp, an toàn cho bé khi sử dụng",Vali trẻ em,117914964,368995,368995,OEM,VND,368995,368995
Vali du lịch trẻ em  bé gái,Vali trẻ em,162091904,330000,330000,OEM,VND,330000,330000
VALI THỜI TRANG TRẺ EM - BB010,Thời Trang,22165365,388000,388000,OEM,VND,388000,388000
Vali kéo 3D trẻ em nhiều hình SH22 tặng thẻ hành lý,Thời Trang,13332501,369000,369000,OEM,VND,369000,369000
Đai xe máy cho bé ngồi an toàn chống gù lưng nhiều màu ngộ nghĩnh,Vali trẻ em,183497860,99000,99000,OEM,VND,99000,99000
Vali 3D trẻ em nhiều hình  SL13 tặng thẻ hành lý,Thời Trang,13332377,390100,390100,OEM,VND,390100,390100
"Vali nhựa kéo cho trẻ em. Vali Size 18 inch dùng cho bé trai và gái. Hàng cao cấp, nhựa ABS + PC an toàn khi sử dụng",Vali trẻ em,117914834,368995,368995,OEM,VND,368995,368995
Ba lô - cặp học sinh siêu nhẹ chống gù lưng cho bé gái bé gái  tặng bóp đựng viết,Root,207042111,350000,350000,OEM,VND,350000,350000
Đồ chơi thông minh hướng nghiệp cho bé - Bộ vali dụng cụ sửa chữa cho bé 24 chi tiết an toàn chất lượng,Vali trẻ em,208608001,149000,149000,OEM,VND,149000,149000
Đồ chơi thông minh - Bộ nấu ăn cho bé 28 món nhựa an toàn - phát triển kỹ năng cho bé,Vali trẻ em,208607999,159000,159000,OEM,VND,159000,159000
Vali cho bé  Mr Vui VLEB202 phù hợp cho bé đi du lịch (45 x 28 x 21 cm),Vali trẻ em,230203037,595000,535500,MRVUI,VND,595000,535500
Vali du lịch kéo tay TN 24 inch Xanh Navy,Balo và Vali,72902732,459000,308000,Laka,VND,459000,308000
Vali vải du lịch SAKOS SPAZIO 4.5 (Size Cabin 48cm / 19 inch TSA),Root,190859151,2050000,1640000,Sakos,VND,2050000,1640000
Vali vải du lịch SAKOS SPAZIO 6 (size Trung 62cm/ 24 inch TSA),Root,190857772,2600000,2080000,Sakos,VND,2600000,2080000
"Vali vải du lịch SAKOS NEO PILOTTE 4.5FG - (Size 18inch, cao 52cm)",Thời Trang,53519523,2155000,2068000,Sakos,VND,2155000,2068000
Vali vải Sakos Winner 4.5 (Size cabin/TSA/Đỏ),Thời Trang,35733144,2190000,1859000,Sakos,VND,2190000,1859000
Vali Du Lịch Kéo Tay BI& TI  Tím 20 và 24 Inch,Vali vải,202043083,309000,269000,OEM,VND,309000,269000
Vali Kéo Du Lịch TN Màu Đen Có Nắp - 20 Inch,Vali vải,194491051,349000,269000,OEM,VND,349000,269000
Vali vải du lịch SAKOS VIVIAN 7 (Size Đại 76cm/ 28 inch TSA) - Hàng chính hãng,Vali vải,96621714,3100000,2912000,Sakos,VND,3100000,2912000
"Túi kéo 3CE, túi du lịch vali kéo 3CE",Root,208185507,190000,190000,OEM,VND,190000,190000
Vali kéo vải doanh nhân Sakos Neo Envy 17 inch (S) - thương hiệu Mỹ,Vali vải,113576616,2970000,2499000,Sakos,VND,2970000,2499000
"Vali Vải Cao Cấp Cần Kéo Inox, Khóa Kéo Mở Rộng Size 20/24/28 Inch",Vali vải,248785358,700000,665000,Nice Villa,VND,700000,665000
VALI VẢI HÙNG PHÁT CAO CẤP SIZE 24,Vali vải,214756240,499000,499000,No Brand,VND,499000,499000
Vali Kéo Du Lịch Laka Màu Nâu Phối đỏ Có Nắp - 22 Inch,Vali vải,95056562,329000,289000,Laka,VND,329000,289000
Vali dù cao cấp siêu nhẹ,Root,151971944,803000,803000,OEM,VND,803000,803000
Vali vải du lịch hùng phát,Vali vải,199107302,425000,396000,No Brand,VND,425000,396000
VALI DÙ CAO CẤP,Root,151971572,616000,616000,OEM,VND,616000,616000
"Vali vải dù Sakos Winner 7 cỡ đại, thương hiệu Mỹ, siêu nhẹ, siêu bền",Vali vải,114830808,2880000,2880000,Sakos,VND,2880000,2880000
Vali kéo vải Hùng Phát VLX - 022  size 24,Vali vải,198427176,650000,650000,Travel,VND,650000,650000
"Vali Thông minh cho nghệ sĩ, người nổi tiếng, nhà giàu ngồi lái như xe điện - AirWheel 3S USA",Vali vải,213963735,13800000,13800000,OEM,VND,13800000,13800000
Vali Vải Du Lịch SAKOS NEO PILOTTE 5 (Size Cabin - 56cm/TSA),Thời Trang,58374882,2365000,2270000,Sakos,VND,2365000,2270000
VALI KÉO VẢI SIÊU NHẸ,Vali vải,179758715,2190000,2190000,OEM,VND,2190000,2190000
Valo vải Mr Vui VLM204 size xách tay thời trang và thanh lịch (55 x 26 x 36 cm),Vali vải,208677826,1399000,1188000,MRVUI,VND,1399000,1188000
Vali vải Mr Vui VLM200 size 20 inch vali kéo vải du lịch BH 2 năm (51 x 25 x 35 cm),Vali vải,209877538,1399000,1188000,MRVUI,VND,1399000,1188000
Vali kéo Samsonite Base Boost Spinner EXP CL,Vali vải,220666690,6200000,4340000,Samsonite,VND,6200000,4340000
Vali kéo du lịch xách tay 20inch chất liệu vải dù chống thấm nước - Tặng kèm túi xách cầm tay,Vali vải,252462204,559000,531050,OEM,VND,559000,531050
Vali Du Lịch Macat M19BC - Đỏ (Tặng 1 Túi Du Lịch Đồng Bộ),Thời Trang,564604,965000,965000,Macat,VND,965000,965000
Vali vải hùng phát size 16/18/20/24 /28,Vali vải,258567220,349000,325000,No Brand,VND,349000,325000
Vali vải du lịch SAKOS VIVIAN 5 (Size Cabin 55cm/ 20 inch TSA) - Hàng chính hãng,Vali vải,96444037,2400000,2206000,Sakos,VND,2400000,2206000
Vali kéo vải Hùng Phát VLX - 022 size 28,Vali vải,198430776,750000,750000,Travel,VND,750000,750000
Vali du lịch kéo tay TN 24 inch Đỏ,Balo và Vali,72885997,459000,376000,Laka,VND,459000,376000
Vali vải dù thời trang 5 bánh xe TT021,Thời Trang,10379362,1650000,1650000,OEM,VND,1650000,1650000
"Vali du lịch Roncato Evolution siêu nhẹ, bánh xe xoay 360 độ",Vali vải,206255295,3100000,3100000,Roncato,VND,3100000,3100000
VALI KÉO VẢI CHAMPION,Vali vải,179758539,2189000,2189000,OEM,VND,2189000,2189000
Vali Du Lịch Kéo Tay  BI& TI xanh Nauy 20  và 24 Inch,Vali vải,201964537,349000,265000,OEM,VND,349000,265000
Vali vải du lịch SAKOS VIVIAN 6 (Size Trung 66cm/ 24 inch TSA) - Hàng chính hãng,Vali vải,96475548,2850000,2736000,Sakos,VND,2850000,2736000
Vali Phi Công SAKOS phiên bản Doanh Nhân - Hàng Chính Hãng,Vali vải,215661269,2575000,2180000,Sakos,VND,2575000,2180000
Vali Du Lịch Kéo Tay BI& TI Màu Đen 20 và 24 Inch,Vali vải,202222746,349000,269000,OEM,VND,349000,269000
Vali Vải Du Lịch SAKOS NEO PILOTTE 6 (Size Trung - 66cm/TSA),Thời Trang,58362992,2705000,2596000,Sakos,VND,2705000,2596000
Vali  vải du lịch kéo tay  24 inch - màu đen có nắp,Vali vải,180863168,549000,327000,OEM,VND,549000,327000
"Vali vải Hùng Phát size 24, KT 60*40*26cm, sức chứa 20-25kg.",Root,253299945,499000,499000,OEM,VND,499000,499000
Túi xách du lịch gài vali kéo vải chống thấm tiện dụng KDR-NC103 KODOROS,Root,141474226,65000,65000,OEM,VND,65000,65000
Áo vali TRIP vải dù chống thấm - Áo trùm bảo vệ vali vải dù chống thấm,Thời Trang,188555149,120000,60000,Trip,VND,120000,60000
VALI VẢI SIZE 24 CHÍNH HÃNG HÙNG PHÁT,Root,253377426,489000,489000,OEM,VND,489000,489000
Vali Kéo Du Lịch TN Màu xanh Nauy Có Nắp - 20 Inch,Vali vải,195948504,359000,260000,OEM,VND,359000,260000
VA LY MACAT M19BC,Vali vải,75575644,965000,965000,Macat,VND,965000,965000
Vali du lịch kéo tay  20 inch -  Màu Ghi,Vali vải,182556968,399000,278000,OEM,VND,399000,278000
Vali Du Lịch Kéo Tay BI& TI  Đỏ Đô 20 và 24 Inch,Vali vải,202179541,349000,265000,OEM,VND,349000,265000
VALI VẢI 204 SIZE 19 XÁCH TAY KT(48x36x26 cm) BÁNH XE 360 ĐỘ KHÓA TSA MẬT MÃ CÓ NGĂN ĐỰNG BÌNH NƯỚC,Vali vải,213704897,1399000,1189150,OEM,VND,1399000,1189150
VALI VẢI DU LỊCH HÙNG PHÁT SIZE 20,Vali vải,214755897,399000,399000,No Brand,VND,399000,399000
Vali du lịch tay kéo 20inch kèm túi xách tay vải dù,Thời Trang,13586217,559000,559000,OEM,VND,559000,559000
Vali vải chống thấm nước thêu họa tiết có ngăn đựng laptop TT048,Thời Trang,49334605,1450000,1450000,OEM,VND,1450000,1450000
Vali Du Lịch Cao Cấp Size 24inch - Bảo Hành 5 Năm  KS-T01 - Xanh lá,Vali vải,171777130,748000,409000,KingSun,VND,748000,409000
VALI VẢI DU LỊCH CAO CẤP SIZE 20/24/28,Vali vải,179710077,410000,410000,No Brand,VND,410000,410000
"Bộ Vali Túi Xách Du Lịch 
Macat MA7- 19 inch",Root,35189065,1155000,1155000,Macat,VND,1155000,1155000
Vali Kéo Du Lịch  Màu Đen Phối đỏ Có Nắp - 20-24 Inch,Vali vải,175167907,399000,375000,OEM,VND,399000,375000
VALI KÉO VẢI SIÊU BỀN LEAVESKING LV9813,Root,249944378,1390000,1390000,OEM,VND,1390000,1390000
Vali Du Lịch Kéo Tay BI& TI Đỏ Đô 22- Inch,Vali vải,205665786,399000,289000,OEM,VND,399000,289000
VALI VẢI MR VUI 195 SIZE 18 CHẤT LIỆU CAO CẤP BÁNH XE 360 ĐỘ,Vali vải,182603309,1180000,1003000,MRVUI,VND,1180000,1003000
Vali Kéo Du Lịch Laka Màu Đen  Phối đỏ  Có Nắp - 22 Inch,Vali vải,95056417,329000,299000,Laka,VND,329000,299000
Bộ Vali Vải Túi Du Lịch XXCLW size lớn 18inch 35x20x39cm + Túi kèm 37x17x27cm,Vali vải,197584677,1189000,1189000,OEM,VND,1189000,1189000
Combo Vali Và Túi Du Lịch Double Carry-On Luggage 18inch,Vali vải,197535773,1188000,1188000,OEM,VND,1188000,1188000
Vali Kéo Du Lịch  Màu Nâu Phối đỏ Có Nắp - 20 Inch,Vali vải,175174483,399000,260000,OEM,VND,399000,260000
Vali Du Lịch Kéo Tay BI& TI Tím 22-Inch,Vali vải,205660456,399000,289000,OEM,VND,399000,289000
Vali Du Lịch Kéo Tay BI& TI xanh Nauy 22 Inch,Vali vải,205656235,399000,289000,OEM,VND,399000,289000
"Loại 1 –Cốp vali mini cao cấp Hana Professional bọc góc, viền cạnh inox đựng dụng cụ trang điểm, make up, phun xăm, nối mi chuyên nghiệp size 30x22x44 cm",Vali vải,213920905,1700000,888000,OEM,VND,1700000,888000
Vali vải cao cấp size 24,Root,252718696,450000,450000,OEM,VND,450000,450000
Túi vải chéo hộp (S) - May's Tote Bag,Root,188903533,110000,110000,OEM,VND,110000,110000
"Vali vải Hùng Phát size 20/24/28. Cam kết gửi hàng đúng hãng, sức chứa từ 7-35kg",Root,253299971,399000,399000,OEM,VND,399000,399000
Vali du lịch kéo tay TN 22 inch Xanh Navy,Vali vải,190522607,449000,289000,OEM,VND,449000,289000
"Vali vải dù cao cấp size 20, hàng chính hãng, KT 50*35*22cm, chứa 7-10kg hành lý",Root,253377324,399000,399000,OEM,VND,399000,399000
Vali công tác 18inch cho chuyến đi ngắn ngày - vali doanh nhân bằng da bánh xe xoay 360 - vali du lịch 18inch,Vali vải,260211733,1139000,1139000,OEM,VND,1139000,1139000
"Túi kéo du lịch vải dù chống thấm nước nhiều họa tiết có bánh xe , tay kéo size 24 inch TK-MAU1",Vali vải,199007703,259000,259000,OEM,VND,259000,259000
Túi Keo Du Lịch Vải Bố Doma DMTB2204 - Red (23 inch),Vali vải,184058946,990000,990000,Doma,VND,990000,990000
vali in hình,Root,151971478,485000,485000,OEM,VND,485000,485000
"Vali 3 tầng gấp gọn có mật mã khóa số hiện đại bí mật - File để và sắp xếp giấy tờ, tài liệu cá nhân nhiều ngăn, có khóa kéo chắc chắn, dễ dàng mang đi xa",Vali vải,185991312,128069,128069,OEM,VND,128069,128069
"Cặp tài liệu - Túi vải có khóa kéo chắc chắn và mật mã khóa bí mật để giấy tờ, hồ sơ cá nhân mang tính bảo mật cao với nhiều ngăn nhỏ sắp xếp đồ tiện lợi",Vali vải,182842727,120888,120888,OEM,VND,120888,120888
Vali Du Lịch Kéo Tay BI& TI Màu Đen 22 Inch,Vali vải,205657619,399000,289000,OEM,VND,399000,289000
Vali vải size 17 inch kiểu kéo ngang phi công có ngăn đựng laptop TT111,Vali vải,249030201,1390000,1390000,OEM,VND,1390000,1390000
Vali du lịch kéo tay TN 22 inch - Màu Đen,Vali vải,190531487,499000,289000,OEM,VND,499000,289000
VALI ĐỰNG HỒ SƠ TÀI LIỆU CÓ MÃ KHOÁ,Vali vải,203886464,86000,86000,OEM,VND,86000,86000
Túi Xách Du Lịch Wind Blows Loại Lớn 48x32cm Vải Dù Không Thấm Nước Nhiều Màu,Vali vải,144200266,97000,84000,OEM,VND,97000,84000
Vali vải hùng phát sách tay lên máy bay,Vali vải,258604989,375000,349000,No Brand,VND,375000,349000
[SIZE 29 INCH] Vali khóa sập Hàn Quốc Tresette 6136,Vali vải,198612213,4500000,3710000,Tresette,VND,4500000,3710000
"Vali vải du lịch Size 28"" (Cao x ngang x dày): 70cm x 45cm x 28cm",Vali vải,255179373,570000,531000,No Brand,VND,570000,531000
Quai xách vali kéo du lịch - Tay xách vali kéo du lịch,Vali vải,184622432,29500,29500,OEM,VND,29500,29500
"Vali đựng tài liệu, giấy tờ, hồ sơ cá nhân có mật mã số thiết kế nhiều ngăn nhỏ thông minh chất liệu vải chống thấm cao cấp dày đẹp, có khóa kéo an toàn chắc chắn, có đai giữ vali tiện dụng",Vali vải,185991342,129600,129600,OEM,VND,129600,129600
Vali kéo Targus Citigear 3 (hàng chính hãng),Vali vải,174217749,4190000,4190000,Targus,VND,4190000,4190000
Túi cốp vali in hình hàn quốc,Thời Trang,7229543,74000,61000,OEM,VND,74000,61000
Bộ Vali Và Túi Du Lịch Double Carry-On Luggage chống thấm nước hiệu quả,Vali vải,197535579,1188000,1188000,OEM,VND,1188000,1188000
Vali Vải Hùng Phát Size 20,Root,257866952,389000,389000,OEM,VND,389000,389000
túi vải không dệt bộ 100 túi,Root,164270817,46800,46800,OEM,VND,46800,46800
Túi vải Linen - May’s Tote Bag,Root,188903047,153000,153000,OEM,VND,153000,153000
Vali vải cao cấp Hùng Phát size 20,Root,257867355,389000,389000,OEM,VND,389000,389000
"Vali kéo du lịch kèm túi xách thời trang, vali vải dù chống thấm nước",Root,144296691,559000,559000,OEM,VND,559000,559000
"Túi Kéo, Túi du lịch có tay kéo to, cứng cáp và tiện dụng",Root,208185512,208000,208000,OEM,VND,208000,208000
"Cốp vali kéo nhiều ngăn đựng dụng cụ trang điểm, make up, phun xăm, nối mi, mỹ phẩm size 36x22x64 cm",Vali vải,160665469,2500000,1920000,OEM,VND,2500000,1920000
Vali du lịch tay kéo XXCLW size lớn 18inch 35x20x39cm + Túi kèm 37x17x27cm,Vali vải,197583078,1188000,1188000,OEM,VND,1188000,1188000
Cốp đựng đồ mỹ phẩm (mã COV01),Root,119633634,550000,550000,OEM,VND,550000,550000
VALI KÉO VẢI SIÊU BỀN SIÊU NHẸ LEAVESKING LV1901,Root,249944589,1390000,1390000,OEM,VND,1390000,1390000
Khuyến mãi - Túi cố định vali du lịch nhanh chóng,Root,148716460,498000,498000,OEM,VND,498000,498000
Túi du lịch tay kéo XXCLW size lớn 20inch tặng kèm túi RE0358,Vali vải,15178891,649000,649000,OEM,VND,649000,649000
"Vali kéo du lịch 20inch có bánh xe vải canvas chống thấm nước , mẫu sọc ngựa trẻ trung thời trang",Vali vải,253596293,499000,474050,OEM,VND,499000,474050
"Vali vải size 28, size lớn nhất- Hàng chính hãng, KT 70x 45x 28cm, chứa 30-35kg",Root,253377321,385000,385000,OEM,VND,385000,385000
Bộ bóng rổ và khung có kèm theo kim bơm và lưới,Root,173846306,260100,260100,OEM,VND,260100,260100
Túi Kéo Du Lịch Dã Ngoại Macat CT6,Vali vải,248792284,489000,489000,Macat,VND,489000,489000
Túi Xách Du Lịch Wind Blows Loại Lớn 48x32cm Vải Dù Không Thấm Nước Nhiều Màu,Root,146493295,97000,85000,OEM,VND,97000,85000
Vali kéo vải Hùng Phát VLX - 022 Size 20,Vali vải,198427103,550000,550000,Travel,VND,550000,550000
"Vali vải hùng phát màu đỏ Size 24"" (Cao x ngang x dày): 60cm x 40cm x 26cm",Vali vải,255223163,479000,446000,No Brand,VND,479000,446000
Vali Kéo Du Lịch Màu Nâu Phối đỏ Có Nắp - 24 Inch,Vali vải,175175359,499000,339000,OEM,VND,499000,339000
"Size 28- Vali vải dù chính hãng, KT 70*45*28",Root,254123946,499000,499000,OEM,VND,499000,499000
TÚI KÉO KIÊM VALI KÉO DU LỊCH THỜI TRANG VẢI SỢI Oxford CHỐNG THẤM,Vali vải,243086223,599000,599000,OEM,VND,599000,599000
Vali Du Lịch Tay Kéo In Hình Cute Chất Liệu Nhựa PC+ABS Dày Dặn 4 Bánh Xe Xoay 360 Độ Hàng Sẵn Kho Đủ Size 20/24/26 inch,Vali vải,208178481,455000,455000,OEM,VND,455000,455000
Túi kéo American Tourister Speedair Rolling Tote AS,Vali vải,253146874,4200000,2100000,American Tourister,VND,4200000,2100000
Túi vải dù du lịch 13 ngăn tiện dụng (xanh dương đậm),Root,125100976,75000,75000,OEM,VND,75000,75000
Hộp Vải Nắp Dời Màu Xanh caro tiện ích Size Lớn- New 2021,Root,165962580,89000,89000,OEM,VND,89000,89000
Vali mây cho bé đi du lịch,Vali vải,195967453,229000,229000,OEM,VND,229000,229000
Khóa mã vali,Root,134354267,55000,55000,OEM,VND,55000,55000
"Hàng cao cấp loại 1 - Cốp vali kéo viền cạnh inox, nhiều ngăn đựng mỹ phẩm, dụng cụ phun xăm, nối mi, nail, máy hơ gel trang điểm chuyên nghiệp size 36x22x64 (cm)",Vali vải,206944803,2650000,2027000,OEM,VND,2650000,2027000
Túi kẹp da tư liệu du lịch TRIPPING WALLET - Home and Garden,Root,195340796,336000,336000,OEM,VND,336000,336000
Lưới kéo cá bằng dù dài 40m cao 2m rưỡi (hàng đặt),Root,150961206,2200000,2200000,OEM,VND,2200000,2200000
Hộp vải nắp dời màu xám Caro tiện lợi -New 2021,Root,165962370,79000,79000,OEM,VND,79000,79000
Cốp đựng đồ mỹ phẩm (COV02),Root,119633198,420000,420000,OEM,VND,420000,420000
Combo 4 túi vải nhiều màu tiện ích.,Root,165962421,175000,175000,OEM,VND,175000,175000
Lịch vải 2021 hoạt hình ulzzang xinh xắn,Root,111287515,25000,25000,OEM,VND,25000,25000
Túi Y Tế Đen,Vali vải,193150681,69000,69000,OEM,VND,69000,69000
Túi xách du lịch có bánh xe tiện lợi Glamour Bag (Black),Vali vải,209389410,666000,666000,OEM,VND,666000,666000
VALI VẢI DU LỊCH HÙNG PHÁT SIZE 28. Cam kết chuẩn hãng,Root,253299714,519000,519000,OEM,VND,519000,519000
FITLUX HAVIAS túi Gym du lịch vải Oxford Premium chống thấm nước,Vali vải,253147343,550000,550000,OEM,VND,550000,550000
Vali vải du lịch size 24,Vali vải,254416135,490000,456000,No Brand,VND,490000,456000
Khóa vali Solex SL110 Thân Đồng 25mm - MSOFT,Root,261822166,99000,99000,OEM,VND,99000,99000
VALI VẢI DU LỊCH HÙNG PHÁT SIZE 20/24/28. Cam kết gửi hàng đúng hãng,Root,263107525,399000,399000,OEM,VND,399000,399000
Vali vải Hùng Phát size 24. Cam kết gửi hàng đúng hãng Hùng Phát,Root,263107459,499000,499000,OEM,VND,499000,499000
Cath Kidston - Túi đeo vai The Milly Tote Painted Woodblock - 1001808 - Yellow,Root,249153188,1699000,849500,Cath Kidston,VND,1699000,849500
TÚI KÉO DU LỊCH,Root,253377416,369000,369000,OEM,VND,369000,369000
Vali vải size 20 Hùng Phát. Cam kết chuẩn hãng,Root,253299730,389000,389000,OEM,VND,389000,389000
Vali vải Hùng phát size 24 ( 60cm x 40cm x 26cm),Vali vải,263208160,480000,425000,OEM,VND,480000,425000
Vali vải du lịch hàng Việt nam size 20 ( 50cm x 35cm x 22cm),Vali vải,263195500,455000,402000,OEM,VND,455000,402000
Vali vải Hùng Phát dòng cao cấp Travelking,Vali vải,260406505,565000,565000,No Brand,VND,565000,565000
Vali Vải Hùng Phát Dòng Cao Cấp size 24,Root,253377442,850000,850000,OEM,VND,850000,850000
Túi du lịch xếp gọn/Foldaway Overnight Bag Celestial - Blue - 1065084,Root,249153114,2699000,2699000,Cath Kidston,VND,2699000,2699000
"Mic  Karaoke, kèm Bluetooth YS-91, hát hay, nhạc to, thích hợp cho dã ngoại, live tream, lâu hết pin",Vali vải,207936584,339000,339000,OEM,VND,339000,339000
Vali Du Lịch Vải 18/20 inch Cao Cấp Chất Liệu Trượt Nước Cực Tốt,Balo và Vali,258378946,560000,521000,OEM,VND,560000,521000
Vali kéo du lịch tặng kèm túi nhỏ ( Hàng hot) - Re0358,Root,252323319,559000,559000,OEM,VND,559000,559000
"Size 20, vali vải hàng chính hãng, KT 50*35*22cm",Root,253377624,389000,389000,OEM,VND,389000,389000
1 triệu dola lưu niệm của may mắn,Root,225915673,30000,30000,OEM,VND,30000,30000
Vali vải dòng cao cấp của Hùng Phát,Root,263107410,505000,505000,OEM,VND,505000,505000
Vali vải du lịch size 28 màu xanh,Vali vải,263195571,530000,469000,OEM,VND,530000,469000
Vali vải du lịch Hùng Phát 28 nâu ( 70cm x 45cm x 28cm ),Vali vải,263202992,580000,513000,OEM,VND,580000,513000
"Vali vải hùng phát Size 20"" (Cao x ngang x dày): 50cm x 35cm x 22cm",Vali vải,255235841,445000,414000,No Brand,VND,445000,414000
Vali vải dù cao cấp size 20,Vali vải,262791329,399000,353000,OEM,VND,399000,353000
Vali vải dòng cao cấp size 20 Hùng Phát,Vali vải,262980585,565000,565000,OEM,VND,565000,565000
VALI VẢI DU LỊCH HÙNG PHÁT SIZE 28. Cam kết chuẩn hãng,Root,263107636,519000,519000,OEM,VND,519000,519000
Vali vải hùng phát size 28 màu đỏ ( 70cm x 45cm x 28cm),Vali vải,263195635,580000,513000,OEM,VND,580000,513000
VALI VẢI HÙNG PHÁT SIZE 28 CAO CẤP,Root,263107585,499000,499000,OEM,VND,499000,499000
"Túi Vải Cao Cấp Đi Chợ, Siêu Thị Gấp Gọn Có 2 Bánh Xe Kéo Đa Năng",Root,217168183,69500,69500,OEM,VND,69500,69500
VALI VẢI LOẠI CAO CẤP HÙNG PHÁT,Root,253299914,595000,595000,OEM,VND,595000,595000
Túi Xách Du Lịch Wind Blows Loại Lớn 48x32cm Vải Dù Không Thấm Nước Nhiều Màu,Root,253074779,49000,49000,OEM,VND,49000,49000
SET ĐỒ DU LỊCH 7 MÓN BẰNG TRE,Root,253215766,184500,184500,OEM,VND,184500,184500
Túi cố định vali du lịch nhanh chóng,Root,196069727,498012,498012,OEM,VND,498012,498012
Va li/Frame Wheeled BackPack Spot Bouquet - Navy - 1083392,Root,258857890,4199000,4199000,Cath Kidston,VND,4199000,4199000
FITLUX HAVIAS túi Gym du lịch vải Oxford Premium nhập khẩu 100%,Vali vải,253147841,550000,550000,OEM,VND,550000,550000
Túi Xách Du Lịch Wind Blows Loại Lớn 48x32cm Vải Dù Không Thấm Nước Nhiều Màu,Root,181218257,97000,85000,OEM,VND,97000,85000
Vali Size Lớn Ký Gửi SAKOS WINNER 7 - Hàng Chính Hãng,Vali vải,262876287,2880000,2446000,Sakos,VND,2880000,2446000
"Vali kéo du lịch 20 inch 4 bánh xe kép chắc chắn linh hoạt vải canvas chống thấm nước , mẫu mã trẻ trung thời trang",Vali vải,262427384,499000,465000,OEM,VND,499000,465000
GIÁ GÓC TẬN XƯỞNG - Cốp mỹ phẩm chuyên nghiêp nhiều tầng đựng đồ trang điểm đủ size lựa chọn,Vali vải,248251187,500000,338000,OEM,VND,500000,338000
Cath Kidston - Túi du lịch xếp gọn/Foldaway Overnight Bag - Charms - Blue,Root,249153059,2699000,1889000,Cath Kidston,VND,2699000,1889000
Vali vải size 20. Cam kết chuẩn hãng,Root,263107615,379000,379000,OEM,VND,379000,379000
Vali vải Hùng Phát size 28 màu đen ( 70cm x 45cm x 28cm),Vali vải,263207326,580000,513000,OEM,VND,580000,513000
Ví Da Đựng Passport Hộ Chiếu GIPSY,Ví passport,201829893,189000,189000,Gipsy,VND,189000,189000
Ví Đựng Hộ Chiếu Da Epsom Handmade Lealux Passport Wallet,Ví passport,193459817,659000,659000,LEALUX,VND,659000,659000
Ví Đựng Hộ Chiếu Handmade Da Sáp Lealux Passport Wallet 2,Ví passport,198539690,519000,264690,LEALUX,VND,519000,264690
Ví Da Đựng Passport Hộ Chiếu Da Bò Thật Thương Hiệu GIPSY,Root,252648193,350000,350000,Gipsy,VND,350000,350000
Bình Xịt Khử mùi Phòng ngủ Sukkiri 320ml xịt nén khí tinh dầu thơm siêu khử mùi hôi ẩm móc gây khó chịu sang trọng,Root,193650034,51410,51410,OEM,VND,51410,51410
Bao Da Passport VIA HAVIAS Da Saffiano chống trầy chống nước,Ví passport,194794333,380000,380000,HAVIAS,VND,380000,380000
2 X Túi đựng giấy tờ và thẻ ATM 12 ngăn,Root,192259426,185000,185000,OEM,VND,185000,185000
Bao Da Passport Vintage HAVIAS - Chính hãng,Ví passport,143112615,190000,190000,HAVIAS,VND,190000,190000
Vỏ bọc passport PVC trong suốt,Ví passport,215327148,19800,10098,OEM,VND,19800,10098
Bao Da Hộ Chiếu Handmade Da Thật Unisex Aaa Jeans,Ví passport,263110402,399000,349000,AAA JEANS,VND,399000,349000
