Customer_ID,Last_Purchase,Frequency,Monetary,Mean_Discount_Ratio,Total_Quantity,Mean_Rating,Age,Gender,City,Recency,Average_Transaction_Value,Cluster_Label,Cluster_Name
C00001,2026-04-12 12:40:22,4,3959784.0,0.125,13.0,2.25,64,Male,Đà Lạt,161.4719675925926,989946.0,1,Nhóm 2 — mức chi tiêu trung vị hạng 2/3
C00002,2026-06-20 10:27:01,2,4810164.0,0.0249913763366678,6.0,4.0,29,Female,Nha Trang,92.56457175925927,2405082.0,0,Nhóm 1 — mức chi tiêu trung vị hạng 1/3
C00003,2026-09-13 18:07:46,6,53664148.0,0.0,20.0,3.8333333333333335,33,Male,Nha Trang,7.2446064814814815,8944024.666666666,2,Nhóm 3 — mức chi tiêu trung vị hạng 3/3
C00004,2025-12-21 15:21:39,1,2370000.0,0.0,5.0,5.0,41,Male,Hà Nội,273.3599652777778,2370000.0,0,Nhóm 1 — mức chi tiêu trung vị hạng 1/3
C00005,2025-09-23 11:30:05,1,2084088.0,0.0,4.0,5.0,36,Male,Hải Phòng,362.52077546296294,2084088.0,0,Nhóm 1 — mức chi tiêu trung vị hạng 1/3
C00006,2026-08-23 23:43:52,3,114995.0,0.0,8.0,4.0,25,Female,TP. Hồ Chí Minh,28.011203703703703,38331.666666666664,0,Nhóm 1 — mức chi tiêu trung vị hạng 1/3
C00007,2026-06-24 13:31:57,6,8811948.0,0.033974358974358965,15.0,4.166666666666667,48,Male,TP. Hồ Chí Minh,88.43614583333333,1468658.0,2,Nhóm 3 — mức chi tiêu trung vị hạng 3/3
C00008,2026-09-07 00:41:53,5,16918002.0,0.033999999999999996,18.0,2.4,38,Male,TP. Hồ Chí Minh,13.970914351851851,3383600.4,2,Nhóm 3 — mức chi tiêu trung vị hạng 3/3
C00009,2026-03-09 02:00:42,4,2628200.0,0.03768796992481203,9.0,2.75,34,Male,Hải Phòng,195.91618055555554,657050.0,0,Nhóm 1 — mức chi tiêu trung vị hạng 1/3
C00010,2026-07-15 06:52:59,5,7713000.0,0.0470188679245283,17.0,2.8,40,Female,Hà Nội,67.71320601851852,1542600.0,2,Nhóm 3 — mức chi tiêu trung vị hạng 3/3
C00011,2026-07-03 02:05:24,5,1843776.0,0.0,8.0,2.0,54,Male,Hải Phòng,79.91291666666666,368755.2,0,Nhóm 1 — mức chi tiêu trung vị hạng 1/3
C00012,2026-05-16 10:29:07,5,12219800.0,0.0,16.0,3.6,33,Male,TP. Hồ Chí Minh,127.56311342592592,2443960.0,2,Nhóm 3 — mức chi tiêu trung vị hạng 3/3
C00013,2026-08-30 21:11:27,7,32034000.0,0.15304825609173436,19.0,2.142857142857143,23,Male,Cần Thơ,21.117048611111112,4576285.714285715,1,Nhóm 2 — mức chi tiêu trung vị hạng 2/3
C00014,2026-07-15 08:55:04,6,15142960.0,0.02594850948509485,23.0,3.5,25,Male,Đà Nẵng,67.62842592592592,2523826.6666666665,2,Nhóm 3 — mức chi tiêu trung vị hạng 3/3
C00015,2026-08-21 10:03:39,5,10232019.0,0.03076923076923076,16.0,2.8,42,Female,Vũng Tàu,30.58079861111111,2046403.8,2,Nhóm 3 — mức chi tiêu trung vị hạng 3/3
C00016,2026-06-29 00:13:10,5,14219476.0,0.0,17.0,3.4,35,Male,Hải Phòng,83.99085648148149,2843895.2,2,Nhóm 3 — mức chi tiêu trung vị hạng 3/3
C00017,2026-07-24 07:57:01,6,16312390.0,0.16666666666666666,19.0,3.3333333333333335,42,Female,Hà Nội,58.66873842592592,2718731.6666666665,1,Nhóm 2 — mức chi tiêu trung vị hạng 2/3
C00018,2026-08-11 22:34:47,3,12118304.0,0.051,7.0,3.0,29,Female,Hà Nội,40.05917824074074,4039434.6666666665,2,Nhóm 3 — mức chi tiêu trung vị hạng 3/3
C00019,2026-07-18 20:10:53,6,5583004.0,0.025641025641025633,19.0,2.3333333333333335,32,Female,Biên Hòa,64.1591087962963,930500.6666666666,2,Nhóm 3 — mức chi tiêu trung vị hạng 3/3
C00020,2026-06-20 23:01:01,2,2940930.0,0.075,8.0,4.0,43,Male,Đà Nẵng,92.04096064814814,1470465.0,0,Nhóm 1 — mức chi tiêu trung vị hạng 1/3
C00021,2026-03-30 02:19:16,2,393000.0,0.0,5.0,3.5,58,Female,Đà Lạt,174.90328703703705,196500.0,0,Nhóm 1 — mức chi tiêu trung vị hạng 1/3
C00022,2026-08-24 05:26:36,5,14628040.0,0.06,17.0,3.6,62,Male,Nha Trang,27.773194444444446,2925608.0,2,Nhóm 3 — mức chi tiêu trung vị hạng 3/3
C00023,2026-07-31 08:59:46,5,9836724.0,0.03076923076923076,9.0,2.6,43,Female,TP. Hồ Chí Minh,51.625162037037036,1967344.8,2,Nhóm 3 — mức chi tiêu trung vị hạng 3/3
C00024,2026-08-28 03:16:40,7,16924231.0,0.022241520599305255,28.0,3.7142857142857144,64,Female,Đà Lạt,23.863425925925927,2417747.285714286,2,Nhóm 3 — mức chi tiêu trung vị hạng 3/3
C00025,2026-09-19 07:37:28,4,11309928.0,0.15,14.0,3.5,49,Female,Biên Hòa,1.6823148148148148,2827482.0,1,Nhóm 2 — mức chi tiêu trung vị hạng 2/3
C00026,2026-07-30 04:56:38,5,9045435.0,0.00804020100502512,15.0,2.4,27,Female,TP. Hồ Chí Minh,52.79400462962963,1809087.0,2,Nhóm 3 — mức chi tiêu trung vị hạng 3/3
C00027,2026-08-08 16:43:19,8,3913944.0,0.0505989705773086,25.0,3.125,33,Female,Đà Nẵng,43.30325231481481,489243.0,2,Nhóm 3 — mức chi tiêu trung vị hạng 3/3
C00028,2026-06-21 10:48:16,7,1240000.0,0.028571428571428574,22.0,4.571428571428571,24,Female,Biên Hòa,91.54981481481481,177142.85714285713,0,Nhóm 1 — mức chi tiêu trung vị hạng 1/3
C00029,2026-02-15 00:11:46,4,6910000.0,0.0,16.0,2.25,34,Female,TP. Hồ Chí Minh,217.9918287037037,1727500.0,0,Nhóm 1 — mức chi tiêu trung vị hạng 1/3
C00030,2026-03-30 06:17:19,3,9805848.0,0.016949152542372867,7.0,4.333333333333333,40,Female,Đà Nẵng,174.73797453703705,3268616.0,0,Nhóm 1 — mức chi tiêu trung vị hạng 1/3
C00031,2026-06-28 13:39:52,9,15638500.0,0.09430888278270143,35.0,2.4444444444444446,43,Male,Huế,84.43064814814815,1737611.111111111,2,Nhóm 3 — mức chi tiêu trung vị hạng 3/3
C00032,2026-08-28 19:27:36,8,14923160.0,0.07590951817295641,22.0,3.0,38,Male,Đà Lạt,23.189166666666665,1865395.0,2,Nhóm 3 — mức chi tiêu trung vị hạng 3/3
C00033,2026-03-14 14:15:56,5,14460080.0,0.12,16.0,3.0,39,Female,Đà Lạt,190.40560185185186,2892016.0,1,Nhóm 2 — mức chi tiêu trung vị hạng 2/3
C00034,2026-09-09 14:31:16,7,10779802.0,0.17584415584415586,25.0,2.857142857142857,24,Female,Nha Trang,11.394953703703704,1539971.7142857143,1,Nhóm 2 — mức chi tiêu trung vị hạng 2/3
C00035,2026-08-11 08:55:40,5,6989000.0,0.0,14.0,2.8,31,Female,Đà Nẵng,40.62800925925926,1397800.0,2,Nhóm 3 — mức chi tiêu trung vị hạng 3/3
C00036,2026-09-19 19:32:59,10,34552846.0,0.17127457669064555,25.0,2.2,32,Male,Hải Phòng,1.1854282407407408,3455284.6,2,Nhóm 3 — mức chi tiêu trung vị hạng 3/3
C00037,2026-08-23 00:28:31,3,1047000.0,0.0,13.0,3.0,24,Female,Huế,28.980196759259258,349000.0,0,Nhóm 1 — mức chi tiêu trung vị hạng 1/3
C00038,2026-09-19 17:49:34,9,17246687.0,0.04507736335245151,32.0,2.888888888888889,26,Male,Cần Thơ,1.2572453703703703,1916298.5555555555,2,Nhóm 3 — mức chi tiêu trung vị hạng 3/3
C00039,2026-06-26 10:20:35,5,2161232.0,0.04166666666666666,13.0,3.6,65,Male,TP. Hồ Chí Minh,86.56903935185186,432246.4,0,Nhóm 1 — mức chi tiêu trung vị hạng 1/3
C00040,2026-09-03 20:31:10,2,1574000.0,0.0,4.0,2.0,25,Male,Huế,17.145023148148148,787000.0,0,Nhóm 1 — mức chi tiêu trung vị hạng 1/3
C00041,2026-07-27 22:24:48,5,5403107.0,0.011896,16.0,4.8,40,Male,Đà Nẵng,55.06611111111111,1080621.4,2,Nhóm 3 — mức chi tiêu trung vị hạng 3/3
C00042,2026-04-07 23:24:49,3,6913000.0,0.04555555555555554,9.0,2.0,46,Male,Vũng Tàu,166.02443287037036,2304333.3333333335,0,Nhóm 1 — mức chi tiêu trung vị hạng 1/3
C00043,2026-09-10 17:48:38,6,1749250.0,0.033974358974358965,18.0,2.1666666666666665,35,Female,TP. Hồ Chí Minh,10.257893518518518,291541.6666666667,2,Nhóm 3 — mức chi tiêu trung vị hạng 3/3
C00044,2026-09-15 13:39:26,3,3777000.0,0.11092896174863387,6.0,3.6666666666666665,48,Female,Hà Nội,5.430949074074074,1259000.0,1,Nhóm 2 — mức chi tiêu trung vị hạng 2/3
C00045,2026-07-18 10:03:15,4,4489250.0,0.06468253968253967,10.0,3.75,47,Female,Đà Lạt,64.58107638888889,1122312.5,0,Nhóm 1 — mức chi tiêu trung vị hạng 1/3
C00046,2026-08-11 22:29:41,7,10621728.0,0.07347124642206608,20.0,2.4285714285714284,56,Female,Đà Nẵng,40.062719907407406,1517389.7142857143,2,Nhóm 3 — mức chi tiêu trung vị hạng 3/3
C00047,2026-09-09 21:14:56,3,1592500.0,0.0,10.0,1.6666666666666667,52,Female,Hà Nội,11.11462962962963,530833.3333333334,0,Nhóm 1 — mức chi tiêu trung vị hạng 1/3
C00048,2026-09-01 19:24:53,3,2600000.0,0.045977011494252866,11.0,3.3333333333333335,35,Male,Nha Trang,19.19105324074074,866666.6666666666,0,Nhóm 1 — mức chi tiêu trung vị hạng 1/3
C00049,2026-07-31 10:43:00,5,18977598.0,0.02,16.0,1.6,59,Female,Biên Hòa,51.553472222222226,3795519.6,2,Nhóm 3 — mức chi tiêu trung vị hạng 3/3
C00050,2026-05-08 00:38:55,3,2521000.0,0.05073746312684363,10.0,3.0,56,Female,Cần Thơ,135.97297453703703,840333.3333333334,0,Nhóm 1 — mức chi tiêu trung vị hạng 1/3
C00051,2026-06-04 09:37:32,2,1418000.0,0.0,9.0,3.5,34,Male,Cần Thơ,108.59893518518518,709000.0,0,Nhóm 1 — mức chi tiêu trung vị hạng 1/3
C00052,2026-09-14 05:42:31,10,26619802.0,0.0,27.0,3.6,31,Female,Hà Nội,6.762141203703703,2661980.2,2,Nhóm 3 — mức chi tiêu trung vị hạng 3/3
C00053,2026-08-16 21:22:38,7,6801270.0,0.04095982142857143,24.0,2.5714285714285716,48,Male,Đà Lạt,35.109282407407406,971610.0,2,Nhóm 3 — mức chi tiêu trung vị hạng 3/3
C00054,2026-09-12 04:07:55,3,4756896.0,0.0,11.0,3.6666666666666665,41,Female,Nha Trang,8.827835648148149,1585632.0,2,Nhóm 3 — mức chi tiêu trung vị hạng 3/3
C00055,2026-08-11 16:20:30,6,7058125.0,0.008333333333333333,23.0,2.5,52,Male,Vũng Tàu,40.319097222222226,1176354.1666666667,2,Nhóm 3 — mức chi tiêu trung vị hạng 3/3
C00056,2026-06-18 13:47:07,7,3887896.0,0.014661654135338344,30.0,3.2857142857142856,61,Female,Đà Lạt,94.42561342592593,555413.7142857143,2,Nhóm 3 — mức chi tiêu trung vị hạng 3/3
C00057,2026-07-31 19:39:57,9,35112860.0,0.011111111111111112,34.0,3.6666666666666665,62,Female,Huế,51.180590277777775,3901428.888888889,2,Nhóm 3 — mức chi tiêu trung vị hạng 3/3
C00058,2026-09-07 14:20:51,4,12703438.0,0.0785686131200046,9.0,3.25,51,Male,Cần Thơ,13.4021875,3175859.5,2,Nhóm 3 — mức chi tiêu trung vị hạng 3/3
C00059,2026-08-21 15:50:24,8,12990436.0,0.075,22.0,2.875,20,Male,Huế,30.34,1623804.5,2,Nhóm 3 — mức chi tiêu trung vị hạng 3/3
C00060,2026-09-04 08:21:23,5,2584000.0,0.038571428571428555,12.0,2.2,54,Male,TP. Hồ Chí Minh,16.65181712962963,516800.0,2,Nhóm 3 — mức chi tiêu trung vị hạng 3/3
C00061,2026-09-02 19:36:48,1,450000.0,0.25,1.0,5.0,60,Male,Hải Phòng,18.182777777777776,450000.0,1,Nhóm 2 — mức chi tiêu trung vị hạng 2/3
C00062,2026-04-06 15:01:51,6,29131006.0,0.01152482269503545,19.0,3.1666666666666665,57,Male,Đà Nẵng,167.3737152777778,4855167.666666667,2,Nhóm 3 — mức chi tiêu trung vị hạng 3/3
C00063,2026-05-28 10:14:49,5,35996384.0,0.08,19.0,2.2,43,Male,Nha Trang,115.57304398148148,7199276.8,2,Nhóm 3 — mức chi tiêu trung vị hạng 3/3
C00064,2026-04-04 09:52:35,4,31891422.0,0.026425199069832976,14.0,3.75,40,Male,Đà Lạt,169.5884837962963,7972855.5,2,Nhóm 3 — mức chi tiêu trung vị hạng 3/3
C00065,2026-02-10 06:25:43,1,600000.0,0.0,3.0,5.0,61,Male,Cần Thơ,222.7321412037037,600000.0,0,Nhóm 1 — mức chi tiêu trung vị hạng 1/3
C00066,2026-09-18 02:25:43,6,2957696.0,0.016666666666666666,18.0,3.6666666666666665,56,Female,Huế,2.8988078703703706,492949.3333333333,2,Nhóm 3 — mức chi tiêu trung vị hạng 3/3
C00067,2026-09-18 06:48:47,4,2120600.0,0.05,8.0,2.75,32,Female,Biên Hòa,2.7161226851851854,530150.0,2,Nhóm 3 — mức chi tiêu trung vị hạng 3/3
C00068,2026-07-16 13:02:10,3,2952840.0,0.03523035230352303,5.0,2.0,21,Male,TP. Hồ Chí Minh,66.4568287037037,984280.0,0,Nhóm 1 — mức chi tiêu trung vị hạng 1/3
C00069,2026-08-26 16:54:48,5,10570312.0,0.0,13.0,1.8,46,Female,Đà Nẵng,25.295277777777777,2114062.4,2,Nhóm 3 — mức chi tiêu trung vị hạng 3/3
C00070,2026-09-13 10:36:25,8,4638950.0,0.08126305809147477,26.0,3.0,39,Female,Đà Nẵng,7.5580439814814815,579868.75,2,Nhóm 3 — mức chi tiêu trung vị hạng 3/3
C00071,2026-08-05 17:55:17,4,1488600.0,0.03846153846153845,18.0,3.5,42,Female,Đà Lạt,46.25327546296296,372150.0,0,Nhóm 1 — mức chi tiêu trung vị hạng 1/3
C00072,2026-08-12 03:10:52,5,11475634.0,0.0,16.0,2.0,30,Female,Nha Trang,39.8674537037037,2295126.8,2,Nhóm 3 — mức chi tiêu trung vị hạng 3/3
C00073,2026-07-03 16:55:13,4,23312260.0,0.028089887640449424,11.0,2.75,35,Male,Vũng Tàu,79.29498842592592,5828065.0,2,Nhóm 3 — mức chi tiêu trung vị hạng 3/3
C00074,2026-07-16 23:00:59,6,6333150.0,0.09180790960451977,22.0,2.3333333333333335,50,Female,Biên Hòa,66.0409837962963,1055525.0,1,Nhóm 2 — mức chi tiêu trung vị hạng 2/3
C00076,2026-07-31 20:47:06,5,2344000.0,0.09018181818181818,12.0,2.8,62,Female,Huế,51.13395833333333,468800.0,1,Nhóm 2 — mức chi tiêu trung vị hạng 2/3
C00077,2026-06-24 06:40:50,7,8028499.0,0.07714285714285715,17.0,2.5714285714285716,59,Female,Hải Phòng,88.72164351851852,1146928.4285714286,2,Nhóm 3 — mức chi tiêu trung vị hạng 3/3
C00078,2026-08-27 09:12:17,6,4362000.0,0.0,20.0,2.1666666666666665,61,Female,Hà Nội,24.616469907407406,727000.0,2,Nhóm 3 — mức chi tiêu trung vị hạng 3/3
C00079,2026-09-06 14:29:36,12,24008082.0,0.039297784154312135,34.0,3.4166666666666665,19,Male,Vũng Tàu,14.39611111111111,2000673.5,2,Nhóm 3 — mức chi tiêu trung vị hạng 3/3
C00080,2026-04-30 18:13:09,3,1721000.0,0.03333333333333333,8.0,4.0,52,Female,Nha Trang,143.24086805555555,573666.6666666666,0,Nhóm 1 — mức chi tiêu trung vị hạng 1/3
C00081,2026-08-15 20:47:03,7,14876762.0,0.03810705423608648,23.0,2.142857142857143,59,Male,TP. Hồ Chí Minh,36.13399305555556,2125251.714285714,2,Nhóm 3 — mức chi tiêu trung vị hạng 3/3
C00082,2026-08-17 19:01:40,8,5521000.0,0.0012535816618911126,22.0,2.875,51,Female,Vũng Tàu,34.207175925925924,690125.0,2,Nhóm 3 — mức chi tiêu trung vị hạng 3/3
C00083,2026-09-06 01:30:20,10,5726911.0,0.07197285067873302,25.0,3.4,47,Male,Cần Thơ,14.937268518518518,572691.1,2,Nhóm 3 — mức chi tiêu trung vị hạng 3/3
C00084,2026-06-20 08:23:11,4,1668500.0,0.026422764227642274,8.0,2.75,30,Female,Nha Trang,92.65056712962964,417125.0,0,Nhóm 1 — mức chi tiêu trung vị hạng 1/3
C00085,2026-08-17 05:40:44,6,11968758.0,0.0255,21.0,2.8333333333333335,30,Male,Hải Phòng,34.76337962962963,1994793.0,2,Nhóm 3 — mức chi tiêu trung vị hạng 3/3
C00086,2026-09-17 17:14:31,4,1069100.0,0.04166666666666665,10.0,3.25,35,Male,Cần Thơ,3.2815856481481482,267275.0,2,Nhóm 3 — mức chi tiêu trung vị hạng 3/3
C00087,2026-09-18 23:18:26,7,8699800.0,0.016442048517520215,25.0,2.857142857142857,49,Female,Vũng Tàu,2.028865740740741,1242828.5714285714,2,Nhóm 3 — mức chi tiêu trung vị hạng 3/3
C00088,2026-05-02 07:49:50,5,4482997.0,0.041138204631040495,13.0,3.2,49,Male,Hà Nội,141.67372685185185,896599.4,0,Nhóm 1 — mức chi tiêu trung vị hạng 1/3
C00089,2026-08-24 17:34:25,2,10738750.0,0.025,7.0,4.0,52,Female,Hà Nội,27.267766203703705,5369375.0,0,Nhóm 1 — mức chi tiêu trung vị hạng 1/3
C00090,2026-07-04 22:04:40,4,3487000.0,0.012692307692307675,11.0,3.25,56,Female,Hải Phòng,78.08009259259259,871750.0,0,Nhóm 1 — mức chi tiêu trung vị hạng 1/3
C00091,2026-06-17 15:27:23,2,1974000.0,0.124,4.0,3.0,63,Female,Đà Nẵng,95.3559837962963,987000.0,1,Nhóm 2 — mức chi tiêu trung vị hạng 2/3
C00092,2026-09-12 18:44:32,6,12490502.0,0.015197568389057751,17.0,3.5,46,Female,Biên Hòa,8.219074074074074,2081750.3333333333,2,Nhóm 3 — mức chi tiêu trung vị hạng 3/3
C00093,2026-04-03 17:04:55,4,1825500.0,0.03125,14.0,2.25,46,Female,TP. Hồ Chí Minh,170.28825231481483,456375.0,0,Nhóm 1 — mức chi tiêu trung vị hạng 1/3
C00094,2026-06-19 00:31:04,4,2622000.0,0.025,11.0,3.5,61,Female,Đà Nẵng,93.97842592592593,655500.0,0,Nhóm 1 — mức chi tiêu trung vị hạng 1/3
C00095,2026-09-03 15:06:28,7,9103000.0,0.05486926866237211,22.0,3.5714285714285716,33,Female,Hà Nội,17.370509259259258,1300428.5714285714,2,Nhóm 3 — mức chi tiêu trung vị hạng 3/3
C00096,2026-05-07 02:24:31,3,3089278.0,0.08333333333333333,6.0,2.6666666666666665,61,Female,Hà Nội,136.8996412037037,1029759.3333333334,0,Nhóm 1 — mức chi tiêu trung vị hạng 1/3
C00097,2026-08-28 09:34:44,3,1093200.0,0.0,4.0,3.0,64,Female,Huế,23.60087962962963,364400.0,0,Nhóm 1 — mức chi tiêu trung vị hạng 1/3
C00098,2026-02-27 21:39:23,2,2845000.0,0.0,3.0,1.5,27,Female,Cần Thơ,205.09765046296297,1422500.0,0,Nhóm 1 — mức chi tiêu trung vị hạng 1/3
C00099,2026-04-25 18:15:24,6,5713314.0,0.08253189292854732,18.0,3.6666666666666665,47,Female,Vũng Tàu,148.23930555555555,952219.0,1,Nhóm 2 — mức chi tiêu trung vị hạng 2/3
C00100,2026-08-31 11:14:06,4,34005852.0,0.0,12.0,3.5,42,Male,TP. Hồ Chí Minh,20.531875,8501463.0,2,Nhóm 3 — mức chi tiêu trung vị hạng 3/3
C00101,2026-06-12 21:19:20,3,3114530.0,0.0,13.0,3.0,56,Male,Hải Phòng,100.11157407407407,1038176.6666666666,0,Nhóm 1 — mức chi tiêu trung vị hạng 1/3
C00102,2026-06-01 01:14:02,4,5363902.0,0.23229166666666667,11.0,3.25,37,Female,Vũng Tàu,111.94858796296296,1340975.5,1,Nhóm 2 — mức chi tiêu trung vị hạng 2/3
C00103,2026-07-26 10:37:06,4,2865024.0,0.12125,13.0,3.0,22,Female,Huế,56.55756944444445,716256.0,1,Nhóm 2 — mức chi tiêu trung vị hạng 2/3
C00104,2026-09-13 09:07:59,8,7211771.0,0.031135531135531126,26.0,3.625,18,Female,Hà Nội,7.619456018518519,901471.375,2,Nhóm 3 — mức chi tiêu trung vị hạng 3/3
C00105,2026-09-20 18:19:28,7,12354880.0,0.0,17.0,2.7142857142857144,47,Female,Hải Phòng,0.2364814814814815,1764982.857142857,2,Nhóm 3 — mức chi tiêu trung vị hạng 3/3
C00106,2026-09-18 15:21:12,7,5194660.0,0.0,16.0,3.0,20,Female,Hà Nội,2.3602777777777777,742094.2857142857,2,Nhóm 3 — mức chi tiêu trung vị hạng 3/3
C00107,2026-08-15 07:02:41,8,6083870.0,0.019230769230769225,28.0,2.375,62,Female,TP. Hồ Chí Minh,36.70646990740741,760483.75,2,Nhóm 3 — mức chi tiêu trung vị hạng 3/3
C00108,2026-09-11 09:31:01,9,12620190.0,0.011111111111111112,34.0,2.6666666666666665,31,Female,Cần Thơ,9.603460648148149,1402243.3333333333,2,Nhóm 3 — mức chi tiêu trung vị hạng 3/3
C00109,2026-08-07 11:45:34,4,6180000.0,0.05,10.0,2.75,47,Female,Vũng Tàu,44.51002314814815,1545000.0,2,Nhóm 3 — mức chi tiêu trung vị hạng 3/3
C00110,2026-09-18 05:37:56,5,4761900.0,0.0303862660944206,15.0,2.2,21,Male,Vũng Tàu,2.765324074074074,952380.0,2,Nhóm 3 — mức chi tiêu trung vị hạng 3/3
C00111,2026-09-18 02:34:29,9,2883600.0,0.08337962962962962,26.0,3.111111111111111,35,Female,Đà Nẵng,2.8927199074074075,320400.0,2,Nhóm 3 — mức chi tiêu trung vị hạng 3/3
C00112,2026-09-08 05:01:42,8,9729492.0,0.038535788535788526,30.0,3.125,54,Male,Hải Phòng,12.790486111111111,1216186.5,2,Nhóm 3 — mức chi tiêu trung vị hạng 3/3
C00113,2026-05-26 11:16:50,7,12194024.0,0.104245553643144,29.0,2.7142857142857144,42,Female,Biên Hòa,117.52997685185186,1742003.4285714286,1,Nhóm 2 — mức chi tiêu trung vị hạng 2/3
C00114,2026-04-12 02:45:47,4,11058928.0,0.10785714285714285,14.0,2.25,65,Female,Huế,161.88487268518517,2764732.0,1,Nhóm 2 — mức chi tiêu trung vị hạng 2/3
C00115,2026-02-08 07:06:24,4,2299318.0,0.0199859747545582,13.0,2.25,18,Male,Biên Hòa,224.70388888888888,574829.5,0,Nhóm 1 — mức chi tiêu trung vị hạng 1/3
C00116,2026-06-12 03:04:30,3,7271556.0,0.10989319842608207,9.0,3.0,63,Female,Đà Nẵng,100.871875,2423852.0,1,Nhóm 2 — mức chi tiêu trung vị hạng 2/3
C00117,2026-09-17 15:02:27,6,2657752.0,0.0,14.0,2.8333333333333335,32,Male,TP. Hồ Chí Minh,3.373298611111111,442958.6666666667,2,Nhóm 3 — mức chi tiêu trung vị hạng 3/3
C00118,2026-04-13 02:04:37,4,3080000.0,0.0,12.0,2.25,26,Female,Huế,160.91346064814815,770000.0,0,Nhóm 1 — mức chi tiêu trung vị hạng 1/3
C00119,2026-07-03 11:26:14,8,2800445.0,0.0,21.0,3.0,32,Female,Cần Thơ,79.52344907407408,350055.625,2,Nhóm 3 — mức chi tiêu trung vị hạng 3/3
C00120,2026-08-04 10:35:20,4,3965000.0,0.025,8.0,3.5,41,Male,Biên Hòa,47.55879629629629,991250.0,0,Nhóm 1 — mức chi tiêu trung vị hạng 1/3
C00121,2026-02-12 14:10:38,4,11440578.0,0.025,9.0,3.0,21,Female,Cần Thơ,220.4092824074074,2860144.5,0,Nhóm 1 — mức chi tiêu trung vị hạng 1/3
C00122,2026-09-12 12:40:11,7,2669500.0,0.12563120019976845,13.0,3.0,29,Male,Biên Hòa,8.472094907407408,381357.14285714284,1,Nhóm 2 — mức chi tiêu trung vị hạng 2/3
C00123,2026-09-20 04:55:30,4,2823492.0,0.0,17.0,3.25,54,Female,Cần Thơ,0.7947916666666667,705873.0,2,Nhóm 3 — mức chi tiêu trung vị hạng 3/3
C00124,2026-06-22 10:13:53,5,9021068.0,0.08664233576642334,21.0,3.4,54,Male,Biên Hòa,90.57369212962963,1804213.6,1,Nhóm 2 — mức chi tiêu trung vị hạng 2/3
C00125,2026-07-27 05:10:59,6,4482152.0,0.02392344497607655,15.0,3.3333333333333335,60,Male,Cần Thơ,55.78403935185185,747025.3333333334,2,Nhóm 3 — mức chi tiêu trung vị hạng 3/3
C00126,2026-08-29 19:23:15,4,917700.0,0.08487654320987655,8.0,3.0,23,Female,Đà Nẵng,22.1921875,229425.0,1,Nhóm 2 — mức chi tiêu trung vị hạng 2/3
C00127,2026-06-02 13:33:54,5,2388817.0,0.01,17.0,2.8,56,Female,Nha Trang,110.43479166666667,477763.4,0,Nhóm 1 — mức chi tiêu trung vị hạng 1/3
C00129,2026-09-04 04:13:32,7,17496685.0,0.030888030888030885,23.0,4.0,41,Female,Hải Phòng,16.823935185185185,2499526.4285714286,2,Nhóm 3 — mức chi tiêu trung vị hạng 3/3
C00130,2026-05-31 09:21:43,5,7538844.0,0.1437183277698299,14.0,4.6,28,Female,TP. Hồ Chí Minh,112.60991898148148,1507768.8,1,Nhóm 2 — mức chi tiêu trung vị hạng 2/3
C00131,2026-06-16 08:46:10,6,16764120.0,0.05833333333333333,16.0,3.1666666666666665,30,Female,Đà Lạt,96.63460648148148,2794020.0,2,Nhóm 3 — mức chi tiêu trung vị hạng 3/3
C00132,2026-07-19 04:18:47,11,26204224.0,0.0458043036593864,35.0,3.0,51,Male,Hà Nội,63.820289351851855,2382202.1818181816,2,Nhóm 3 — mức chi tiêu trung vị hạng 3/3
C00133,2026-09-13 18:53:59,7,13174772.0,0.13926081113131472,22.0,2.857142857142857,42,Male,Hải Phòng,7.212511574074074,1882110.2857142857,2,Nhóm 3 — mức chi tiêu trung vị hạng 3/3
C00134,2026-07-23 03:29:27,8,16409415.0,0.0,23.0,2.875,24,Male,Hà Nội,59.85454861111111,2051176.875,2,Nhóm 3 — mức chi tiêu trung vị hạng 3/3
C00135,2026-07-20 01:31:54,3,546235.0,0.02660016625103907,10.0,3.3333333333333335,21,Male,Huế,62.93618055555555,182078.33333333334,0,Nhóm 1 — mức chi tiêu trung vị hạng 1/3
C00136,2026-06-19 04:06:39,3,6061696.0,0.054127198917455994,8.0,2.3333333333333335,25,Male,Hải Phòng,93.82871527777777,2020565.3333333333,0,Nhóm 1 — mức chi tiêu trung vị hạng 1/3
C00137,2026-05-22 08:30:40,2,3865000.0,0.0,8.0,4.0,37,Male,Cần Thơ,121.64537037037037,1932500.0,0,Nhóm 1 — mức chi tiêu trung vị hạng 1/3
C00138,2026-06-21 14:46:12,4,34815000.0,0.125,13.0,3.0,46,Male,Cần Thơ,91.38458333333334,8703750.0,1,Nhóm 2 — mức chi tiêu trung vị hạng 2/3
C00139,2026-09-12 04:06:16,9,26770574.0,0.022222222222222223,30.0,3.3333333333333335,62,Male,Đà Lạt,8.828981481481481,2974508.222222222,2,Nhóm 3 — mức chi tiêu trung vị hạng 3/3
C00140,2026-06-17 13:06:24,7,10033132.0,0.0071428571428571435,17.0,3.7142857142857144,63,Male,Hà Nội,95.45388888888888,1433304.5714285714,2,Nhóm 3 — mức chi tiêu trung vị hạng 3/3
C00141,2026-07-15 16:14:13,2,1315296.0,0.0,4.0,3.0,27,Female,TP. Hồ Chí Minh,67.32346064814814,657648.0,0,Nhóm 1 — mức chi tiêu trung vị hạng 1/3
C00142,2026-06-03 05:14:32,6,5459000.0,0.047317802472441634,17.0,3.5,60,Male,Huế,109.78157407407407,909833.3333333334,2,Nhóm 3 — mức chi tiêu trung vị hạng 3/3
C00143,2026-05-30 21:10:13,5,4361868.0,0.06,17.0,2.6,51,Female,Cần Thơ,113.1179050925926,872373.6,0,Nhóm 1 — mức chi tiêu trung vị hạng 1/3
C00144,2026-07-02 00:08:47,6,14291000.0,0.06669793621013133,18.0,2.8333333333333335,43,Female,Nha Trang,80.99390046296297,2381833.3333333335,2,Nhóm 3 — mức chi tiêu trung vị hạng 3/3
C00145,2026-09-02 07:49:54,5,15815064.0,0.0,13.0,2.0,58,Female,Đà Nẵng,18.673680555555556,3163012.8,2,Nhóm 3 — mức chi tiêu trung vị hạng 3/3
C00146,2026-04-27 17:35:36,2,7427000.0,0.0163934426229508,8.0,2.5,20,Male,Đà Nẵng,146.26694444444445,3713500.0,0,Nhóm 1 — mức chi tiêu trung vị hạng 1/3
C00147,2026-05-20 03:07:30,6,12166256.0,0.0,18.0,3.3333333333333335,23,Male,Biên Hòa,123.86979166666667,2027709.3333333333,2,Nhóm 3 — mức chi tiêu trung vị hạng 3/3
C00148,2026-01-27 12:02:17,3,544000.0,0.0,11.0,3.6666666666666665,22,Male,TP. Hồ Chí Minh,236.49841435185186,181333.33333333334,0,Nhóm 1 — mức chi tiêu trung vị hạng 1/3
C00149,2026-05-10 03:57:24,5,5515778.0,0.09077126167453217,10.0,3.8,22,Male,Đà Nẵng,133.83513888888888,1103155.6,1,Nhóm 2 — mức chi tiêu trung vị hạng 2/3
C00150,2026-08-10 06:56:50,6,1817000.0,0.07575757575757575,16.0,2.6666666666666665,64,Female,Biên Hòa,41.710532407407406,302833.3333333333,2,Nhóm 3 — mức chi tiêu trung vị hạng 3/3
C00151,2026-08-31 16:58:30,6,4173954.0,0.0,12.0,2.3333333333333335,40,Male,Hà Nội,20.292708333333334,695659.0,2,Nhóm 3 — mức chi tiêu trung vị hạng 3/3
C00152,2026-04-01 13:12:49,3,5757000.0,0.0509009009009009,6.0,2.6666666666666665,26,Male,Cần Thơ,172.44943287037037,1919000.0,0,Nhóm 1 — mức chi tiêu trung vị hạng 1/3
C00153,2025-12-03 01:48:32,1,1250000.0,0.0,5.0,5.0,52,Male,Cần Thơ,291.92462962962964,1250000.0,0,Nhóm 1 — mức chi tiêu trung vị hạng 1/3
C00154,2026-06-18 18:42:48,6,2612692.0,0.08333333333333333,15.0,2.8333333333333335,37,Male,Nha Trang,94.22027777777778,435448.6666666667,1,Nhóm 2 — mức chi tiêu trung vị hạng 2/3
C00155,2026-07-30 02:40:12,7,12536730.0,0.11785714285714285,23.0,3.142857142857143,59,Male,Hải Phòng,52.88875,1790961.4285714286,1,Nhóm 2 — mức chi tiêu trung vị hạng 2/3
C00156,2026-08-24 09:58:32,6,2705100.0,0.03452380952380952,20.0,3.1666666666666665,52,Female,Đà Nẵng,27.584351851851853,450850.0,2,Nhóm 3 — mức chi tiêu trung vị hạng 3/3
C00157,2026-05-07 13:27:06,1,15640056.0,0.0,3.0,1.0,35,Male,Hà Nội,136.43951388888888,15640056.0,0,Nhóm 1 — mức chi tiêu trung vị hạng 1/3
C00158,2026-08-24 02:40:33,6,4889800.0,0.05015151515151515,18.0,2.0,34,Female,Vũng Tàu,27.888506944444444,814966.6666666666,2,Nhóm 3 — mức chi tiêu trung vị hạng 3/3
C00159,2026-04-17 19:06:57,3,2804550.0,0.08292244478685157,8.0,2.0,41,Male,Đà Nẵng,156.20350694444446,934850.0,0,Nhóm 1 — mức chi tiêu trung vị hạng 1/3
C00160,2026-03-09 01:47:26,4,1732610.0,0.13892276422764227,15.0,3.5,20,Female,TP. Hồ Chí Minh,195.92539351851852,433152.5,1,Nhóm 2 — mức chi tiêu trung vị hạng 2/3
C00161,2026-04-09 20:51:58,2,889000.0,0.1275,9.0,3.0,49,Male,Hải Phòng,164.1305787037037,444500.0,0,Nhóm 1 — mức chi tiêu trung vị hạng 1/3
C00162,2026-08-01 02:41:30,6,5838749.0,0.08334715171769037,18.0,3.1666666666666665,52,Male,Đà Nẵng,50.88784722222222,973124.8333333334,2,Nhóm 3 — mức chi tiêu trung vị hạng 3/3
C00163,2026-07-02 16:41:18,4,14660000.0,0.07396449704142012,14.0,1.75,55,Female,Hà Nội,80.30465277777778,3665000.0,2,Nhóm 3 — mức chi tiêu trung vị hạng 3/3
C00164,2026-05-25 22:47:58,7,102402700.0,0.09428571428571428,34.0,3.0,30,Female,Đà Nẵng,118.05002314814814,14628957.142857144,2,Nhóm 3 — mức chi tiêu trung vị hạng 3/3
C00165,2026-09-13 03:27:28,9,12700560.0,0.005555555555555556,35.0,2.6666666666666665,64,Female,TP. Hồ Chí Minh,7.855925925925926,1411173.3333333333,2,Nhóm 3 — mức chi tiêu trung vị hạng 3/3
C00166,2026-09-10 11:27:36,5,7213392.0,0.0,13.0,3.4,42,Male,Vũng Tàu,10.5225,1442678.4,2,Nhóm 3 — mức chi tiêu trung vị hạng 3/3
C00167,2026-08-12 19:46:59,8,9049054.0,0.034722222222222224,29.0,2.875,26,Female,Huế,39.17570601851852,1131131.75,2,Nhóm 3 — mức chi tiêu trung vị hạng 3/3
C00168,2026-07-07 16:46:03,1,3000.0,0.0,3.0,4.0,21,Male,Đà Lạt,75.30135416666667,3000.0,0,Nhóm 1 — mức chi tiêu trung vị hạng 1/3
C00169,2026-09-03 18:40:44,9,16588238.0,0.01709401709401709,17.0,2.7777777777777777,31,Male,Vũng Tàu,17.221712962962965,1843137.5555555555,2,Nhóm 3 — mức chi tiêu trung vị hạng 3/3
C00170,2026-08-30 21:23:24,3,49339551.0,0.045977011494252866,12.0,2.0,54,Female,Biên Hòa,21.10875,16446517.0,2,Nhóm 3 — mức chi tiêu trung vị hạng 3/3
C00171,2025-10-29 16:22:25,1,51278.0,0.1056890718197356,1.0,5.0,51,Female,Đà Nẵng,326.3177662037037,51278.0,0,Nhóm 1 — mức chi tiêu trung vị hạng 1/3
C00172,2026-09-05 16:44:23,8,59809796.0,0.0,16.0,2.375,28,Male,Cần Thơ,15.302511574074074,7476224.5,2,Nhóm 3 — mức chi tiêu trung vị hạng 3/3
C00173,2025-11-21 00:18:48,1,39000.0,0.0,1.0,2.0,58,Male,Nha Trang,303.9869444444444,39000.0,0,Nhóm 1 — mức chi tiêu trung vị hạng 1/3
C00174,2026-08-17 11:05:26,5,11787704.0,0.049230769230769224,12.0,3.4,20,Female,Cần Thơ,34.537893518518516,2357540.8,2,Nhóm 3 — mức chi tiêu trung vị hạng 3/3
C00175,2026-07-17 01:23:10,3,4190000.0,0.016666666666666666,7.0,2.0,45,Female,Vũng Tàu,65.94224537037037,1396666.6666666667,0,Nhóm 1 — mức chi tiêu trung vị hạng 1/3
C00176,2026-09-15 18:12:27,3,2638000.0,0.03333333333333333,12.0,3.3333333333333335,46,Female,Cần Thơ,5.2413541666666665,879333.3333333334,2,Nhóm 3 — mức chi tiêu trung vị hạng 3/3
C00177,2026-07-12 06:35:26,7,11879468.0,0.010327022375215142,26.0,3.857142857142857,26,Male,Hà Nội,70.72539351851852,1697066.857142857,2,Nhóm 3 — mức chi tiêu trung vị hạng 3/3
C00178,2026-07-08 11:38:15,4,5402078.0,0.1365706319702602,8.0,3.25,20,Male,Cần Thơ,74.51510416666666,1350519.5,1,Nhóm 2 — mức chi tiêu trung vị hạng 2/3
C00179,2026-09-05 23:11:48,6,4204800.0,0.12304563492063492,20.0,3.3333333333333335,42,Male,Hải Phòng,15.033472222222223,700800.0,1,Nhóm 2 — mức chi tiêu trung vị hạng 2/3
C00180,2026-08-29 23:03:50,9,16982940.0,0.06473001377110965,30.0,2.888888888888889,51,Male,Huế,22.03900462962963,1886993.3333333333,2,Nhóm 3 — mức chi tiêu trung vị hạng 3/3
C00181,2026-08-14 07:53:57,3,1480000.0,0.0,10.0,3.3333333333333335,29,Male,Đà Nẵng,37.67086805555556,493333.3333333333,0,Nhóm 1 — mức chi tiêu trung vị hạng 1/3
C00182,2026-04-24 05:42:10,4,1604600.0,0.0213258785942492,10.0,2.25,59,Male,Cần Thơ,149.76238425925925,401150.0,0,Nhóm 1 — mức chi tiêu trung vị hạng 1/3
C00183,2026-08-21 11:24:42,7,30220610.0,0.021863354037267073,27.0,3.4285714285714284,26,Female,TP. Hồ Chí Minh,30.52451388888889,4317230.0,2,Nhóm 3 — mức chi tiêu trung vị hạng 3/3
C00184,2026-08-04 20:15:34,5,7208500.0,0.01,14.0,3.4,32,Male,Huế,47.15585648148148,1441700.0,2,Nhóm 3 — mức chi tiêu trung vị hạng 3/3
C00185,2026-05-18 15:24:36,5,8956750.0,0.17157142857142857,14.0,2.2,57,Male,Huế,125.35791666666667,1791350.0,1,Nhóm 2 — mức chi tiêu trung vị hạng 2/3
C00186,2026-09-20 16:36:32,7,4968184.0,0.0642857142857143,21.0,3.142857142857143,42,Male,Cần Thơ,0.30796296296296294,709740.5714285715,2,Nhóm 3 — mức chi tiêu trung vị hạng 3/3
C00187,2026-02-13 17:02:48,3,3583030.0,0.0,5.0,3.0,22,Female,Huế,219.28972222222222,1194343.3333333333,0,Nhóm 1 — mức chi tiêu trung vị hạng 1/3
C00188,2026-01-13 19:33:50,4,15593512.0,0.12108150470219435,11.0,2.75,28,Male,Nha Trang,250.18483796296297,3898378.0,1,Nhóm 2 — mức chi tiêu trung vị hạng 2/3
C00189,2026-08-05 10:36:29,5,9081516.0,0.0,16.0,3.0,51,Male,Cần Thơ,46.557997685185185,1816303.2,2,Nhóm 3 — mức chi tiêu trung vị hạng 3/3
C00190,2026-05-08 16:25:54,1,186219.0,0.0,1.0,3.0,41,Female,Hà Nội,135.31534722222221,186219.0,0,Nhóm 1 — mức chi tiêu trung vị hạng 1/3
C00191,2026-03-01 03:00:14,4,9407102.0,0.0125,14.0,4.5,32,Male,Vũng Tàu,203.87483796296297,2351775.5,0,Nhóm 1 — mức chi tiêu trung vị hạng 1/3
C00192,2026-06-13 17:45:23,3,2998492.0,0.0,10.0,2.3333333333333335,55,Male,Hải Phòng,99.26015046296297,999497.3333333334,0,Nhóm 1 — mức chi tiêu trung vị hạng 1/3
C00193,2026-09-11 10:48:12,6,12147436.0,0.04261904761904762,17.0,3.0,25,Male,Đà Lạt,9.549861111111111,2024572.6666666667,2,Nhóm 3 — mức chi tiêu trung vị hạng 3/3
C00194,2026-08-30 13:33:32,3,8857000.0,0.16442953020134227,11.0,2.0,22,Male,Biên Hòa,21.435046296296296,2952333.3333333335,1,Nhóm 2 — mức chi tiêu trung vị hạng 2/3
C00195,2026-05-01 00:02:54,5,25881104.0,0.04088803088803088,14.0,3.0,65,Male,Huế,142.99798611111112,5176220.8,2,Nhóm 3 — mức chi tiêu trung vị hạng 3/3
C00196,2026-09-17 19:02:39,9,37842610.0,0.03333333333333333,29.0,3.6666666666666665,43,Female,Hà Nội,3.2064930555555557,4204734.444444444,2,Nhóm 3 — mức chi tiêu trung vị hạng 3/3
C00197,2026-09-13 04:52:31,3,6257009.0,0.0,5.0,2.0,35,Female,Đà Nẵng,7.796863425925926,2085669.6666666667,2,Nhóm 3 — mức chi tiêu trung vị hạng 3/3
C00198,2026-09-09 13:08:19,7,7596748.0,0.0,21.0,3.857142857142857,23,Female,Đà Nẵng,11.45255787037037,1085249.7142857143,2,Nhóm 3 — mức chi tiêu trung vị hạng 3/3
C00199,2026-07-22 10:23:13,4,22959964.0,0.1577818853974122,12.0,2.5,54,Male,Biên Hòa,60.56721064814815,5739991.0,1,Nhóm 2 — mức chi tiêu trung vị hạng 2/3
C00200,2026-05-27 17:41:44,3,2882500.0,0.0,10.0,3.6666666666666665,65,Male,Hải Phòng,116.26268518518519,960833.3333333334,0,Nhóm 1 — mức chi tiêu trung vị hạng 1/3
C00201,2026-09-09 16:27:12,5,3957978.0,0.057819940476190476,10.0,2.6,30,Male,Huế,11.314444444444444,791595.6,2,Nhóm 3 — mức chi tiêu trung vị hạng 3/3
C00202,2026-06-13 18:46:13,6,73272356.0,0.19765916130639674,19.0,3.0,45,Female,Nha Trang,99.21790509259259,12212059.333333334,1,Nhóm 2 — mức chi tiêu trung vị hạng 2/3
C00203,2026-07-20 03:38:39,8,9507124.0,0.050375,18.0,2.75,22,Male,Biên Hòa,62.84815972222222,1188390.5,2,Nhóm 3 — mức chi tiêu trung vị hạng 3/3
C00204,2026-09-20 06:48:51,4,13827785.0,0.13988430268918073,14.0,3.25,30,Male,Hải Phòng,0.7160763888888889,3456946.25,2,Nhóm 3 — mức chi tiêu trung vị hạng 3/3
C00205,2026-07-30 05:30:17,6,25509988.0,0.0,17.0,4.166666666666667,34,Female,Huế,52.770636574074075,4251664.666666667,2,Nhóm 3 — mức chi tiêu trung vị hạng 3/3
C00206,2026-09-09 23:56:22,2,9720000.0,0.0,8.0,1.5,57,Male,Hà Nội,11.002523148148148,4860000.0,0,Nhóm 1 — mức chi tiêu trung vị hạng 1/3
C00207,2026-09-15 04:57:19,6,13180554.0,0.06219696969696969,28.0,2.3333333333333335,62,Female,Vũng Tàu,5.793530092592593,2196759.0,2,Nhóm 3 — mức chi tiêu trung vị hạng 3/3
C00208,2026-09-11 03:12:38,4,7144244.0,0.03772819472616633,11.0,4.75,49,Female,Nha Trang,9.866226851851852,1786061.0,2,Nhóm 3 — mức chi tiêu trung vị hạng 3/3
C00209,2026-05-26 20:22:05,4,4925510.0,0.0,8.0,2.0,46,Female,Đà Lạt,117.15133101851852,1231377.5,0,Nhóm 1 — mức chi tiêu trung vị hạng 1/3
C00210,2026-07-31 14:25:03,5,18425000.0,0.00200573065902578,13.0,2.4,20,Male,Đà Nẵng,51.39927083333333,3685000.0,2,Nhóm 3 — mức chi tiêu trung vị hạng 3/3
C00211,2026-05-03 10:35:27,3,2238928.0,0.0,8.0,3.3333333333333335,57,Male,TP. Hồ Chí Minh,140.55871527777776,746309.3333333334,0,Nhóm 1 — mức chi tiêu trung vị hạng 1/3
C00212,2026-07-13 19:31:30,5,79622302.1120008,0.05,17.0,2.4,51,Male,Hà Nội,69.18645833333333,15924460.422400158,2,Nhóm 3 — mức chi tiêu trung vị hạng 3/3
C00213,2026-06-24 08:38:49,7,5856768.0,0.0942196015366747,18.0,3.4285714285714284,57,Male,Đà Nẵng,88.63971064814815,836681.1428571428,1,Nhóm 2 — mức chi tiêu trung vị hạng 2/3
C00214,2026-01-17 12:35:06,5,7370000.0,0.1,15.0,2.6,44,Male,Cần Thơ,246.475625,1474000.0,1,Nhóm 2 — mức chi tiêu trung vị hạng 2/3
C00215,2026-09-17 11:17:51,2,6520000.0,0.0,8.0,1.0,30,Male,TP. Hồ Chí Minh,3.5292708333333334,3260000.0,2,Nhóm 3 — mức chi tiêu trung vị hạng 3/3
C00216,2026-06-16 16:12:30,4,4370000.0,0.14664441972562103,14.0,4.0,62,Male,Đà Nẵng,96.32465277777777,1092500.0,1,Nhóm 2 — mức chi tiêu trung vị hạng 2/3
C00217,2026-09-14 00:26:02,8,21475950.0,0.06361003861003861,26.0,2.75,50,Female,Hải Phòng,6.981921296296297,2684493.75,2,Nhóm 3 — mức chi tiêu trung vị hạng 3/3
C00218,2026-09-12 22:44:43,4,2042000.0,0.0,12.0,3.75,23,Male,Nha Trang,8.052280092592593,510500.0,2,Nhóm 3 — mức chi tiêu trung vị hạng 3/3
C00219,2026-07-24 06:48:24,6,77966920.0,0.0,28.0,2.8333333333333335,41,Female,Đà Nẵng,58.716388888888886,12994486.666666666,2,Nhóm 3 — mức chi tiêu trung vị hạng 3/3
C00220,2026-07-18 16:00:56,7,6135772.0,0.0,23.0,2.4285714285714284,36,Male,Đà Lạt,64.33268518518518,876538.8571428572,2,Nhóm 3 — mức chi tiêu trung vị hạng 3/3
C00221,2026-07-11 04:34:48,5,3164572.0,0.1,12.0,3.8,33,Male,Vũng Tàu,71.80916666666667,632914.4,1,Nhóm 2 — mức chi tiêu trung vị hạng 2/3
C00222,2026-07-28 16:53:22,5,2416997.0,0.12,14.0,2.6,57,Male,Hải Phòng,54.296273148148146,483399.4,1,Nhóm 2 — mức chi tiêu trung vị hạng 2/3
C00223,2026-07-06 19:22:15,2,1438000.0,0.0,7.0,2.0,45,Female,Hà Nội,76.19288194444445,719000.0,0,Nhóm 1 — mức chi tiêu trung vị hạng 1/3
C00224,2025-12-01 09:56:36,4,42747506.0,0.125,10.0,3.5,50,Female,Hà Nội,293.58569444444447,10686876.5,1,Nhóm 2 — mức chi tiêu trung vị hạng 2/3
C00225,2026-09-16 14:52:07,7,29876308.0,0.0,25.0,2.7142857142857144,65,Female,Hà Nội,4.380474537037037,4268044.0,2,Nhóm 3 — mức chi tiêu trung vị hạng 3/3
C00226,2026-03-06 10:57:38,4,20654068.0,0.0,10.0,2.0,58,Female,Hà Nội,198.5433101851852,5163517.0,2,Nhóm 3 — mức chi tiêu trung vị hạng 3/3
C00227,2026-08-01 20:43:52,5,3575996.0,0.0,15.0,2.0,30,Male,Vũng Tàu,50.13620370370371,715199.2,2,Nhóm 3 — mức chi tiêu trung vị hạng 3/3
C00228,2026-06-15 12:33:08,6,7122400.0,0.041666666666666664,17.0,2.3333333333333335,60,Female,Đà Nẵng,97.47699074074075,1187066.6666666667,2,Nhóm 3 — mức chi tiêu trung vị hạng 3/3
C00229,2026-08-16 18:55:52,5,4720025.0,0.05076923076923077,13.0,2.8,62,Male,Huế,35.2112037037037,944005.0,2,Nhóm 3 — mức chi tiêu trung vị hạng 3/3
C00230,2026-06-22 22:06:42,3,12397025.0,0.16666666666666666,13.0,3.3333333333333335,42,Male,Đà Nẵng,90.07868055555555,4132341.6666666665,1,Nhóm 2 — mức chi tiêu trung vị hạng 2/3
C00231,2026-07-10 03:20:22,6,7503970.0,0.0,16.0,2.8333333333333335,59,Female,Cần Thơ,72.86085648148148,1250661.6666666667,2,Nhóm 3 — mức chi tiêu trung vị hạng 3/3
C00232,2026-08-16 06:41:39,2,1707000.0,0.0,4.0,3.5,53,Female,Nha Trang,35.72107638888889,853500.0,0,Nhóm 1 — mức chi tiêu trung vị hạng 1/3
C00233,2026-07-16 00:59:22,9,14363388.0,0.022854561878952122,24.0,3.6666666666666665,44,Female,TP. Hồ Chí Minh,66.95877314814815,1595932.0,2,Nhóm 3 — mức chi tiêu trung vị hạng 3/3
C00234,2026-09-09 17:18:47,9,21383875.0,0.08266033272265817,26.0,3.6666666666666665,55,Female,Huế,11.278622685185185,2375986.111111111,2,Nhóm 3 — mức chi tiêu trung vị hạng 3/3
C00235,2026-08-19 11:51:49,6,69744232.0,0.049999999999999996,19.0,3.5,24,Female,Huế,32.50568287037037,11624038.666666666,2,Nhóm 3 — mức chi tiêu trung vị hạng 3/3
C00236,2026-07-14 18:29:44,4,10226260.0,0.0325391662439199,17.0,3.0,22,Female,Đà Nẵng,68.22935185185185,2556565.0,2,Nhóm 3 — mức chi tiêu trung vị hạng 3/3
C00237,2026-08-14 12:23:00,3,3748928.0,0.07878787878787877,9.0,3.0,60,Female,Huế,37.484027777777776,1249642.6666666667,1,Nhóm 2 — mức chi tiêu trung vị hạng 2/3
C00238,2026-09-13 16:40:13,6,3712700.0,0.09999999999999999,17.0,3.1666666666666665,62,Female,Biên Hòa,7.305405092592593,618783.3333333334,2,Nhóm 3 — mức chi tiêu trung vị hạng 3/3
C00239,2026-06-18 10:29:31,7,5735006.0,0.015099467167437656,25.0,3.142857142857143,48,Male,Biên Hòa,94.56283564814815,819286.5714285715,2,Nhóm 3 — mức chi tiêu trung vị hạng 3/3
C00240,2026-09-05 01:06:59,7,9508000.0,0.12556193785647765,12.0,2.4285714285714284,40,Female,Cần Thơ,15.953483796296297,1358285.7142857143,2,Nhóm 3 — mức chi tiêu trung vị hạng 3/3
C00241,2026-08-21 06:01:15,5,25678438.0,0.036,13.0,3.2,59,Female,TP. Hồ Chí Minh,30.749131944444443,5135687.6,2,Nhóm 3 — mức chi tiêu trung vị hạng 3/3
C00242,2026-08-26 03:33:23,2,3099000.0,0.081190798376184,7.0,1.5,27,Male,Đà Lạt,25.85181712962963,1549500.0,0,Nhóm 1 — mức chi tiêu trung vị hạng 1/3
C00243,2026-02-08 12:28:56,2,5920000.0,0.2534883720930233,8.0,3.0,49,Female,Vũng Tàu,224.4799074074074,2960000.0,1,Nhóm 2 — mức chi tiêu trung vị hạng 2/3
C00244,2026-07-31 10:47:25,8,2425232.0,0.0,20.0,2.5,60,Male,Đà Nẵng,51.55040509259259,303154.0,2,Nhóm 3 — mức chi tiêu trung vị hạng 3/3
C00245,2026-07-18 00:34:40,7,4398000.0,0.042991491267353334,18.0,2.857142857142857,47,Male,Vũng Tàu,64.97592592592592,628285.7142857143,2,Nhóm 3 — mức chi tiêu trung vị hạng 3/3
C00246,2026-05-17 02:21:26,2,6863010.0,0.0,10.0,2.5,56,Female,Đà Lạt,126.90178240740741,3431505.0,0,Nhóm 1 — mức chi tiêu trung vị hạng 1/3
C00247,2026-07-28 15:35:59,9,40797076.0,0.03333333333333333,22.0,2.2222222222222223,48,Male,Đà Nẵng,54.350011574074074,4533008.444444444,2,Nhóm 3 — mức chi tiêu trung vị hạng 3/3
C00248,2026-08-18 19:42:02,6,35974000.0,0.0251370026209197,23.0,3.0,35,Male,Đà Nẵng,33.179143518518515,5995666.666666667,2,Nhóm 3 — mức chi tiêu trung vị hạng 3/3
C00249,2026-08-22 18:56:06,3,1388464.0,0.0,8.0,4.666666666666667,53,Male,TP. Hồ Chí Minh,29.211041666666667,462821.3333333333,0,Nhóm 1 — mức chi tiêu trung vị hạng 1/3
C00250,2026-08-19 07:53:32,9,14884472.0,0.08281795946890286,33.0,2.3333333333333335,19,Male,Vũng Tàu,32.67115740740741,1653830.2222222222,2,Nhóm 3 — mức chi tiêu trung vị hạng 3/3
C00251,2026-08-06 08:44:26,6,17401297.0,0.06683375104427734,19.0,3.8333333333333335,31,Female,Biên Hòa,45.635810185185186,2900216.1666666665,2,Nhóm 3 — mức chi tiêu trung vị hạng 3/3
C00252,2026-07-19 08:04:44,3,24164070.0,0.0,13.0,3.0,30,Male,Hà Nội,63.66337962962963,8054690.0,2,Nhóm 3 — mức chi tiêu trung vị hạng 3/3
C00253,2026-09-20 22:12:50,5,12053000.0,0.13999999999999999,12.0,4.2,46,Female,Vũng Tàu,0.07442129629629629,2410600.0,2,Nhóm 3 — mức chi tiêu trung vị hạng 3/3
C00254,2026-07-15 02:16:58,7,17210750.0,0.02865853658536584,24.0,2.857142857142857,29,Male,Nha Trang,67.90488425925926,2458678.5714285714,2,Nhóm 3 — mức chi tiêu trung vị hạng 3/3
C00255,2026-09-14 21:31:55,7,13976740.0,0.050595238095238096,22.0,3.0,56,Male,Nha Trang,6.102835648148148,1996677.142857143,2,Nhóm 3 — mức chi tiêu trung vị hạng 3/3
C00256,2026-06-14 15:40:52,3,8417880.0,0.13526291486119035,11.0,3.0,19,Male,Đà Nẵng,98.34662037037037,2805960.0,1,Nhóm 2 — mức chi tiêu trung vị hạng 2/3
C00257,2026-09-19 18:15:12,5,34937464.0,0.0,13.0,2.4,49,Male,Hà Nội,1.2394444444444443,6987492.8,2,Nhóm 3 — mức chi tiêu trung vị hạng 3/3
C00258,2026-08-12 07:29:56,10,11518166.0,0.13394527092100644,28.0,3.3,30,Female,Hải Phòng,39.6875462962963,1151816.6,2,Nhóm 3 — mức chi tiêu trung vị hạng 3/3
C00259,2026-08-03 04:34:58,8,5436339.0,0.0,28.0,2.125,63,Female,Đà Lạt,48.80905092592592,679542.375,2,Nhóm 3 — mức chi tiêu trung vị hạng 3/3
C00260,2026-06-14 08:51:08,6,2746000.0,0.0,21.0,3.0,44,Male,Cần Thơ,98.63115740740741,457666.6666666667,0,Nhóm 1 — mức chi tiêu trung vị hạng 1/3
C00261,2026-07-29 00:29:52,4,2767000.0,0.125,11.0,2.25,58,Male,Hà Nội,53.97925925925926,691750.0,1,Nhóm 2 — mức chi tiêu trung vị hạng 2/3
C00262,2026-07-27 10:24:37,9,7786696.0,0.05450142450142449,21.0,3.2222222222222223,34,Female,Cần Thơ,55.566238425925924,865188.4444444445,2,Nhóm 3 — mức chi tiêu trung vị hạng 3/3
C00263,2026-09-20 22:10:21,6,7528784.0,0.017615176151761516,17.0,3.0,57,Male,Vũng Tàu,0.07614583333333333,1254797.3333333333,2,Nhóm 3 — mức chi tiêu trung vị hạng 3/3
C00264,2026-09-01 10:01:19,7,3609105.0,0.11401748325968233,17.0,2.4285714285714284,48,Male,Vũng Tàu,19.58241898148148,515586.4285714286,1,Nhóm 2 — mức chi tiêu trung vị hạng 2/3
C00265,2026-08-25 22:29:10,7,30463596.0,0.012408526885141572,23.0,3.2857142857142856,51,Male,Cần Thơ,26.063078703703702,4351942.285714285,2,Nhóm 3 — mức chi tiêu trung vị hạng 3/3
C00266,2026-09-19 14:22:11,10,20372646.0,0.0,35.0,3.1,41,Female,Đà Lạt,1.4012615740740741,2037264.6,2,Nhóm 3 — mức chi tiêu trung vị hạng 3/3
C00267,2026-04-16 08:18:47,2,2251800.0,0.0,9.0,2.5,62,Female,Hà Nội,157.65362268518518,1125900.0,0,Nhóm 1 — mức chi tiêu trung vị hạng 1/3
C00268,2026-05-05 20:51:30,4,16212798.0,0.0,13.0,3.25,52,Female,Hải Phòng,138.13090277777778,4053199.5,2,Nhóm 3 — mức chi tiêu trung vị hạng 3/3
C00269,2026-09-01 09:28:41,9,27018111.0,0.06174345076784101,24.0,3.3333333333333335,65,Male,Đà Nẵng,19.60508101851852,3002012.3333333335,2,Nhóm 3 — mức chi tiêu trung vị hạng 3/3
C00270,2026-07-04 11:03:04,6,9225470.0,0.024996665332799786,19.0,3.6666666666666665,23,Male,TP. Hồ Chí Minh,78.53953703703704,1537578.3333333333,2,Nhóm 3 — mức chi tiêu trung vị hạng 3/3
C00271,2026-09-16 19:04:42,7,9665904.0,0.1246679333388406,21.0,2.857142857142857,36,Female,Vũng Tàu,4.205069444444445,1380843.4285714286,2,Nhóm 3 — mức chi tiêu trung vị hạng 3/3
C00272,2026-07-31 13:02:27,6,8504278.0,0.0,21.0,3.3333333333333335,47,Female,Nha Trang,51.456631944444446,1417379.6666666667,2,Nhóm 3 — mức chi tiêu trung vị hạng 3/3
C00273,2026-06-08 03:59:13,6,6442846.0,0.008333333333333333,17.0,2.8333333333333335,24,Female,Đà Lạt,104.83387731481481,1073807.6666666667,2,Nhóm 3 — mức chi tiêu trung vị hạng 3/3
C00274,2026-07-17 10:26:57,3,3307420.0,0.27915982912427983,14.0,2.6666666666666665,27,Female,TP. Hồ Chí Minh,65.56461805555556,1102473.3333333333,1,Nhóm 2 — mức chi tiêu trung vị hạng 2/3
C00275,2026-09-17 08:37:37,8,17396600.0,0.09333333333333334,31.0,3.25,58,Male,Hải Phòng,3.6405439814814815,2174575.0,2,Nhóm 3 — mức chi tiêu trung vị hạng 3/3
C00276,2026-01-27 11:11:54,4,2420285.0,0.0,13.0,1.75,49,Female,Huế,236.53340277777778,605071.25,0,Nhóm 1 — mức chi tiêu trung vị hạng 1/3
C00277,2026-03-29 07:46:15,6,21786810.0,0.0,21.0,2.8333333333333335,51,Male,Đà Nẵng,175.67621527777777,3631135.0,2,Nhóm 3 — mức chi tiêu trung vị hạng 3/3
C00278,2026-08-18 10:42:41,8,22108029.0,0.09680435980618463,25.0,2.5,45,Female,Vũng Tàu,33.55369212962963,2763503.625,2,Nhóm 3 — mức chi tiêu trung vị hạng 3/3
C00279,2026-08-21 07:09:32,5,3382900.0,0.0,17.0,1.6,32,Male,Đà Nẵng,30.70171296296296,676580.0,2,Nhóm 3 — mức chi tiêu trung vị hạng 3/3
C00280,2026-05-27 16:13:30,3,10925304.0,0.03333333333333333,10.0,2.3333333333333335,47,Female,TP. Hồ Chí Minh,116.32395833333334,3641768.0,0,Nhóm 1 — mức chi tiêu trung vị hạng 1/3
C00281,2026-05-27 08:50:07,4,1904200.0,0.025,10.0,2.25,54,Female,Đà Nẵng,116.63186342592593,476050.0,0,Nhóm 1 — mức chi tiêu trung vị hạng 1/3
C00282,2026-07-04 11:06:26,4,3286600.0,0.03846153846153845,13.0,3.75,46,Female,Huế,78.53719907407407,821650.0,0,Nhóm 1 — mức chi tiêu trung vị hạng 1/3
C00283,2026-09-08 02:19:10,7,8372281.0,0.0,21.0,3.4285714285714284,39,Female,TP. Hồ Chí Minh,12.903356481481481,1196040.142857143,2,Nhóm 3 — mức chi tiêu trung vị hạng 3/3
C00284,2026-08-11 18:52:35,4,17541230.0,0.0,16.0,2.75,21,Male,Vũng Tàu,40.213483796296295,4385307.5,2,Nhóm 3 — mức chi tiêu trung vị hạng 3/3
C00285,2026-08-22 15:41:40,4,1738000.0,0.13839285714285715,8.0,2.5,37,Female,Hà Nội,29.346064814814813,434500.0,1,Nhóm 2 — mức chi tiêu trung vị hạng 2/3
C00286,2026-05-16 11:30:24,4,12269786.0,0.125,11.0,2.25,49,Male,Nha Trang,127.52055555555556,3067446.5,1,Nhóm 2 — mức chi tiêu trung vị hạng 2/3
C00287,2026-06-02 15:51:33,5,17025338.0,0.08018018018018018,18.0,2.4,53,Male,TP. Hồ Chí Minh,110.3392013888889,3405067.6,2,Nhóm 3 — mức chi tiêu trung vị hạng 3/3
C00288,2026-09-17 18:01:16,3,6813036.0,0.0357142857142857,8.0,3.3333333333333335,21,Male,Biên Hòa,3.2491203703703704,2271012.0,2,Nhóm 3 — mức chi tiêu trung vị hạng 3/3
C00289,2025-12-25 10:22:11,3,1968214.0,0.0,8.0,4.0,44,Male,Huế,269.56792824074074,656071.3333333334,0,Nhóm 1 — mức chi tiêu trung vị hạng 1/3
C00290,2026-08-11 17:58:43,8,49829248.0,0.0421914595396594,18.0,2.5,34,Female,TP. Hồ Chí Minh,40.2508912037037,6228656.0,2,Nhóm 3 — mức chi tiêu trung vị hạng 3/3
C00291,2025-11-05 09:04:15,1,349000.0,0.3642987249544626,1.0,2.0,29,Male,TP. Hồ Chí Minh,319.6220486111111,349000.0,1,Nhóm 2 — mức chi tiêu trung vị hạng 2/3
C00292,2026-06-05 03:32:49,4,11947992.0,0.0,8.0,3.5,39,Male,Biên Hòa,107.85221064814814,2986998.0,2,Nhóm 3 — mức chi tiêu trung vị hạng 3/3
C00293,2026-07-12 01:08:36,11,14137602.0,0.053211547467150844,38.0,3.0,34,Male,Vũng Tàu,70.95236111111112,1285236.5454545454,2,Nhóm 3 — mức chi tiêu trung vị hạng 3/3
C00294,2026-08-30 13:50:40,6,20761546.0,0.0083572110792741,24.0,3.1666666666666665,27,Female,TP. Hồ Chí Minh,21.423148148148147,3460257.6666666665,2,Nhóm 3 — mức chi tiêu trung vị hạng 3/3
C00295,2026-07-14 00:43:20,3,25461388.0,0.0,11.0,3.0,18,Female,Nha Trang,68.9699074074074,8487129.333333334,2,Nhóm 3 — mức chi tiêu trung vị hạng 3/3
C00296,2026-03-01 08:02:15,3,4065000.0,0.164804469273743,11.0,4.0,39,Female,Đà Nẵng,203.66510416666668,1355000.0,1,Nhóm 2 — mức chi tiêu trung vị hạng 2/3
C00297,2026-08-19 20:51:19,3,3792424.0,0.03333333333333333,10.0,3.0,43,Female,Vũng Tàu,32.131030092592596,1264141.3333333333,0,Nhóm 1 — mức chi tiêu trung vị hạng 1/3
C00298,2026-08-23 21:39:54,3,1144529.0,0.12196078431372549,6.0,3.0,35,Male,Nha Trang,28.097291666666667,381509.6666666667,1,Nhóm 2 — mức chi tiêu trung vị hạng 2/3
C00299,2026-02-11 07:31:11,5,67556400.0,0.06966618287373004,16.0,2.4,31,Male,Vũng Tàu,221.68667824074075,13511280.0,2,Nhóm 3 — mức chi tiêu trung vị hạng 3/3
C00300,2026-08-20 17:43:43,6,16255692.0,0.04976609933313427,20.0,2.6666666666666665,64,Female,Nha Trang,31.26130787037037,2709282.0,2,Nhóm 3 — mức chi tiêu trung vị hạng 3/3
C00301,2026-08-04 04:42:08,7,11475118.0,0.05771428571428572,14.0,3.857142857142857,46,Male,Huế,47.80407407407407,1639302.5714285714,2,Nhóm 3 — mức chi tiêu trung vị hạng 3/3
C00302,2026-09-12 02:07:18,4,2964000.0,0.08823529411764705,12.0,3.5,29,Male,Nha Trang,8.911597222222222,741000.0,2,Nhóm 3 — mức chi tiêu trung vị hạng 3/3
C00303,2026-07-25 02:29:19,5,6239996.0,0.02,16.0,3.4,53,Male,Cần Thơ,57.89630787037037,1247999.2,2,Nhóm 3 — mức chi tiêu trung vị hạng 3/3
C00304,2026-09-17 10:36:46,7,10238783.0,0.04860584925698015,21.0,3.5714285714285716,52,Female,Nha Trang,3.557800925925926,1462683.2857142857,2,Nhóm 3 — mức chi tiêu trung vị hạng 3/3
C00305,2026-09-04 23:57:41,4,5141550.0,0.026422764227642274,9.0,3.0,29,Female,Hà Nội,16.001608796296296,1285387.5,2,Nhóm 3 — mức chi tiêu trung vị hạng 3/3
C00306,2026-09-14 05:49:40,6,782200.0,0.0,15.0,3.1666666666666665,24,Male,Hà Nội,6.757175925925926,130366.66666666667,2,Nhóm 3 — mức chi tiêu trung vị hạng 3/3
C00307,2026-08-28 19:21:37,6,7748420.0,0.03569064752010758,21.0,2.8333333333333335,46,Female,Đà Lạt,23.19332175925926,1291403.3333333333,2,Nhóm 3 — mức chi tiêu trung vị hạng 3/3
C00308,2026-08-27 18:40:50,6,6452344.0,0.04682921398352258,19.0,2.8333333333333335,28,Female,Cần Thơ,24.22164351851852,1075390.6666666667,2,Nhóm 3 — mức chi tiêu trung vị hạng 3/3
C00309,2026-08-03 05:18:46,3,4760000.0,0.0881763527054108,7.0,2.3333333333333335,50,Female,Cần Thơ,48.778634259259256,1586666.6666666667,1,Nhóm 2 — mức chi tiêu trung vị hạng 2/3
C00310,2026-07-25 17:59:30,6,3437142.0,0.0,18.0,3.1666666666666665,23,Female,Đà Nẵng,57.250347222222224,572857.0,2,Nhóm 3 — mức chi tiêu trung vị hạng 3/3
C00311,2026-08-27 05:57:55,5,6543826.0,0.0,9.0,2.6,64,Female,Cần Thơ,24.75144675925926,1308765.2,2,Nhóm 3 — mức chi tiêu trung vị hạng 3/3
C00312,2026-09-19 10:31:29,6,7951664.0,0.09166666666666667,23.0,3.6666666666666665,32,Male,Đà Nẵng,1.5614699074074074,1325277.3333333333,2,Nhóm 3 — mức chi tiêu trung vị hạng 3/3
C00313,2026-07-17 20:54:52,3,2805420.0,0.0729999700136063,13.0,2.3333333333333335,49,Female,Đà Lạt,65.12856481481481,935140.0,0,Nhóm 1 — mức chi tiêu trung vị hạng 1/3
C00314,2026-09-02 07:45:10,5,2913104.0,0.03076946805065008,18.0,4.2,28,Male,Đà Lạt,18.676967592592593,582620.8,2,Nhóm 3 — mức chi tiêu trung vị hạng 3/3
C00315,2026-08-07 11:54:39,5,6406104.0,0.16395253682487723,8.0,2.4,40,Male,Huế,44.50371527777778,1281220.8,1,Nhóm 2 — mức chi tiêu trung vị hạng 2/3
C00316,2026-02-15 05:30:14,4,14819158.0,0.125,10.0,3.75,43,Female,Hà Nội,217.77067129629629,3704789.5,1,Nhóm 2 — mức chi tiêu trung vị hạng 2/3
C00317,2026-08-16 03:13:12,4,3950024.0,0.0750388802488336,14.0,1.75,51,Male,Nha Trang,35.865833333333335,987506.0,1,Nhóm 2 — mức chi tiêu trung vị hạng 2/3
C00318,2026-06-21 06:13:54,5,6726046.0,0.0,13.0,4.2,63,Male,Nha Trang,91.74034722222223,1345209.2,2,Nhóm 3 — mức chi tiêu trung vị hạng 3/3
C00319,2026-08-30 22:57:03,8,9910000.0,0.09762301955968114,24.0,3.375,51,Male,Biên Hòa,21.04371527777778,1238750.0,2,Nhóm 3 — mức chi tiêu trung vị hạng 3/3
C00320,2026-09-18 02:00:50,3,1460000.0,0.041237113402061834,12.0,4.333333333333333,46,Female,Biên Hòa,2.916087962962963,486666.6666666667,2,Nhóm 3 — mức chi tiêu trung vị hạng 3/3
C00321,2026-07-16 07:38:11,3,8442848.0,0.0,8.0,2.6666666666666665,21,Female,Hải Phòng,66.68181712962964,2814282.6666666665,0,Nhóm 1 — mức chi tiêu trung vị hạng 1/3
C00322,2026-02-26 21:24:30,3,20797000.0,0.09004524886877828,12.0,3.6666666666666665,34,Male,Vũng Tàu,206.1079861111111,6932333.333333333,1,Nhóm 2 — mức chi tiêu trung vị hạng 2/3
C00323,2025-11-09 10:24:29,1,54000.0,0.0784982935153583,2.0,5.0,52,Female,Huế,315.5663310185185,54000.0,0,Nhóm 1 — mức chi tiêu trung vị hạng 1/3
C00324,2026-01-21 22:54:16,2,330200.0,0.22550125313283204,4.0,3.0,30,Female,Hải Phòng,242.04564814814816,165100.0,1,Nhóm 2 — mức chi tiêu trung vị hạng 2/3
C00325,2026-07-18 02:53:52,7,18858023.0,0.10857017142138771,25.0,2.857142857142857,58,Female,Hải Phòng,64.87925925925926,2694003.285714286,2,Nhóm 3 — mức chi tiêu trung vị hạng 3/3
C00326,2026-08-29 03:23:46,5,10073800.0,0.030269172168613502,14.0,2.8,56,Female,TP. Hồ Chí Minh,22.85849537037037,2014760.0,2,Nhóm 3 — mức chi tiêu trung vị hạng 3/3
C00327,2026-09-01 11:54:33,6,8747700.0,0.14080580082097258,13.0,3.1666666666666665,32,Male,TP. Hồ Chí Minh,19.50378472222222,1457950.0,1,Nhóm 2 — mức chi tiêu trung vị hạng 2/3
C00328,2026-08-21 09:33:19,8,5384800.0,0.0389273356401384,26.0,2.5,46,Male,Hải Phòng,30.601863425925927,673100.0,2,Nhóm 3 — mức chi tiêu trung vị hạng 3/3
C00329,2026-06-13 19:47:49,6,11285064.0,0.07588077713275924,18.0,2.3333333333333335,46,Female,Cần Thơ,99.17512731481482,1880844.0,2,Nhóm 3 — mức chi tiêu trung vị hạng 3/3
C00330,2026-08-14 11:58:33,12,130861706.1120008,0.03834796857200235,39.0,2.3333333333333335,28,Female,Vũng Tàu,37.50100694444444,10905142.176000066,2,Nhóm 3 — mức chi tiêu trung vị hạng 3/3
C00331,2026-08-07 02:28:35,8,5852278.0,0.050480769230769225,25.0,3.0,49,Male,Huế,44.89681712962963,731534.75,2,Nhóm 3 — mức chi tiêu trung vị hạng 3/3
C00332,2026-06-08 11:23:25,5,5160500.0,0.14914285714285716,17.0,2.4,19,Male,Hải Phòng,104.52540509259259,1032100.0,1,Nhóm 2 — mức chi tiêu trung vị hạng 2/3
C00333,2026-09-15 20:12:23,15,4651120.0,0.01571934323802363,39.0,2.8666666666666667,64,Female,Nha Trang,5.15806712962963,310074.6666666667,2,Nhóm 3 — mức chi tiêu trung vị hạng 3/3
C00334,2026-08-19 04:08:20,4,1908500.0,0.0,14.0,3.0,31,Male,Vũng Tàu,32.8275462962963,477125.0,0,Nhóm 1 — mức chi tiêu trung vị hạng 1/3
C00335,2026-08-19 21:20:56,4,1978000.0,0.07523510971786833,8.0,3.5,37,Female,TP. Hồ Chí Minh,32.11046296296296,494500.0,1,Nhóm 2 — mức chi tiêu trung vị hạng 2/3
C00336,2026-09-02 03:48:48,5,18326142.0,0.030228310502283102,18.0,3.2,39,Female,Nha Trang,18.84111111111111,3665228.4,2,Nhóm 3 — mức chi tiêu trung vị hạng 3/3
C00337,2026-07-14 02:31:32,3,6021312.0,0.16239316239316237,10.0,2.0,28,Male,TP. Hồ Chí Minh,68.89476851851852,2007104.0,1,Nhóm 2 — mức chi tiêu trung vị hạng 2/3
C00338,2026-03-09 21:39:55,3,23951998.0,0.03333333333333333,8.0,2.3333333333333335,44,Male,TP. Hồ Chí Minh,195.0972800925926,7983999.333333333,0,Nhóm 1 — mức chi tiêu trung vị hạng 1/3
C00339,2026-08-13 05:01:10,5,7497000.0,0.06966618287373004,17.0,3.4,20,Female,Vũng Tàu,38.790856481481484,1499400.0,2,Nhóm 3 — mức chi tiêu trung vị hạng 3/3
C00340,2026-07-15 10:19:20,6,42744130.0,0.1088757396449704,18.0,3.5,34,Female,TP. Hồ Chí Minh,67.56990740740741,7124021.666666667,2,Nhóm 3 — mức chi tiêu trung vị hạng 3/3
C00341,2026-02-27 17:08:39,2,5610430.0,0.075,9.0,3.0,61,Male,Đà Lạt,205.28565972222222,2805215.0,0,Nhóm 1 — mức chi tiêu trung vị hạng 1/3
C00342,2026-08-17 20:00:52,5,4732926.0,0.07459207459207459,12.0,3.0,45,Female,Hà Nội,34.16606481481482,946585.2,2,Nhóm 3 — mức chi tiêu trung vị hạng 3/3
C00343,2026-08-14 16:29:52,6,7424677.0,0.014476614699331834,15.0,2.6666666666666665,46,Male,Đà Lạt,37.312592592592594,1237446.1666666667,2,Nhóm 3 — mức chi tiêu trung vị hạng 3/3
C00344,2026-07-01 16:48:10,7,5737266.0,0.024107142857142858,16.0,3.5714285714285716,38,Female,Hà Nội,81.29988425925926,819609.4285714285,2,Nhóm 3 — mức chi tiêu trung vị hạng 3/3
C00345,2026-07-14 20:59:16,6,8029152.0,0.0472689075630252,17.0,4.166666666666667,64,Male,Biên Hòa,68.12550925925926,1338192.0,2,Nhóm 3 — mức chi tiêu trung vị hạng 3/3
C00346,2026-04-24 12:08:55,3,16298800.0,0.03333333333333333,11.0,2.3333333333333335,33,Male,Biên Hòa,149.49380787037038,5432933.333333333,0,Nhóm 1 — mức chi tiêu trung vị hạng 1/3
C00347,2026-07-25 02:14:19,5,6185812.0,0.02,20.0,2.2,54,Male,TP. Hồ Chí Minh,57.906724537037036,1237162.4,2,Nhóm 3 — mức chi tiêu trung vị hạng 3/3
C00348,2026-07-21 08:36:11,3,8512270.0,0.06666666666666667,8.0,3.6666666666666665,37,Female,Huế,61.641539351851854,2837423.3333333335,0,Nhóm 1 — mức chi tiêu trung vị hạng 1/3
C00349,2026-09-09 00:57:34,4,23273000.0,0.0,11.0,4.0,23,Female,Huế,11.960023148148148,5818250.0,2,Nhóm 3 — mức chi tiêu trung vị hạng 3/3
C00350,2026-06-26 13:44:44,4,2073928.0,0.0,15.0,2.75,36,Male,Hà Nội,86.42726851851852,518482.0,0,Nhóm 1 — mức chi tiêu trung vị hạng 1/3
C00351,2026-09-14 00:27:54,9,102641300.0,0.01174345076784101,25.0,2.888888888888889,22,Female,Nha Trang,6.980625,11404588.888888888,2,Nhóm 3 — mức chi tiêu trung vị hạng 3/3
C00352,2026-05-27 18:38:39,4,784700.0,0.0407258064516129,9.0,3.5,20,Male,Vũng Tàu,116.22315972222222,196175.0,0,Nhóm 1 — mức chi tiêu trung vị hạng 1/3
C00353,2026-07-28 15:43:36,6,45474928.0,0.05855855855855855,19.0,3.5,18,Male,TP. Hồ Chí Minh,54.344722222222224,7579154.666666667,2,Nhóm 3 — mức chi tiêu trung vị hạng 3/3
C00354,2026-06-18 06:22:04,3,9516888.0,0.0,11.0,2.0,55,Female,Vũng Tàu,94.73467592592593,3172296.0,0,Nhóm 1 — mức chi tiêu trung vị hạng 1/3
C00355,2026-09-05 02:26:05,5,26548000.0,0.02,14.0,3.2,32,Female,Đà Lạt,15.89855324074074,5309600.0,2,Nhóm 3 — mức chi tiêu trung vị hạng 3/3
C00356,2026-08-08 13:04:09,10,20687954.0,0.04956817023736186,31.0,2.3,51,Male,Huế,43.45545138888889,2068795.4,2,Nhóm 3 — mức chi tiêu trung vị hạng 3/3
C00357,2026-07-01 19:12:30,9,11496166.0,0.08443163256086479,27.0,2.7777777777777777,52,Female,Cần Thơ,81.19965277777777,1277351.7777777778,2,Nhóm 3 — mức chi tiêu trung vị hạng 3/3
C00358,2026-09-05 13:42:48,8,13118160.0,0.09393023492922073,20.0,3.625,42,Female,Đà Lạt,15.428611111111111,1639770.0,2,Nhóm 3 — mức chi tiêu trung vị hạng 3/3
C00359,2026-09-05 03:30:42,5,79910404.1120008,0.0,13.0,3.2,41,Male,Đà Lạt,15.853680555555556,15982080.822400158,2,Nhóm 3 — mức chi tiêu trung vị hạng 3/3
C00360,2026-08-29 17:05:00,5,8298000.0,0.0,18.0,3.6,29,Male,Hà Nội,22.288194444444443,1659600.0,2,Nhóm 3 — mức chi tiêu trung vị hạng 3/3
C00361,2026-08-29 17:56:51,3,2856000.0,0.12525533890436397,5.0,2.6666666666666665,35,Female,Đà Nẵng,22.2521875,952000.0,1,Nhóm 2 — mức chi tiêu trung vị hạng 2/3
C00362,2026-03-23 19:06:26,2,7817766.0,0.0,8.0,4.0,32,Male,Đà Lạt,181.20386574074075,3908883.0,0,Nhóm 1 — mức chi tiêu trung vị hạng 1/3
C00363,2026-06-30 10:07:11,5,9617518.0,0.1601819454163751,18.0,2.6,61,Male,TP. Hồ Chí Minh,82.57834490740741,1923503.6,1,Nhóm 2 — mức chi tiêu trung vị hạng 2/3
C00364,2026-07-26 10:56:33,6,9173172.0,0.0083572110792741,18.0,2.1666666666666665,33,Female,Hải Phòng,56.5440625,1528862.0,2,Nhóm 3 — mức chi tiêu trung vị hạng 3/3
C00365,2026-09-13 02:44:56,4,13375708.0,0.0,12.0,3.75,44,Male,Hải Phòng,7.885462962962963,3343927.0,2,Nhóm 3 — mức chi tiêu trung vị hạng 3/3
C00366,2026-06-01 01:07:40,4,2016750.0,0.11666666666666667,17.0,3.5,25,Male,TP. Hồ Chí Minh,111.95300925925926,504187.5,1,Nhóm 2 — mức chi tiêu trung vị hạng 2/3
C00367,2026-09-18 16:48:22,8,38178445.0,0.0193050193050193,20.0,3.0,63,Female,Đà Nẵng,2.2997453703703705,4772305.625,2,Nhóm 3 — mức chi tiêu trung vị hạng 3/3
C00368,2026-08-01 22:45:30,3,1814300.0,0.0,9.0,2.0,42,Female,Đà Nẵng,50.05173611111111,604766.6666666666,0,Nhóm 1 — mức chi tiêu trung vị hạng 1/3
C00369,2026-06-09 19:05:45,5,3509515.0,0.026225508317929757,17.0,3.8,34,Male,Hà Nội,103.20434027777777,701903.0,0,Nhóm 1 — mức chi tiêu trung vị hạng 1/3
C00370,2026-08-16 06:02:59,4,8083530.0,0.125,14.0,3.25,46,Male,Huế,35.74792824074074,2020882.5,1,Nhóm 2 — mức chi tiêu trung vị hạng 2/3
C00371,2026-03-02 23:27:05,6,5460080.0,0.06320346320346319,20.0,3.1666666666666665,25,Female,Vũng Tàu,202.0228587962963,910013.3333333334,2,Nhóm 3 — mức chi tiêu trung vị hạng 3/3
C00372,2026-01-25 03:03:31,2,5845056.0,0.0,7.0,3.5,32,Female,Đà Nẵng,238.87255787037037,2922528.0,0,Nhóm 1 — mức chi tiêu trung vị hạng 1/3
C00373,2026-02-02 03:05:12,4,4615000.0,0.0,20.0,2.0,44,Female,Cần Thơ,230.8713888888889,1153750.0,0,Nhóm 1 — mức chi tiêu trung vị hạng 1/3
C00374,2026-06-14 17:15:17,5,20212000.0,0.060022230455724336,21.0,2.6,63,Female,Hà Nội,98.28105324074075,4042400.0,2,Nhóm 3 — mức chi tiêu trung vị hạng 3/3
C00375,2026-09-13 11:52:37,3,6384000.0,0.12196078431372549,13.0,2.3333333333333335,24,Male,Biên Hòa,7.505127314814815,2128000.0,1,Nhóm 2 — mức chi tiêu trung vị hạng 2/3
C00376,2026-05-10 14:56:06,2,4778900.0,0.0,9.0,4.0,20,Female,Nha Trang,133.37770833333335,2389450.0,0,Nhóm 1 — mức chi tiêu trung vị hạng 1/3
C00377,2026-09-05 14:03:19,6,77152195.1120008,0.10094850948509486,19.0,4.5,46,Female,Biên Hòa,15.414363425925925,12858699.185333466,2,Nhóm 3 — mức chi tiêu trung vị hạng 3/3
C00378,2026-01-18 13:32:22,2,1279000.0,0.025,3.0,3.5,61,Male,Hà Nội,245.4358564814815,639500.0,0,Nhóm 1 — mức chi tiêu trung vị hạng 1/3
C00379,2026-07-22 14:51:37,2,19467784.0,0.0,4.0,3.0,41,Female,Đà Lạt,60.38082175925926,9733892.0,0,Nhóm 1 — mức chi tiêu trung vị hạng 1/3
C00380,2026-07-23 18:25:02,3,6923496.0,0.0,11.0,3.3333333333333335,20,Male,Vũng Tàu,59.23261574074074,2307832.0,0,Nhóm 1 — mức chi tiêu trung vị hạng 1/3
C00381,2026-07-10 14:53:49,5,7561340.0,0.0,15.0,3.6,37,Female,Nha Trang,72.37929398148148,1512268.0,2,Nhóm 3 — mức chi tiêu trung vị hạng 3/3
C00382,2026-08-29 15:59:59,7,19235244.0,0.0115079365079365,19.0,2.4285714285714284,63,Female,Biên Hòa,22.333344907407408,2747892.0,2,Nhóm 3 — mức chi tiêu trung vị hạng 3/3
C00383,2026-03-19 02:13:43,2,11250000.0,0.375,10.0,1.5,32,Female,Nha Trang,185.9071412037037,5625000.0,1,Nhóm 2 — mức chi tiêu trung vị hạng 2/3
C00384,2026-09-12 12:50:07,6,10964560.0,0.05311626484975542,20.0,2.6666666666666665,42,Male,Cần Thơ,8.465196759259259,1827426.6666666667,2,Nhóm 3 — mức chi tiêu trung vị hạng 3/3
C00385,2026-08-19 18:13:40,4,37115128.0,0.125,13.0,3.25,47,Male,Cần Thơ,32.24050925925926,9278782.0,1,Nhóm 2 — mức chi tiêu trung vị hạng 2/3
C00386,2026-09-06 15:57:48,2,6304000.0,0.07545638945233266,4.0,3.0,31,Female,Cần Thơ,14.334861111111111,3152000.0,1,Nhóm 2 — mức chi tiêu trung vị hạng 2/3
C00387,2026-07-23 04:13:46,6,2481984.0,0.04261517615176152,14.0,2.0,24,Male,Hà Nội,59.82377314814815,413664.0,2,Nhóm 3 — mức chi tiêu trung vị hạng 3/3
C00388,2026-08-30 01:51:15,6,3150086.0,0.025641025641025633,17.0,2.5,34,Male,Vũng Tàu,21.922743055555557,525014.3333333334,2,Nhóm 3 — mức chi tiêu trung vị hạng 3/3
C00389,2026-09-01 19:08:56,10,19191661.0,0.07077049180327868,29.0,3.5,61,Male,Hà Nội,19.20212962962963,1919166.1,2,Nhóm 3 — mức chi tiêu trung vị hạng 3/3
C00390,2026-07-30 19:09:00,7,11877272.0,0.02142857142857143,16.0,2.5714285714285716,37,Male,Hải Phòng,52.202083333333334,1696753.142857143,2,Nhóm 3 — mức chi tiêu trung vị hạng 3/3
C00391,2026-05-30 08:53:35,8,8788608.0,0.08173076923076922,18.0,2.875,53,Male,Đà Lạt,113.62945601851852,1098576.0,2,Nhóm 3 — mức chi tiêu trung vị hạng 3/3
C00392,2026-08-13 23:52:15,3,1702000.0,0.085,11.0,3.3333333333333335,26,Male,Đà Lạt,38.005381944444444,567333.3333333334,0,Nhóm 1 — mức chi tiêu trung vị hạng 1/3
C00393,2026-06-06 23:24:21,2,4557312.0,0.0,6.0,1.5,55,Female,Cần Thơ,106.02475694444445,2278656.0,0,Nhóm 1 — mức chi tiêu trung vị hạng 1/3
C00394,2026-06-20 21:37:38,4,2933068.0,0.10109289617486338,9.0,3.0,65,Female,Hải Phòng,92.09886574074073,733267.0,1,Nhóm 2 — mức chi tiêu trung vị hạng 2/3
C00395,2026-08-20 10:40:08,4,9840575.0,0.03846153846153845,15.0,3.5,39,Male,Đà Nẵng,31.555462962962963,2460143.75,2,Nhóm 3 — mức chi tiêu trung vị hạng 3/3
C00396,2026-09-08 04:29:55,6,1837960.0,0.09536082474226804,19.0,2.5,19,Female,Đà Nẵng,12.81255787037037,306326.6666666667,2,Nhóm 3 — mức chi tiêu trung vị hạng 3/3
C00397,2026-08-31 17:53:14,7,4805164.0,0.12035714285714286,17.0,2.142857142857143,41,Female,Cần Thơ,20.254699074074075,686452.0,1,Nhóm 2 — mức chi tiêu trung vị hạng 2/3
C00398,2026-04-06 17:21:56,2,5739000.0,0.0,3.0,3.0,25,Female,Biên Hòa,167.2764351851852,2869500.0,0,Nhóm 1 — mức chi tiêu trung vị hạng 1/3
C00399,2026-09-10 12:29:12,5,10803540.0,0.02,16.0,3.2,28,Female,Hà Nội,10.479722222222222,2160708.0,2,Nhóm 3 — mức chi tiêu trung vị hạng 3/3
C00400,2026-09-17 12:16:27,2,779000.0,0.2466442953020134,3.0,3.5,30,Male,Cần Thơ,3.4885763888888888,389500.0,1,Nhóm 2 — mức chi tiêu trung vị hạng 2/3
C00401,2026-03-12 20:44:13,1,1035000.0,0.1,1.0,5.0,34,Female,Huế,192.13596064814814,1035000.0,0,Nhóm 1 — mức chi tiêu trung vị hạng 1/3
C00402,2026-05-05 19:08:40,5,4375800.0,0.08130977130977131,21.0,4.2,25,Female,Nha Trang,138.20231481481483,875160.0,1,Nhóm 2 — mức chi tiêu trung vị hạng 2/3
C00403,2026-06-21 13:03:08,6,5908950.0,0.06386861313868612,26.0,3.6666666666666665,38,Male,Đà Lạt,91.4561574074074,984825.0,2,Nhóm 3 — mức chi tiêu trung vị hạng 3/3
C00404,2026-08-04 04:13:33,6,2966438.0,0.013350559862187765,18.0,2.8333333333333335,35,Male,Đà Nẵng,47.82392361111111,494406.3333333333,2,Nhóm 3 — mức chi tiêu trung vị hạng 3/3
C00405,2026-09-17 11:55:34,4,3067576.0,0.0125,9.0,2.5,47,Female,TP. Hồ Chí Minh,3.5030787037037037,766894.0,2,Nhóm 3 — mức chi tiêu trung vị hạng 3/3
C00406,2026-08-06 01:47:30,8,10842204.0,0.0,19.0,2.625,35,Female,Đà Nẵng,45.92534722222222,1355275.5,2,Nhóm 3 — mức chi tiêu trung vị hạng 3/3
C00407,2025-11-11 07:49:06,2,3896000.0,0.0,4.0,3.0,63,Female,Đà Lạt,313.6742361111111,1948000.0,0,Nhóm 1 — mức chi tiêu trung vị hạng 1/3
C00408,2026-07-22 23:50:00,4,10127300.0,0.0680722891566265,11.0,3.0,64,Female,Nha Trang,60.00694444444444,2531825.0,2,Nhóm 3 — mức chi tiêu trung vị hạng 3/3
C00409,2026-07-07 11:06:12,5,32678702.0,0.02,18.0,3.2,48,Female,Đà Lạt,75.53736111111111,6535740.4,2,Nhóm 3 — mức chi tiêu trung vị hạng 3/3
C00410,2026-07-15 21:15:43,7,10924350.0,0.15,26.0,2.7142857142857144,55,Female,TP. Hồ Chí Minh,67.11408564814815,1560621.4285714286,1,Nhóm 2 — mức chi tiêu trung vị hạng 2/3
C00411,2026-09-14 21:44:31,4,10382560.0,0.01006493506493505,10.0,3.75,49,Male,Cần Thơ,6.094085648148148,2595640.0,2,Nhóm 3 — mức chi tiêu trung vị hạng 3/3
C00412,2026-07-02 10:00:56,6,14459626.0,0.0,13.0,3.3333333333333335,28,Female,Hải Phòng,80.58268518518518,2409937.6666666665,2,Nhóm 3 — mức chi tiêu trung vị hạng 3/3
C00413,2026-08-12 20:21:16,5,2670576.0,0.04166666666666666,17.0,3.4,62,Female,TP. Hồ Chí Minh,39.15189814814815,534115.2,2,Nhóm 3 — mức chi tiêu trung vị hạng 3/3
C00414,2025-12-24 16:38:01,1,33783384.0,0.0,4.0,1.0,42,Male,Đà Lạt,270.30693287037036,33783384.0,0,Nhóm 1 — mức chi tiêu trung vị hạng 1/3
C00415,2026-08-21 02:27:07,4,19272894.0,0.025,11.0,2.25,50,Male,Đà Lạt,30.89783564814815,4818223.5,2,Nhóm 3 — mức chi tiêu trung vị hạng 3/3
C00416,2026-09-15 09:16:15,6,6213000.0,0.07833124767308798,17.0,4.0,55,Male,Huế,5.613715277777778,1035500.0,2,Nhóm 3 — mức chi tiêu trung vị hạng 3/3
C00417,2026-05-25 09:00:22,3,1951650.0,0.19999999999999998,12.0,2.6666666666666665,58,Male,Huế,118.62474537037038,650550.0,1,Nhóm 2 — mức chi tiêu trung vị hạng 2/3
C00418,2026-04-03 08:40:45,3,5416456.0,0.03333333333333333,10.0,3.3333333333333335,25,Female,Vũng Tàu,170.63836805555556,1805485.3333333333,0,Nhóm 1 — mức chi tiêu trung vị hạng 1/3
C00419,2026-09-11 04:12:04,6,2225200.0,0.11381824006732556,18.0,3.3333333333333335,28,Female,Huế,9.824953703703704,370866.6666666667,1,Nhóm 2 — mức chi tiêu trung vị hạng 2/3
C00420,2026-08-02 08:27:57,6,17711048.0,0.0,20.0,3.1666666666666665,39,Female,Hà Nội,49.64725694444444,2951841.3333333335,2,Nhóm 3 — mức chi tiêu trung vị hạng 3/3
C00421,2026-08-06 02:26:35,5,14115336.0,0.0404415372035977,20.0,1.8,41,Female,Hải Phòng,45.89820601851852,2823067.2,2,Nhóm 3 — mức chi tiêu trung vị hạng 3/3
C00422,2026-05-05 11:19:49,3,3302000.0,0.0843351548269581,4.0,2.0,58,Female,Nha Trang,138.5279050925926,1100666.6666666667,0,Nhóm 1 — mức chi tiêu trung vị hạng 1/3
C00423,2026-09-09 04:17:22,5,3808000.0,0.0,18.0,3.6,34,Female,TP. Hồ Chí Minh,11.821273148148148,761600.0,2,Nhóm 3 — mức chi tiêu trung vị hạng 3/3
C00424,2026-08-16 07:26:02,3,5050000.0,0.10030324236062514,10.0,4.333333333333333,29,Male,Đà Lạt,35.69025462962963,1683333.3333333333,1,Nhóm 2 — mức chi tiêu trung vị hạng 2/3
C00425,2026-03-28 23:43:23,7,4803698.0,0.11111654135338345,23.0,2.5714285714285716,63,Female,Vũng Tàu,176.01153935185187,686242.5714285715,1,Nhóm 2 — mức chi tiêu trung vị hạng 2/3
C00426,2026-07-07 14:06:14,5,22290916.0,0.02018181818181818,15.0,3.6,49,Male,Vũng Tàu,75.41233796296297,4458183.2,2,Nhóm 3 — mức chi tiêu trung vị hạng 3/3
C00427,2026-09-20 10:43:24,3,372000.0,0.0222222222222222,10.0,3.6666666666666665,32,Male,Nha Trang,0.5531944444444444,124000.0,0,Nhóm 1 — mức chi tiêu trung vị hạng 1/3
C00428,2026-06-19 07:25:06,5,4014340.0,0.0,14.0,3.2,33,Female,Hải Phòng,93.69090277777778,802868.0,0,Nhóm 1 — mức chi tiêu trung vị hạng 1/3
C00429,2026-08-04 09:19:43,4,2705400.0,0.15142276422764228,10.0,3.75,39,Male,TP. Hồ Chí Minh,47.61130787037037,676350.0,1,Nhóm 2 — mức chi tiêu trung vị hạng 2/3
C00430,2026-05-28 05:01:32,3,1168358.0,0.0,7.0,4.333333333333333,45,Female,Đà Nẵng,115.79060185185185,389452.6666666667,0,Nhóm 1 — mức chi tiêu trung vị hạng 1/3
C00431,2026-08-11 05:34:24,7,10467762.0,0.028571428571428574,21.0,3.7142857142857144,37,Male,Huế,40.76777777777778,1495394.5714285714,2,Nhóm 3 — mức chi tiêu trung vị hạng 3/3
C00432,2026-08-22 13:18:53,4,3148530.0,0.0,14.0,3.0,50,Female,Cần Thơ,29.445219907407406,787132.5,0,Nhóm 1 — mức chi tiêu trung vị hạng 1/3
C00433,2026-08-22 18:42:33,4,11262820.0,0.125,8.0,1.5,27,Male,Vũng Tàu,29.22045138888889,2815705.0,1,Nhóm 2 — mức chi tiêu trung vị hạng 2/3
C00434,2026-07-01 21:39:29,8,5496140.0,0.08577127659574468,21.0,2.75,57,Female,Huế,81.09758101851853,687017.5,2,Nhóm 3 — mức chi tiêu trung vị hạng 3/3
C00435,2026-04-19 23:55:39,2,4194000.0,0.08375,6.0,3.0,49,Female,Huế,154.00302083333332,2097000.0,0,Nhóm 1 — mức chi tiêu trung vị hạng 1/3
C00436,2026-09-02 10:35:10,5,5831360.0,0.02,12.0,3.8,50,Female,Hà Nội,18.558912037037036,1166272.0,2,Nhóm 3 — mức chi tiêu trung vị hạng 3/3
C00437,2026-09-11 17:48:08,8,3852894.0,0.025478268230369062,23.0,2.0,19,Female,Hải Phòng,9.25824074074074,481611.75,2,Nhóm 3 — mức chi tiêu trung vị hạng 3/3
C00438,2026-08-17 14:11:12,6,13214928.0,0.08333333333333333,22.0,3.1666666666666665,50,Female,Cần Thơ,34.40888888888889,2202488.0,2,Nhóm 3 — mức chi tiêu trung vị hạng 3/3
C00439,2026-06-12 05:46:29,8,31491966.0,0.008522727272727262,23.0,3.125,50,Male,Đà Nẵng,100.75938657407407,3936495.75,2,Nhóm 3 — mức chi tiêu trung vị hạng 3/3
C00440,2026-08-21 15:41:25,8,19012980.0,0.0,26.0,4.125,58,Male,Đà Lạt,30.346238425925925,2376622.5,2,Nhóm 3 — mức chi tiêu trung vị hạng 3/3
C00441,2026-08-30 05:12:31,5,30031472.0,0.0,15.0,3.2,30,Male,Hà Nội,21.78297453703704,6006294.4,2,Nhóm 3 — mức chi tiêu trung vị hạng 3/3
C00442,2026-09-10 10:18:28,4,4037000.0,0.0,10.0,4.0,47,Female,Huế,10.570509259259259,1009250.0,2,Nhóm 3 — mức chi tiêu trung vị hạng 3/3
C00443,2026-06-07 11:31:37,4,10604100.0,0.05430602006688962,9.0,4.5,50,Male,Huế,105.51971064814815,2651025.0,2,Nhóm 3 — mức chi tiêu trung vị hạng 3/3
C00444,2026-08-01 02:37:36,5,6445590.0,0.07664233576642335,16.0,3.8,30,Female,Biên Hòa,50.89055555555556,1289118.0,2,Nhóm 3 — mức chi tiêu trung vị hạng 3/3
C00445,2026-05-29 20:02:43,3,5467700.0,0.10012515644555693,7.0,3.3333333333333335,43,Female,Cần Thơ,114.1647800925926,1822566.6666666667,1,Nhóm 2 — mức chi tiêu trung vị hạng 2/3
C00446,2026-08-24 19:42:29,7,14307000.0,0.07142857142857142,21.0,3.5714285714285716,39,Male,Cần Thơ,27.17883101851852,2043857.142857143,2,Nhóm 3 — mức chi tiêu trung vị hạng 3/3
C00447,2026-09-06 14:45:27,2,1275450.0,0.0769236701266252,7.0,4.5,56,Male,Biên Hòa,14.385104166666666,637725.0,0,Nhóm 1 — mức chi tiêu trung vị hạng 1/3
C00448,2026-08-25 01:49:16,4,8435980.0,0.0,12.0,2.75,19,Female,Cần Thơ,26.92412037037037,2108995.0,2,Nhóm 3 — mức chi tiêu trung vị hạng 3/3
C00449,2026-08-14 04:56:55,2,2688808.0,0.0,4.0,1.5,55,Male,Huế,37.79380787037037,1344404.0,0,Nhóm 1 — mức chi tiêu trung vị hạng 1/3
C00450,2026-08-25 00:41:15,7,33891670.0,0.04285714285714286,23.0,2.857142857142857,56,Female,Vũng Tàu,26.971354166666668,4841667.142857143,2,Nhóm 3 — mức chi tiêu trung vị hạng 3/3
C00451,2026-04-18 15:01:41,1,195000.0,0.0,5.0,3.0,43,Female,TP. Hồ Chí Minh,155.37383101851853,195000.0,0,Nhóm 1 — mức chi tiêu trung vị hạng 1/3
C00452,2026-08-25 14:27:53,4,1811730.0,0.0125,16.0,2.75,63,Female,Huế,26.39730324074074,452932.5,0,Nhóm 1 — mức chi tiêu trung vị hạng 1/3
C00453,2026-09-03 05:53:47,7,4966508.0,0.043956043956043946,22.0,3.4285714285714284,32,Female,Hà Nội,17.75431712962963,709501.1428571428,2,Nhóm 3 — mức chi tiêu trung vị hạng 3/3
C00454,2026-05-31 04:57:02,4,825000.0,0.0625,11.0,2.5,51,Female,Hải Phòng,112.79372685185186,206250.0,0,Nhóm 1 — mức chi tiêu trung vị hạng 1/3
C00455,2026-09-07 23:43:34,7,3672015.0,0.06513432354399422,18.0,3.5714285714285716,59,Male,Biên Hòa,13.011412037037037,524573.5714285715,2,Nhóm 3 — mức chi tiêu trung vị hạng 3/3
C00456,2026-08-22 11:29:02,4,16775000.0,0.12813706563706562,15.0,3.0,61,Male,Đà Nẵng,29.52150462962963,4193750.0,1,Nhóm 2 — mức chi tiêu trung vị hạng 2/3
C00457,2026-09-09 19:00:37,6,23682204.0,0.03333333333333333,15.0,3.1666666666666665,57,Female,Đà Lạt,11.207905092592593,3947034.0,2,Nhóm 3 — mức chi tiêu trung vị hạng 3/3
C00458,2026-01-29 02:35:17,7,17212166.0,0.06540816326530612,29.0,3.142857142857143,28,Female,Đà Nẵng,234.89216435185185,2458880.8571428573,2,Nhóm 3 — mức chi tiêu trung vị hạng 3/3
C00459,2026-06-12 22:33:44,7,1907390.0,0.07142857142857142,19.0,2.5714285714285716,20,Male,Huế,100.05990740740741,272484.28571428574,2,Nhóm 3 — mức chi tiêu trung vị hạng 3/3
C00460,2026-09-14 03:46:13,5,5735040.0,0.05173821138211382,13.0,3.6,23,Male,Hà Nội,6.842905092592592,1147008.0,2,Nhóm 3 — mức chi tiêu trung vị hạng 3/3
C00461,2026-08-27 12:03:15,3,5211900.0,0.0,9.0,3.0,26,Female,Huế,24.497743055555556,1737300.0,0,Nhóm 1 — mức chi tiêu trung vị hạng 1/3
C00462,2026-09-17 07:07:37,9,14169018.0,0.011111111111111112,24.0,3.6666666666666665,23,Male,Hải Phòng,3.7030439814814815,1574335.3333333333,2,Nhóm 3 — mức chi tiêu trung vị hạng 3/3
C00463,2026-03-25 23:51:57,6,6693232.0,0.017615050112782814,20.0,2.3333333333333335,26,Female,Vũng Tàu,179.00559027777777,1115538.6666666667,2,Nhóm 3 — mức chi tiêu trung vị hạng 3/3
C00464,2026-09-04 23:01:03,10,5608820.0,0.10290935529834284,33.0,2.8,56,Male,Đà Lạt,16.0409375,560882.0,2,Nhóm 3 — mức chi tiêu trung vị hạng 3/3
C00465,2026-07-08 07:01:35,3,5812960.0,0.16666666666666666,13.0,3.6666666666666665,48,Female,Hải Phòng,74.7072337962963,1937653.3333333333,1,Nhóm 2 — mức chi tiêu trung vị hạng 2/3
C00466,2026-09-02 06:42:05,7,36585938.0,0.04389203029979728,16.0,2.5714285714285716,49,Male,Biên Hòa,18.720775462962962,5226562.571428572,2,Nhóm 3 — mức chi tiêu trung vị hạng 3/3
C00467,2026-03-13 02:57:26,1,1700000.0,0.0,4.0,1.0,58,Female,Biên Hòa,191.8767824074074,1700000.0,0,Nhóm 1 — mức chi tiêu trung vị hạng 1/3
C00468,2026-08-09 16:16:17,3,3104000.0,0.021666666666666667,10.0,5.0,29,Male,Huế,42.32202546296296,1034666.6666666666,0,Nhóm 1 — mức chi tiêu trung vị hạng 1/3
C00469,2026-08-14 21:54:39,4,4563266.0,0.0,12.0,4.25,25,Male,Hà Nội,37.08704861111111,1140816.5,2,Nhóm 3 — mức chi tiêu trung vị hạng 3/3
C00470,2026-05-10 17:13:35,4,3572964.0,0.15,9.0,4.5,25,Female,Hải Phòng,133.2822337962963,893241.0,1,Nhóm 2 — mức chi tiêu trung vị hạng 2/3
C00471,2026-09-19 00:05:37,7,24709756.0,0.12987261080902948,19.0,2.7142857142857144,45,Male,Nha Trang,1.9960995370370371,3529965.1428571427,2,Nhóm 3 — mức chi tiêu trung vị hạng 3/3
C00472,2026-07-27 14:25:24,6,5289592.0,0.02545045045045045,12.0,1.8333333333333333,37,Female,Hà Nội,55.399027777777775,881598.6666666666,2,Nhóm 3 — mức chi tiêu trung vị hạng 3/3
C00473,2026-09-16 16:43:47,8,11756576.0,0.0125,25.0,2.75,64,Male,Vũng Tàu,4.302928240740741,1469572.0,2,Nhóm 3 — mức chi tiêu trung vị hạng 3/3
C00474,2026-06-03 15:08:47,1,80000.0,0.0,4.0,5.0,24,Female,Biên Hòa,109.36890046296297,80000.0,0,Nhóm 1 — mức chi tiêu trung vị hạng 1/3
C00475,2026-08-11 23:03:30,2,2377960.0,0.0,9.0,4.0,28,Male,Huế,40.03923611111111,1188980.0,0,Nhóm 1 — mức chi tiêu trung vị hạng 1/3
C00476,2026-07-31 10:58:50,2,2445696.0,0.05,5.0,5.0,37,Female,Cần Thơ,51.54247685185185,1222848.0,0,Nhóm 1 — mức chi tiêu trung vị hạng 1/3
C00477,2026-07-24 11:46:11,5,4932889.0,0.05024211968935586,7.0,3.0,33,Male,Biên Hòa,58.509594907407404,986577.8,2,Nhóm 3 — mức chi tiêu trung vị hạng 3/3
C00478,2026-05-01 19:23:21,9,5863300.0,0.01709401709401709,27.0,2.888888888888889,21,Female,Đà Lạt,142.19211805555557,651477.7777777778,2,Nhóm 3 — mức chi tiêu trung vị hạng 3/3
C00479,2026-06-24 16:41:39,3,3097200.0,0.06944444444444443,7.0,3.6666666666666665,23,Male,TP. Hồ Chí Minh,88.30440972222222,1032400.0,0,Nhóm 1 — mức chi tiêu trung vị hạng 1/3
C00480,2026-09-11 02:50:14,7,22158792.0,0.03473729917498914,25.0,2.4285714285714284,39,Female,Cần Thơ,9.881782407407407,3165541.714285714,2,Nhóm 3 — mức chi tiêu trung vị hạng 3/3
C00481,2026-08-21 04:35:54,3,3294000.0,0.18000000000000002,6.0,3.0,43,Female,Huế,30.80840277777778,1098000.0,1,Nhóm 2 — mức chi tiêu trung vị hạng 2/3
C00482,2026-04-01 16:56:57,5,25350592.0,0.0,15.0,2.4,20,Female,Nha Trang,172.29378472222223,5070118.4,2,Nhóm 3 — mức chi tiêu trung vị hạng 3/3
C00483,2026-09-19 22:57:43,6,14875240.0,0.05857740585774058,18.0,3.1666666666666665,58,Male,Cần Thơ,1.0432523148148147,2479206.6666666665,2,Nhóm 3 — mức chi tiêu trung vị hạng 3/3
C00484,2026-04-23 08:14:35,1,7900000.0,0.0,5.0,1.0,59,Female,Đà Lạt,150.65653935185185,7900000.0,0,Nhóm 1 — mức chi tiêu trung vị hạng 1/3
C00485,2026-03-03 22:48:57,3,52382718.0,0.09999999999999999,9.0,4.0,31,Male,Hà Nội,201.0493402777778,17460906.0,1,Nhóm 2 — mức chi tiêu trung vị hạng 2/3
C00486,2026-07-05 04:34:10,2,1449600.0,0.13474208017942246,6.0,1.5,28,Female,Nha Trang,77.80960648148148,724800.0,1,Nhóm 2 — mức chi tiêu trung vị hạng 2/3
C00487,2026-05-29 08:31:13,3,2222928.0,0.0,10.0,2.3333333333333335,35,Male,Biên Hòa,114.64498842592593,740976.0,0,Nhóm 1 — mức chi tiêu trung vị hạng 1/3
C00488,2026-07-29 04:17:47,7,18980192.0,0.0846938775510204,23.0,3.5714285714285716,29,Female,Nha Trang,53.8209837962963,2711456.0,2,Nhóm 3 — mức chi tiêu trung vị hạng 3/3
C00489,2026-08-05 02:05:48,4,1832000.0,0.07879656160458452,13.0,2.0,40,Male,Hải Phòng,46.912638888888885,458000.0,0,Nhóm 1 — mức chi tiêu trung vị hạng 1/3
C00490,2026-09-03 06:43:12,6,6914672.0,0.0,16.0,3.8333333333333335,29,Male,Đà Lạt,17.72,1152445.3333333333,2,Nhóm 3 — mức chi tiêu trung vị hạng 3/3
C00491,2026-05-10 12:34:02,2,3452000.0,0.0,4.0,2.5,30,Female,Cần Thơ,133.47636574074073,1726000.0,0,Nhóm 1 — mức chi tiêu trung vị hạng 1/3
C00492,2026-06-13 07:01:17,6,25023500.0,0.05669485553206483,16.0,3.3333333333333335,42,Male,Hải Phòng,99.70744212962963,4170583.3333333335,2,Nhóm 3 — mức chi tiêu trung vị hạng 3/3
C00493,2026-09-13 21:21:08,8,14961175.0,0.02896186440677965,24.0,4.125,62,Male,Nha Trang,7.110324074074074,1870146.875,2,Nhóm 3 — mức chi tiêu trung vị hạng 3/3
C00494,2026-07-27 04:35:41,4,16290984.0,0.01,13.0,3.25,36,Female,Hải Phòng,55.80855324074074,4072746.0,2,Nhóm 3 — mức chi tiêu trung vị hạng 3/3
C00495,2026-03-07 00:29:23,3,1383536.0,0.07973113001435712,10.0,2.0,63,Male,Đà Nẵng,197.9795949074074,461178.6666666667,0,Nhóm 1 — mức chi tiêu trung vị hạng 1/3
C00496,2026-07-27 07:47:22,2,1453000.0,0.0,9.0,3.0,53,Male,Đà Lạt,55.675439814814816,726500.0,0,Nhóm 1 — mức chi tiêu trung vị hạng 1/3
C00497,2026-06-13 08:00:21,2,3616992.0,0.0,5.0,3.0,62,Male,Vũng Tàu,99.66642361111111,1808496.0,0,Nhóm 1 — mức chi tiêu trung vị hạng 1/3
C00499,2026-09-15 21:23:06,6,15721480.0,0.016666666666666666,20.0,3.3333333333333335,46,Male,Nha Trang,5.108958333333334,2620246.6666666665,2,Nhóm 3 — mức chi tiêu trung vị hạng 3/3
C00500,2026-08-13 12:15:24,2,3932690.0,0.0,9.0,5.0,49,Female,Đà Lạt,38.48930555555555,1966345.0,0,Nhóm 1 — mức chi tiêu trung vị hạng 1/3
C00501,2026-08-20 09:49:06,6,48435536.0,0.08993624772313297,22.0,2.8333333333333335,61,Male,Vũng Tàu,31.590902777777778,8072589.333333333,2,Nhóm 3 — mức chi tiêu trung vị hạng 3/3
C00502,2026-07-12 04:09:45,9,45557871.0,0.017093967231647203,21.0,3.2222222222222223,35,Male,Vũng Tàu,70.8265625,5061985.666666667,2,Nhóm 3 — mức chi tiêu trung vị hạng 3/3
C00503,2026-09-18 22:56:34,6,18762248.0,0.07407407407407407,19.0,2.8333333333333335,23,Male,Huế,2.044050925925926,3127041.3333333335,2,Nhóm 3 — mức chi tiêu trung vị hạng 3/3
C00504,2026-03-15 00:19:29,6,11332136.0,0.10833333333333334,19.0,3.1666666666666665,35,Female,Hải Phòng,189.9864699074074,1888689.3333333333,1,Nhóm 2 — mức chi tiêu trung vị hạng 2/3
C00505,2026-09-01 11:25:57,6,7179102.0,0.008333333333333333,20.0,3.3333333333333335,36,Male,Vũng Tàu,19.523645833333333,1196517.0,2,Nhóm 3 — mức chi tiêu trung vị hạng 3/3
C00506,2026-05-31 05:19:33,4,2621212.0,0.025,7.0,2.0,39,Male,Đà Nẵng,112.77809027777778,655303.0,0,Nhóm 1 — mức chi tiêu trung vị hạng 1/3
C00507,2026-09-20 22:44:59,5,11341250.0,0.08445861161708156,20.0,2.4,54,Female,Đà Lạt,0.05209490740740741,2268250.0,2,Nhóm 3 — mức chi tiêu trung vị hạng 3/3
C00508,2026-08-28 19:25:25,4,2026800.0,0.026422764227642274,12.0,3.25,49,Male,TP. Hồ Chí Minh,23.19068287037037,506700.0,0,Nhóm 1 — mức chi tiêu trung vị hạng 1/3
C00509,2026-06-02 07:00:15,5,16906410.0,0.06076923076923076,21.0,3.8,58,Female,TP. Hồ Chí Minh,110.70815972222222,3381282.0,2,Nhóm 3 — mức chi tiêu trung vị hạng 3/3
C00510,2026-06-05 20:33:21,6,12502198.0,0.0100250626566416,21.0,3.1666666666666665,20,Female,Nha Trang,107.14350694444444,2083699.6666666667,2,Nhóm 3 — mức chi tiêu trung vị hạng 3/3
C00511,2026-07-22 06:31:06,6,11115900.0,0.14938463308028524,17.0,4.0,45,Male,Biên Hòa,60.72840277777778,1852650.0,1,Nhóm 2 — mức chi tiêu trung vị hạng 2/3
C00512,2026-05-09 15:49:36,4,16310980.0,0.23249999999999998,14.0,2.75,27,Female,Hải Phòng,134.34055555555557,4077745.0,1,Nhóm 2 — mức chi tiêu trung vị hạng 2/3
C00513,2026-08-13 04:00:40,6,21136364.0,0.09324666666666666,18.0,3.1666666666666665,52,Male,Biên Hòa,38.83287037037037,3522727.3333333335,2,Nhóm 3 — mức chi tiêu trung vị hạng 3/3
C00514,2026-08-28 00:44:11,4,5591428.0,0.0895104895104895,19.0,2.25,46,Female,Vũng Tàu,23.96931712962963,1397857.0,1,Nhóm 2 — mức chi tiêu trung vị hạng 2/3
C00515,2026-07-05 05:24:01,7,21561836.0,0.08571428571428572,20.0,2.857142857142857,32,Female,Đà Lạt,77.77498842592593,3080262.285714286,2,Nhóm 3 — mức chi tiêu trung vị hạng 3/3
C00516,2026-09-17 03:07:09,7,28667668.0,0.10712685372879546,25.0,3.142857142857143,50,Male,Nha Trang,3.870034722222222,4095381.1428571427,2,Nhóm 3 — mức chi tiêu trung vị hạng 3/3
C00517,2026-04-17 19:18:40,2,5756620.0,0.0,5.0,3.5,24,Female,Cần Thơ,156.19537037037037,2878310.0,0,Nhóm 1 — mức chi tiêu trung vị hạng 1/3
C00518,2026-08-27 23:10:54,6,22321524.0,0.08333333333333333,14.0,3.5,29,Female,Vũng Tàu,24.034097222222222,3720254.0,2,Nhóm 3 — mức chi tiêu trung vị hạng 3/3
C00519,2025-10-01 04:46:43,1,120000.0,0.0,3.0,2.0,47,Female,Hải Phòng,354.8008912037037,120000.0,0,Nhóm 1 — mức chi tiêu trung vị hạng 1/3
C00520,2026-07-11 09:30:57,5,10393000.0,0.12201624462494025,14.0,2.8,38,Female,TP. Hồ Chí Minh,71.60350694444445,2078600.0,1,Nhóm 2 — mức chi tiêu trung vị hạng 2/3
C00521,2026-08-25 05:41:01,6,6054953.0,0.030555833333333334,21.0,3.5,48,Female,Huế,26.763182870370372,1009158.8333333334,2,Nhóm 3 — mức chi tiêu trung vị hạng 3/3
C00522,2026-06-24 14:10:37,5,5412142.0,0.1,17.0,2.8,41,Male,Đà Lạt,88.40929398148148,1082428.4,1,Nhóm 2 — mức chi tiêu trung vị hạng 2/3
C00523,2026-01-17 14:20:52,2,308548.0,0.0,5.0,3.5,37,Female,Hà Nội,246.40217592592592,154274.0,0,Nhóm 1 — mức chi tiêu trung vị hạng 1/3
C00524,2026-08-16 11:26:48,5,1859000.0,0.07022222222222221,9.0,2.6,54,Male,Biên Hòa,35.52305555555556,371800.0,2,Nhóm 3 — mức chi tiêu trung vị hạng 3/3
C00525,2026-07-17 09:37:22,7,77993510.0,0.05706812803586997,23.0,3.4285714285714284,21,Female,Nha Trang,65.59905092592592,11141930.0,2,Nhóm 3 — mức chi tiêu trung vị hạng 3/3
C00527,2026-08-01 04:50:02,5,2268470.0,0.01,15.0,2.4,61,Male,Đà Lạt,50.79858796296296,453694.0,0,Nhóm 1 — mức chi tiêu trung vị hạng 1/3
C00528,2026-09-08 22:10:46,7,4653968.0,0.10071428571428571,13.0,3.142857142857143,37,Female,Biên Hòa,12.075856481481482,664852.5714285715,2,Nhóm 3 — mức chi tiêu trung vị hạng 3/3
C00529,2026-02-10 17:55:23,2,954600.0,0.0,9.0,3.0,41,Female,Đà Lạt,222.2532060185185,477300.0,0,Nhóm 1 — mức chi tiêu trung vị hạng 1/3
C00530,2026-09-16 19:50:12,5,742500.0,0.1,15.0,3.0,49,Female,Biên Hòa,4.173472222222222,148500.0,1,Nhóm 2 — mức chi tiêu trung vị hạng 2/3
C00531,2026-09-11 02:10:40,5,1817478.0,0.0,15.0,2.6,58,Male,Đà Nẵng,9.90925925925926,363495.6,2,Nhóm 3 — mức chi tiêu trung vị hạng 3/3
C00532,2026-07-13 03:45:06,6,12041000.0,0.08084905660377358,19.0,4.333333333333333,53,Female,Cần Thơ,69.84368055555555,2006833.3333333333,2,Nhóm 3 — mức chi tiêu trung vị hạng 3/3
C00533,2026-05-03 10:46:38,5,8504684.0,0.0,21.0,3.8,51,Male,Vũng Tàu,140.55094907407408,1700936.8,2,Nhóm 3 — mức chi tiêu trung vị hạng 3/3
C00534,2026-09-18 09:20:57,4,4096192.0,0.03770550393137955,15.0,2.75,53,Male,Vũng Tàu,2.610451388888889,1024048.0,2,Nhóm 3 — mức chi tiêu trung vị hạng 3/3
C00535,2026-07-27 15:17:22,6,7407680.0,0.058181621153012564,18.0,3.5,19,Male,Hải Phòng,55.362939814814816,1234613.3333333333,2,Nhóm 3 — mức chi tiêu trung vị hạng 3/3
C00536,2026-08-30 02:06:23,4,8017788.0,0.03846153846153845,12.0,2.25,32,Female,Hà Nội,21.912233796296295,2004447.0,2,Nhóm 3 — mức chi tiêu trung vị hạng 3/3
C00537,2026-09-18 10:36:28,6,615903.0,0.04165877362052668,15.0,3.5,51,Female,Hà Nội,2.558009259259259,102650.5,2,Nhóm 3 — mức chi tiêu trung vị hạng 3/3
C00538,2026-08-26 21:16:26,6,7157995.0,0.017719568567026184,24.0,3.8333333333333335,53,Male,Hải Phòng,25.113587962962963,1192999.1666666667,2,Nhóm 3 — mức chi tiêu trung vị hạng 3/3
C00539,2026-09-11 17:06:32,6,11984602.0,0.07305754001218363,11.0,2.6666666666666665,23,Male,Huế,9.28712962962963,1997433.6666666667,2,Nhóm 3 — mức chi tiêu trung vị hạng 3/3
C00540,2026-06-15 01:06:19,4,33957800.0,0.025,13.0,2.75,56,Female,Vũng Tàu,97.95394675925925,8489450.0,2,Nhóm 3 — mức chi tiêu trung vị hạng 3/3
C00541,2026-07-31 22:18:39,5,8344620.0,0.01,17.0,3.4,59,Male,Huế,51.07038194444444,1668924.0,2,Nhóm 3 — mức chi tiêu trung vị hạng 3/3
C00542,2026-07-10 23:56:41,4,29038786.0,0.025,11.0,4.0,29,Female,Đà Lạt,72.00230324074074,7259696.5,2,Nhóm 3 — mức chi tiêu trung vị hạng 3/3
C00543,2026-04-16 10:23:35,2,1258400.0,0.05625,8.0,4.5,20,Male,Đà Lạt,157.5669560185185,629200.0,0,Nhóm 1 — mức chi tiêu trung vị hạng 1/3
C00545,2026-06-14 22:49:34,6,2827148.0,0.025390070921985818,14.0,3.5,35,Male,Biên Hòa,98.04891203703704,471191.3333333333,2,Nhóm 3 — mức chi tiêu trung vị hạng 3/3
C00546,2026-09-04 04:12:27,3,27332688.0,0.0,10.0,1.6666666666666667,57,Female,Hà Nội,16.8246875,9110896.0,2,Nhóm 3 — mức chi tiêu trung vị hạng 3/3
C00547,2026-05-12 23:21:42,5,3563716.0,0.02,6.0,2.8,38,Male,TP. Hồ Chí Minh,131.02659722222222,712743.2,0,Nhóm 1 — mức chi tiêu trung vị hạng 1/3
C00548,2025-11-04 11:41:58,2,367000.0,0.0,5.0,2.5,32,Female,Cần Thơ,320.51252314814815,183500.0,0,Nhóm 1 — mức chi tiêu trung vị hạng 1/3
C00549,2026-09-14 19:38:57,2,810600.0,0.15,6.0,5.0,50,Female,Hải Phòng,6.181284722222222,405300.0,1,Nhóm 2 — mức chi tiêu trung vị hạng 2/3
C00550,2026-08-26 11:21:37,4,5080000.0,0.04475806451612903,14.0,3.75,52,Male,Hải Phòng,25.52665509259259,1270000.0,2,Nhóm 3 — mức chi tiêu trung vị hạng 3/3
C00551,2026-05-22 04:24:58,1,555432.0,0.0,2.0,5.0,43,Male,Đà Lạt,121.81599537037037,555432.0,0,Nhóm 1 — mức chi tiêu trung vị hạng 1/3
C00552,2026-02-16 07:18:32,3,6453000.0,0.21515151515151512,10.0,3.6666666666666665,25,Female,Vũng Tàu,216.69546296296295,2151000.0,1,Nhóm 2 — mức chi tiêu trung vị hạng 2/3
C00553,2026-09-01 18:25:34,7,3564292.0,0.014285714285714287,22.0,2.5714285714285716,53,Male,Huế,19.23224537037037,509184.5714285714,2,Nhóm 3 — mức chi tiêu trung vị hạng 3/3
C00554,2026-04-19 22:54:57,7,11525656.0,0.04877551020408163,23.0,3.7142857142857144,65,Female,Hà Nội,154.04517361111112,1646522.2857142857,2,Nhóm 3 — mức chi tiêu trung vị hạng 3/3
C00555,2026-09-01 18:07:22,9,31148680.0,0.05480984340044742,25.0,3.111111111111111,47,Male,TP. Hồ Chí Minh,19.24488425925926,3460964.4444444445,2,Nhóm 3 — mức chi tiêu trung vị hạng 3/3
C00556,2026-08-20 17:38:58,8,8321608.0,0.0,21.0,2.625,40,Female,Huế,31.264606481481483,1040201.0,2,Nhóm 3 — mức chi tiêu trung vị hạng 3/3
C00557,2026-07-21 01:00:28,4,4835900.0,0.0,9.0,3.5,59,Female,TP. Hồ Chí Minh,61.958009259259256,1208975.0,0,Nhóm 1 — mức chi tiêu trung vị hạng 1/3
C00558,2026-07-12 01:30:38,6,29037244.0,0.065,13.0,2.5,61,Female,Biên Hòa,70.93706018518519,4839540.666666667,2,Nhóm 3 — mức chi tiêu trung vị hạng 3/3
C00559,2026-08-30 11:10:58,5,2353300.0,0.02,18.0,2.8,31,Female,Cần Thơ,21.534050925925925,470660.0,2,Nhóm 3 — mức chi tiêu trung vị hạng 3/3
C00560,2026-08-16 11:04:04,3,1785570.0,0.02664685487865277,6.0,2.3333333333333335,31,Female,Cần Thơ,35.538842592592594,595190.0,0,Nhóm 1 — mức chi tiêu trung vị hạng 1/3
C00561,2026-09-03 10:37:32,7,25977192.0,0.0,23.0,3.4285714285714284,19,Female,Huế,17.55726851851852,3711027.4285714286,2,Nhóm 3 — mức chi tiêu trung vị hạng 3/3
C00562,2026-08-23 01:15:01,3,5096000.0,0.0564929693961952,5.0,3.3333333333333335,54,Male,Huế,28.947905092592592,1698666.6666666667,0,Nhóm 1 — mức chi tiêu trung vị hạng 1/3
C00563,2026-08-03 04:48:25,8,14928940.0,0.00625,21.0,2.625,22,Male,Huế,48.79971064814815,1866117.5,2,Nhóm 3 — mức chi tiêu trung vị hạng 3/3
C00564,2026-08-21 03:55:34,2,11852400.0,0.2,5.0,3.5,55,Male,TP. Hồ Chí Minh,30.836412037037036,5926200.0,1,Nhóm 2 — mức chi tiêu trung vị hạng 2/3
C00565,2026-08-06 02:47:06,4,1525750.0,0.12125,13.0,2.0,62,Female,Biên Hòa,45.88395833333333,381437.5,1,Nhóm 2 — mức chi tiêu trung vị hạng 2/3
C00566,2026-09-16 17:51:21,7,6805570.0,0.029386005385770488,23.0,3.0,58,Female,Đà Nẵng,4.256006944444445,972224.2857142857,2,Nhóm 3 — mức chi tiêu trung vị hạng 3/3
C00567,2026-08-10 15:25:26,5,12207000.0,0.02,13.0,1.6,64,Female,Huế,41.357337962962966,2441400.0,2,Nhóm 3 — mức chi tiêu trung vị hạng 3/3
C00568,2026-07-27 19:37:22,4,5306032.0,0.15,8.0,2.25,31,Female,Vũng Tàu,55.18238425925926,1326508.0,1,Nhóm 2 — mức chi tiêu trung vị hạng 2/3
C00569,2026-09-11 09:35:48,10,23879500.0,0.01160239361702127,25.0,2.9,56,Male,Hà Nội,9.600138888888889,2387950.0,2,Nhóm 3 — mức chi tiêu trung vị hạng 3/3
C00570,2026-08-29 21:31:34,8,3946401.0,0.08787500000000001,16.0,3.125,42,Male,Hà Nội,22.103078703703705,493300.125,2,Nhóm 3 — mức chi tiêu trung vị hạng 3/3
C00571,2026-05-21 18:16:11,2,2117502.0,0.0,6.0,1.0,37,Female,TP. Hồ Chí Minh,122.23876157407408,1058751.0,0,Nhóm 1 — mức chi tiêu trung vị hạng 1/3
C00572,2026-08-15 17:39:16,5,6802480.0,0.02113821138211382,13.0,2.6,19,Male,Huế,36.264398148148146,1360496.0,2,Nhóm 3 — mức chi tiêu trung vị hạng 3/3
C00573,2026-08-12 19:47:52,4,3999928.0,0.055121527777777776,11.0,3.25,56,Male,Đà Lạt,39.17509259259259,999982.0,2,Nhóm 3 — mức chi tiêu trung vị hạng 3/3
C00574,2026-07-25 11:57:18,9,13617880.0,0.08333376071663633,23.0,3.3333333333333335,23,Female,Hải Phòng,57.501875,1513097.7777777778,2,Nhóm 3 — mức chi tiêu trung vị hạng 3/3
C00575,2026-07-30 08:58:25,9,34751695.0,0.05185185185185185,30.0,3.4444444444444446,34,Male,Đà Nẵng,52.626099537037035,3861299.4444444445,2,Nhóm 3 — mức chi tiêu trung vị hạng 3/3
C00576,2026-08-21 23:53:59,4,11742000.0,0.166875,13.0,4.25,42,Female,Vũng Tàu,30.004178240740742,2935500.0,1,Nhóm 2 — mức chi tiêu trung vị hạng 2/3
C00577,2026-09-05 00:17:44,2,3760080.0,0.0,6.0,3.0,45,Male,Biên Hòa,15.987685185185185,1880040.0,0,Nhóm 1 — mức chi tiêu trung vị hạng 1/3
C00578,2026-09-18 16:47:22,7,54786592.0,0.0,26.0,2.7142857142857144,19,Female,Đà Lạt,2.3004398148148146,7826656.0,2,Nhóm 3 — mức chi tiêu trung vị hạng 3/3
C00579,2026-08-03 21:53:16,9,18390650.0,0.09092910962538468,29.0,2.6666666666666665,52,Female,Cần Thơ,48.08800925925926,2043405.5555555555,2,Nhóm 3 — mức chi tiêu trung vị hạng 3/3
C00580,2026-07-24 22:48:39,6,9918170.0,0.0483317742438416,25.0,2.6666666666666665,54,Female,Đà Lạt,58.04954861111111,1653028.3333333333,2,Nhóm 3 — mức chi tiêu trung vị hạng 3/3
C00581,2026-08-16 01:23:41,2,430200.0,0.2425,9.0,2.5,22,Female,TP. Hồ Chí Minh,35.941886574074076,215100.0,1,Nhóm 2 — mức chi tiêu trung vị hạng 2/3
C00582,2026-07-20 09:19:29,5,10186996.0,0.013333333333333319,18.0,2.8,18,Male,Đà Nẵng,62.611469907407404,2037399.2,2,Nhóm 3 — mức chi tiêu trung vị hạng 3/3
C00583,2026-07-18 00:02:37,7,4645265.0,0.058031654637106675,16.0,3.142857142857143,57,Female,Nha Trang,64.99818287037037,663609.2857142857,2,Nhóm 3 — mức chi tiêu trung vị hạng 3/3
C00584,2026-08-11 11:08:10,7,4538021.0,0.0071428571428571435,24.0,2.4285714285714284,29,Female,Nha Trang,40.53599537037037,648288.7142857143,2,Nhóm 3 — mức chi tiêu trung vị hạng 3/3
C00585,2026-07-15 14:30:16,5,17023740.0,0.15,22.0,3.2,53,Female,Huế,67.39564814814815,3404748.0,1,Nhóm 2 — mức chi tiêu trung vị hạng 2/3
C00586,2026-01-26 08:29:52,2,68800.0,0.03977272727272725,4.0,2.5,62,Male,Huế,237.64592592592592,34400.0,0,Nhóm 1 — mức chi tiêu trung vị hạng 1/3
C00587,2026-09-18 15:11:42,4,4162000.0,0.06153846153846153,12.0,1.75,40,Female,TP. Hồ Chí Minh,2.366875,1040500.0,2,Nhóm 3 — mức chi tiêu trung vị hạng 3/3
C00588,2026-09-13 08:46:30,6,1872000.0,0.0,14.0,3.3333333333333335,64,Male,Biên Hòa,7.634375,312000.0,2,Nhóm 3 — mức chi tiêu trung vị hạng 3/3
C00589,2026-08-01 20:56:24,3,2162700.0,0.016666666666666666,6.0,3.6666666666666665,48,Female,Huế,50.1275,720900.0,0,Nhóm 1 — mức chi tiêu trung vị hạng 1/3
C00590,2026-08-14 05:37:09,8,8484800.0,0.04545454545454545,21.0,2.75,28,Male,Hải Phòng,37.76586805555556,1060600.0,2,Nhóm 3 — mức chi tiêu trung vị hạng 3/3
C00591,2026-08-23 14:55:39,5,4607500.0,0.1,16.0,2.6,27,Male,Đà Nẵng,28.378020833333334,921500.0,1,Nhóm 2 — mức chi tiêu trung vị hạng 2/3
C00592,2026-05-13 02:20:40,4,13106744.0,0.08097979323308269,14.0,4.25,20,Female,TP. Hồ Chí Minh,130.90231481481482,3276686.0,1,Nhóm 2 — mức chi tiêu trung vị hạng 2/3
C00593,2026-03-20 23:28:21,3,16034888.0,0.05073746312684363,5.0,3.6666666666666665,31,Male,Hà Nội,184.02197916666665,5344962.666666667,0,Nhóm 1 — mức chi tiêu trung vị hạng 1/3
C00594,2026-08-20 07:19:40,4,10213518.0,0.0,13.0,1.5,33,Female,Cần Thơ,31.694675925925925,2553379.5,2,Nhóm 3 — mức chi tiêu trung vị hạng 3/3
C00595,2026-09-05 08:47:50,7,10896600.0,0.0,22.0,3.5714285714285716,27,Female,TP. Hồ Chí Minh,15.633449074074074,1556657.142857143,2,Nhóm 3 — mức chi tiêu trung vị hạng 3/3
C00596,2026-05-04 11:32:37,6,2458218.0,0.008333333333333333,21.0,2.6666666666666665,46,Female,TP. Hồ Chí Minh,139.5190162037037,409703.0,0,Nhóm 1 — mức chi tiêu trung vị hạng 1/3
C00597,2026-05-30 20:41:19,3,2859256.0,0.06734006734006732,9.0,3.3333333333333335,27,Male,Nha Trang,113.13797453703704,953085.3333333334,0,Nhóm 1 — mức chi tiêu trung vị hạng 1/3
C00598,2026-08-28 15:31:39,6,70374428.0,0.0,21.0,3.3333333333333335,29,Male,Vũng Tàu,23.353020833333332,11729071.333333334,2,Nhóm 3 — mức chi tiêu trung vị hạng 3/3
C00599,2026-05-13 20:19:19,5,6982152.0,0.01,19.0,2.8,47,Female,Biên Hòa,130.1532523148148,1396430.4,2,Nhóm 3 — mức chi tiêu trung vị hạng 3/3
C00600,2026-09-03 18:30:22,4,3989000.0,0.15815217391304348,13.0,4.0,58,Female,Vũng Tàu,17.228912037037038,997250.0,1,Nhóm 2 — mức chi tiêu trung vị hạng 2/3
C00601,2026-04-28 00:34:38,5,3099700.0,0.01,14.0,3.4,18,Male,Hải Phòng,145.97594907407407,619940.0,0,Nhóm 1 — mức chi tiêu trung vị hạng 1/3
C00602,2026-07-11 07:26:25,5,11161000.0,0.04310344827586206,13.0,2.6,22,Female,Hà Nội,71.68998842592593,2232200.0,2,Nhóm 3 — mức chi tiêu trung vị hạng 3/3
C00603,2026-05-02 19:00:40,4,2783506.0,0.12125,13.0,2.0,37,Female,Nha Trang,141.20787037037036,695876.5,1,Nhóm 2 — mức chi tiêu trung vị hạng 2/3
C00604,2026-06-08 18:22:20,7,12768439.0,0.10150463821892394,22.0,3.2857142857142856,25,Female,Hà Nội,104.23449074074074,1824062.7142857143,1,Nhóm 2 — mức chi tiêu trung vị hạng 2/3
C00605,2026-07-26 17:42:31,4,38789884.0,0.01250025050602215,14.0,4.5,60,Male,Hải Phòng,56.262141203703706,9697471.0,2,Nhóm 3 — mức chi tiêu trung vị hạng 3/3
C00606,2026-08-31 06:11:25,8,10214396.0,0.044375,36.0,3.625,29,Male,Vũng Tàu,20.74207175925926,1276799.5,2,Nhóm 3 — mức chi tiêu trung vị hạng 3/3
C00607,2026-08-09 04:52:19,6,4779306.0,0.07072879330943847,22.0,2.6666666666666665,18,Male,TP. Hồ Chí Minh,42.79700231481481,796551.0,2,Nhóm 3 — mức chi tiêu trung vị hạng 3/3
C00608,2026-07-14 19:26:28,4,34568340.0,0.0,14.0,3.25,37,Female,Huế,68.18995370370371,8642085.0,2,Nhóm 3 — mức chi tiêu trung vị hạng 3/3
C00609,2026-06-20 03:06:54,3,2384464.0,0.0,7.0,2.3333333333333335,45,Female,Huế,92.87020833333334,794821.3333333334,0,Nhóm 1 — mức chi tiêu trung vị hạng 1/3
C00610,2026-05-08 04:43:33,6,12200752.0,0.0,17.0,2.6666666666666665,60,Female,Đà Lạt,135.80309027777778,2033458.6666666667,2,Nhóm 3 — mức chi tiêu trung vị hạng 3/3
C00611,2026-09-14 08:58:12,6,15367612.0,0.049999990956071654,22.0,2.5,54,Male,Cần Thơ,6.62625,2561268.6666666665,2,Nhóm 3 — mức chi tiêu trung vị hạng 3/3
C00612,2026-08-22 10:26:12,3,4884012.0,0.12083333333333333,8.0,2.6666666666666665,64,Female,Biên Hòa,29.56513888888889,1628004.0,1,Nhóm 2 — mức chi tiêu trung vị hạng 2/3
C00613,2026-04-27 08:49:53,4,5746440.0,0.0,16.0,3.5,54,Female,Hải Phòng,146.63202546296296,1436610.0,0,Nhóm 1 — mức chi tiêu trung vị hạng 1/3
C00614,2026-09-17 10:42:19,4,6877048.0,0.02727272727272725,14.0,3.25,29,Female,Cần Thơ,3.5539467592592593,1719262.0,2,Nhóm 3 — mức chi tiêu trung vị hạng 3/3
C00615,2026-07-05 09:25:15,6,21748980.0,0.07226399331662488,13.0,3.5,54,Female,Biên Hòa,77.60746527777778,3624830.0,2,Nhóm 3 — mức chi tiêu trung vị hạng 3/3
C00616,2026-09-20 17:44:52,2,2248524.0,0.0426517571884984,5.0,2.5,61,Male,Cần Thơ,0.2605092592592593,1124262.0,2,Nhóm 3 — mức chi tiêu trung vị hạng 3/3
C00617,2026-03-08 12:19:51,4,33057312.0,0.03846153846153845,13.0,3.25,45,Male,Vũng Tàu,196.48621527777777,8264328.0,2,Nhóm 3 — mức chi tiêu trung vị hạng 3/3
C00618,2026-07-19 16:02:19,6,11801974.0,0.0,16.0,3.6666666666666665,64,Female,Biên Hòa,63.33172453703704,1966995.6666666667,2,Nhóm 3 — mức chi tiêu trung vị hạng 3/3
C00619,2026-05-06 22:07:13,4,3990000.0,0.0,14.0,2.5,32,Male,Vũng Tàu,137.07832175925927,997500.0,0,Nhóm 1 — mức chi tiêu trung vị hạng 1/3
C00620,2026-06-22 06:30:36,2,2860216.0,0.0,5.0,4.0,23,Male,TP. Hồ Chí Minh,90.72875,1430108.0,0,Nhóm 1 — mức chi tiêu trung vị hạng 1/3
C00621,2026-08-10 03:12:02,6,9729847.0,0.08333333333333333,17.0,1.8333333333333333,61,Female,Nha Trang,41.866643518518515,1621641.1666666667,2,Nhóm 3 — mức chi tiêu trung vị hạng 3/3
C00622,2026-09-02 04:48:00,3,788000.0,0.22148148148148147,5.0,3.0,37,Female,Vũng Tàu,18.8,262666.6666666667,1,Nhóm 2 — mức chi tiêu trung vị hạng 2/3
C00623,2026-09-11 16:54:07,8,3913532.0,0.096875,15.0,1.875,31,Male,Huế,9.295752314814814,489191.5,2,Nhóm 3 — mức chi tiêu trung vị hạng 3/3
C00624,2026-04-25 23:40:51,9,3081422.0,0.009478168264110756,21.0,1.7777777777777777,19,Female,Cần Thơ,148.0132986111111,342380.22222222225,2,Nhóm 3 — mức chi tiêu trung vị hạng 3/3
C00625,2026-06-15 05:01:53,7,4454450.0,0.06928571428571428,23.0,2.0,26,Male,Đà Lạt,97.7903587962963,636350.0,2,Nhóm 3 — mức chi tiêu trung vị hạng 3/3
C00626,2025-11-17 08:34:08,1,400000.0,0.0,2.0,1.0,54,Female,Đà Nẵng,307.64296296296294,400000.0,0,Nhóm 1 — mức chi tiêu trung vị hạng 1/3
C00627,2026-09-05 23:36:50,6,4520360.0,0.11706349206349205,15.0,2.8333333333333335,37,Male,Biên Hòa,15.016087962962963,753393.3333333334,1,Nhóm 2 — mức chi tiêu trung vị hạng 2/3
C00628,2026-09-08 04:44:04,7,24997000.0,0.007186322804984058,28.0,3.142857142857143,43,Female,Hải Phòng,12.802731481481482,3571000.0,2,Nhóm 3 — mức chi tiêu trung vị hạng 3/3
C00629,2026-07-20 14:20:15,3,2306000.0,0.12233633623077457,10.0,1.6666666666666667,46,Male,Đà Lạt,62.40260416666667,768666.6666666666,1,Nhóm 2 — mức chi tiêu trung vị hạng 2/3
C00630,2026-09-05 07:59:30,10,11669994.0,0.13887310993096347,28.0,3.3,18,Male,Huế,15.667013888888889,1166999.4,2,Nhóm 3 — mức chi tiêu trung vị hạng 3/3
C00631,2026-08-16 07:45:48,3,770000.0,0.0,10.0,3.3333333333333335,52,Male,Vũng Tàu,35.67652777777778,256666.66666666666,0,Nhóm 1 — mức chi tiêu trung vị hạng 1/3
C00632,2026-04-21 23:46:22,8,29283254.0,0.049999999999999996,20.0,2.375,23,Female,Nha Trang,152.00946759259259,3660406.75,2,Nhóm 3 — mức chi tiêu trung vị hạng 3/3
C00633,2026-08-03 02:14:39,5,3371800.0,0.2616366324183611,15.0,2.8,54,Male,TP. Hồ Chí Minh,48.90649305555556,674360.0,1,Nhóm 2 — mức chi tiêu trung vị hạng 2/3
C00634,2026-06-14 13:08:23,8,5531922.0,0.0875,20.0,3.0,22,Male,Đà Nẵng,98.45251157407408,691490.25,2,Nhóm 3 — mức chi tiêu trung vị hạng 3/3
C00635,2026-08-21 16:56:59,6,22319000.0,0.03333333333333333,22.0,3.1666666666666665,50,Female,Hà Nội,30.293761574074075,3719833.3333333335,2,Nhóm 3 — mức chi tiêu trung vị hạng 3/3
C00636,2026-07-08 16:51:57,2,1219000.0,0.0,3.0,5.0,31,Female,Đà Lạt,74.29725694444444,609500.0,0,Nhóm 1 — mức chi tiêu trung vị hạng 1/3
C00637,2026-08-29 02:14:57,3,4876000.0,0.0,9.0,4.666666666666667,29,Male,Nha Trang,22.90628472222222,1625333.3333333333,0,Nhóm 1 — mức chi tiêu trung vị hạng 1/3
C00638,2026-07-25 14:35:13,8,9600368.0,0.008666666666666663,23.0,3.125,59,Male,Hà Nội,57.39221064814815,1200046.0,2,Nhóm 3 — mức chi tiêu trung vị hạng 3/3
C00639,2026-09-18 09:00:38,7,31156780.0,0.0,24.0,3.0,37,Female,Đà Nẵng,2.624560185185185,4450968.571428572,2,Nhóm 3 — mức chi tiêu trung vị hạng 3/3
C00640,2026-08-25 15:26:11,7,5546732.0,0.16428571428571428,17.0,3.142857142857143,41,Female,Hải Phòng,26.35681712962963,792390.2857142857,1,Nhóm 2 — mức chi tiêu trung vị hạng 2/3
C00641,2026-06-16 06:16:11,4,2855000.0,0.06944444444444445,7.0,3.0,60,Female,Hải Phòng,96.73876157407408,713750.0,0,Nhóm 1 — mức chi tiêu trung vị hạng 1/3
C00642,2026-07-15 06:44:18,3,2207000.0,0.18333333333333335,7.0,4.333333333333333,51,Female,Cần Thơ,67.71923611111112,735666.6666666666,1,Nhóm 2 — mức chi tiêu trung vị hạng 2/3
C00643,2026-07-06 21:25:14,1,390000.0,0.2777777777777778,2.0,2.0,42,Female,Đà Nẵng,76.10747685185186,390000.0,1,Nhóm 2 — mức chi tiêu trung vị hạng 2/3
C00644,2026-08-09 03:08:05,4,8549400.0,0.04849201078251355,10.0,3.5,46,Male,Đà Nẵng,42.86938657407408,2137350.0,2,Nhóm 3 — mức chi tiêu trung vị hạng 3/3
C00645,2026-07-20 20:30:26,3,8451532.0,0.0,11.0,3.3333333333333335,56,Female,Hà Nội,62.14553240740741,2817177.3333333335,0,Nhóm 1 — mức chi tiêu trung vị hạng 1/3
C00646,2026-09-14 02:29:12,4,5383314.0,0.0,12.0,3.75,48,Male,Nha Trang,6.896388888888889,1345828.5,2,Nhóm 3 — mức chi tiêu trung vị hạng 3/3
C00647,2026-07-18 09:10:27,7,3672619.0,0.007146430358036158,24.0,2.4285714285714284,64,Male,Biên Hòa,64.61774305555555,524659.8571428572,2,Nhóm 3 — mức chi tiêu trung vị hạng 3/3
C00648,2026-07-17 14:15:05,7,18245912.0,0.05844155844155845,15.0,3.5714285714285716,60,Male,Hà Nội,65.40619212962963,2606558.8571428573,2,Nhóm 3 — mức chi tiêu trung vị hạng 3/3
C00649,2026-08-24 17:26:54,8,15518484.0,0.04474890751607291,26.0,2.75,40,Female,TP. Hồ Chí Minh,27.272986111111113,1939810.5,2,Nhóm 3 — mức chi tiêu trung vị hạng 3/3
C00650,2026-03-27 09:13:19,1,183600.0,0.0,4.0,1.0,61,Male,Hải Phòng,177.6157523148148,183600.0,0,Nhóm 1 — mức chi tiêu trung vị hạng 1/3
C00651,2026-09-05 00:08:48,6,6961620.0,0.1186757849993144,15.0,3.0,55,Male,Hải Phòng,15.99388888888889,1160270.0,1,Nhóm 2 — mức chi tiêu trung vị hạng 2/3
C00652,2026-08-09 11:44:11,6,10249656.0,0.013300083125519535,16.0,3.1666666666666665,37,Female,Cần Thơ,42.510983796296294,1708276.0,2,Nhóm 3 — mức chi tiêu trung vị hạng 3/3
C00653,2026-08-09 02:36:42,6,16386510.0,0.03333333333333333,23.0,2.0,40,Male,TP. Hồ Chí Minh,42.89118055555556,2731085.0,2,Nhóm 3 — mức chi tiêu trung vị hạng 3/3
C00654,2026-06-11 09:26:56,8,5887706.0,0.07527596075224857,21.0,3.25,62,Male,Hải Phòng,101.60629629629629,735963.25,2,Nhóm 3 — mức chi tiêu trung vị hạng 3/3
C00655,2026-09-13 06:02:04,7,10145038.0,0.0,19.0,3.4285714285714284,33,Female,Hà Nội,7.748564814814815,1449291.142857143,2,Nhóm 3 — mức chi tiêu trung vị hạng 3/3
C00656,2026-05-22 09:43:07,2,1996000.0,0.0,4.0,3.0,59,Male,TP. Hồ Chí Minh,121.59505787037037,998000.0,0,Nhóm 1 — mức chi tiêu trung vị hạng 1/3
C00657,2026-07-04 21:03:26,6,2953268.0,0.008333333333333333,18.0,3.3333333333333335,25,Male,Hà Nội,78.12261574074074,492211.3333333333,2,Nhóm 3 — mức chi tiêu trung vị hạng 3/3
C00658,2026-05-30 09:56:24,6,3351000.0,0.08333333333333333,12.0,3.5,38,Male,Biên Hòa,113.58583333333333,558500.0,1,Nhóm 2 — mức chi tiêu trung vị hạng 2/3
C00659,2026-04-24 08:41:39,3,879000.0,0.0,7.0,2.6666666666666665,18,Female,Biên Hòa,149.63774305555555,293000.0,0,Nhóm 1 — mức chi tiêu trung vị hạng 1/3
C00660,2026-08-14 21:17:52,5,7725846.0,0.0,13.0,2.2,25,Female,Hải Phòng,37.11259259259259,1545169.2,2,Nhóm 3 — mức chi tiêu trung vị hạng 3/3
C00661,2026-07-05 17:51:52,2,1750000.0,0.05026455026455025,4.0,3.5,46,Female,Hải Phòng,77.25564814814815,875000.0,0,Nhóm 1 — mức chi tiêu trung vị hạng 1/3
C00662,2026-09-14 21:35:28,8,7317180.0,0.044230769230769226,24.0,2.75,49,Male,Nha Trang,6.100370370370371,914647.5,2,Nhóm 3 — mức chi tiêu trung vị hạng 3/3
C00663,2026-02-15 13:10:44,3,20886426.0,0.0,9.0,3.0,55,Male,Biên Hòa,217.45087962962964,6962142.0,0,Nhóm 1 — mức chi tiêu trung vị hạng 1/3
C00664,2026-08-16 06:55:37,9,13128630.0,0.011111111111111112,29.0,2.5555555555555554,22,Female,Đà Lạt,35.71137731481482,1458736.6666666667,2,Nhóm 3 — mức chi tiêu trung vị hạng 3/3
C00665,2026-08-11 22:37:46,4,3848764.0,0.0282258064516129,13.0,3.25,64,Male,Đà Lạt,40.05710648148148,962191.0,0,Nhóm 1 — mức chi tiêu trung vị hạng 1/3
C00666,2026-04-13 03:50:19,5,4736499.0,0.11314314285714286,12.0,3.2,39,Male,Cần Thơ,160.84005787037037,947299.8,1,Nhóm 2 — mức chi tiêu trung vị hạng 2/3
C00667,2026-06-26 09:34:59,3,1745000.0,0.0,8.0,2.6666666666666665,64,Female,Biên Hòa,86.60070601851852,581666.6666666666,0,Nhóm 1 — mức chi tiêu trung vị hạng 1/3
C00668,2026-04-22 17:24:13,3,14554836.0,0.0,10.0,3.6666666666666665,51,Female,Hà Nội,151.27484953703703,4851612.0,0,Nhóm 1 — mức chi tiêu trung vị hạng 1/3
C00669,2026-07-25 06:51:55,6,9146170.0,0.06165897641864837,18.0,2.5,18,Male,Hà Nội,57.71394675925926,1524361.6666666667,2,Nhóm 3 — mức chi tiêu trung vị hạng 3/3
C00670,2026-05-21 18:39:20,4,4423000.0,0.125,11.0,3.0,43,Male,Huế,122.22268518518518,1105750.0,1,Nhóm 2 — mức chi tiêu trung vị hạng 2/3
C00671,2026-09-20 15:27:42,4,503000.0,0.0625,9.0,3.25,60,Male,TP. Hồ Chí Minh,0.3557638888888889,125750.0,2,Nhóm 3 — mức chi tiêu trung vị hạng 3/3
C00672,2026-08-26 21:31:53,6,15089312.0,0.075,21.0,3.3333333333333335,27,Female,Vũng Tàu,25.102858796296296,2514885.3333333335,2,Nhóm 3 — mức chi tiêu trung vị hạng 3/3
C00673,2026-08-23 18:47:13,7,49803634.0,0.014527845036319613,15.0,3.7142857142857144,47,Female,Đà Lạt,28.217210648148146,7114804.857142857,2,Nhóm 3 — mức chi tiêu trung vị hạng 3/3
C00674,2026-06-14 22:53:30,1,56000.0,0.0,4.0,5.0,35,Female,Hải Phòng,98.04618055555555,56000.0,0,Nhóm 1 — mức chi tiêu trung vị hạng 1/3
C00675,2026-08-06 04:05:29,5,4644866.0,0.13974285714285714,14.0,2.8,34,Female,Cần Thơ,45.82952546296296,928973.2,1,Nhóm 2 — mức chi tiêu trung vị hạng 2/3
C00676,2026-06-09 03:54:08,7,3331470.0,0.04886283030499518,15.0,4.285714285714286,43,Male,Vũng Tàu,103.83740740740741,475924.28571428574,2,Nhóm 3 — mức chi tiêu trung vị hạng 3/3
C00677,2026-06-07 18:21:14,4,7084472.0,0.037500000000000006,10.0,3.0,25,Female,Đà Nẵng,105.23525462962964,1771118.0,0,Nhóm 1 — mức chi tiêu trung vị hạng 1/3
C00678,2026-06-21 07:30:58,7,12848262.0,0.07197802197802197,21.0,3.857142857142857,64,Female,Cần Thơ,91.68682870370371,1835466.0,2,Nhóm 3 — mức chi tiêu trung vị hạng 3/3
C00679,2026-07-13 07:09:33,9,28719782.0,0.07786121540814907,29.0,3.2222222222222223,57,Female,Đà Nẵng,69.70170138888889,3191086.888888889,2,Nhóm 3 — mức chi tiêu trung vị hạng 3/3
C00680,2026-04-05 22:12:52,2,133000.0,0.0,3.0,4.0,29,Female,Biên Hòa,168.07439814814813,66500.0,0,Nhóm 1 — mức chi tiêu trung vị hạng 1/3
C00681,2026-08-16 08:01:53,6,7614740.0,0.0,20.0,3.1666666666666665,44,Female,Đà Nẵng,35.665358796296296,1269123.3333333333,2,Nhóm 3 — mức chi tiêu trung vị hạng 3/3
C00682,2026-08-06 05:48:36,4,4033928.0,0.0,10.0,3.0,25,Male,Đà Nẵng,45.75791666666667,1008482.0,0,Nhóm 1 — mức chi tiêu trung vị hạng 1/3
C00683,2026-09-13 16:41:54,5,18470318.0,0.0,15.0,2.8,42,Male,Nha Trang,7.304236111111111,3694063.6,2,Nhóm 3 — mức chi tiêu trung vị hạng 3/3
C00684,2026-06-20 00:03:36,7,7890900.0,0.018633540372670798,26.0,3.5714285714285716,63,Female,Nha Trang,92.9975,1127271.4285714286,2,Nhóm 3 — mức chi tiêu trung vị hạng 3/3
C00685,2026-07-15 06:00:21,12,13405040.0,0.06516323024054982,36.0,2.5,21,Male,Nha Trang,67.74975694444444,1117086.6666666667,2,Nhóm 3 — mức chi tiêu trung vị hạng 3/3
C00686,2026-08-23 23:11:40,6,11865326.0,0.054281537176274014,22.0,3.6666666666666665,50,Female,Biên Hòa,28.033564814814813,1977554.3333333333,2,Nhóm 3 — mức chi tiêu trung vị hạng 3/3
C00687,2026-09-08 06:32:01,5,899000.0,0.13958333333333334,12.0,3.4,18,Female,Vũng Tàu,12.727766203703704,179800.0,1,Nhóm 2 — mức chi tiêu trung vị hạng 2/3
C00688,2025-11-27 14:38:44,1,1495000.0,0.0911854103343465,5.0,4.0,36,Male,Cần Thơ,297.3897685185185,1495000.0,0,Nhóm 1 — mức chi tiêu trung vị hạng 1/3
C00689,2026-07-29 03:14:29,5,9658558.0,0.09431468197034912,14.0,2.2,48,Male,Cần Thơ,53.86494212962963,1931711.6,1,Nhóm 2 — mức chi tiêu trung vị hạng 2/3
C00690,2026-09-13 03:37:03,7,11715225.0,0.04559242037410192,18.0,3.857142857142857,33,Female,Hải Phòng,7.849270833333334,1673603.5714285714,2,Nhóm 3 — mức chi tiêu trung vị hạng 3/3
C00691,2026-07-19 05:24:39,4,12388860.0,0.025,12.0,4.5,31,Female,Nha Trang,63.77454861111111,3097215.0,2,Nhóm 3 — mức chi tiêu trung vị hạng 3/3
C00692,2026-09-17 20:35:44,6,5457702.0,0.0251412429378531,19.0,3.5,65,Female,Biên Hòa,3.1418518518518517,909617.0,2,Nhóm 3 — mức chi tiêu trung vị hạng 3/3
C00693,2026-09-08 11:57:49,3,12141000.0,0.10491177873152123,14.0,3.6666666666666665,22,Male,Hải Phòng,12.501516203703703,4047000.0,1,Nhóm 2 — mức chi tiêu trung vị hạng 2/3
C00694,2026-05-29 20:12:17,5,3419500.0,0.16026178010471204,14.0,3.4,58,Female,TP. Hồ Chí Minh,114.15813657407408,683900.0,1,Nhóm 2 — mức chi tiêu trung vị hạng 2/3
C00695,2026-08-16 04:32:49,7,6252494.0,0.09285714285714286,19.0,3.142857142857143,43,Female,Hải Phòng,35.81054398148148,893213.4285714285,2,Nhóm 3 — mức chi tiêu trung vị hạng 3/3
C00696,2026-09-06 15:31:39,6,5898511.0,0.0,17.0,4.0,45,Female,Vũng Tàu,14.353020833333334,983085.1666666666,2,Nhóm 3 — mức chi tiêu trung vị hạng 3/3
C00697,2026-08-30 08:43:57,3,4722480.0,0.0,12.0,4.0,19,Male,Đà Lạt,21.636145833333334,1574160.0,0,Nhóm 1 — mức chi tiêu trung vị hạng 1/3
C00698,2026-05-31 18:58:58,6,11371612.0,0.10892857142857142,14.0,2.1666666666666665,23,Female,Đà Nẵng,112.20905092592592,1895268.6666666667,1,Nhóm 2 — mức chi tiêu trung vị hạng 2/3
C00699,2026-07-19 10:58:17,4,3580000.0,0.0375,14.0,3.75,26,Female,Nha Trang,63.542858796296294,895000.0,0,Nhóm 1 — mức chi tiêu trung vị hạng 1/3
C00700,2026-07-09 17:06:53,4,11086702.0,0.0,10.0,3.75,50,Male,Đà Lạt,73.28688657407407,2771675.5,2,Nhóm 3 — mức chi tiêu trung vị hạng 3/3
C00701,2026-08-25 09:09:17,7,19660498.0,0.021978021978021973,19.0,3.0,58,Female,Hải Phòng,26.61855324074074,2808642.5714285714,2,Nhóm 3 — mức chi tiêu trung vị hạng 3/3
C00702,2026-09-04 11:19:31,6,12174620.0,0.057508680555555546,22.0,2.3333333333333335,42,Female,Biên Hòa,16.528113425925927,2029103.3333333333,2,Nhóm 3 — mức chi tiêu trung vị hạng 3/3
C00704,2026-09-04 08:56:17,4,39752616.0,0.0125,13.0,3.75,30,Female,Cần Thơ,16.62758101851852,9938154.0,2,Nhóm 3 — mức chi tiêu trung vị hạng 3/3
C00705,2026-07-06 01:18:48,4,79076812.1120008,0.0,13.0,2.25,26,Male,Hà Nội,76.94527777777778,19769203.0280002,2,Nhóm 3 — mức chi tiêu trung vị hạng 3/3
C00706,2026-08-28 21:10:36,7,15183552.0,0.020408163265306114,24.0,2.5714285714285716,30,Male,Đà Nẵng,23.117638888888887,2169078.8571428573,2,Nhóm 3 — mức chi tiêu trung vị hạng 3/3
C00707,2026-09-14 04:10:49,8,9161000.0,0.008020344287949913,22.0,2.25,48,Female,Vũng Tàu,6.825821759259259,1145125.0,2,Nhóm 3 — mức chi tiêu trung vị hạng 3/3
C00708,2026-07-22 01:58:07,2,2926182.0,0.0,6.0,4.0,58,Female,Vũng Tàu,60.91797453703704,1463091.0,0,Nhóm 1 — mức chi tiêu trung vị hạng 1/3
C00709,2026-07-25 22:40:12,6,7502000.0,0.07129759129759129,25.0,3.1666666666666665,28,Female,Hải Phòng,57.055416666666666,1250333.3333333333,2,Nhóm 3 — mức chi tiêu trung vị hạng 3/3
C00710,2026-06-04 01:59:04,4,12413000.0,0.03448275862068965,11.0,4.25,21,Female,TP. Hồ Chí Minh,108.91731481481482,3103250.0,2,Nhóm 3 — mức chi tiêu trung vị hạng 3/3
C00711,2025-10-14 05:08:40,2,619200.0,0.0,6.0,2.0,51,Male,Vũng Tàu,341.78564814814814,309600.0,0,Nhóm 1 — mức chi tiêu trung vị hạng 1/3
C00712,2026-05-27 15:56:51,1,5697000.0,0.0,3.0,5.0,55,Female,Vũng Tàu,116.33552083333333,5697000.0,0,Nhóm 1 — mức chi tiêu trung vị hạng 1/3
C00713,2026-05-27 03:27:42,5,8056216.0,0.0,13.0,2.8,63,Male,Biên Hòa,116.85576388888889,1611243.2,2,Nhóm 3 — mức chi tiêu trung vị hạng 3/3
C00714,2026-08-27 10:27:28,2,833850.0,0.0,7.0,3.0,21,Female,Hải Phòng,24.56425925925926,416925.0,0,Nhóm 1 — mức chi tiêu trung vị hạng 1/3
C00715,2026-08-02 15:21:07,5,3980406.0,0.02564102564102564,16.0,2.8,55,Female,Đà Nẵng,49.36033564814815,796081.2,2,Nhóm 3 — mức chi tiêu trung vị hạng 3/3
C00716,2026-09-19 01:30:14,7,12199372.0,0.07142857142857142,20.0,2.4285714285714284,36,Female,TP. Hồ Chí Minh,1.937337962962963,1742767.4285714286,2,Nhóm 3 — mức chi tiêu trung vị hạng 3/3
C00717,2025-10-15 04:31:06,1,30000.0,0.0,3.0,3.0,23,Male,Đà Lạt,340.8117361111111,30000.0,0,Nhóm 1 — mức chi tiêu trung vị hạng 1/3
C00718,2026-05-30 09:04:19,3,1721400.0,0.1648148148148148,8.0,2.3333333333333335,51,Female,Hà Nội,113.62200231481482,573800.0,1,Nhóm 2 — mức chi tiêu trung vị hạng 2/3
C00719,2026-08-22 13:51:16,3,3686780.0,0.0,10.0,2.6666666666666665,35,Female,Nha Trang,29.42273148148148,1228926.6666666667,0,Nhóm 1 — mức chi tiêu trung vị hạng 1/3
C00720,2026-05-25 18:26:55,8,13147200.0,0.20970727400291583,24.0,2.625,30,Female,Cần Thơ,118.23130787037037,1643400.0,1,Nhóm 2 — mức chi tiêu trung vị hạng 2/3
C00721,2026-03-28 11:20:37,2,1179528.0,0.0,5.0,2.5,58,Female,Vũng Tàu,176.52734953703703,589764.0,0,Nhóm 1 — mức chi tiêu trung vị hạng 1/3
C00722,2026-05-24 19:08:20,3,4411000.0,0.0,10.0,3.6666666666666665,40,Male,Hải Phòng,119.20254629629629,1470333.3333333333,0,Nhóm 1 — mức chi tiêu trung vị hạng 1/3
C00723,2026-06-18 12:42:12,4,32004748.0,0.0,11.0,3.25,36,Female,Nha Trang,94.47069444444445,8001187.0,2,Nhóm 3 — mức chi tiêu trung vị hạng 3/3
C00724,2026-09-10 05:36:48,5,3398350.0,0.07766990291262135,8.0,3.2,62,Male,Cần Thơ,10.766111111111112,679670.0,2,Nhóm 3 — mức chi tiêu trung vị hạng 3/3
C00725,2026-08-21 07:22:04,3,1790000.0,0.16666666666666666,4.0,4.0,28,Male,Cần Thơ,30.69300925925926,596666.6666666666,1,Nhóm 2 — mức chi tiêu trung vị hạng 2/3
C00726,2026-09-07 01:39:05,4,2767992.0,0.09107468123861565,15.0,4.25,18,Male,Đà Lạt,13.931192129629629,691998.0,1,Nhóm 2 — mức chi tiêu trung vị hạng 2/3
C00727,2026-08-20 00:20:28,2,1370108.0,0.0,3.0,5.0,41,Male,Đà Lạt,31.98578703703704,685054.0,0,Nhóm 1 — mức chi tiêu trung vị hạng 1/3
C00728,2026-09-04 17:09:05,5,21670448.0,0.01,17.0,3.6,24,Male,Đà Lạt,16.285358796296297,4334089.6,2,Nhóm 3 — mức chi tiêu trung vị hạng 3/3
C00729,2026-09-03 19:23:29,3,12029000.0,0.0,6.0,2.3333333333333335,42,Male,Huế,17.192025462962963,4009666.6666666665,2,Nhóm 3 — mức chi tiêu trung vị hạng 3/3
C00730,2026-09-08 19:52:28,8,20630180.0,0.0,31.0,3.125,38,Female,Huế,12.171898148148149,2578772.5,2,Nhóm 3 — mức chi tiêu trung vị hạng 3/3
C00731,2026-08-29 07:23:40,10,3763300.0,0.005,29.0,3.3,32,Male,Cần Thơ,22.691898148148148,376330.0,2,Nhóm 3 — mức chi tiêu trung vị hạng 3/3
C00732,2026-04-18 19:10:22,1,2160000.0,0.0,4.0,1.0,18,Male,Đà Lạt,155.20113425925925,2160000.0,0,Nhóm 1 — mức chi tiêu trung vị hạng 1/3
C00733,2026-04-07 07:50:51,5,5164013.0,0.0623153942428035,15.0,3.2,29,Male,Biên Hòa,166.67302083333334,1032802.6,0,Nhóm 1 — mức chi tiêu trung vị hạng 1/3
C00734,2026-09-04 23:45:48,4,3559535.0,0.30079713409460873,14.0,2.0,24,Female,Vũng Tàu,16.00986111111111,889883.75,1,Nhóm 2 — mức chi tiêu trung vị hạng 2/3
C00735,2026-07-17 09:04:23,4,12533560.0,0.0,6.0,4.25,32,Female,Nha Trang,65.62195601851852,3133390.0,2,Nhóm 3 — mức chi tiêu trung vị hạng 3/3
C00736,2026-06-18 22:21:03,9,12182391.0,0.09435104774087824,18.0,3.0,38,Male,Nha Trang,94.06871527777778,1353599.0,2,Nhóm 3 — mức chi tiêu trung vị hạng 3/3
C00737,2026-08-15 14:34:47,7,5840981.0,0.10841484006626735,15.0,2.2857142857142856,36,Female,Huế,36.39251157407407,834425.8571428572,1,Nhóm 2 — mức chi tiêu trung vị hạng 2/3
C00738,2026-07-14 01:50:48,3,3942000.0,0.1192528735632184,10.0,4.333333333333333,46,Male,Cần Thơ,68.92305555555555,1314000.0,1,Nhóm 2 — mức chi tiêu trung vị hạng 2/3
C00739,2026-08-29 14:12:47,5,20511748.0,0.0,17.0,3.4,42,Male,Hải Phòng,22.407789351851854,4102349.6,2,Nhóm 3 — mức chi tiêu trung vị hạng 3/3
C00740,2026-07-24 19:23:28,5,5515720.0,0.0,18.0,3.8,50,Female,Đà Nẵng,58.19203703703704,1103144.0,2,Nhóm 3 — mức chi tiêu trung vị hạng 3/3
C00741,2026-09-10 15:55:04,7,7145322.0,0.11856319959488115,17.0,2.5714285714285716,49,Male,Đà Nẵng,10.33675925925926,1020760.2857142857,2,Nhóm 3 — mức chi tiêu trung vị hạng 3/3
C00742,2026-06-25 01:05:21,3,4281400.0,0.16386554621848737,13.0,2.6666666666666665,52,Female,Huế,87.95461805555556,1427133.3333333333,1,Nhóm 2 — mức chi tiêu trung vị hạng 2/3
C00743,2026-09-04 19:07:26,5,16376284.0,0.04113821138211382,17.0,3.4,61,Female,Hải Phòng,16.203171296296297,3275256.8,2,Nhóm 3 — mức chi tiêu trung vị hạng 3/3
C00744,2026-07-01 11:03:53,5,2929700.0,0.07128205128205127,11.0,2.4,55,Male,Huế,81.5389699074074,585940.0,1,Nhóm 2 — mức chi tiêu trung vị hạng 2/3
C00745,2026-07-27 11:01:40,2,1539656.0,0.0,4.0,4.0,43,Male,Đà Nẵng,55.54050925925926,769828.0,0,Nhóm 1 — mức chi tiêu trung vị hạng 1/3
C00746,2026-09-01 11:40:29,5,2921000.0,0.02113821138211382,13.0,3.8,28,Female,Hải Phòng,19.51355324074074,584200.0,2,Nhóm 3 — mức chi tiêu trung vị hạng 3/3
C00747,2026-09-19 09:40:32,7,8354506.0,0.06724499001224304,21.0,2.5714285714285716,52,Male,Đà Lạt,1.5968518518518517,1193500.857142857,2,Nhóm 3 — mức chi tiêu trung vị hạng 3/3
C00748,2026-07-30 20:02:26,4,3990690.0,0.08708272859216255,11.0,2.5,25,Male,Cần Thơ,52.164976851851854,997672.5,1,Nhóm 2 — mức chi tiêu trung vị hạng 2/3
C00749,2026-06-13 07:16:32,5,19643220.0,0.06949999999999998,13.0,1.6,63,Male,Nha Trang,99.69685185185185,3928644.0,2,Nhóm 3 — mức chi tiêu trung vị hạng 3/3
C00750,2026-09-19 05:42:18,5,8947400.0,0.02820444115925958,21.0,3.0,31,Female,Biên Hòa,1.7622916666666666,1789480.0,2,Nhóm 3 — mức chi tiêu trung vị hạng 3/3
C00751,2026-08-29 14:20:47,5,92188616.0,0.029142857142857144,19.0,2.4,27,Female,TP. Hồ Chí Minh,22.402233796296297,18437723.2,2,Nhóm 3 — mức chi tiêu trung vị hạng 3/3
C00752,2026-05-27 22:26:09,4,2169000.0,0.08269230769230768,12.0,2.0,19,Male,Cần Thơ,116.0651736111111,542250.0,0,Nhóm 1 — mức chi tiêu trung vị hạng 1/3
C00753,2026-07-30 06:38:22,7,7191288.0,0.04434907010014306,18.0,3.4285714285714284,63,Female,Đà Lạt,52.72335648148148,1027326.8571428572,2,Nhóm 3 — mức chi tiêu trung vị hạng 3/3
C00754,2026-09-03 13:18:50,6,912450.0,0.008333333333333333,20.0,2.3333333333333335,26,Female,Đà Nẵng,17.44525462962963,152075.0,2,Nhóm 3 — mức chi tiêu trung vị hạng 3/3
C00755,2026-05-28 15:17:21,5,1751012.0,0.0,15.0,4.2,20,Female,Đà Lạt,115.36295138888889,350202.4,0,Nhóm 1 — mức chi tiêu trung vị hạng 1/3
C00756,2026-06-18 23:40:30,4,1553998.0,0.0,9.0,3.25,38,Female,Huế,94.01354166666667,388499.5,0,Nhóm 1 — mức chi tiêu trung vị hạng 1/3
C00757,2026-06-25 01:05:47,6,2336300.0,0.016666666666666666,11.0,4.333333333333333,43,Female,Hải Phòng,87.95431712962963,389383.3333333333,0,Nhóm 1 — mức chi tiêu trung vị hạng 1/3
C00758,2026-08-24 10:48:26,6,6145750.0,0.051322712418300644,19.0,3.0,25,Male,Nha Trang,27.549699074074073,1024291.6666666666,2,Nhóm 3 — mức chi tiêu trung vị hạng 3/3
C00760,2026-09-02 10:37:09,5,6290532.0,0.0,19.0,3.4,19,Male,Huế,18.557534722222222,1258106.4,2,Nhóm 3 — mức chi tiêu trung vị hạng 3/3
C00761,2026-08-07 03:08:01,3,18999840.0,0.0,13.0,1.3333333333333333,23,Female,Cần Thơ,44.86943287037037,6333280.0,2,Nhóm 3 — mức chi tiêu trung vị hạng 3/3
C00762,2026-08-26 02:12:30,7,21740610.0,0.08062354591711939,19.0,4.0,45,Female,Huế,25.90798611111111,3105801.4285714286,2,Nhóm 3 — mức chi tiêu trung vị hạng 3/3
C00763,2026-06-09 15:19:10,4,68246772.0,0.0,7.0,3.5,46,Male,Cần Thơ,103.36168981481481,17061693.0,2,Nhóm 3 — mức chi tiêu trung vị hạng 3/3
C00764,2026-08-27 08:34:21,5,5527010.0,0.14072592592592592,12.0,2.0,43,Female,Vũng Tàu,24.6428125,1105402.0,1,Nhóm 2 — mức chi tiêu trung vị hạng 2/3
C00765,2026-08-01 20:10:21,5,2248295.0,0.016019818331957057,19.0,3.8,42,Male,Hà Nội,50.159479166666664,449659.0,0,Nhóm 1 — mức chi tiêu trung vị hạng 1/3
C00766,2026-06-29 15:05:32,1,2084784.0,0.0,2.0,1.0,29,Male,Nha Trang,83.37115740740741,2084784.0,0,Nhóm 1 — mức chi tiêu trung vị hạng 1/3
C00767,2026-05-30 12:22:16,2,52437000.0,0.0,8.0,3.0,22,Male,Biên Hòa,113.48453703703704,26218500.0,0,Nhóm 1 — mức chi tiêu trung vị hạng 1/3
C00768,2026-09-15 09:40:48,6,2632644.0,0.08083333333333333,17.0,2.5,51,Female,Biên Hòa,5.596666666666667,438774.0,2,Nhóm 3 — mức chi tiêu trung vị hạng 3/3
C00769,2026-07-28 18:02:41,5,7409308.0,0.12113821138211382,12.0,3.4,65,Female,TP. Hồ Chí Minh,54.248136574074074,1481861.6,1,Nhóm 2 — mức chi tiêu trung vị hạng 2/3
C00770,2026-01-11 01:57:46,4,17037574.0,0.0125,11.0,3.5,54,Male,Đà Lạt,252.91821759259258,4259393.5,0,Nhóm 1 — mức chi tiêu trung vị hạng 1/3
C00771,2026-08-06 19:54:17,8,25422110.0,0.05580006646782651,28.0,3.125,32,Male,Hà Nội,45.170636574074074,3177763.75,2,Nhóm 3 — mức chi tiêu trung vị hạng 3/3
C00772,2026-09-15 02:09:19,11,31583372.0,0.05454545454545454,34.0,2.0,61,Male,Biên Hòa,5.910196759259259,2871215.6363636362,2,Nhóm 3 — mức chi tiêu trung vị hạng 3/3
C00773,2026-08-03 21:48:29,4,5437514.0,0.0125,13.0,2.5,53,Male,Huế,48.09133101851852,1359378.5,2,Nhóm 3 — mức chi tiêu trung vị hạng 3/3
C00774,2026-07-20 21:32:22,7,15108530.0,0.07142857142857142,16.0,2.5714285714285716,32,Female,Đà Lạt,62.10252314814815,2158361.4285714286,2,Nhóm 3 — mức chi tiêu trung vị hạng 3/3
C00775,2026-02-09 02:18:18,3,1658000.0,0.0,12.0,5.0,60,Female,Hà Nội,223.90395833333332,552666.6666666666,0,Nhóm 1 — mức chi tiêu trung vị hạng 1/3
C00776,2026-05-29 17:54:53,3,11359000.0,0.0,8.0,2.3333333333333335,65,Male,Hải Phòng,114.25355324074074,3786333.3333333335,0,Nhóm 1 — mức chi tiêu trung vị hạng 1/3
C00777,2026-06-16 20:35:20,7,12328692.0,0.03660714285714285,25.0,2.857142857142857,40,Male,Hải Phòng,96.14212962962964,1761241.7142857143,2,Nhóm 3 — mức chi tiêu trung vị hạng 3/3
C00778,2026-02-13 02:07:06,3,1398413.0,0.03522839491059256,12.0,2.6666666666666665,23,Female,Đà Lạt,219.9117361111111,466137.6666666667,0,Nhóm 1 — mức chi tiêu trung vị hạng 1/3
C00779,2026-09-15 10:58:16,5,7721976.0,0.03076923076923076,17.0,2.8,63,Female,Cần Thơ,5.542870370370371,1544395.2,2,Nhóm 3 — mức chi tiêu trung vị hạng 3/3
C00780,2026-07-02 10:50:43,3,1456100.0,0.07705192629815744,6.0,2.3333333333333335,61,Male,Cần Thơ,80.54811342592592,485366.6666666667,0,Nhóm 1 — mức chi tiêu trung vị hạng 1/3
C00781,2026-08-27 18:11:49,6,18562648.0,0.16573556797020483,22.0,3.6666666666666665,60,Male,Huế,24.241793981481482,3093774.6666666665,1,Nhóm 2 — mức chi tiêu trung vị hạng 2/3
C00782,2026-05-09 04:53:18,3,8258000.0,0.09999995302012477,8.0,3.3333333333333335,62,Male,Hà Nội,134.79631944444444,2752666.6666666665,1,Nhóm 2 — mức chi tiêu trung vị hạng 2/3
C00783,2026-07-13 03:37:30,6,24474087.0,0.09166666666666667,19.0,4.166666666666667,38,Female,Hà Nội,69.84895833333333,4079014.5,2,Nhóm 3 — mức chi tiêu trung vị hạng 3/3
C00784,2026-03-13 01:55:11,7,15358524.0,0.04285714285714286,16.0,2.4285714285714284,40,Female,Đà Lạt,191.92001157407407,2194074.8571428573,2,Nhóm 3 — mức chi tiêu trung vị hạng 3/3
C00785,2026-06-11 05:13:21,5,13621562.0,0.0,9.0,2.8,60,Female,Đà Nẵng,101.78239583333334,2724312.4,2,Nhóm 3 — mức chi tiêu trung vị hạng 3/3
C00786,2026-07-30 04:59:00,5,14832530.0,0.0,14.0,3.2,33,Male,Hải Phòng,52.79236111111111,2966506.0,2,Nhóm 3 — mức chi tiêu trung vị hạng 3/3
C00787,2026-06-11 20:33:57,6,2479992.0,0.017034614336331418,20.0,2.6666666666666665,64,Male,Hà Nội,101.14309027777777,413332.0,0,Nhóm 1 — mức chi tiêu trung vị hạng 1/3
C00788,2026-07-28 15:29:14,2,1455000.0,0.0,4.0,4.0,32,Female,Đà Lạt,54.35469907407408,727500.0,0,Nhóm 1 — mức chi tiêu trung vị hạng 1/3
C00789,2026-04-18 00:34:45,3,1891800.0,0.0,9.0,3.6666666666666665,42,Female,Vũng Tàu,155.97586805555557,630600.0,0,Nhóm 1 — mức chi tiêu trung vị hạng 1/3
C00790,2026-08-27 17:11:25,5,2465000.0,0.05567010309278349,14.0,3.0,53,Male,TP. Hồ Chí Minh,24.283738425925925,493000.0,2,Nhóm 3 — mức chi tiêu trung vị hạng 3/3
C00791,2026-08-15 13:25:25,10,10548838.0,0.065,27.0,3.7,28,Female,Vũng Tàu,36.440682870370374,1054883.8,2,Nhóm 3 — mức chi tiêu trung vị hạng 3/3
C00792,2026-09-18 16:36:48,10,12236708.0,0.11258117526532958,36.0,3.6,32,Female,Nha Trang,2.307777777777778,1223670.8,2,Nhóm 3 — mức chi tiêu trung vị hạng 3/3
C00793,2025-11-06 03:23:56,4,66996800.0,0.0,14.0,2.0,21,Male,Huế,318.8583796296296,16749200.0,2,Nhóm 3 — mức chi tiêu trung vị hạng 3/3
C00794,2026-07-16 20:05:11,3,2179000.0,0.0323232323232323,11.0,2.3333333333333335,38,Female,Hà Nội,66.16306712962962,726333.3333333334,0,Nhóm 1 — mức chi tiêu trung vị hạng 1/3
C00795,2026-06-05 14:43:31,4,3715775.0,0.10885416666666664,15.0,3.0,30,Male,Nha Trang,107.38644675925926,928943.75,1,Nhóm 2 — mức chi tiêu trung vị hạng 2/3
C00796,2026-07-05 15:31:25,4,32106616.0,0.04759280742459395,16.0,4.0,39,Male,Biên Hòa,77.35318287037038,8026654.0,2,Nhóm 3 — mức chi tiêu trung vị hạng 3/3
C00797,2026-09-17 16:59:08,4,9796960.0,0.025,9.0,2.0,36,Male,Nha Trang,3.2922685185185183,2449240.0,2,Nhóm 3 — mức chi tiêu trung vị hạng 3/3
C00798,2026-07-21 05:01:33,8,5425200.0,0.025,20.0,3.125,51,Male,Đà Lạt,61.79059027777778,678150.0,2,Nhóm 3 — mức chi tiêu trung vị hạng 3/3
C00799,2026-05-02 14:48:52,3,11496606.0,0.016666666666666666,12.0,3.0,31,Male,Hà Nội,141.38273148148147,3832202.0,0,Nhóm 1 — mức chi tiêu trung vị hạng 1/3
C00800,2026-08-28 19:11:42,4,12273624.0,0.0,12.0,3.5,21,Male,TP. Hồ Chí Minh,23.200208333333332,3068406.0,2,Nhóm 3 — mức chi tiêu trung vị hạng 3/3
C00801,2026-09-18 13:02:12,7,12803411.0,0.0071428571428571435,22.0,2.5714285714285716,65,Male,Đà Lạt,2.4568055555555555,1829058.7142857143,2,Nhóm 3 — mức chi tiêu trung vị hạng 3/3
C00802,2026-08-11 17:12:12,4,2701000.0,0.01672240802675585,18.0,3.0,63,Female,Đà Lạt,40.28319444444445,675250.0,0,Nhóm 1 — mức chi tiêu trung vị hạng 1/3
C00803,2026-07-28 17:31:10,3,1906792.0,0.0,11.0,2.3333333333333335,44,Male,Huế,54.27002314814815,635597.3333333334,0,Nhóm 1 — mức chi tiêu trung vị hạng 1/3
C00804,2026-08-07 18:01:39,8,10803700.0,0.025,19.0,3.0,46,Male,Huế,44.24885416666667,1350462.5,2,Nhóm 3 — mức chi tiêu trung vị hạng 3/3
C00805,2026-08-28 11:23:33,4,7156054.0,0.06892230576441102,7.0,2.5,64,Female,Hải Phòng,23.5253125,1789013.5,2,Nhóm 3 — mức chi tiêu trung vị hạng 3/3
C00806,2026-08-17 15:16:10,4,2556196.0,0.026424348127257424,12.0,4.25,45,Female,Hải Phòng,34.36377314814815,639049.0,0,Nhóm 1 — mức chi tiêu trung vị hạng 1/3
C00807,2026-07-01 11:42:18,3,13166000.0,0.0,12.0,3.0,52,Female,Cần Thơ,81.51229166666667,4388666.666666667,0,Nhóm 1 — mức chi tiêu trung vị hạng 1/3
C00808,2026-08-17 22:25:19,5,24477900.0,0.0560450563204005,18.0,4.0,25,Male,Đà Nẵng,34.065752314814816,4895580.0,2,Nhóm 3 — mức chi tiêu trung vị hạng 3/3
C00809,2026-04-09 21:31:32,3,1988928.0,0.0,14.0,2.0,33,Female,Hà Nội,164.10310185185185,662976.0,0,Nhóm 1 — mức chi tiêu trung vị hạng 1/3
C00810,2026-07-05 23:45:05,5,3348194.0,0.0,11.0,3.2,59,Male,Hà Nội,77.0103587962963,669638.8,0,Nhóm 1 — mức chi tiêu trung vị hạng 1/3
C00811,2026-09-19 15:31:16,5,8624495.0,0.08823529411764705,21.0,2.6,53,Male,Nha Trang,1.3532870370370371,1724899.0,2,Nhóm 3 — mức chi tiêu trung vị hạng 3/3
C00812,2026-02-15 11:32:01,5,1687300.0,0.03305764411027568,10.0,2.2,47,Male,Hà Nội,217.51943287037037,337460.0,0,Nhóm 1 — mức chi tiêu trung vị hạng 1/3
C00813,2026-09-20 09:03:59,6,10358900.0,0.0423076923076923,21.0,3.3333333333333335,35,Male,Hà Nội,0.6222337962962963,1726483.3333333333,2,Nhóm 3 — mức chi tiêu trung vị hạng 3/3
C00814,2026-02-21 07:21:21,5,4622000.0,0.23113821138211382,19.0,2.8,19,Female,Đà Nẵng,211.69350694444444,924400.0,1,Nhóm 2 — mức chi tiêu trung vị hạng 2/3
C00815,2026-08-27 09:59:00,4,7765733.0,0.0,13.0,3.0,30,Female,Biên Hòa,24.584027777777777,1941433.25,2,Nhóm 3 — mức chi tiêu trung vị hạng 3/3
C00816,2026-08-13 12:47:51,7,10473160.0,0.021978021978021973,20.0,3.2857142857142856,21,Male,Hải Phòng,38.466770833333335,1496165.7142857143,2,Nhóm 3 — mức chi tiêu trung vị hạng 3/3
C00817,2025-11-21 17:46:38,1,2640912.0,0.0,2.0,1.0,43,Male,Hải Phòng,303.2592824074074,2640912.0,0,Nhóm 1 — mức chi tiêu trung vị hạng 1/3
C00818,2026-06-23 11:47:26,3,2436108.0,0.1086048454469507,8.0,3.3333333333333335,42,Male,TP. Hồ Chí Minh,89.50872685185185,812036.0,1,Nhóm 2 — mức chi tiêu trung vị hạng 2/3
C00819,2026-09-12 06:45:07,6,8640992.0,0.12161826756018863,18.0,4.166666666666667,47,Female,Hà Nội,8.718668981481482,1440165.3333333333,2,Nhóm 3 — mức chi tiêu trung vị hạng 3/3
C00820,2026-08-24 16:05:01,6,34854472.0,0.025641025641025633,20.0,3.6666666666666665,28,Male,Đà Nẵng,27.32984953703704,5809078.666666667,2,Nhóm 3 — mức chi tiêu trung vị hạng 3/3
C00821,2026-07-23 02:52:58,4,3105400.0,0.11645441122185307,13.0,2.75,24,Male,Hải Phòng,59.879884259259256,776350.0,1,Nhóm 2 — mức chi tiêu trung vị hạng 2/3
C00822,2026-08-30 20:39:16,5,5335000.0,0.0,12.0,2.8,48,Female,Đà Nẵng,21.13939814814815,1067000.0,2,Nhóm 3 — mức chi tiêu trung vị hạng 3/3
C00823,2026-09-13 20:43:52,2,690208.0,0.3497802197802198,6.0,2.5,61,Female,Vũng Tàu,7.136203703703703,345104.0,1,Nhóm 2 — mức chi tiêu trung vị hạng 2/3
C00824,2026-06-01 03:33:55,5,7448842.0,0.0335,13.0,2.2,27,Male,Biên Hòa,111.85144675925926,1489768.4,2,Nhóm 3 — mức chi tiêu trung vị hạng 3/3
C00825,2026-09-12 05:08:55,6,7093794.0,0.03596491228070175,17.0,3.6666666666666665,56,Female,Hà Nội,8.785474537037038,1182299.0,2,Nhóm 3 — mức chi tiêu trung vị hạng 3/3
C00826,2026-04-02 15:40:57,5,11260650.0,0.05,18.0,3.4,30,Female,TP. Hồ Chí Minh,171.3465625,2252130.0,2,Nhóm 3 — mức chi tiêu trung vị hạng 3/3
C00827,2026-04-30 23:48:30,2,4665000.0,0.1648397976391231,6.0,3.5,48,Male,Nha Trang,143.0079861111111,2332500.0,1,Nhóm 2 — mức chi tiêu trung vị hạng 2/3
C00828,2026-08-22 01:56:21,7,22930847.0,0.04679023508137432,14.0,3.7142857142857144,24,Female,Hải Phòng,29.91920138888889,3275835.285714286,2,Nhóm 3 — mức chi tiêu trung vị hạng 3/3
C00829,2026-04-27 02:58:07,2,4355000.0,0.09634615384615385,4.0,2.5,59,Male,Vũng Tàu,146.87630787037037,2177500.0,0,Nhóm 1 — mức chi tiêu trung vị hạng 1/3
C00830,2026-07-28 02:41:17,4,18792140.0,0.0,14.0,2.5,59,Female,Đà Nẵng,54.887997685185184,4698035.0,2,Nhóm 3 — mức chi tiêu trung vị hạng 3/3
C00831,2026-07-25 17:38:39,3,227000.0,0.0,9.0,3.6666666666666665,53,Male,Huế,57.26482638888889,75666.66666666667,0,Nhóm 1 — mức chi tiêu trung vị hạng 1/3
C00832,2026-09-06 20:19:58,5,9579892.0,0.06579520697167755,7.0,3.6,37,Male,Đà Lạt,14.152800925925925,1915978.4,2,Nhóm 3 — mức chi tiêu trung vị hạng 3/3
C00833,2026-06-05 14:55:01,4,51065000.0,0.1,15.0,3.5,21,Male,Hà Nội,107.37846064814815,12766250.0,1,Nhóm 2 — mức chi tiêu trung vị hạng 2/3
C00834,2026-08-13 06:23:35,6,6474870.0,0.05961538461538462,18.0,3.6666666666666665,24,Female,Hà Nội,38.73362268518518,1079145.0,2,Nhóm 3 — mức chi tiêu trung vị hạng 3/3
C00835,2026-08-21 19:42:48,7,19782910.0,0.08174372068337324,21.0,3.2857142857142856,18,Male,Vũng Tàu,30.17861111111111,2826130.0,2,Nhóm 3 — mức chi tiêu trung vị hạng 3/3
C00836,2026-09-07 19:12:13,6,6335380.0,0.042333333333333334,21.0,3.1666666666666665,61,Female,Đà Nẵng,13.199849537037037,1055896.6666666667,2,Nhóm 3 — mức chi tiêu trung vị hạng 3/3
C00837,2026-07-20 20:32:37,5,34199792.0,0.02,15.0,2.2,62,Male,Cần Thơ,62.14401620370371,6839958.4,2,Nhóm 3 — mức chi tiêu trung vị hạng 3/3
C00838,2026-08-25 22:20:15,7,6744218.0,0.057955865272938445,16.0,3.0,59,Male,Hà Nội,26.069270833333334,963459.7142857143,2,Nhóm 3 — mức chi tiêu trung vị hạng 3/3
C00839,2026-08-25 10:20:13,7,7637000.0,0.2232051282051282,22.0,3.4285714285714284,64,Female,Cần Thơ,26.569293981481483,1091000.0,1,Nhóm 2 — mức chi tiêu trung vị hạng 2/3
C00840,2026-08-23 16:50:51,5,8155072.0,0.0,17.0,2.4,30,Male,Huế,28.298020833333332,1631014.4,2,Nhóm 3 — mức chi tiêu trung vị hạng 3/3
C00841,2026-06-27 20:06:32,4,5960638.0,0.0,12.0,2.5,39,Male,Vũng Tàu,85.16212962962963,1490159.5,0,Nhóm 1 — mức chi tiêu trung vị hạng 1/3
C00842,2026-04-22 18:45:44,3,2437613.0,0.0,9.0,4.333333333333333,38,Female,Đà Nẵng,151.21824074074075,812537.6666666666,0,Nhóm 1 — mức chi tiêu trung vị hạng 1/3
C00843,2026-06-02 18:06:09,2,2977754.0,0.025,6.0,3.0,39,Male,Đà Nẵng,110.24572916666666,1488877.0,0,Nhóm 1 — mức chi tiêu trung vị hạng 1/3
C00844,2026-02-24 05:23:05,2,43358180.0,0.0,10.0,4.0,45,Male,Biên Hòa,208.77563657407407,21679090.0,0,Nhóm 1 — mức chi tiêu trung vị hạng 1/3
C00845,2026-08-02 19:25:53,12,21184788.0,0.010155195681511466,44.0,3.4166666666666665,26,Male,Đà Lạt,49.190358796296294,1765399.0,2,Nhóm 3 — mức chi tiêu trung vị hạng 3/3
C00846,2026-09-12 16:35:31,3,3065814.0,0.0,10.0,2.0,43,Male,Hải Phòng,8.308668981481482,1021938.0,2,Nhóm 3 — mức chi tiêu trung vị hạng 3/3
C00847,2026-07-04 20:17:39,3,2332000.0,0.0,8.0,2.6666666666666665,26,Female,Hải Phòng,78.15440972222223,777333.3333333334,0,Nhóm 1 — mức chi tiêu trung vị hạng 1/3
C00848,2026-09-02 03:17:36,10,4646800.0,0.0,30.0,2.9,32,Female,Nha Trang,18.86277777777778,464680.0,2,Nhóm 3 — mức chi tiêu trung vị hạng 3/3
C00849,2026-08-31 03:23:40,5,12397754.0,0.06975476839237056,17.0,1.6,27,Male,TP. Hồ Chí Minh,20.858564814814816,2479550.8,2,Nhóm 3 — mức chi tiêu trung vị hạng 3/3
C00850,2026-09-08 04:52:00,5,3073232.0,0.0,8.0,2.6,41,Female,Vũng Tàu,12.797222222222222,614646.4,2,Nhóm 3 — mức chi tiêu trung vị hạng 3/3
C00851,2026-09-18 20:58:22,4,5660110.0,0.012574850299401174,12.0,3.5,59,Male,Huế,2.1261342592592594,1415027.5,2,Nhóm 3 — mức chi tiêu trung vị hạng 3/3
C00852,2026-05-24 22:13:56,6,16792924.0,0.16666666666666666,21.0,3.3333333333333335,25,Female,Đà Nẵng,119.07365740740741,2798820.6666666665,1,Nhóm 2 — mức chi tiêu trung vị hạng 2/3
C00853,2026-05-26 01:11:15,4,589600.0,0.0,17.0,2.75,41,Male,Đà Lạt,117.95052083333333,147400.0,0,Nhóm 1 — mức chi tiêu trung vị hạng 1/3
C00854,2026-06-18 18:18:35,3,5360516.0,0.0846153846153846,6.0,2.6666666666666665,33,Male,Cần Thơ,94.23709490740741,1786838.6666666667,1,Nhóm 2 — mức chi tiêu trung vị hạng 2/3
C00855,2026-07-21 22:58:54,2,2262530.0,0.0,10.0,4.0,43,Male,Vũng Tàu,61.042430555555555,1131265.0,0,Nhóm 1 — mức chi tiêu trung vị hạng 1/3
C00856,2025-11-06 20:35:39,1,624948.0,0.0,2.0,3.0,44,Male,Nha Trang,318.14190972222224,624948.0,0,Nhóm 1 — mức chi tiêu trung vị hạng 1/3
C00857,2026-07-24 19:11:26,1,349500.0,0.0,1.0,3.0,54,Male,Vũng Tàu,58.20039351851852,349500.0,0,Nhóm 1 — mức chi tiêu trung vị hạng 1/3
C00858,2026-07-19 10:50:44,5,10333560.0,0.0,19.0,3.2,21,Male,Nha Trang,63.548101851851854,2066712.0,2,Nhóm 3 — mức chi tiêu trung vị hạng 3/3
C00859,2026-08-09 14:14:40,3,5593732.0,0.016666666666666666,6.0,3.0,41,Female,Đà Nẵng,42.40648148148148,1864577.3333333333,0,Nhóm 1 — mức chi tiêu trung vị hạng 1/3
C00860,2026-09-01 07:48:47,4,14103000.0,0.0,12.0,3.25,36,Male,TP. Hồ Chí Minh,19.67445601851852,3525750.0,2,Nhóm 3 — mức chi tiêu trung vị hạng 3/3
C00861,2026-07-02 15:27:25,3,1863970.0,0.04,8.0,3.3333333333333335,53,Female,Nha Trang,80.35596064814816,621323.3333333334,0,Nhóm 1 — mức chi tiêu trung vị hạng 1/3
C00862,2026-09-18 22:02:06,4,3897050.0,0.06666666666666665,12.0,2.75,56,Male,Đà Nẵng,2.081875,974262.5,2,Nhóm 3 — mức chi tiêu trung vị hạng 3/3
C00863,2026-09-20 01:17:52,2,1603656.0,0.0,5.0,2.0,27,Female,Đà Nẵng,0.945925925925926,801828.0,0,Nhóm 1 — mức chi tiêu trung vị hạng 1/3
C00864,2026-02-28 18:06:31,6,15172524.0,0.0,15.0,2.6666666666666665,42,Female,TP. Hồ Chí Minh,204.24547453703704,2528754.0,2,Nhóm 3 — mức chi tiêu trung vị hạng 3/3
C00865,2026-04-13 10:51:20,4,1803950.0,0.0338258785942492,11.0,3.0,35,Female,Hải Phòng,160.54768518518517,450987.5,0,Nhóm 1 — mức chi tiêu trung vị hạng 1/3
C00866,2026-04-20 03:08:26,3,3600000.0,0.03333333333333333,9.0,1.3333333333333333,36,Male,Vũng Tàu,153.8691435185185,1200000.0,0,Nhóm 1 — mức chi tiêu trung vị hạng 1/3
C00867,2026-08-29 09:21:11,5,11569312.0,0.0,17.0,2.4,53,Male,Hà Nội,22.61028935185185,2313862.4,2,Nhóm 3 — mức chi tiêu trung vị hạng 3/3
C00868,2026-08-16 08:35:00,9,21834037.0,0.044444444444444446,28.0,2.5555555555555554,27,Female,Hà Nội,35.642361111111114,2426004.111111111,2,Nhóm 3 — mức chi tiêu trung vị hạng 3/3
C00869,2026-08-30 04:30:53,10,34456577.0,0.07077586206896552,36.0,2.7,50,Male,Cần Thơ,21.811886574074073,3445657.7,2,Nhóm 3 — mức chi tiêu trung vị hạng 3/3
C00870,2026-07-09 23:04:03,5,46405000.0,0.0430188679245283,15.0,3.2,22,Female,Cần Thơ,73.03885416666667,9281000.0,2,Nhóm 3 — mức chi tiêu trung vị hạng 3/3
C00871,2026-08-29 20:05:33,3,1856000.0,0.0,5.0,2.6666666666666665,64,Male,Hà Nội,22.1628125,618666.6666666666,0,Nhóm 1 — mức chi tiêu trung vị hạng 1/3
C00872,2026-06-17 18:19:20,5,4627000.0,0.06006674082313682,12.0,3.0,52,Female,Huế,95.23657407407407,925400.0,2,Nhóm 3 — mức chi tiêu trung vị hạng 3/3
C00873,2026-03-30 08:47:47,2,4906612.0,0.0,7.0,4.5,61,Female,Hà Nội,174.6334837962963,2453306.0,0,Nhóm 1 — mức chi tiêu trung vị hạng 1/3
C00874,2026-06-26 23:28:09,7,9199970.0,0.09773303916161058,21.0,3.4285714285714284,51,Male,Cần Thơ,86.02211805555555,1314281.4285714286,2,Nhóm 3 — mức chi tiêu trung vị hạng 3/3
C00875,2026-08-19 13:22:33,5,55016125.0,0.030777975133214917,24.0,2.6,50,Female,Đà Lạt,32.44267361111111,11003225.0,2,Nhóm 3 — mức chi tiêu trung vị hạng 3/3
C00876,2026-08-06 00:12:03,10,35068834.0,0.0666580239258979,26.0,3.3,38,Male,Cần Thơ,45.99163194444444,3506883.4,2,Nhóm 3 — mức chi tiêu trung vị hạng 3/3
C00877,2026-07-22 14:16:21,4,2186500.0,0.0,14.0,3.75,34,Female,Huế,60.4053125,546625.0,0,Nhóm 1 — mức chi tiêu trung vị hạng 1/3
C00878,2026-08-13 20:55:36,6,3523773.0,0.0,8.0,3.8333333333333335,39,Female,Vũng Tàu,38.128055555555555,587295.5,2,Nhóm 3 — mức chi tiêu trung vị hạng 3/3
C00879,2026-08-11 19:12:16,5,10464068.0,0.0,16.0,2.8,65,Male,Hà Nội,40.199814814814815,2092813.6,2,Nhóm 3 — mức chi tiêu trung vị hạng 3/3
C00880,2026-06-27 15:34:56,3,214546.0,0.153330399983238,6.0,2.6666666666666665,54,Male,TP. Hồ Chí Minh,85.35074074074075,71515.33333333333,1,Nhóm 2 — mức chi tiêu trung vị hạng 2/3
C00881,2026-09-08 08:06:44,9,16912600.0,0.022854561878952122,25.0,3.7777777777777777,32,Male,Đà Lạt,12.661990740740741,1879177.7777777778,2,Nhóm 3 — mức chi tiêu trung vị hạng 3/3
C00882,2026-05-04 05:16:39,1,2140000.0,0.3395061728395062,5.0,3.0,52,Female,Đà Nẵng,139.78010416666666,2140000.0,1,Nhóm 2 — mức chi tiêu trung vị hạng 2/3
C00883,2026-08-21 18:38:21,11,20733311.0,0.023559923559923555,25.0,2.4545454545454546,45,Male,Huế,30.223368055555557,1884846.4545454546,2,Nhóm 3 — mức chi tiêu trung vị hạng 3/3
C00884,2026-05-31 02:47:55,4,1197000.0,0.0,12.0,3.75,24,Female,Cần Thơ,112.88339120370371,299250.0,0,Nhóm 1 — mức chi tiêu trung vị hạng 1/3
C00885,2026-07-18 03:27:58,4,4501292.0,0.07523510971786833,9.0,2.75,49,Female,TP. Hồ Chí Minh,64.8555787037037,1125323.0,1,Nhóm 2 — mức chi tiêu trung vị hạng 2/3
C00886,2026-05-18 18:14:14,5,5687000.0,0.034457831325301204,16.0,2.8,28,Male,Nha Trang,125.24011574074073,1137400.0,0,Nhóm 1 — mức chi tiêu trung vị hạng 1/3
C00887,2026-06-29 03:56:30,4,3578375.0,0.16325,19.0,2.75,27,Male,Hải Phòng,83.83576388888889,894593.75,1,Nhóm 2 — mức chi tiêu trung vị hạng 2/3
C00888,2026-08-01 12:15:00,3,14866488.0,0.0,7.0,2.6666666666666665,26,Female,Hà Nội,50.489583333333336,4955496.0,2,Nhóm 3 — mức chi tiêu trung vị hạng 3/3
C00889,2026-07-06 19:30:23,6,19252360.0,0.05883333333333333,18.0,3.3333333333333335,31,Female,Hải Phòng,76.1872337962963,3208726.6666666665,2,Nhóm 3 — mức chi tiêu trung vị hạng 3/3
C00890,2026-07-10 02:23:40,3,1348330.0,0.051,8.0,2.0,30,Male,Huế,72.90023148148148,449443.3333333333,0,Nhóm 1 — mức chi tiêu trung vị hạng 1/3
C00891,2026-08-28 05:59:36,4,3750800.0,0.0,8.0,3.0,42,Male,Nha Trang,23.75027777777778,937700.0,2,Nhóm 3 — mức chi tiêu trung vị hạng 3/3
C00892,2026-08-26 17:49:07,7,4842906.0,0.02881152460984393,23.0,2.5714285714285716,19,Male,Nha Trang,25.25755787037037,691843.7142857143,2,Nhóm 3 — mức chi tiêu trung vị hạng 3/3
C00893,2026-08-19 15:59:24,6,10297310.0,0.0,21.0,2.0,52,Male,Nha Trang,32.33375,1716218.3333333333,2,Nhóm 3 — mức chi tiêu trung vị hạng 3/3
C00894,2026-09-15 15:20:11,3,11060300.0,0.20011123470522804,8.0,3.3333333333333335,24,Male,Đà Nẵng,5.3609837962962965,3686766.6666666665,1,Nhóm 2 — mức chi tiêu trung vị hạng 2/3
C00895,2026-07-17 10:12:11,3,5276000.0,0.1376470588235294,9.0,1.6666666666666667,38,Female,Huế,65.57487268518518,1758666.6666666667,1,Nhóm 2 — mức chi tiêu trung vị hạng 2/3
C00896,2026-08-15 02:32:24,10,36268194.0,0.03852824177183865,30.0,3.8,35,Female,Vũng Tàu,36.89416666666666,3626819.4,2,Nhóm 3 — mức chi tiêu trung vị hạng 3/3
C00897,2026-08-28 06:16:53,5,70837478.0,0.0,15.0,3.2,20,Female,Hải Phòng,23.738275462962964,14167495.6,2,Nhóm 3 — mức chi tiêu trung vị hạng 3/3
C00898,2026-09-09 07:42:08,6,54302460.0,0.10833333333333334,17.0,2.5,59,Female,Vũng Tàu,11.679074074074075,9050410.0,2,Nhóm 3 — mức chi tiêu trung vị hạng 3/3
C00899,2026-07-24 12:42:57,10,30940489.0,0.15451684927811876,32.0,3.2,56,Male,TP. Hồ Chí Minh,58.470173611111115,3094048.9,1,Nhóm 2 — mức chi tiêu trung vị hạng 2/3
C00900,2026-07-01 03:28:46,1,210000.0,0.0,3.0,4.0,58,Male,Biên Hòa,81.85502314814815,210000.0,0,Nhóm 1 — mức chi tiêu trung vị hạng 1/3
C00901,2026-08-23 20:27:40,7,4641186.0,0.0,16.0,2.0,28,Male,Đà Lạt,28.147453703703704,663026.5714285715,2,Nhóm 3 — mức chi tiêu trung vị hạng 3/3
C00902,2026-08-04 02:16:49,3,2540800.0,0.016666666666666666,10.0,3.0,56,Female,Đà Lạt,47.90498842592593,846933.3333333334,0,Nhóm 1 — mức chi tiêu trung vị hạng 1/3
C00903,2026-08-29 00:13:45,4,3944034.0,0.0,16.0,3.0,41,Female,Vũng Tàu,22.99045138888889,986008.5,2,Nhóm 3 — mức chi tiêu trung vị hạng 3/3
C00904,2026-07-12 00:28:32,4,1235040.0,0.1125,8.0,3.5,63,Male,Biên Hòa,70.98018518518519,308760.0,1,Nhóm 2 — mức chi tiêu trung vị hạng 2/3
C00905,2026-09-12 19:39:27,7,19252480.0,0.05801760385340863,17.0,2.4285714285714284,36,Male,Biên Hòa,8.1809375,2750354.285714286,2,Nhóm 3 — mức chi tiêu trung vị hạng 3/3
C00906,2026-08-09 08:00:24,5,4240000.0,0.25,15.0,3.6,21,Female,Hà Nội,42.66638888888889,848000.0,1,Nhóm 2 — mức chi tiêu trung vị hạng 2/3
C00907,2026-07-04 19:42:37,5,3848750.0,0.0107142857142857,16.0,2.8,43,Female,TP. Hồ Chí Minh,78.17873842592593,769750.0,0,Nhóm 1 — mức chi tiêu trung vị hạng 1/3
C00908,2026-05-19 16:46:34,5,7601533.0,0.061,10.0,3.2,55,Male,Huế,124.30099537037037,1520306.6,2,Nhóm 3 — mức chi tiêu trung vị hạng 3/3
C00909,2026-07-06 07:47:17,6,5000067.0,0.0788167356003005,12.0,2.8333333333333335,59,Male,Biên Hòa,76.67549768518519,833344.5,2,Nhóm 3 — mức chi tiêu trung vị hạng 3/3
C00910,2026-04-20 11:16:25,3,5162811.0,0.03523010022556563,11.0,3.6666666666666665,49,Female,Cần Thơ,153.5302662037037,1720937.0,0,Nhóm 1 — mức chi tiêu trung vị hạng 1/3
C00911,2026-06-24 13:44:42,5,41064240.0,0.06166666666666666,16.0,3.4,56,Male,Đà Lạt,88.42729166666666,8212848.0,2,Nhóm 3 — mức chi tiêu trung vị hạng 3/3
C00912,2026-07-22 01:11:38,8,35424010.0,0.0254986775402248,23.0,3.0,62,Male,Cần Thơ,60.95025462962963,4428001.25,2,Nhóm 3 — mức chi tiêu trung vị hạng 3/3
C00913,2026-09-13 14:12:23,8,17185704.0,0.0125,26.0,3.5,63,Male,TP. Hồ Chí Minh,7.40806712962963,2148213.0,2,Nhóm 3 — mức chi tiêu trung vị hạng 3/3
C00914,2025-10-09 20:43:12,1,60000.0,0.0,4.0,4.0,53,Female,Biên Hòa,346.13666666666666,60000.0,0,Nhóm 1 — mức chi tiêu trung vị hạng 1/3
C00915,2026-06-03 19:11:01,3,10121000.0,0.3700852514919011,8.0,2.6666666666666665,57,Female,Hải Phòng,109.20068287037037,3373666.6666666665,1,Nhóm 2 — mức chi tiêu trung vị hạng 2/3
C00916,2026-07-31 21:56:47,5,8936250.0,0.092,15.0,3.4,54,Female,Đà Lạt,51.08556712962963,1787250.0,1,Nhóm 2 — mức chi tiêu trung vị hạng 2/3
C00917,2026-05-24 03:53:40,5,9267118.0,0.06085548222850738,10.0,2.6,50,Female,Hà Nội,119.83773148148148,1853423.6,2,Nhóm 3 — mức chi tiêu trung vị hạng 3/3
C00918,2026-08-06 18:16:31,5,9195388.0,0.025960099750623446,15.0,2.6,53,Female,Hà Nội,45.23853009259259,1839077.6,2,Nhóm 3 — mức chi tiêu trung vị hạng 3/3
C00919,2026-06-17 11:50:44,6,5860342.0,0.0,12.0,2.5,20,Female,Nha Trang,95.50643518518518,976723.6666666666,2,Nhóm 3 — mức chi tiêu trung vị hạng 3/3
C00920,2026-08-05 12:05:07,6,2808542.0,0.008332061909847583,17.0,3.6666666666666665,26,Female,Đà Nẵng,46.49644675925926,468090.3333333333,2,Nhóm 3 — mức chi tiêu trung vị hạng 3/3
C00921,2026-07-29 13:58:47,6,18564808.0,0.07462765036245328,17.0,3.6666666666666665,25,Male,Biên Hòa,53.41751157407408,3094134.6666666665,2,Nhóm 3 — mức chi tiêu trung vị hạng 3/3
C00922,2026-05-28 02:13:25,4,179700.0,0.0,9.0,2.75,50,Male,TP. Hồ Chí Minh,115.90734953703704,44925.0,0,Nhóm 1 — mức chi tiêu trung vị hạng 1/3
C00923,2026-06-21 21:12:00,4,4563000.0,0.025,10.0,3.0,23,Male,Đà Lạt,91.11666666666666,1140750.0,0,Nhóm 1 — mức chi tiêu trung vị hạng 1/3
C00924,2026-06-13 23:13:59,7,7106795.0,0.03834586466165413,20.0,2.857142857142857,58,Male,Đà Nẵng,99.03195601851851,1015256.4285714285,2,Nhóm 3 — mức chi tiêu trung vị hạng 3/3
C00925,2026-07-26 21:09:26,3,18098232.0,0.0,7.0,4.333333333333333,56,Male,TP. Hồ Chí Minh,56.11844907407407,6032744.0,2,Nhóm 3 — mức chi tiêu trung vị hạng 3/3
C00926,2026-06-20 06:30:46,7,1328200.0,0.12719316548430473,24.0,3.0,21,Male,Vũng Tàu,92.72863425925927,189742.85714285713,1,Nhóm 2 — mức chi tiêu trung vị hạng 2/3
C00927,2025-12-01 15:12:54,1,23750.0,0.05,1.0,5.0,30,Male,Biên Hòa,293.36604166666666,23750.0,0,Nhóm 1 — mức chi tiêu trung vị hạng 1/3
C00928,2026-06-03 01:13:33,3,2103000.0,0.16666666666666666,6.0,2.0,19,Female,Huế,109.94892361111111,701000.0,1,Nhóm 2 — mức chi tiêu trung vị hạng 2/3
C00929,2026-06-28 01:54:40,5,18071000.0,0.06655737704918033,14.0,3.4,22,Female,Huế,84.92037037037036,3614200.0,2,Nhóm 3 — mức chi tiêu trung vị hạng 3/3
C00930,2026-08-21 07:01:35,5,21070794.0,0.02,17.0,2.8,61,Male,Biên Hòa,30.707233796296297,4214158.8,2,Nhóm 3 — mức chi tiêu trung vị hạng 3/3
C00931,2026-09-10 22:36:34,7,23532442.0,0.0,14.0,2.4285714285714284,44,Male,Nha Trang,10.057939814814814,3361777.4285714286,2,Nhóm 3 — mức chi tiêu trung vị hạng 3/3
C00932,2026-06-02 06:17:55,4,12053860.0,0.06422828300717255,14.0,2.75,49,Female,Nha Trang,110.73755787037037,3013465.0,2,Nhóm 3 — mức chi tiêu trung vị hạng 3/3
C00933,2026-08-23 11:22:17,4,6028600.0,0.1125,16.0,2.0,38,Male,Huế,28.526192129629628,1507150.0,1,Nhóm 2 — mức chi tiêu trung vị hạng 2/3
C00934,2026-08-28 11:58:25,5,3340012.0,0.0,15.0,2.2,25,Male,Hải Phòng,23.50109953703704,668002.4,2,Nhóm 3 — mức chi tiêu trung vị hạng 3/3
C00935,2026-07-17 20:54:41,3,2015800.0,0.10555555555555553,11.0,3.6666666666666665,55,Female,Đà Lạt,65.12869212962963,671933.3333333334,1,Nhóm 2 — mức chi tiêu trung vị hạng 2/3
C00936,2026-07-26 14:11:45,8,67330456.0,0.0375,24.0,2.875,25,Male,Huế,56.40850694444445,8416307.0,2,Nhóm 3 — mức chi tiêu trung vị hạng 3/3
C00937,2026-09-16 17:27:53,8,19504920.0,0.018750000000000003,31.0,2.75,20,Female,Hải Phòng,4.272303240740741,2438115.0,2,Nhóm 3 — mức chi tiêu trung vị hạng 3/3
C00938,2026-08-24 04:44:52,8,7476882.0,0.075,28.0,2.625,61,Male,Đà Nẵng,27.802175925925926,934610.25,2,Nhóm 3 — mức chi tiêu trung vị hạng 3/3
C00939,2026-07-03 19:39:28,3,5894500.0,0.0,9.0,3.0,20,Female,Hải Phòng,79.18092592592592,1964833.3333333333,0,Nhóm 1 — mức chi tiêu trung vị hạng 1/3
C00940,2026-07-29 02:02:49,4,2079264.0,0.0,9.0,2.25,39,Female,Đà Nẵng,53.91471064814815,519816.0,0,Nhóm 1 — mức chi tiêu trung vị hạng 1/3
C00941,2026-09-01 22:50:09,10,20730750.0,0.015,38.0,2.8,23,Female,TP. Hồ Chí Minh,19.048506944444444,2073075.0,2,Nhóm 3 — mức chi tiêu trung vị hạng 3/3
C00942,2026-06-20 02:58:07,4,6577442.0,0.0,10.0,4.25,19,Male,Cần Thơ,92.87630787037037,1644360.5,0,Nhóm 1 — mức chi tiêu trung vị hạng 1/3
C00943,2026-06-04 23:36:52,3,2444000.0,0.18166354848768318,6.0,4.333333333333333,40,Female,TP. Hồ Chí Minh,108.01606481481481,814666.6666666666,1,Nhóm 2 — mức chi tiêu trung vị hạng 2/3
C00944,2026-06-22 15:25:21,5,14970264.0,0.03026455026455026,19.0,3.4,61,Male,Huế,90.35739583333333,2994052.8,2,Nhóm 3 — mức chi tiêu trung vị hạng 3/3
C00945,2026-06-02 04:48:43,4,928992.0,0.07692296473274465,10.0,2.5,19,Male,Đà Nẵng,110.79950231481482,232248.0,0,Nhóm 1 — mức chi tiêu trung vị hạng 1/3
C00946,2026-08-31 16:54:34,6,7727000.0,0.08911089061933314,21.0,3.8333333333333335,55,Male,Huế,20.295439814814817,1287833.3333333333,2,Nhóm 3 — mức chi tiêu trung vị hạng 3/3
C00947,2026-08-22 10:32:57,1,40000.0,0.1304347826086956,2.0,5.0,34,Male,Biên Hòa,29.56045138888889,40000.0,0,Nhóm 1 — mức chi tiêu trung vị hạng 1/3
C00948,2026-09-14 23:45:39,10,16309281.0,0.03009097270818754,36.0,4.3,52,Female,Đà Lạt,6.009965277777778,1630928.1,2,Nhóm 3 — mức chi tiêu trung vị hạng 3/3
C00949,2026-09-08 07:22:01,5,30895926.0,0.0405732484076433,17.0,2.8,51,Female,Hà Nội,12.693043981481482,6179185.2,2,Nhóm 3 — mức chi tiêu trung vị hạng 3/3
C00950,2026-08-12 20:41:06,3,5033760.0,0.0,9.0,3.6666666666666665,40,Male,Huế,39.138125,1677920.0,0,Nhóm 1 — mức chi tiêu trung vị hạng 1/3
C00951,2026-07-16 21:56:58,6,3240300.0,0.016666666666666666,19.0,3.1666666666666665,47,Male,Đà Lạt,66.08543981481482,540050.0,2,Nhóm 3 — mức chi tiêu trung vị hạng 3/3
C00952,2026-09-10 06:48:43,8,42669792.0,0.0,28.0,2.75,25,Female,Hải Phòng,10.71616898148148,5333724.0,2,Nhóm 3 — mức chi tiêu trung vị hạng 3/3
C00953,2026-05-14 14:29:00,5,6089900.0,0.06,15.0,3.0,39,Male,TP. Hồ Chí Minh,129.39652777777778,1217980.0,2,Nhóm 3 — mức chi tiêu trung vị hạng 3/3
C00954,2026-08-23 14:54:27,3,34476600.0,0.09999999999999999,12.0,3.3333333333333335,61,Female,Hải Phòng,28.378854166666667,11492200.0,1,Nhóm 2 — mức chi tiêu trung vị hạng 2/3
C00955,2026-07-12 02:23:12,7,8903204.0,0.0,21.0,3.7142857142857144,53,Male,Hà Nội,70.90055555555556,1271886.2857142857,2,Nhóm 3 — mức chi tiêu trung vị hạng 3/3
C00956,2026-06-11 08:14:46,6,3511966.0,0.08715538847117794,19.0,3.6666666666666665,22,Male,Đà Nẵng,101.65641203703704,585327.6666666666,1,Nhóm 2 — mức chi tiêu trung vị hạng 2/3
C00957,2026-04-07 06:02:56,2,5820000.0,0.0,10.0,1.5,30,Female,Biên Hòa,166.74796296296296,2910000.0,0,Nhóm 1 — mức chi tiêu trung vị hạng 1/3
C00958,2026-05-31 15:28:32,4,19354972.0,0.0,11.0,1.5,46,Male,Đà Lạt,112.35518518518519,4838743.0,2,Nhóm 3 — mức chi tiêu trung vị hạng 3/3
C00959,2026-08-15 05:25:01,7,5843670.0,0.06876825705939629,26.0,4.285714285714286,48,Female,Biên Hòa,36.774293981481485,834810.0,2,Nhóm 3 — mức chi tiêu trung vị hạng 3/3
C00960,2026-03-10 04:30:27,4,19201434.0,0.0,16.0,4.0,64,Male,Cần Thơ,194.8121875,4800358.5,0,Nhóm 1 — mức chi tiêu trung vị hạng 1/3
C00961,2026-07-30 04:51:38,2,232000.0,0.0,6.0,2.5,33,Male,Huế,52.797476851851854,116000.0,0,Nhóm 1 — mức chi tiêu trung vị hạng 1/3
C00962,2026-08-01 08:26:19,5,4378000.0,0.21303724928366763,13.0,3.6,59,Male,Đà Nẵng,50.6483912037037,875600.0,1,Nhóm 2 — mức chi tiêu trung vị hạng 2/3
C00963,2026-02-26 22:45:53,3,3256696.0,0.0,8.0,4.0,47,Female,Cần Thơ,206.0514699074074,1085565.3333333333,0,Nhóm 1 — mức chi tiêu trung vị hạng 1/3
C00964,2025-09-28 17:44:32,1,1000.0,0.0,1.0,1.0,33,Male,Vũng Tàu,357.26074074074074,1000.0,0,Nhóm 1 — mức chi tiêu trung vị hạng 1/3
C00965,2026-07-30 15:34:14,6,1281000.0,0.04875886524822695,19.0,2.6666666666666665,29,Male,Huế,52.351226851851855,213500.0,0,Nhóm 1 — mức chi tiêu trung vị hạng 1/3
C00966,2026-07-29 18:47:35,4,590000.0,0.07692307692307693,14.0,3.75,34,Male,Hải Phòng,53.216956018518516,147500.0,0,Nhóm 1 — mức chi tiêu trung vị hạng 1/3
C00967,2026-07-08 13:07:10,5,2946000.0,0.1,10.0,3.4,33,Male,TP. Hồ Chí Minh,74.45335648148148,589200.0,1,Nhóm 2 — mức chi tiêu trung vị hạng 2/3
C00968,2026-07-22 14:20:09,4,4834491.0,0.0,12.0,2.75,29,Female,Đà Lạt,60.40267361111111,1208622.75,0,Nhóm 1 — mức chi tiêu trung vị hạng 1/3
C00969,2026-08-30 13:20:49,5,8991184.0,0.13077025808821074,19.0,3.4,25,Female,Hà Nội,21.443877314814817,1798236.8,1,Nhóm 2 — mức chi tiêu trung vị hạng 2/3
C00970,2026-09-10 11:53:01,6,7010938.0,0.0,11.0,2.3333333333333335,37,Male,Hà Nội,10.504849537037037,1168489.6666666667,2,Nhóm 3 — mức chi tiêu trung vị hạng 3/3
C00971,2026-08-18 01:55:27,6,10056160.0,0.08333333333333333,19.0,2.8333333333333335,20,Female,Hải Phòng,33.919826388888886,1676026.6666666667,2,Nhóm 3 — mức chi tiêu trung vị hạng 3/3
C00972,2026-08-15 19:47:29,8,8650662.0,0.05036880355786962,27.0,2.875,33,Male,Nha Trang,36.175358796296294,1081332.75,2,Nhóm 3 — mức chi tiêu trung vị hạng 3/3
C00973,2026-09-02 10:13:54,7,14535280.0,0.0,22.0,3.0,47,Male,Hà Nội,18.573680555555555,2076468.5714285714,2,Nhóm 3 — mức chi tiêu trung vị hạng 3/3
C00974,2026-07-13 22:00:08,5,12022019.0,0.030777975133214917,13.0,3.4,62,Male,Đà Lạt,69.08324074074073,2404403.8,2,Nhóm 3 — mức chi tiêu trung vị hạng 3/3
C00975,2026-06-27 22:01:17,7,10876300.0,0.13479007405637838,23.0,2.4285714285714284,40,Female,Hải Phòng,85.08244212962963,1553757.142857143,1,Nhóm 2 — mức chi tiêu trung vị hạng 2/3
C00977,2026-08-25 09:19:09,4,4645782.0,0.0,11.0,2.75,57,Female,Hà Nội,26.61170138888889,1161445.5,2,Nhóm 3 — mức chi tiêu trung vị hạng 3/3
C00978,2026-04-28 18:49:54,4,20409888.0,0.0,10.0,2.75,22,Female,Biên Hòa,145.21534722222222,5102472.0,2,Nhóm 3 — mức chi tiêu trung vị hạng 3/3
C00979,2026-03-17 20:44:28,2,1438020.0,0.025,6.0,3.5,37,Female,Hải Phòng,187.13578703703703,719010.0,0,Nhóm 1 — mức chi tiêu trung vị hạng 1/3
C00980,2026-08-25 04:54:08,3,4968642.0,0.13466666666666668,10.0,2.6666666666666665,57,Female,Đà Lạt,26.79574074074074,1656214.0,1,Nhóm 2 — mức chi tiêu trung vị hạng 2/3
C00981,2025-11-04 08:43:12,1,1720000.0,0.0,4.0,1.0,61,Female,Biên Hòa,320.63666666666666,1720000.0,0,Nhóm 1 — mức chi tiêu trung vị hạng 1/3
C00982,2026-03-17 06:31:57,2,7469000.0,0.0,5.0,2.5,18,Female,Huế,187.7278125,3734500.0,0,Nhóm 1 — mức chi tiêu trung vị hạng 1/3
C00983,2026-09-04 05:04:51,4,10389958.0,0.0,15.0,1.5,47,Female,Huế,16.78829861111111,2597489.5,2,Nhóm 3 — mức chi tiêu trung vị hạng 3/3
C00984,2026-08-22 14:35:27,4,28389120.0,0.05,15.0,3.5,38,Male,Hà Nội,29.39204861111111,7097280.0,2,Nhóm 3 — mức chi tiêu trung vị hạng 3/3
C00985,2026-08-17 17:10:22,12,9251352.0,0.05047425474254743,33.0,3.0,37,Female,Biên Hòa,34.28446759259259,770946.0,2,Nhóm 3 — mức chi tiêu trung vị hạng 3/3
C00986,2026-07-08 19:12:40,7,10178800.0,0.045556218311959426,29.0,2.5714285714285716,23,Female,TP. Hồ Chí Minh,74.19953703703703,1454114.2857142857,2,Nhóm 3 — mức chi tiêu trung vị hạng 3/3
C00987,2026-09-03 07:44:28,6,15510256.0,0.025641025641025633,18.0,2.5,39,Female,Huế,17.677453703703705,2585042.6666666665,2,Nhóm 3 — mức chi tiêu trung vị hạng 3/3
C00988,2026-05-24 19:04:42,4,3255651.0,0.0125025005001,12.0,3.0,35,Female,TP. Hồ Chí Minh,119.20506944444445,813912.75,0,Nhóm 1 — mức chi tiêu trung vị hạng 1/3
C00989,2026-03-30 06:35:55,3,10600.0,0.0,5.0,2.6666666666666665,25,Female,Đà Nẵng,174.72505787037036,3533.3333333333335,0,Nhóm 1 — mức chi tiêu trung vị hạng 1/3
C00990,2026-07-03 14:41:44,4,1480745.0,0.03892276422764228,10.0,3.0,56,Female,Hải Phòng,79.38768518518519,370186.25,0,Nhóm 1 — mức chi tiêu trung vị hạng 1/3
C00991,2026-07-24 05:32:21,6,97596172.1120008,0.075,22.0,3.3333333333333335,49,Female,Cần Thơ,58.76920138888889,16266028.685333466,2,Nhóm 3 — mức chi tiêu trung vị hạng 3/3
C00992,2026-09-02 10:06:07,7,11317262.0,0.0,19.0,3.0,50,Female,Đà Lạt,18.579085648148148,1616751.7142857143,2,Nhóm 3 — mức chi tiêu trung vị hạng 3/3
C00993,2026-05-28 17:07:05,3,566180.0,0.09406940243544915,8.0,4.0,33,Female,Hải Phòng,115.28674768518519,188726.66666666666,0,Nhóm 1 — mức chi tiêu trung vị hạng 1/3
C00994,2026-08-05 04:26:25,5,3025000.0,0.13050505050505048,13.0,3.4,29,Female,Đà Lạt,46.814988425925925,605000.0,1,Nhóm 2 — mức chi tiêu trung vị hạng 2/3
C00995,2026-09-18 08:24:48,3,5417602.0,0.0,3.0,1.3333333333333333,55,Female,Biên Hòa,2.6494444444444443,1805867.3333333333,2,Nhóm 3 — mức chi tiêu trung vị hạng 3/3
C00996,2026-09-04 08:38:37,4,6290706.0,0.0125,10.0,2.75,51,Male,Đà Nẵng,16.639849537037037,1572676.5,2,Nhóm 3 — mức chi tiêu trung vị hạng 3/3
C00997,2026-07-04 05:53:54,4,14269872.0,0.04583333333333332,14.0,3.25,31,Male,Vũng Tàu,78.75423611111111,3567468.0,2,Nhóm 3 — mức chi tiêu trung vị hạng 3/3
C00998,2026-09-14 15:36:15,4,41215000.0,0.06257264626113906,13.0,3.0,53,Female,Hà Nội,6.349826388888889,10303750.0,2,Nhóm 3 — mức chi tiêu trung vị hạng 3/3
C00999,2026-07-12 12:35:22,8,14649344.0,0.025090144230769225,22.0,2.25,50,Female,Đà Lạt,70.47543981481482,1831168.0,2,Nhóm 3 — mức chi tiêu trung vị hạng 3/3
C01000,2026-08-23 05:49:29,9,4211908.0,0.018333333333333333,20.0,2.888888888888889,40,Male,Đà Lạt,28.75730324074074,467989.77777777775,2,Nhóm 3 — mức chi tiêu trung vị hạng 3/3
C01001,2026-08-19 15:50:29,8,15473530.0,0.10604136429608127,32.0,2.875,62,Female,Biên Hòa,32.33994212962963,1934191.25,2,Nhóm 3 — mức chi tiêu trung vị hạng 3/3
C01002,2026-07-15 03:48:24,9,44900496.0,0.0,32.0,2.7777777777777777,19,Male,TP. Hồ Chí Minh,67.84138888888889,4988944.0,2,Nhóm 3 — mức chi tiêu trung vị hạng 3/3
C01003,2026-01-23 23:48:04,4,2038040.0,0.025209957271551023,8.0,2.5,58,Male,Hải Phòng,240.00828703703704,509510.0,0,Nhóm 1 — mức chi tiêu trung vị hạng 1/3
C01004,2026-08-18 18:05:30,9,34064280.0,0.04052614846606263,29.0,2.6666666666666665,38,Male,Vũng Tàu,33.246180555555554,3784920.0,2,Nhóm 3 — mức chi tiêu trung vị hạng 3/3
C01005,2026-05-28 21:47:30,3,3404000.0,0.0,10.0,4.333333333333333,19,Male,Nha Trang,115.09201388888889,1134666.6666666667,0,Nhóm 1 — mức chi tiêu trung vị hạng 1/3
C01006,2026-06-15 19:37:53,2,904800.0,0.03977272727272725,4.0,3.5,44,Male,Hà Nội,97.18202546296297,452400.0,0,Nhóm 1 — mức chi tiêu trung vị hạng 1/3
C01007,2026-06-23 03:04:53,3,49029384.0,0.08423423423423422,5.0,3.0,26,Female,Cần Thơ,89.8716087962963,16343128.0,1,Nhóm 2 — mức chi tiêu trung vị hạng 2/3
C01008,2026-09-15 00:50:46,6,8903750.0,0.024999999999999998,24.0,2.8333333333333335,18,Male,Nha Trang,5.964745370370371,1483958.3333333333,2,Nhóm 3 — mức chi tiêu trung vị hạng 3/3
C01009,2026-09-12 23:12:05,7,6818612.0,0.059047619047619036,16.0,3.2857142857142856,28,Female,Hải Phòng,8.033275462962964,974087.4285714285,2,Nhóm 3 — mức chi tiêu trung vị hạng 3/3
C01010,2025-10-23 11:10:52,1,360000.0,0.0,4.0,5.0,20,Female,Hà Nội,332.5341203703704,360000.0,0,Nhóm 1 — mức chi tiêu trung vị hạng 1/3
C01011,2026-07-12 11:20:31,4,4181870.0,0.0,15.0,4.25,40,Male,Đà Lạt,70.52741898148147,1045467.5,0,Nhóm 1 — mức chi tiêu trung vị hạng 1/3
C01012,2026-08-24 21:20:03,7,17816084.0,0.009285714285714286,19.0,2.4285714285714284,43,Male,Cần Thơ,27.11107638888889,2545154.8571428573,2,Nhóm 3 — mức chi tiêu trung vị hạng 3/3
C01013,2026-08-21 20:16:58,9,22627096.0,0.032279202279202265,32.0,3.3333333333333335,21,Female,TP. Hồ Chí Minh,30.15488425925926,2514121.777777778,2,Nhóm 3 — mức chi tiêu trung vị hạng 3/3
C01014,2026-07-30 21:22:24,6,17234052.0,0.052083333333333336,19.0,2.8333333333333335,35,Male,Vũng Tàu,52.10944444444444,2872342.0,2,Nhóm 3 — mức chi tiêu trung vị hạng 3/3
C01015,2026-05-27 18:59:43,5,11139132.0,0.08671679197994986,16.0,4.0,23,Male,TP. Hồ Chí Minh,116.2085300925926,2227826.4,1,Nhóm 2 — mức chi tiêu trung vị hạng 2/3
C01016,2026-09-05 06:11:31,8,15379242.0,0.03412162162162161,18.0,3.875,52,Female,Đà Nẵng,15.742002314814815,1922405.25,2,Nhóm 3 — mức chi tiêu trung vị hạng 3/3
C01017,2026-07-31 19:18:47,6,8883990.0,0.0,14.0,2.6666666666666665,39,Female,Biên Hòa,51.195289351851855,1480665.0,2,Nhóm 3 — mức chi tiêu trung vị hạng 3/3
C01018,2026-06-20 04:21:59,7,4073490.0,0.0,22.0,3.0,60,Male,Hà Nội,92.81806712962963,581927.1428571428,2,Nhóm 3 — mức chi tiêu trung vị hạng 3/3
C01019,2026-06-15 06:31:31,5,5603000.0,0.0474615304092955,22.0,3.2,32,Female,TP. Hồ Chí Minh,97.72811342592593,1120600.0,2,Nhóm 3 — mức chi tiêu trung vị hạng 3/3
C01020,2026-08-05 13:05:09,3,2370950.0,0.1728395061728395,10.0,2.6666666666666665,39,Male,Nha Trang,46.45475694444445,790316.6666666666,1,Nhóm 2 — mức chi tiêu trung vị hạng 2/3
C01021,2026-09-15 21:44:48,7,13608212.0,0.04591836734693877,15.0,2.5714285714285716,54,Male,Biên Hòa,5.0938888888888885,1944030.2857142857,2,Nhóm 3 — mức chi tiêu trung vị hạng 3/3
C01022,2026-08-06 23:57:06,6,9577436.0,0.08333333333333333,18.0,2.6666666666666665,59,Male,TP. Hồ Chí Minh,45.00201388888889,1596239.3333333333,2,Nhóm 3 — mức chi tiêu trung vị hạng 3/3
C01023,2026-02-25 03:08:06,2,3288928.0,0.10084033613445376,8.0,1.5,29,Female,Huế,207.869375,1644464.0,0,Nhóm 1 — mức chi tiêu trung vị hạng 1/3
C01024,2026-09-05 03:06:53,7,12559000.0,0.07559861915306221,24.0,3.0,64,Female,Đà Nẵng,15.870219907407407,1794142.857142857,2,Nhóm 3 — mức chi tiêu trung vị hạng 3/3
C01025,2026-07-08 21:12:56,4,542000.0,0.0,14.0,3.0,59,Female,Hải Phòng,74.11601851851852,135500.0,0,Nhóm 1 — mức chi tiêu trung vị hạng 1/3
C01027,2026-03-29 01:20:55,2,2231997.0,0.05,7.0,3.0,35,Female,Đà Nẵng,175.94380787037036,1115998.5,0,Nhóm 1 — mức chi tiêu trung vị hạng 1/3
C01028,2026-07-24 06:22:56,5,2056118.0,0.12212121212121212,13.0,4.6,62,Male,Biên Hòa,58.73407407407407,411223.6,1,Nhóm 2 — mức chi tiêu trung vị hạng 2/3
C01029,2026-06-09 00:48:55,5,2163100.0,0.11015483870967742,17.0,3.2,52,Male,Huế,103.96603009259259,432620.0,1,Nhóm 2 — mức chi tiêu trung vị hạng 2/3
C01030,2026-06-07 05:15:25,7,4358000.0,0.027968478491358244,19.0,3.7142857142857144,47,Male,Hà Nội,105.78096064814815,622571.4285714285,2,Nhóm 3 — mức chi tiêu trung vị hạng 3/3
C01031,2026-08-22 16:21:12,4,1894000.0,0.11666666666666667,14.0,2.75,41,Male,Nha Trang,29.31861111111111,473500.0,1,Nhóm 2 — mức chi tiêu trung vị hạng 2/3
C01032,2026-08-24 06:38:42,5,4641000.0,0.08254999252962592,15.0,3.4,59,Female,Vũng Tàu,27.723125,928200.0,2,Nhóm 3 — mức chi tiêu trung vị hạng 3/3
C01033,2026-09-16 22:56:32,9,10014152.0,0.005555555555555556,26.0,3.7777777777777777,47,Male,Vũng Tàu,4.044074074074074,1112683.5555555555,2,Nhóm 3 — mức chi tiêu trung vị hạng 3/3
C01034,2026-07-23 03:48:11,4,1919000.0,0.1,11.0,3.0,31,Female,Đà Nẵng,59.84153935185185,479750.0,1,Nhóm 2 — mức chi tiêu trung vị hạng 2/3
C01035,2026-06-20 03:14:09,3,7824730.0,0.022700119474313,14.0,4.333333333333333,23,Male,Biên Hòa,92.86517361111112,2608243.3333333335,0,Nhóm 1 — mức chi tiêu trung vị hạng 1/3
C01036,2026-09-09 00:26:22,5,30021762.0,0.030000000000000006,15.0,3.8,20,Female,Hà Nội,11.981689814814814,6004352.4,2,Nhóm 3 — mức chi tiêu trung vị hạng 3/3
C01037,2026-07-14 08:41:29,3,2467000.0,0.0,7.0,2.6666666666666665,33,Female,Đà Lạt,68.6378587962963,822333.3333333334,0,Nhóm 1 — mức chi tiêu trung vị hạng 1/3
C01038,2026-09-12 18:02:26,5,76762024.1120008,0.01,15.0,2.8,24,Male,Huế,8.248310185185185,15352404.822400158,2,Nhóm 3 — mức chi tiêu trung vị hạng 3/3
C01039,2026-04-26 10:10:13,2,991000.0,0.0,9.0,2.5,31,Male,Đà Lạt,147.57623842592594,495500.0,0,Nhóm 1 — mức chi tiêu trung vị hạng 1/3
C01040,2026-05-05 03:39:04,4,3813498.0,0.12229960899315738,9.0,3.25,26,Male,Nha Trang,138.84787037037037,953374.5,1,Nhóm 2 — mức chi tiêu trung vị hạng 2/3
C01041,2026-09-15 19:46:27,5,8268432.0,0.03018867924528302,16.0,3.4,32,Male,Hà Nội,5.176076388888889,1653686.4,2,Nhóm 3 — mức chi tiêu trung vị hạng 3/3
C01042,2026-07-21 16:31:45,8,28374256.0,0.0,23.0,3.25,38,Female,Hà Nội,61.311284722222226,3546782.0,2,Nhóm 3 — mức chi tiêu trung vị hạng 3/3
C01043,2026-05-25 12:37:20,5,27544776.0,0.0,22.0,3.6,52,Male,Huế,118.47407407407407,5508955.2,2,Nhóm 3 — mức chi tiêu trung vị hạng 3/3
C01044,2026-09-02 12:18:30,9,10076042.0,0.0332813381259007,24.0,3.3333333333333335,19,Male,Cần Thơ,18.487152777777776,1119560.2222222222,2,Nhóm 3 — mức chi tiêu trung vị hạng 3/3
C01045,2026-09-20 23:06:54,8,15670110.0,0.07273414736027059,28.0,3.625,44,Female,Đà Lạt,0.036875,1958763.75,2,Nhóm 3 — mức chi tiêu trung vị hạng 3/3
C01046,2026-02-11 07:58:08,3,2515130.0,0.0,14.0,3.0,19,Male,TP. Hồ Chí Minh,221.66796296296297,838376.6666666666,0,Nhóm 1 — mức chi tiêu trung vị hạng 1/3
C01047,2026-05-06 19:35:37,5,3818340.0,0.0,18.0,3.6,52,Male,Vũng Tàu,137.18359953703703,763668.0,0,Nhóm 1 — mức chi tiêu trung vị hạng 1/3
C01048,2026-08-26 06:43:58,7,14179600.0,0.1343318648186964,21.0,3.142857142857143,35,Male,Cần Thơ,25.719467592592594,2025657.142857143,1,Nhóm 2 — mức chi tiêu trung vị hạng 2/3
C01049,2026-08-15 07:52:42,9,13025747.0,0.11000038701188125,23.0,3.7777777777777777,31,Male,TP. Hồ Chí Minh,36.67173611111111,1447305.2222222222,2,Nhóm 3 — mức chi tiêu trung vị hạng 3/3
C01050,2026-08-21 02:57:09,6,20019416.0,0.12684822076978938,13.0,3.3333333333333335,37,Male,Biên Hòa,30.87697916666667,3336569.3333333335,1,Nhóm 2 — mức chi tiêu trung vị hạng 2/3
C01051,2026-08-31 13:02:30,6,5351892.0,0.0425,11.0,2.0,35,Female,Huế,20.45659722222222,891982.0,2,Nhóm 3 — mức chi tiêu trung vị hạng 3/3
C01052,2026-05-06 00:29:41,3,2241696.0,0.0,10.0,3.0,27,Male,Biên Hòa,137.97938657407408,747232.0,0,Nhóm 1 — mức chi tiêu trung vị hạng 1/3
C01053,2026-08-18 05:43:25,2,710500.0,0.25,8.0,1.5,42,Male,Vũng Tàu,33.76151620370371,355250.0,1,Nhóm 2 — mức chi tiêu trung vị hạng 2/3
C01054,2026-04-13 08:27:54,3,112500.0,0.0,7.0,3.3333333333333335,19,Male,Hải Phòng,160.64729166666666,37500.0,0,Nhóm 1 — mức chi tiêu trung vị hạng 1/3
C01055,2026-05-10 03:02:02,3,4217000.0,0.0,8.0,1.6666666666666667,42,Male,TP. Hồ Chí Minh,133.87358796296297,1405666.6666666667,0,Nhóm 1 — mức chi tiêu trung vị hạng 1/3
C01056,2026-06-05 01:37:39,4,3403500.0,0.0125,10.0,3.0,50,Male,Cần Thơ,107.9321875,850875.0,0,Nhóm 1 — mức chi tiêu trung vị hạng 1/3
C01057,2026-08-31 16:36:20,5,4466270.0,0.030888030888030882,14.0,4.0,53,Female,TP. Hồ Chí Minh,20.308101851851852,893254.0,2,Nhóm 3 — mức chi tiêu trung vị hạng 3/3
C01058,2026-08-27 09:31:24,4,1780636.0,0.0,12.0,3.5,48,Male,TP. Hồ Chí Minh,24.603194444444444,445159.0,0,Nhóm 1 — mức chi tiêu trung vị hạng 1/3
C01059,2026-02-23 10:36:08,3,2281800.0,0.0,10.0,2.3333333333333335,31,Female,Huế,209.55824074074073,760600.0,0,Nhóm 1 — mức chi tiêu trung vị hạng 1/3
C01060,2026-07-25 09:13:30,4,1568000.0,0.10441176470588236,14.0,2.75,18,Female,Biên Hòa,57.615625,392000.0,1,Nhóm 2 — mức chi tiêu trung vị hạng 2/3
C01061,2026-07-31 15:20:55,6,6338898.0,0.019594594594594585,26.0,3.1666666666666665,63,Male,Đà Lạt,51.360474537037035,1056483.0,2,Nhóm 3 — mức chi tiêu trung vị hạng 3/3
C01062,2026-04-22 08:27:32,2,1901334.0,0.05,4.0,2.0,33,Male,Hải Phòng,151.6475462962963,950667.0,0,Nhóm 1 — mức chi tiêu trung vị hạng 1/3
C01063,2026-07-25 06:57:48,6,11538340.0,0.032115384615384615,19.0,2.1666666666666665,63,Male,Huế,57.70986111111111,1923056.6666666667,2,Nhóm 3 — mức chi tiêu trung vị hạng 3/3
C01064,2025-12-09 22:03:01,2,2853436.0,0.0,4.0,4.0,20,Male,Nha Trang,285.0812384259259,1426718.0,0,Nhóm 1 — mức chi tiêu trung vị hạng 1/3
C01065,2026-04-05 11:52:04,1,7471230.0,0.0,5.0,4.0,52,Female,Huế,168.50550925925927,7471230.0,0,Nhóm 1 — mức chi tiêu trung vị hạng 1/3
C01066,2026-08-12 22:07:05,4,30836948.0,0.0,14.0,3.0,58,Male,Vũng Tàu,39.078414351851855,7709237.0,2,Nhóm 3 — mức chi tiêu trung vị hạng 3/3
C01067,2026-06-20 03:14:34,3,1176100.0,0.03333333333333333,8.0,3.6666666666666665,23,Male,Hải Phòng,92.86488425925926,392033.3333333333,0,Nhóm 1 — mức chi tiêu trung vị hạng 1/3
C01068,2026-08-23 20:51:04,8,33029866.0,0.03125,15.0,2.875,42,Male,Hà Nội,28.131203703703704,4128733.25,2,Nhóm 3 — mức chi tiêu trung vị hạng 3/3
C01069,2026-08-12 23:36:20,5,4887000.0,0.08080000000000001,22.0,2.8,30,Male,Nha Trang,39.01643518518519,977400.0,2,Nhóm 3 — mức chi tiêu trung vị hạng 3/3
C01070,2026-06-08 15:53:14,6,6634320.0,0.0,15.0,2.3333333333333335,51,Male,Đà Nẵng,104.33803240740741,1105720.0,2,Nhóm 3 — mức chi tiêu trung vị hạng 3/3
C01071,2026-08-30 12:37:19,7,3356743.0,0.03334283061224241,17.0,3.0,25,Male,Huế,21.474085648148147,479534.71428571426,2,Nhóm 3 — mức chi tiêu trung vị hạng 3/3
C01072,2026-09-11 03:30:55,5,20431406.0,0.04076923076923076,13.0,3.4,38,Female,TP. Hồ Chí Minh,9.853530092592592,4086281.2,2,Nhóm 3 — mức chi tiêu trung vị hạng 3/3
C01073,2025-12-12 00:26:08,1,480000.0,0.0532544378698224,3.0,5.0,51,Female,Đà Lạt,282.98185185185184,480000.0,0,Nhóm 1 — mức chi tiêu trung vị hạng 1/3
C01074,2025-10-03 18:40:00,1,22900.0,0.0,1.0,3.0,21,Male,Hà Nội,352.22222222222223,22900.0,0,Nhóm 1 — mức chi tiêu trung vị hạng 1/3
C01075,2026-09-20 13:58:08,4,1917356.0,0.055,6.0,3.5,42,Male,Huế,0.417962962962963,479339.0,2,Nhóm 3 — mức chi tiêu trung vị hạng 3/3
C01076,2026-09-03 22:39:35,8,26940212.0,0.012775960752248563,24.0,3.875,32,Male,Huế,17.05584490740741,3367526.5,2,Nhóm 3 — mức chi tiêu trung vị hạng 3/3
C01077,2026-06-25 03:09:29,4,4083592.0,0.20844459279038718,13.0,3.25,21,Female,Cần Thơ,87.86841435185185,1020898.0,1,Nhóm 2 — mức chi tiêu trung vị hạng 2/3
C01078,2026-08-09 11:37:51,7,5926498.0,0.06447682752030579,26.0,3.0,62,Male,Cần Thơ,42.51538194444444,846642.5714285715,2,Nhóm 3 — mức chi tiêu trung vị hạng 3/3
C01079,2026-07-25 10:49:27,5,6749180.0,0.0,13.0,3.8,29,Female,Hà Nội,57.548993055555556,1349836.0,2,Nhóm 3 — mức chi tiêu trung vị hạng 3/3
C01080,2026-08-14 03:47:27,4,2699000.0,0.1707258064516129,8.0,3.5,49,Male,Biên Hòa,37.84204861111111,674750.0,1,Nhóm 2 — mức chi tiêu trung vị hạng 2/3
C01081,2026-09-06 03:35:51,5,18043560.0,0.0,13.0,2.6,49,Male,Cần Thơ,14.850104166666666,3608712.0,2,Nhóm 3 — mức chi tiêu trung vị hạng 3/3
C01082,2026-08-21 20:16:14,4,870000.0,0.0,13.0,2.25,45,Male,TP. Hồ Chí Minh,30.15539351851852,217500.0,0,Nhóm 1 — mức chi tiêu trung vị hạng 1/3
C01083,2026-09-09 22:15:59,4,3056456.0,0.125,8.0,3.75,30,Male,Nha Trang,11.072233796296297,764114.0,1,Nhóm 2 — mức chi tiêu trung vị hạng 2/3
C01084,2026-09-20 01:23:46,8,9415324.0,0.035829129886506925,26.0,3.5,48,Female,Đà Nẵng,0.9418287037037038,1176915.5,2,Nhóm 3 — mức chi tiêu trung vị hạng 3/3
C01085,2026-02-28 03:16:25,2,3552408.0,0.11,6.0,4.0,31,Female,Hải Phòng,204.86359953703703,1776204.0,0,Nhóm 1 — mức chi tiêu trung vị hạng 1/3
C01086,2026-08-30 21:08:02,3,2226000.0,0.06734006734006732,10.0,1.6666666666666667,37,Male,Đà Nẵng,21.119421296296295,742000.0,0,Nhóm 1 — mức chi tiêu trung vị hạng 1/3
C01087,2026-08-02 19:10:28,5,17961320.0,0.0964,15.0,2.6,35,Male,Đà Nẵng,49.20106481481481,3592264.0,2,Nhóm 3 — mức chi tiêu trung vị hạng 3/3
C01088,2026-08-30 04:20:32,4,3645086.0,0.029706275033377826,12.0,2.5,46,Female,Hải Phòng,21.819074074074074,911271.5,2,Nhóm 3 — mức chi tiêu trung vị hạng 3/3
C01089,2026-08-28 14:50:20,7,4920059.0,0.06666666666666667,17.0,3.142857142857143,23,Female,Cần Thơ,23.38171296296296,702865.5714285715,2,Nhóm 3 — mức chi tiêu trung vị hạng 3/3
C01090,2026-05-14 10:45:27,3,3544700.0,0.0377659574468085,9.0,2.3333333333333335,49,Female,Hà Nội,129.55177083333334,1181566.6666666667,0,Nhóm 1 — mức chi tiêu trung vị hạng 1/3
C01091,2026-08-19 03:54:43,5,3851000.0,0.07482549135832547,13.0,2.6,46,Female,Hải Phòng,32.83700231481482,770200.0,2,Nhóm 3 — mức chi tiêu trung vị hạng 3/3
C01092,2026-08-31 05:14:55,9,80808012.1120008,0.09448152267952045,29.0,3.4444444444444446,60,Male,Vũng Tàu,20.78130787037037,8978668.012444533,2,Nhóm 3 — mức chi tiêu trung vị hạng 3/3
C01093,2026-08-26 15:25:53,6,14969914.0,0.02162921348314607,16.0,3.6666666666666665,19,Female,Biên Hòa,25.357025462962962,2494985.6666666665,2,Nhóm 3 — mức chi tiêu trung vị hạng 3/3
C01094,2026-09-20 12:01:04,5,6586130.0,0.0204415372035977,19.0,3.2,40,Male,Nha Trang,0.49925925925925924,1317226.0,2,Nhóm 3 — mức chi tiêu trung vị hạng 3/3
C01095,2026-09-02 08:08:26,8,12464731.0,0.14597210548307848,22.0,2.75,36,Female,Đà Lạt,18.660810185185184,1558091.375,1,Nhóm 2 — mức chi tiêu trung vị hạng 2/3
C01096,2026-09-13 12:07:29,4,4821208.0,0.05261248185776485,13.0,3.5,48,Female,Cần Thơ,7.49480324074074,1205302.0,2,Nhóm 3 — mức chi tiêu trung vị hạng 3/3
C01097,2026-08-13 22:04:45,7,11878640.0,0.05929919137466307,21.0,3.142857142857143,22,Female,Biên Hòa,38.08003472222222,1696948.5714285714,2,Nhóm 3 — mức chi tiêu trung vị hạng 3/3
C01098,2026-05-18 21:39:19,2,15640000.0,0.2440944881889764,9.0,3.5,36,Female,Hải Phòng,125.09769675925926,7820000.0,1,Nhóm 2 — mức chi tiêu trung vị hạng 2/3
C01099,2026-07-18 05:31:09,5,4747000.0,0.09118541033434649,10.0,2.4,51,Female,Vũng Tàu,64.77003472222222,949400.0,1,Nhóm 2 — mức chi tiêu trung vị hạng 2/3
C01100,2026-05-29 16:30:12,5,5204978.0,0.024177215189873418,16.0,3.0,27,Male,Đà Lạt,114.31236111111112,1040995.6,0,Nhóm 1 — mức chi tiêu trung vị hạng 1/3
C01101,2026-09-02 06:04:53,7,23353568.0,0.0,25.0,3.142857142857143,42,Male,Nha Trang,18.746608796296297,3336224.0,2,Nhóm 3 — mức chi tiêu trung vị hạng 3/3
C01102,2025-12-07 21:18:46,4,6260712.0,0.0,6.0,3.0,19,Female,Nha Trang,287.1119675925926,1565178.0,0,Nhóm 1 — mức chi tiêu trung vị hạng 1/3
C01103,2026-07-11 07:34:54,6,24274750.0,0.024999999999999998,22.0,3.0,28,Female,Cần Thơ,71.68409722222222,4045791.6666666665,2,Nhóm 3 — mức chi tiêu trung vị hạng 3/3
C01104,2026-08-23 21:27:19,8,26608624.0,0.025825471698113202,24.0,3.25,48,Male,Hải Phòng,28.106030092592594,3326078.0,2,Nhóm 3 — mức chi tiêu trung vị hạng 3/3
C01105,2026-09-09 00:30:48,5,2570099.0,0.010650887573964481,19.0,3.6,32,Female,Biên Hòa,11.97861111111111,514019.8,2,Nhóm 3 — mức chi tiêu trung vị hạng 3/3
C01106,2026-06-20 13:20:57,6,11930300.0,0.008333333333333333,17.0,3.0,26,Female,Hà Nội,92.44378472222222,1988383.3333333333,2,Nhóm 3 — mức chi tiêu trung vị hạng 3/3
C01107,2026-06-23 16:11:18,6,8820224.0,0.10833333333333334,18.0,3.5,40,Male,Biên Hòa,89.3254861111111,1470037.3333333333,1,Nhóm 2 — mức chi tiêu trung vị hạng 2/3
C01108,2026-09-03 21:24:49,6,14502478.0,0.055936268631146126,20.0,3.1666666666666665,36,Female,Biên Hòa,17.107766203703704,2417079.6666666665,2,Nhóm 3 — mức chi tiêu trung vị hạng 3/3
C01109,2026-08-29 07:09:19,5,15609578.0,0.08050745066451873,15.0,3.0,26,Female,Nha Trang,22.701863425925925,3121915.6,2,Nhóm 3 — mức chi tiêu trung vị hạng 3/3
C01110,2026-05-15 11:56:19,1,649000.0,0.0,1.0,4.0,52,Male,Hà Nội,128.50255787037037,649000.0,0,Nhóm 1 — mức chi tiêu trung vị hạng 1/3
C01111,2026-07-21 13:50:18,2,613600.0,0.0,6.0,3.5,38,Male,Hà Nội,61.42340277777778,306800.0,0,Nhóm 1 — mức chi tiêu trung vị hạng 1/3
C01112,2026-06-15 16:16:31,5,9908930.0,0.10613821138211381,12.0,3.2,26,Male,Cần Thơ,97.32186342592593,1981786.0,1,Nhóm 2 — mức chi tiêu trung vị hạng 2/3
C01113,2026-09-20 02:04:53,6,7410970.0,0.0,16.0,2.6666666666666665,45,Female,Đà Lạt,0.9132754629629629,1235161.6666666667,2,Nhóm 3 — mức chi tiêu trung vị hạng 3/3
C01114,2026-09-06 21:39:45,8,56504100.0,0.028175313059033986,26.0,3.0,63,Male,Huế,14.097395833333334,7063012.5,2,Nhóm 3 — mức chi tiêu trung vị hạng 3/3
C01115,2026-08-31 09:58:51,4,5339380.0,0.0,11.0,2.75,24,Male,Đà Nẵng,20.584131944444444,1334845.0,2,Nhóm 3 — mức chi tiêu trung vị hạng 3/3
C01116,2026-05-17 00:46:21,6,10967796.0,0.13683760683760685,19.0,3.0,33,Male,Đà Nẵng,126.9678125,1827966.0,1,Nhóm 2 — mức chi tiêu trung vị hạng 2/3
C01117,2026-03-30 15:19:15,3,2892000.0,0.12575757575757576,13.0,2.6666666666666665,33,Male,Nha Trang,174.36163194444444,964000.0,1,Nhóm 2 — mức chi tiêu trung vị hạng 2/3
C01118,2026-08-25 19:11:56,6,3443440.0,0.0,19.0,3.3333333333333335,50,Male,Huế,26.200046296296296,573906.6666666666,2,Nhóm 3 — mức chi tiêu trung vị hạng 3/3
C01119,2026-08-09 05:58:06,5,14040000.0,0.057659149722735656,15.0,2.8,21,Male,Đà Lạt,42.75131944444445,2808000.0,2,Nhóm 3 — mức chi tiêu trung vị hạng 3/3
C01120,2026-04-24 20:54:13,2,7460500.0,0.05,10.0,2.0,21,Female,Huế,149.1290162037037,3730250.0,0,Nhóm 1 — mức chi tiêu trung vị hạng 1/3
C01121,2026-08-10 01:52:06,3,2800000.0,0.16442953020134227,10.0,3.3333333333333335,56,Female,Cần Thơ,41.922152777777775,933333.3333333334,1,Nhóm 2 — mức chi tiêu trung vị hạng 2/3
C01122,2026-06-26 18:48:07,6,44239780.0,0.15765993265993264,20.0,2.6666666666666665,57,Male,Biên Hòa,86.21658564814815,7373296.666666667,1,Nhóm 2 — mức chi tiêu trung vị hạng 2/3
C01123,2026-07-04 02:50:27,4,1049000.0,0.0,14.0,3.0,34,Male,Nha Trang,78.88163194444445,262250.0,0,Nhóm 1 — mức chi tiêu trung vị hạng 1/3
C01124,2026-08-18 14:15:56,7,7977025.0,0.08428470795363838,22.0,3.2857142857142856,54,Male,Hà Nội,33.40560185185185,1139575.0,2,Nhóm 3 — mức chi tiêu trung vị hạng 3/3
C01125,2026-08-31 21:02:04,3,9645000.0,0.0,8.0,1.6666666666666667,56,Female,Nha Trang,20.123564814814817,3215000.0,2,Nhóm 3 — mức chi tiêu trung vị hạng 3/3
C01126,2026-09-09 04:06:25,7,9606916.0,0.04285714285714286,16.0,2.857142857142857,46,Female,Đà Nẵng,11.828877314814815,1372416.5714285714,2,Nhóm 3 — mức chi tiêu trung vị hạng 3/3
C01127,2026-06-30 03:56:08,3,978000.0,0.0,6.0,3.0,53,Female,Đà Lạt,82.83601851851851,326000.0,0,Nhóm 1 — mức chi tiêu trung vị hạng 1/3
C01128,2026-08-06 02:39:46,6,7957900.0,0.06683375104427734,22.0,2.1666666666666665,55,Female,Huế,45.88905092592593,1326316.6666666667,2,Nhóm 3 — mức chi tiêu trung vị hạng 3/3
C01129,2026-08-26 11:34:46,9,16703772.0,0.05555555555555555,30.0,2.7777777777777777,56,Female,Đà Lạt,25.517523148148147,1855974.6666666667,2,Nhóm 3 — mức chi tiêu trung vị hạng 3/3
C01130,2026-08-11 06:25:12,11,14220710.0,0.06248457424928013,36.0,3.090909090909091,54,Female,Cần Thơ,40.7325,1292791.8181818181,2,Nhóm 3 — mức chi tiêu trung vị hạng 3/3
C01131,2026-08-30 01:54:22,4,1749100.0,0.0125,13.0,4.0,52,Female,Nha Trang,21.920578703703704,437275.0,0,Nhóm 1 — mức chi tiêu trung vị hạng 1/3
C01132,2026-08-03 12:41:43,10,14240084.0,0.05444444444444444,29.0,3.0,24,Female,Hải Phòng,48.47103009259259,1424008.4,2,Nhóm 3 — mức chi tiêu trung vị hạng 3/3
C01133,2026-08-22 13:39:37,7,11100392.0,0.07089750398300584,14.0,2.4285714285714284,44,Female,Nha Trang,29.43082175925926,1585770.2857142857,2,Nhóm 3 — mức chi tiêu trung vị hạng 3/3
C01134,2026-09-15 14:13:21,7,9854357.0,0.03438395415472779,25.0,2.4285714285714284,45,Male,Hà Nội,5.407395833333333,1407765.2857142857,2,Nhóm 3 — mức chi tiêu trung vị hạng 3/3
C01135,2026-08-27 08:20:17,8,10307000.0,0.13134673024523158,25.0,2.375,39,Male,Nha Trang,24.652581018518518,1288375.0,1,Nhóm 2 — mức chi tiêu trung vị hạng 2/3
C01136,2026-09-07 20:54:27,8,10548108.0,0.10796799946779392,21.0,3.375,31,Male,Vũng Tàu,13.128854166666667,1318513.5,2,Nhóm 3 — mức chi tiêu trung vị hạng 3/3
C01137,2026-07-30 08:26:24,8,8297889.0,0.034722222222222224,26.0,3.375,24,Male,Cần Thơ,52.64833333333333,1037236.125,2,Nhóm 3 — mức chi tiêu trung vị hạng 3/3
C01138,2026-08-12 05:45:03,3,5516720.0,0.23737947875878906,7.0,4.666666666666667,54,Female,TP. Hồ Chí Minh,39.76038194444445,1838906.6666666667,1,Nhóm 2 — mức chi tiêu trung vị hạng 2/3
C01139,2026-08-29 13:17:04,8,4414945.0,0.04375,25.0,3.375,39,Female,Cần Thơ,22.44648148148148,551868.125,2,Nhóm 3 — mức chi tiêu trung vị hạng 3/3
C01140,2026-05-05 02:05:04,4,35557850.0,0.0,11.0,2.25,22,Male,Huế,138.91314814814814,8889462.5,2,Nhóm 3 — mức chi tiêu trung vị hạng 3/3
C01141,2026-05-02 23:53:51,4,4042104.0,0.0,11.0,2.25,19,Female,TP. Hồ Chí Minh,141.00427083333332,1010526.0,0,Nhóm 1 — mức chi tiêu trung vị hạng 1/3
C01142,2026-09-10 15:02:43,7,19034370.0,0.0,22.0,3.4285714285714284,44,Male,Huế,10.373113425925926,2719195.714285714,2,Nhóm 3 — mức chi tiêu trung vị hạng 3/3
C01143,2026-08-22 15:21:52,11,18260000.0,0.008427557754363137,34.0,3.272727272727273,38,Female,Huế,29.359814814814815,1660000.0,2,Nhóm 3 — mức chi tiêu trung vị hạng 3/3
C01144,2026-09-14 11:40:09,11,25384850.0,0.05984475294820122,42.0,3.1818181818181817,55,Male,Hà Nội,6.513784722222222,2307713.6363636362,2,Nhóm 3 — mức chi tiêu trung vị hạng 3/3
C01145,2026-09-06 10:08:47,3,6196344.0,0.0,8.0,3.3333333333333335,32,Female,Hà Nội,14.577233796296296,2065448.0,2,Nhóm 3 — mức chi tiêu trung vị hạng 3/3
C01146,2026-03-12 01:06:03,4,1845000.0,0.025,12.0,3.25,38,Female,Biên Hòa,192.95413194444444,461250.0,0,Nhóm 1 — mức chi tiêu trung vị hạng 1/3
C01147,2026-09-11 00:43:07,5,4122000.0,0.27906780626780625,14.0,2.2,27,Male,Đà Nẵng,9.97005787037037,824400.0,1,Nhóm 2 — mức chi tiêu trung vị hạng 2/3
C01148,2026-07-26 17:20:37,5,32407693.0,0.12,20.0,2.6,40,Female,Biên Hòa,56.27734953703704,6481538.6,1,Nhóm 2 — mức chi tiêu trung vị hạng 2/3
C01149,2026-02-23 02:59:30,2,1977000.0,0.0,7.0,2.0,56,Male,Biên Hòa,209.87534722222222,988500.0,0,Nhóm 1 — mức chi tiêu trung vị hạng 1/3
C01150,2026-06-12 18:00:04,3,2014000.0,0.0,7.0,2.6666666666666665,22,Male,Đà Nẵng,100.24995370370371,671333.3333333334,0,Nhóm 1 — mức chi tiêu trung vị hạng 1/3
C01151,2026-07-22 04:12:16,2,13434448.0,0.0,7.0,3.5,18,Male,Hải Phòng,60.824814814814815,6717224.0,0,Nhóm 1 — mức chi tiêu trung vị hạng 1/3
C01152,2026-08-21 01:20:03,4,5388270.0,0.025,16.0,2.75,30,Male,TP. Hồ Chí Minh,30.944409722222222,1347067.5,2,Nhóm 3 — mức chi tiêu trung vị hạng 3/3
C01153,2026-09-11 21:26:21,7,7162498.0,0.07065212912087912,20.0,3.2857142857142856,38,Female,Đà Lạt,9.106701388888888,1023214.0,2,Nhóm 3 — mức chi tiêu trung vị hạng 3/3
C01154,2026-06-14 10:40:10,5,7662900.0,0.0,17.0,2.8,43,Female,Biên Hòa,98.55543981481482,1532580.0,2,Nhóm 3 — mức chi tiêu trung vị hạng 3/3
C01155,2026-09-12 11:16:42,4,2675100.0,0.1019396551724138,9.0,3.75,62,Female,Nha Trang,8.530069444444445,668775.0,1,Nhóm 2 — mức chi tiêu trung vị hạng 2/3
C01156,2026-02-17 15:32:45,1,312500.0,0.1379310344827586,5.0,2.0,38,Male,Nha Trang,215.35225694444443,312500.0,0,Nhóm 1 — mức chi tiêu trung vị hạng 1/3
C01157,2026-08-24 04:19:08,7,10712824.0,0.014285714285714287,21.0,2.2857142857142856,35,Female,Huế,27.820046296296297,1530403.4285714286,2,Nhóm 3 — mức chi tiêu trung vị hạng 3/3
C01158,2026-05-31 09:18:09,4,2782530.0,0.09689922480620156,18.0,2.5,54,Male,Đà Nẵng,112.61239583333334,695632.5,1,Nhóm 2 — mức chi tiêu trung vị hạng 2/3
C01159,2026-07-16 00:50:21,9,31326575.0,0.07775619442286108,32.0,3.2222222222222223,62,Female,Huế,66.96503472222223,3480730.5555555555,2,Nhóm 3 — mức chi tiêu trung vị hạng 3/3
C01160,2026-08-12 02:08:22,3,704999.0,0.1038062283737024,6.0,1.0,49,Female,Vũng Tàu,39.91085648148148,234999.66666666666,0,Nhóm 1 — mức chi tiêu trung vị hạng 1/3
C01161,2026-08-02 22:38:52,7,15440140.0,0.0,17.0,2.5714285714285716,53,Female,Vũng Tàu,49.05634259259259,2205734.285714286,2,Nhóm 3 — mức chi tiêu trung vị hạng 3/3
C01162,2026-07-01 11:22:51,5,6503842.0,0.02,10.0,2.6,34,Male,Đà Lạt,81.52579861111111,1300768.4,2,Nhóm 3 — mức chi tiêu trung vị hạng 3/3
C01163,2026-08-25 17:11:01,5,9866292.0,0.0,17.0,2.8,52,Female,Hà Nội,26.284016203703704,1973258.4,2,Nhóm 3 — mức chi tiêu trung vị hạng 3/3
C01164,2026-09-08 13:51:28,4,16367268.0,0.0,15.0,2.5,28,Female,Hà Nội,12.422592592592592,4091817.0,2,Nhóm 3 — mức chi tiêu trung vị hạng 3/3
C01165,2026-09-02 11:18:22,3,7857000.0,0.06666666666666667,9.0,3.3333333333333335,38,Male,Đà Nẵng,18.52891203703704,2619000.0,2,Nhóm 3 — mức chi tiêu trung vị hạng 3/3
C01166,2026-06-18 07:51:40,4,3912705.0,0.012494997999199675,14.0,2.0,43,Female,Đà Nẵng,94.67245370370371,978176.25,0,Nhóm 1 — mức chi tiêu trung vị hạng 1/3
C01167,2026-08-22 11:32:31,7,15881645.0,0.0603994179336645,26.0,3.7142857142857144,21,Male,Biên Hòa,29.51908564814815,2268806.4285714286,2,Nhóm 3 — mức chi tiêu trung vị hạng 3/3
C01168,2026-08-27 14:41:12,6,8815068.0,0.0,18.0,2.8333333333333335,51,Female,Vũng Tàu,24.388055555555557,1469178.0,2,Nhóm 3 — mức chi tiêu trung vị hạng 3/3
C01169,2026-07-01 20:46:45,4,28786000.0,0.17627873265686478,10.0,3.0,65,Male,Biên Hòa,81.13420138888888,7196500.0,1,Nhóm 2 — mức chi tiêu trung vị hạng 2/3
C01170,2026-09-10 18:49:59,3,3365000.0,0.15258620689655175,11.0,4.0,35,Male,Hà Nội,10.215289351851851,1121666.6666666667,1,Nhóm 2 — mức chi tiêu trung vị hạng 2/3
C01171,2026-07-28 22:15:27,4,896600.0,0.0,14.0,2.5,57,Female,TP. Hồ Chí Minh,54.072604166666665,224150.0,0,Nhóm 1 — mức chi tiêu trung vị hạng 1/3
C01172,2026-03-20 14:59:30,3,4596066.0,0.11766666666666666,9.0,3.0,52,Male,TP. Hồ Chí Minh,184.37534722222222,1532022.0,1,Nhóm 2 — mức chi tiêu trung vị hạng 2/3
C01173,2026-07-07 15:24:17,9,27228664.0,0.1242798353909465,35.0,2.7777777777777777,58,Male,Đà Nẵng,75.35813657407408,3025407.111111111,2,Nhóm 3 — mức chi tiêu trung vị hạng 3/3
C01174,2026-09-03 09:36:06,8,29096800.0,0.10835427135678391,22.0,3.5,46,Male,Huế,17.599930555555556,3637100.0,2,Nhóm 3 — mức chi tiêu trung vị hạng 3/3
C01175,2026-08-04 03:08:19,3,909000.0,0.12773722627737225,11.0,4.0,46,Male,Hà Nội,47.869224537037034,303000.0,1,Nhóm 2 — mức chi tiêu trung vị hạng 2/3
C01176,2026-07-12 16:54:43,2,3199176.0,0.0,7.0,5.0,55,Male,TP. Hồ Chí Minh,70.29533564814815,1599588.0,0,Nhóm 1 — mức chi tiêu trung vị hạng 1/3
C01177,2026-09-09 23:40:07,7,4351848.0,0.014285714285714287,17.0,3.857142857142857,59,Male,Hà Nội,11.013807870370371,621692.5714285715,2,Nhóm 3 — mức chi tiêu trung vị hạng 3/3
C01178,2026-08-06 10:19:10,3,7215620.0,0.11611030478955008,8.0,1.0,38,Female,Cần Thơ,45.570023148148145,2405206.6666666665,1,Nhóm 2 — mức chi tiêu trung vị hạng 2/3
C01179,2026-05-28 14:46:26,4,4316470.0,0.0,8.0,2.75,59,Male,Nha Trang,115.3844212962963,1079117.5,0,Nhóm 1 — mức chi tiêu trung vị hạng 1/3
C01180,2026-03-27 13:15:07,6,15958396.0,0.0,18.0,3.5,30,Male,Vũng Tàu,177.44783564814816,2659732.6666666665,2,Nhóm 3 — mức chi tiêu trung vị hạng 3/3
C01181,2026-02-08 05:55:41,2,1717000.0,0.0,8.0,4.5,58,Female,Biên Hòa,224.7529976851852,858500.0,0,Nhóm 1 — mức chi tiêu trung vị hạng 1/3
C01182,2026-07-23 09:53:39,3,2769424.0,0.051,12.0,3.6666666666666665,34,Female,Hà Nội,59.587743055555556,923141.3333333334,0,Nhóm 1 — mức chi tiêu trung vị hạng 1/3
C01183,2026-09-16 13:49:34,7,11139614.0,0.152208954293197,23.0,2.2857142857142856,26,Female,Nha Trang,4.423912037037037,1591373.4285714286,1,Nhóm 2 — mức chi tiêu trung vị hạng 2/3
C01184,2026-06-10 19:55:16,2,181900.0,0.0,6.0,1.0,58,Female,Cần Thơ,102.1699537037037,90950.0,0,Nhóm 1 — mức chi tiêu trung vị hạng 1/3
C01185,2026-09-12 17:03:20,4,16431560.0,0.016891891891891875,16.0,3.0,18,Female,Biên Hòa,8.289351851851851,4107890.0,2,Nhóm 3 — mức chi tiêu trung vị hạng 3/3
C01186,2026-05-29 07:52:24,2,11227848.0,0.0,7.0,2.5,19,Female,Hà Nội,114.67194444444445,5613924.0,0,Nhóm 1 — mức chi tiêu trung vị hạng 1/3
C01187,2026-08-17 00:07:45,7,10843320.0,0.028571428571428574,17.0,2.142857142857143,65,Female,Đà Nẵng,34.994618055555556,1549045.7142857143,2,Nhóm 3 — mức chi tiêu trung vị hạng 3/3
C01188,2026-08-04 16:16:28,5,14812374.0,0.01,14.0,2.8,46,Male,Nha Trang,47.32189814814815,2962474.8,2,Nhóm 3 — mức chi tiêu trung vị hạng 3/3
C01189,2026-05-26 17:42:07,4,3815275.0,0.24051205875802895,10.0,4.0,50,Male,Biên Hòa,117.26241898148149,953818.75,1,Nhóm 2 — mức chi tiêu trung vị hạng 2/3
C01190,2026-08-24 15:05:32,10,7284150.0,0.05,30.0,3.1,27,Female,Hà Nội,27.371157407407406,728415.0,2,Nhóm 3 — mức chi tiêu trung vị hạng 3/3
C01191,2026-07-23 08:27:28,6,13325890.0,0.09166666666666667,16.0,2.8333333333333335,57,Male,Nha Trang,59.647592592592595,2220981.6666666665,2,Nhóm 3 — mức chi tiêu trung vị hạng 3/3
C01192,2026-07-19 10:21:15,7,7979160.0,0.05952380952380953,18.0,3.0,38,Male,Cần Thơ,63.568576388888886,1139880.0,2,Nhóm 3 — mức chi tiêu trung vị hạng 3/3
C01193,2026-08-16 17:18:33,7,6656416.0,0.1518667667735991,18.0,3.0,45,Male,Hà Nội,35.27878472222222,950916.5714285715,1,Nhóm 2 — mức chi tiêu trung vị hạng 2/3
C01194,2026-06-19 00:37:28,5,12935458.0,0.0,18.0,2.8,28,Female,Hà Nội,93.97398148148149,2587091.6,2,Nhóm 3 — mức chi tiêu trung vị hạng 3/3
C01195,2026-09-14 21:47:19,5,10857184.0,0.0523153942428035,13.0,3.4,51,Female,Hà Nội,6.0921412037037035,2171436.8,2,Nhóm 3 — mức chi tiêu trung vị hạng 3/3
C01196,2026-09-19 18:27:27,5,14035275.0,0.08956315789473683,13.0,2.4,25,Male,Đà Lạt,1.2309375,2807055.0,2,Nhóm 3 — mức chi tiêu trung vị hạng 3/3
C01197,2026-05-30 11:32:26,4,6053270.0,0.0,15.0,1.75,39,Female,Đà Nẵng,113.51914351851852,1513317.5,0,Nhóm 1 — mức chi tiêu trung vị hạng 1/3
C01198,2026-08-13 00:55:00,6,52832256.0,0.049999999999999996,22.0,2.8333333333333335,25,Male,Cần Thơ,38.96180555555556,8805376.0,2,Nhóm 3 — mức chi tiêu trung vị hạng 3/3
C01199,2026-05-16 00:42:13,5,10130400.0,0.0731764705882353,12.0,2.8,32,Male,Biên Hòa,127.97068287037037,2026080.0,2,Nhóm 3 — mức chi tiêu trung vị hạng 3/3
C01200,2026-08-12 01:11:17,6,79333168.1120008,0.0,17.0,3.0,34,Male,Đà Lạt,39.950497685185184,13222194.685333466,2,Nhóm 3 — mức chi tiêu trung vị hạng 3/3
C01201,2026-08-15 23:51:19,5,5188240.0,0.0,16.0,2.8,40,Male,Huế,36.006030092592596,1037648.0,2,Nhóm 3 — mức chi tiêu trung vị hạng 3/3
C01202,2026-06-11 21:56:53,5,1620950.0,0.0,17.0,4.0,41,Female,Đà Lạt,101.08549768518519,324190.0,0,Nhóm 1 — mức chi tiêu trung vị hạng 1/3
C01203,2026-04-04 07:01:48,4,840452.0,0.0384635899350606,10.0,2.25,62,Female,Vũng Tàu,169.70708333333334,210113.0,0,Nhóm 1 — mức chi tiêu trung vị hạng 1/3
C01204,2026-07-31 02:19:49,4,3647000.0,0.10447035957240038,9.0,3.75,36,Female,Vũng Tàu,51.90290509259259,911750.0,1,Nhóm 2 — mức chi tiêu trung vị hạng 2/3
C01205,2026-08-10 02:05:46,7,5230396.0,0.1028039041703638,24.0,3.142857142857143,22,Male,Hà Nội,41.91266203703704,747199.4285714285,2,Nhóm 3 — mức chi tiêu trung vị hạng 3/3
C01206,2026-02-12 19:13:56,2,1562718.0,0.0,4.0,2.0,49,Female,Đà Lạt,220.1986574074074,781359.0,0,Nhóm 1 — mức chi tiêu trung vị hạng 1/3
C01207,2026-09-10 15:40:50,4,808000.0,0.0,10.0,2.25,61,Male,Huế,10.346643518518519,202000.0,0,Nhóm 1 — mức chi tiêu trung vị hạng 1/3
C01208,2026-09-03 22:10:36,8,13488484.0,0.06882911392405063,18.0,2.5,18,Female,Đà Lạt,17.075972222222223,1686060.5,2,Nhóm 3 — mức chi tiêu trung vị hạng 3/3
C01209,2026-08-15 12:17:14,3,6915000.0,0.0502740052418394,11.0,2.3333333333333335,40,Male,Đà Nẵng,36.48803240740741,2305000.0,0,Nhóm 1 — mức chi tiêu trung vị hạng 1/3
C01210,2026-07-01 03:57:15,5,51651460.0,0.00521739130434782,11.0,3.8,54,Male,Đà Nẵng,81.83524305555555,10330292.0,2,Nhóm 3 — mức chi tiêu trung vị hạng 3/3
C01211,2026-06-12 05:14:46,2,3813000.0,0.20218579234972675,7.0,4.5,25,Male,Huế,100.78141203703704,1906500.0,1,Nhóm 2 — mức chi tiêu trung vị hạng 2/3
C01212,2026-08-31 20:07:09,5,7193996.0,0.08076923076923076,16.0,3.4,30,Female,Đà Lạt,20.16170138888889,1438799.2,2,Nhóm 3 — mức chi tiêu trung vị hạng 3/3
C01213,2026-08-04 12:08:42,6,29345032.0,0.023381994546690533,20.0,2.0,25,Female,Nha Trang,47.49395833333333,4890838.666666667,2,Nhóm 3 — mức chi tiêu trung vị hạng 3/3
C01214,2026-05-27 21:39:27,6,73488866.0,0.027777777777777766,23.0,3.0,40,Female,Đà Nẵng,116.09760416666667,12248144.333333334,2,Nhóm 3 — mức chi tiêu trung vị hạng 3/3
C01215,2026-08-31 15:31:40,6,33647352.0,0.0,14.0,2.8333333333333335,60,Female,Đà Nẵng,20.35300925925926,5607892.0,2,Nhóm 3 — mức chi tiêu trung vị hạng 3/3
C01216,2026-09-05 13:02:40,5,3796000.0,0.04229390681003584,16.0,2.2,18,Male,TP. Hồ Chí Minh,15.45648148148148,759200.0,2,Nhóm 3 — mức chi tiêu trung vị hạng 3/3
C01217,2026-09-15 18:21:57,6,19079658.0,0.008333333333333333,23.0,3.5,62,Female,Đà Lạt,5.234756944444444,3179943.0,2,Nhóm 3 — mức chi tiêu trung vị hạng 3/3
C01218,2026-04-19 08:08:00,2,4028900.0,0.0,10.0,2.5,41,Female,Đà Nẵng,154.6611111111111,2014450.0,0,Nhóm 1 — mức chi tiêu trung vị hạng 1/3
C01219,2026-07-13 05:43:12,13,10567432.0,0.07856608281680762,31.0,3.3076923076923075,52,Male,Cần Thơ,69.76166666666667,812879.3846153846,2,Nhóm 3 — mức chi tiêu trung vị hạng 3/3
C01220,2026-09-01 10:36:54,8,15681376.0,0.03783783783783784,23.0,2.75,41,Male,Đà Lạt,19.557708333333334,1960172.0,2,Nhóm 3 — mức chi tiêu trung vị hạng 3/3
C01221,2026-06-07 02:07:34,7,12907668.0,0.014285714285714287,21.0,2.7142857142857144,34,Male,Vũng Tàu,105.91141203703704,1843952.5714285714,2,Nhóm 3 — mức chi tiêu trung vị hạng 3/3
C01222,2026-09-12 16:58:47,2,5016000.0,0.0,7.0,4.0,22,Female,TP. Hồ Chí Minh,8.292511574074075,2508000.0,0,Nhóm 1 — mức chi tiêu trung vị hạng 1/3
C01223,2026-07-27 14:56:58,8,3429587.0,0.0,26.0,2.5,37,Male,Đà Nẵng,55.37710648148148,428698.375,2,Nhóm 3 — mức chi tiêu trung vị hạng 3/3
C01224,2026-06-08 05:04:53,4,5355448.0,0.0,15.0,3.5,38,Male,TP. Hồ Chí Minh,104.78827546296296,1338862.0,0,Nhóm 1 — mức chi tiêu trung vị hạng 1/3
C01225,2026-08-24 09:21:31,6,2923160.0,0.04261517615176152,14.0,2.6666666666666665,57,Male,Vũng Tàu,27.61005787037037,487193.3333333333,2,Nhóm 3 — mức chi tiêu trung vị hạng 3/3
C01226,2026-09-05 17:33:27,6,6235750.0,0.0,18.0,3.5,48,Female,Huế,15.2684375,1039291.6666666666,2,Nhóm 3 — mức chi tiêu trung vị hạng 3/3
C01227,2026-06-01 02:47:37,4,2833000.0,0.125,9.0,3.25,63,Male,Huế,111.88359953703704,708250.0,1,Nhóm 2 — mức chi tiêu trung vị hạng 2/3
C01228,2026-03-18 11:30:27,3,1411750.0,0.016666666666666666,8.0,1.6666666666666667,53,Female,Đà Lạt,186.52052083333334,470583.3333333333,0,Nhóm 1 — mức chi tiêu trung vị hạng 1/3
C01229,2026-08-26 09:08:36,6,8169776.0,0.0,16.0,3.1666666666666665,28,Female,Vũng Tàu,25.619027777777777,1361629.3333333333,2,Nhóm 3 — mức chi tiêu trung vị hạng 3/3
C01230,2026-06-25 08:16:45,3,1311000.0,0.0,6.0,2.3333333333333335,32,Male,Hải Phòng,87.65503472222223,437000.0,0,Nhóm 1 — mức chi tiêu trung vị hạng 1/3
C01231,2026-08-10 19:03:58,7,14079380.0,0.02165532879818593,24.0,2.7142857142857144,36,Male,Hải Phòng,41.2055787037037,2011340.0,2,Nhóm 3 — mức chi tiêu trung vị hạng 3/3
C01232,2026-06-02 07:03:48,3,5915000.0,0.0,15.0,3.0,24,Female,Đà Lạt,110.70569444444445,1971666.6666666667,0,Nhóm 1 — mức chi tiêu trung vị hạng 1/3
C01233,2026-09-10 00:31:10,6,6510780.0,0.0,19.0,3.0,45,Male,Hà Nội,10.978356481481482,1085130.0,2,Nhóm 3 — mức chi tiêu trung vị hạng 3/3
C01234,2026-07-09 08:13:52,5,13174250.0,0.097,17.0,4.2,60,Male,TP. Hồ Chí Minh,73.65703703703704,2634850.0,1,Nhóm 2 — mức chi tiêu trung vị hạng 2/3
C01235,2026-08-21 06:22:32,6,22519722.0,0.05428184281842818,19.0,3.1666666666666665,22,Female,TP. Hồ Chí Minh,30.73435185185185,3753287.0,2,Nhóm 3 — mức chi tiêu trung vị hạng 3/3
C01236,2026-07-11 20:55:55,6,5507536.0,0.060115050112782814,12.0,4.166666666666667,22,Female,Huế,71.12783564814815,917922.6666666666,2,Nhóm 3 — mức chi tiêu trung vị hạng 3/3
C01237,2026-02-22 05:43:47,4,27827506.0,0.0,17.0,3.0,47,Male,Hải Phòng,210.76126157407407,6956876.5,2,Nhóm 3 — mức chi tiêu trung vị hạng 3/3
C01238,2026-08-11 12:57:47,7,11459434.0,0.03619494746255309,12.0,2.5714285714285716,49,Female,Biên Hòa,40.45987268518518,1637062.0,2,Nhóm 3 — mức chi tiêu trung vị hạng 3/3
C01239,2026-06-28 17:45:12,7,17340410.0,0.03155515370705244,28.0,2.7142857142857144,25,Male,Đà Nẵng,84.26027777777777,2477201.4285714286,2,Nhóm 3 — mức chi tiêu trung vị hạng 3/3
C01240,2026-08-18 14:11:29,9,21969348.0,0.01709401709401709,26.0,3.5555555555555554,27,Male,Đà Nẵng,33.40869212962963,2441038.6666666665,2,Nhóm 3 — mức chi tiêu trung vị hạng 3/3
C01241,2026-06-13 19:40:05,4,1827256.0,0.0,8.0,2.25,55,Male,Đà Nẵng,99.18049768518519,456814.0,0,Nhóm 1 — mức chi tiêu trung vị hạng 1/3
C01242,2026-08-08 23:20:26,6,10904016.0,0.0,18.0,2.3333333333333335,64,Female,Huế,43.02747685185185,1817336.0,2,Nhóm 3 — mức chi tiêu trung vị hạng 3/3
C01243,2026-08-07 23:00:48,5,2975082.0,0.0,12.0,4.2,49,Male,Vũng Tàu,44.041111111111114,595016.4,2,Nhóm 3 — mức chi tiêu trung vị hạng 3/3
C01244,2026-09-13 17:51:18,6,8972188.0,0.0688235294117647,17.0,2.8333333333333335,65,Male,Nha Trang,7.2560416666666665,1495364.6666666667,2,Nhóm 3 — mức chi tiêu trung vị hạng 3/3
C01245,2026-06-14 10:05:40,6,28259490.0,0.027116834170854268,22.0,2.6666666666666665,45,Male,Hải Phòng,98.57939814814814,4709915.0,2,Nhóm 3 — mức chi tiêu trung vị hạng 3/3
C01246,2026-09-01 13:13:57,7,11563000.0,0.008663594470046072,19.0,2.7142857142857144,34,Female,Hải Phòng,19.448645833333334,1651857.142857143,2,Nhóm 3 — mức chi tiêu trung vị hạng 3/3
C01247,2026-09-19 03:07:50,4,19828902.0,0.017287234042553175,14.0,1.75,48,Female,Biên Hòa,1.869560185185185,4957225.5,2,Nhóm 3 — mức chi tiêu trung vị hạng 3/3
C01248,2026-07-02 11:03:11,4,1601000.0,0.238,18.0,3.5,25,Female,TP. Hồ Chí Minh,80.53945601851852,400250.0,1,Nhóm 2 — mức chi tiêu trung vị hạng 2/3
C01249,2026-08-03 15:53:25,5,1916900.0,0.0,10.0,3.4,57,Female,Hà Nội,48.33790509259259,383380.0,0,Nhóm 1 — mức chi tiêu trung vị hạng 1/3
C01250,2026-08-15 17:59:57,5,3678000.0,0.01607717041800642,14.0,3.0,42,Female,Đà Lạt,36.250034722222225,735600.0,2,Nhóm 3 — mức chi tiêu trung vị hạng 3/3
C01251,2026-06-30 17:12:44,5,5366000.0,0.05018181818181818,16.0,2.4,26,Male,TP. Hồ Chí Minh,82.28282407407407,1073200.0,2,Nhóm 3 — mức chi tiêu trung vị hạng 3/3
C01252,2026-05-11 00:05:44,4,4754136.0,0.24166666666666667,13.0,2.75,19,Female,Vũng Tàu,132.99601851851853,1188534.0,1,Nhóm 2 — mức chi tiêu trung vị hạng 2/3
C01253,2026-08-06 06:53:10,6,13262004.0,0.05000000000000001,16.0,3.0,32,Female,Đà Lạt,45.7130787037037,2210334.0,2,Nhóm 3 — mức chi tiêu trung vị hạng 3/3
C01254,2026-09-10 18:18:56,9,24018946.0,0.0,21.0,3.3333333333333335,20,Female,Hải Phòng,10.236851851851851,2668771.777777778,2,Nhóm 3 — mức chi tiêu trung vị hạng 3/3
C01255,2026-08-18 03:55:31,9,12494258.0,0.0,28.0,3.4444444444444446,53,Male,Vũng Tàu,33.83644675925926,1388250.888888889,2,Nhóm 3 — mức chi tiêu trung vị hạng 3/3
C01256,2026-04-17 12:54:00,3,3540344.0,0.0,12.0,2.3333333333333335,21,Female,Đà Lạt,156.4625,1180114.6666666667,0,Nhóm 1 — mức chi tiêu trung vị hạng 1/3
C01257,2026-04-10 05:32:19,4,27028050.0,0.0375,13.0,3.0,31,Female,Biên Hòa,163.76922453703705,6757012.5,2,Nhóm 3 — mức chi tiêu trung vị hạng 3/3
C01258,2026-06-20 09:46:08,3,6347828.0,0.0511326860841424,10.0,3.6666666666666665,58,Male,Biên Hòa,92.59296296296296,2115942.6666666665,0,Nhóm 1 — mức chi tiêu trung vị hạng 1/3
C01259,2026-09-11 18:25:02,3,2831700.0,0.051282051282051266,10.0,2.0,58,Female,Cần Thơ,9.23261574074074,943900.0,2,Nhóm 3 — mức chi tiêu trung vị hạng 3/3
C01260,2026-08-16 01:25:06,5,4444000.0,0.06615384615384615,14.0,1.8,42,Male,Nha Trang,35.94090277777778,888800.0,2,Nhóm 3 — mức chi tiêu trung vị hạng 3/3
C01261,2026-08-05 15:57:12,5,12134791.0,0.0,16.0,2.8,27,Male,Biên Hòa,46.335277777777776,2426958.2,2,Nhóm 3 — mức chi tiêu trung vị hạng 3/3
C01262,2026-07-15 21:59:00,5,14775000.0,0.05210183540556542,15.0,2.6,38,Male,Hải Phòng,67.08402777777778,2955000.0,2,Nhóm 3 — mức chi tiêu trung vị hạng 3/3
C01263,2026-07-24 03:31:21,9,7967120.0,0.07961330529388605,28.0,2.888888888888889,53,Male,Hà Nội,58.853229166666665,885235.5555555555,2,Nhóm 3 — mức chi tiêu trung vị hạng 3/3
C01264,2026-09-01 08:30:12,4,6324032.0,0.0894396551724138,11.0,2.0,29,Male,Đà Nẵng,19.645694444444445,1581008.0,1,Nhóm 2 — mức chi tiêu trung vị hạng 2/3
C01265,2026-08-03 16:46:56,6,9446670.0,0.08333333333333333,18.0,2.8333333333333335,44,Female,Cần Thơ,48.30074074074074,1574445.0,2,Nhóm 3 — mức chi tiêu trung vị hạng 3/3
C01266,2026-09-20 02:49:53,3,4130758.0,0.049999999999999996,12.0,2.6666666666666665,57,Male,Đà Nẵng,0.8820254629629629,1376919.3333333333,2,Nhóm 3 — mức chi tiêu trung vị hạng 3/3
C01267,2026-05-31 02:20:20,6,13875956.0,0.008333333333333333,22.0,2.8333333333333335,19,Male,Nha Trang,112.9025462962963,2312659.3333333335,2,Nhóm 3 — mức chi tiêu trung vị hạng 3/3
C01268,2026-09-12 14:17:40,6,895722.0,0.025641881740175617,17.0,3.8333333333333335,30,Female,Đà Lạt,8.404398148148148,149287.0,2,Nhóm 3 — mức chi tiêu trung vị hạng 3/3
C01269,2026-07-10 07:15:34,6,6243204.0,0.05562972852692478,23.0,3.1666666666666665,49,Male,Huế,72.69752314814815,1040534.0,2,Nhóm 3 — mức chi tiêu trung vị hạng 3/3
C01270,2026-09-04 13:35:01,8,21453250.0,0.16432611928301583,27.0,3.125,48,Female,Biên Hòa,16.434016203703703,2681656.25,1,Nhóm 2 — mức chi tiêu trung vị hạng 2/3
C01271,2026-06-24 19:13:22,2,18099236.0,0.0528449790512231,5.0,2.5,33,Female,Hà Nội,88.19905092592593,9049618.0,0,Nhóm 1 — mức chi tiêu trung vị hạng 1/3
C01272,2026-06-29 00:02:55,4,2950300.0,0.14625225588877347,13.0,3.75,49,Female,Nha Trang,83.99797453703704,737575.0,1,Nhóm 2 — mức chi tiêu trung vị hạng 2/3
C01273,2026-07-07 16:37:19,5,6767960.0,0.13983162910658575,13.0,3.6,49,Male,Đà Nẵng,75.30741898148148,1353592.0,1,Nhóm 2 — mức chi tiêu trung vị hạng 2/3
C01274,2026-04-12 15:36:25,5,4159690.0,0.06790123456790123,13.0,2.0,51,Male,Cần Thơ,161.34971064814815,831938.0,0,Nhóm 1 — mức chi tiêu trung vị hạng 1/3
C01275,2025-11-10 09:00:50,1,680000.0,0.0,4.0,3.0,28,Male,Biên Hòa,314.6244212962963,680000.0,0,Nhóm 1 — mức chi tiêu trung vị hạng 1/3
C01276,2026-04-23 09:31:04,8,21573406.0,0.018875278396436525,29.0,2.75,27,Female,Hải Phòng,150.60342592592593,2696675.75,2,Nhóm 3 — mức chi tiêu trung vị hạng 3/3
C01277,2026-09-09 10:36:37,5,8193216.0,0.02000200040008,20.0,2.8,32,Male,Biên Hòa,11.557905092592593,1638643.2,2,Nhóm 3 — mức chi tiêu trung vị hạng 3/3
C01278,2026-05-31 10:04:21,3,4351250.0,0.18333333333333335,13.0,2.6666666666666665,34,Male,Cần Thơ,112.5803125,1450416.6666666667,1,Nhóm 2 — mức chi tiêu trung vị hạng 2/3
C01279,2026-06-25 02:43:12,4,1651450.0,0.0125,14.0,1.75,57,Male,Cần Thơ,87.88666666666667,412862.5,0,Nhóm 1 — mức chi tiêu trung vị hạng 1/3
C01280,2026-08-21 03:30:37,5,10755000.0,0.08,14.0,3.0,35,Female,Huế,30.853738425925926,2151000.0,2,Nhóm 3 — mức chi tiêu trung vị hạng 3/3
C01281,2026-07-24 05:55:44,5,10749406.0,0.12,19.0,3.2,26,Female,Biên Hòa,58.75296296296296,2149881.2,1,Nhóm 2 — mức chi tiêu trung vị hạng 2/3
C01282,2026-04-30 22:12:44,4,1911700.0,0.0757142857142857,12.0,3.75,42,Male,Biên Hòa,143.07449074074074,477925.0,0,Nhóm 1 — mức chi tiêu trung vị hạng 1/3
C01283,2026-09-08 14:35:08,6,7075000.0,0.06847545219638243,20.0,3.3333333333333335,57,Male,Huế,12.392268518518518,1179166.6666666667,2,Nhóm 3 — mức chi tiêu trung vị hạng 3/3
C01284,2026-07-08 20:47:30,4,4561060.0,0.1,11.0,4.25,31,Male,Vũng Tàu,74.13368055555556,1140265.0,1,Nhóm 2 — mức chi tiêu trung vị hạng 2/3
C01285,2026-07-13 13:33:42,6,4454006.0,0.103596757852077,21.0,2.6666666666666665,42,Male,Vũng Tàu,69.43493055555555,742334.3333333334,1,Nhóm 2 — mức chi tiêu trung vị hạng 2/3
C01286,2026-05-07 23:20:53,5,11923376.0,0.030126582278481,12.0,2.6,39,Female,Đà Lạt,136.02716435185187,2384675.2,2,Nhóm 3 — mức chi tiêu trung vị hạng 3/3
C01287,2026-07-17 19:27:58,4,10337500.0,0.03137002870462448,12.0,3.5,47,Female,Vũng Tàu,65.18891203703704,2584375.0,2,Nhóm 3 — mức chi tiêu trung vị hạng 3/3
C01288,2026-07-08 00:15:03,6,5160596.0,0.025641025641025633,18.0,2.8333333333333335,37,Female,TP. Hồ Chí Minh,74.9895486111111,860099.3333333334,2,Nhóm 3 — mức chi tiêu trung vị hạng 3/3
C01289,2026-03-28 01:03:28,1,139800.0,0.0,2.0,4.0,38,Female,Biên Hòa,176.95592592592592,139800.0,0,Nhóm 1 — mức chi tiêu trung vị hạng 1/3
C01290,2026-06-03 12:16:14,2,1168000.0,0.0,5.0,3.5,61,Male,Hà Nội,109.48872685185185,584000.0,0,Nhóm 1 — mức chi tiêu trung vị hạng 1/3
C01291,2026-08-22 09:52:22,6,5579076.0,0.08901846452866861,16.0,2.6666666666666665,49,Male,Biên Hòa,29.58863425925926,929846.0,2,Nhóm 3 — mức chi tiêu trung vị hạng 3/3
C01292,2026-07-20 23:15:47,2,2315420.0,0.2376373626373626,5.0,4.5,63,Male,TP. Hồ Chí Minh,62.030706018518515,1157710.0,1,Nhóm 2 — mức chi tiêu trung vị hạng 2/3
C01293,2026-08-12 23:34:26,6,6664716.0,0.0,17.0,2.6666666666666665,38,Female,TP. Hồ Chí Minh,39.01775462962963,1110786.0,2,Nhóm 3 — mức chi tiêu trung vị hạng 3/3
C01294,2026-07-17 08:03:37,7,3132692.0,0.0,19.0,2.5714285714285716,52,Male,Đà Nẵng,65.6641550925926,447527.4285714286,2,Nhóm 3 — mức chi tiêu trung vị hạng 3/3
C01295,2026-07-29 11:08:06,5,8025700.0,0.03013888888888888,11.0,2.2,49,Female,Biên Hòa,53.53604166666667,1605140.0,2,Nhóm 3 — mức chi tiêu trung vị hạng 3/3
C01296,2026-08-23 17:28:09,8,8330044.0,0.06261371588523443,15.0,2.625,47,Female,Nha Trang,28.272118055555556,1041255.5,2,Nhóm 3 — mức chi tiêu trung vị hạng 3/3
C01297,2026-06-27 21:36:51,8,45718494.0,0.06105969299623115,26.0,3.375,56,Male,TP. Hồ Chí Minh,85.09940972222222,5714811.75,2,Nhóm 3 — mức chi tiêu trung vị hạng 3/3
C01298,2026-07-11 21:45:32,4,4255888.0,0.0490021382751247,17.0,3.25,29,Male,Hà Nội,71.09337962962962,1063972.0,0,Nhóm 1 — mức chi tiêu trung vị hạng 1/3
C01299,2026-06-02 09:13:14,9,55850824.0,0.07939866369710467,31.0,3.111111111111111,58,Male,Huế,110.61581018518518,6205647.111111111,2,Nhóm 3 — mức chi tiêu trung vị hạng 3/3
C01300,2026-09-19 07:36:16,6,12112610.0,0.05777777777777778,14.0,4.0,64,Female,Đà Lạt,1.683148148148148,2018768.3333333333,2,Nhóm 3 — mức chi tiêu trung vị hạng 3/3
C01301,2026-08-25 21:01:40,5,7290152.0,0.02,18.0,2.4,35,Male,Đà Nẵng,26.12384259259259,1458030.4,2,Nhóm 3 — mức chi tiêu trung vị hạng 3/3
C01302,2026-07-23 01:41:26,6,23310390.0,0.04080632743053123,19.0,3.3333333333333335,38,Female,Huế,59.92956018518519,3885065.0,2,Nhóm 3 — mức chi tiêu trung vị hạng 3/3
C01303,2026-04-17 21:37:22,8,31032600.0,0.018750000000000003,29.0,3.25,30,Male,Đà Nẵng,156.09905092592592,3879075.0,2,Nhóm 3 — mức chi tiêu trung vị hạng 3/3
C01304,2026-07-20 14:22:56,2,2872000.0,0.053301886792452804,8.0,1.5,38,Female,Hà Nội,62.400740740740744,1436000.0,0,Nhóm 1 — mức chi tiêu trung vị hạng 1/3
C01305,2026-07-20 12:15:28,9,26407806.0,0.07399020377576863,28.0,2.888888888888889,25,Female,Cần Thơ,62.489259259259256,2934200.6666666665,2,Nhóm 3 — mức chi tiêu trung vị hạng 3/3
C01306,2026-04-29 15:32:16,6,15823858.0,0.1976780185758514,18.0,1.6666666666666667,63,Male,Biên Hòa,144.3525925925926,2637309.6666666665,1,Nhóm 2 — mức chi tiêu trung vị hạng 2/3
C01307,2026-09-03 21:05:33,8,5917500.0,0.023357461024498878,24.0,2.5,57,Female,Hải Phòng,17.121145833333333,739687.5,2,Nhóm 3 — mức chi tiêu trung vị hạng 3/3
C01308,2026-06-13 03:30:29,5,8608080.0,0.02,18.0,3.2,63,Female,Nha Trang,99.85383101851852,1721616.0,2,Nhóm 3 — mức chi tiêu trung vị hạng 3/3
C01309,2026-08-19 10:37:09,10,10561060.0,0.13300990916597852,28.0,3.2,24,Male,Huế,32.55753472222222,1056106.0,2,Nhóm 3 — mức chi tiêu trung vị hạng 3/3
C01310,2026-05-30 00:19:52,7,4988468.0,0.0219779357795595,19.0,3.142857142857143,40,Female,Biên Hòa,113.98620370370371,712638.2857142857,2,Nhóm 3 — mức chi tiêu trung vị hạng 3/3
C01311,2026-04-09 02:45:49,3,1453996.0,0.20189701897018972,10.0,3.3333333333333335,61,Male,Nha Trang,164.88484953703704,484665.3333333333,1,Nhóm 2 — mức chi tiêu trung vị hạng 2/3
C01312,2026-09-06 18:57:22,6,5449392.0,0.016666666666666666,18.0,2.8333333333333335,49,Female,Cần Thơ,14.210162037037037,908232.0,2,Nhóm 3 — mức chi tiêu trung vị hạng 3/3
C01313,2026-09-06 19:17:43,7,4021802.0,0.029875907103471627,19.0,3.5714285714285716,28,Male,Hải Phòng,14.196030092592592,574543.1428571428,2,Nhóm 3 — mức chi tiêu trung vị hạng 3/3
C01314,2026-04-05 18:41:22,2,1846620.0,0.0,3.0,2.0,39,Male,Nha Trang,168.22127314814816,923310.0,0,Nhóm 1 — mức chi tiêu trung vị hạng 1/3
C01315,2026-06-07 12:12:51,1,74970.0,0.0,3.0,3.0,39,Female,Nha Trang,105.49107638888889,74970.0,0,Nhóm 1 — mức chi tiêu trung vị hạng 1/3
C01316,2026-03-24 13:57:10,3,2437000.0,0.0,5.0,5.0,60,Female,Huế,180.41863425925925,812333.3333333334,0,Nhóm 1 — mức chi tiêu trung vị hạng 1/3
C01317,2026-08-03 14:37:34,4,10070352.0,0.0375,9.0,3.0,42,Female,Vũng Tàu,48.3905787037037,2517588.0,2,Nhóm 3 — mức chi tiêu trung vị hạng 3/3
C01318,2026-09-08 12:37:13,8,11895254.0,0.015,23.0,2.875,39,Female,Hải Phòng,12.474155092592593,1486906.75,2,Nhóm 3 — mức chi tiêu trung vị hạng 3/3
C01319,2026-08-29 14:24:01,4,1944000.0,0.12551457498887406,6.0,3.0,45,Female,Biên Hòa,22.399988425925926,486000.0,1,Nhóm 2 — mức chi tiêu trung vị hạng 2/3
C01320,2026-07-03 09:31:31,5,10012500.0,0.0,21.0,2.6,46,Male,Cần Thơ,79.60311342592593,2002500.0,2,Nhóm 3 — mức chi tiêu trung vị hạng 3/3
C01321,2026-09-10 10:45:58,6,20837910.0,0.0067708333333333336,19.0,2.6666666666666665,30,Female,Hải Phòng,10.551412037037037,3472985.0,2,Nhóm 3 — mức chi tiêu trung vị hạng 3/3
C01322,2026-08-25 22:10:02,4,1084000.0,0.075,12.0,3.75,35,Male,Hà Nội,26.07636574074074,271000.0,0,Nhóm 1 — mức chi tiêu trung vị hạng 1/3
C01323,2026-05-17 19:29:58,4,3910400.0,0.12526315789473685,10.0,1.75,19,Male,Vũng Tàu,126.18752314814814,977600.0,1,Nhóm 2 — mức chi tiêu trung vị hạng 2/3
C01324,2026-05-20 11:39:41,2,969000.0,0.0,3.0,3.0,46,Female,Hà Nội,123.5141087962963,484500.0,0,Nhóm 1 — mức chi tiêu trung vị hạng 1/3
C01325,2026-03-22 07:58:10,4,8795120.0,0.0,12.0,2.5,38,Male,Cần Thơ,182.66793981481482,2198780.0,0,Nhóm 1 — mức chi tiêu trung vị hạng 1/3
C01326,2026-08-01 12:01:53,4,6054000.0,0.18025641025641026,17.0,2.5,32,Male,Huế,50.49869212962963,1513500.0,1,Nhóm 2 — mức chi tiêu trung vị hạng 2/3
C01327,2026-09-11 18:57:14,5,2319464.0,0.0,11.0,4.2,44,Male,Huế,9.21025462962963,463892.8,2,Nhóm 3 — mức chi tiêu trung vị hạng 3/3
C01328,2026-07-07 04:48:59,5,10715798.0,0.05033367037411527,19.0,2.4,48,Male,Cần Thơ,75.79931712962963,2143159.6,2,Nhóm 3 — mức chi tiêu trung vị hạng 3/3
C01329,2026-09-14 16:55:07,2,2180250.0,0.05,8.0,2.0,32,Female,Đà Nẵng,6.29505787037037,1090125.0,0,Nhóm 1 — mức chi tiêu trung vị hạng 1/3
C01330,2026-08-05 01:18:44,7,26170730.0,0.04813161303900103,34.0,3.2857142857142856,40,Male,Cần Thơ,46.94532407407407,3738675.714285714,2,Nhóm 3 — mức chi tiêu trung vị hạng 3/3
C01331,2026-07-24 21:09:21,3,21545000.0,0.0,12.0,4.0,41,Female,Vũng Tàu,58.11850694444445,7181666.666666667,2,Nhóm 3 — mức chi tiêu trung vị hạng 3/3
C01332,2026-07-28 05:54:57,4,2133750.0,0.09583333333333333,16.0,3.5,61,Female,TP. Hồ Chí Minh,54.753506944444446,533437.5,1,Nhóm 2 — mức chi tiêu trung vị hạng 2/3
C01333,2026-06-17 07:29:53,3,9387812.0,0.0802292263610315,8.0,3.6666666666666665,30,Male,Huế,95.68758101851851,3129270.6666666665,1,Nhóm 2 — mức chi tiêu trung vị hạng 2/3
C01334,2026-09-13 17:51:22,6,4791800.0,0.10833722196298025,16.0,3.0,39,Female,Đà Lạt,7.25599537037037,798633.3333333334,2,Nhóm 3 — mức chi tiêu trung vị hạng 3/3
C01335,2026-08-21 12:21:19,7,7195640.0,0.11555432984004413,22.0,1.8571428571428572,60,Female,Vũng Tàu,30.48519675925926,1027948.5714285715,1,Nhóm 2 — mức chi tiêu trung vị hạng 2/3
C01336,2026-07-25 08:36:46,4,3894560.0,0.20416666666666666,11.0,3.75,54,Female,Vũng Tàu,57.64113425925926,973640.0,1,Nhóm 2 — mức chi tiêu trung vị hạng 2/3
C01337,2026-07-08 10:24:28,2,623000.0,0.19494584837545126,5.0,3.5,50,Male,Vũng Tàu,74.56634259259259,311500.0,1,Nhóm 2 — mức chi tiêu trung vị hạng 2/3
C01338,2026-07-17 12:20:27,2,1579995.0,0.0,7.0,2.5,20,Female,Nha Trang,65.48579861111111,789997.5,0,Nhóm 1 — mức chi tiêu trung vị hạng 1/3
C01339,2026-06-18 01:30:33,6,6562184.0,0.025101626016260148,13.0,3.0,36,Female,Vũng Tàu,94.93711805555556,1093697.3333333333,2,Nhóm 3 — mức chi tiêu trung vị hạng 3/3
C01340,2026-09-15 00:47:49,12,10850997.0,0.008333333333333333,41.0,2.5833333333333335,40,Female,Huế,5.966793981481482,904249.75,2,Nhóm 3 — mức chi tiêu trung vị hạng 3/3
C01341,2026-07-14 02:10:18,3,6144500.0,0.0,6.0,3.0,46,Male,TP. Hồ Chí Minh,68.9095138888889,2048166.6666666667,0,Nhóm 1 — mức chi tiêu trung vị hạng 1/3
C01342,2026-08-24 22:05:18,6,5997830.0,0.1232695810564663,19.0,2.0,47,Female,TP. Hồ Chí Minh,27.079652777777778,999638.3333333334,1,Nhóm 2 — mức chi tiêu trung vị hạng 2/3
C01343,2026-09-09 09:23:23,5,4994132.0,0.0802675585284281,10.0,3.8,56,Male,Vũng Tàu,11.608761574074075,998826.4,2,Nhóm 3 — mức chi tiêu trung vị hạng 3/3
C01344,2026-08-01 18:31:50,3,380200.0,0.0,4.0,3.3333333333333335,61,Male,Hà Nội,50.22789351851852,126733.33333333333,0,Nhóm 1 — mức chi tiêu trung vị hạng 1/3
C01345,2026-07-09 11:48:55,7,11716420.0,0.0134453781512605,25.0,2.5714285714285716,64,Male,Huế,73.50769675925926,1673774.2857142857,2,Nhóm 3 — mức chi tiêu trung vị hạng 3/3
C01346,2026-09-15 20:47:06,6,4182750.0,0.09999999999999999,13.0,3.1666666666666665,42,Male,Huế,5.133958333333333,697125.0,2,Nhóm 3 — mức chi tiêu trung vị hạng 3/3
C01347,2026-09-18 08:28:09,6,26250500.0,0.0,13.0,3.0,54,Male,Hải Phòng,2.6471180555555556,4375083.333333333,2,Nhóm 3 — mức chi tiêu trung vị hạng 3/3
C01348,2026-09-06 00:28:22,6,5284552.0,0.034281842818428186,20.0,3.1666666666666665,64,Male,Biên Hòa,14.980300925925926,880758.6666666666,2,Nhóm 3 — mức chi tiêu trung vị hạng 3/3
C01349,2026-07-23 22:03:30,4,14524922.0,0.0384618350633126,16.0,3.0,25,Female,Đà Nẵng,59.08090277777778,3631230.5,2,Nhóm 3 — mức chi tiêu trung vị hạng 3/3
C01350,2026-09-18 04:57:23,5,13180724.0,0.04672268907563024,19.0,3.2,59,Male,Đà Nẵng,2.793483796296296,2636144.8,2,Nhóm 3 — mức chi tiêu trung vị hạng 3/3
C01351,2026-08-20 20:06:55,6,12072656.0,0.04238476953907815,22.0,2.3333333333333335,33,Female,Hà Nội,31.161863425925926,2012109.3333333333,2,Nhóm 3 — mức chi tiêu trung vị hạng 3/3
C01352,2026-08-21 19:26:51,5,7819114.0,0.06007509386733416,10.0,1.6,25,Female,Đà Nẵng,30.1896875,1563822.8,2,Nhóm 3 — mức chi tiêu trung vị hạng 3/3
C01353,2026-07-25 19:50:01,8,27846230.0,0.1123824745074745,24.0,3.625,18,Male,Hải Phòng,57.173599537037035,3480778.75,2,Nhóm 3 — mức chi tiêu trung vị hạng 3/3
C01354,2026-09-15 12:44:39,5,9317000.0,0.0,17.0,2.2,61,Female,Cần Thơ,5.468993055555556,1863400.0,2,Nhóm 3 — mức chi tiêu trung vị hạng 3/3
C01355,2026-09-05 05:46:25,6,15135407.0,0.0,26.0,3.1666666666666665,22,Female,Đà Nẵng,15.75943287037037,2522567.8333333335,2,Nhóm 3 — mức chi tiêu trung vị hạng 3/3
C01356,2026-03-31 03:53:08,2,5879000.0,0.0753472222222222,5.0,1.0,20,Female,Huế,173.83810185185186,2939500.0,0,Nhóm 1 — mức chi tiêu trung vị hạng 1/3
C01357,2026-04-08 08:07:40,4,2903380.0,0.02875,9.0,2.25,18,Female,Cần Thơ,165.6613425925926,725845.0,0,Nhóm 1 — mức chi tiêu trung vị hạng 1/3
C01358,2026-07-25 18:49:00,3,2426500.0,0.03333333333333333,11.0,1.6666666666666667,21,Male,Đà Nẵng,57.21597222222222,808833.3333333334,0,Nhóm 1 — mức chi tiêu trung vị hạng 1/3
C01359,2026-07-22 05:27:31,4,3963900.0,0.0,14.0,2.75,57,Female,Huế,60.77255787037037,990975.0,0,Nhóm 1 — mức chi tiêu trung vị hạng 1/3
C01360,2026-06-29 09:37:18,8,17455328.0,0.10633903133903133,29.0,3.375,52,Male,Huế,83.59909722222223,2181916.0,2,Nhóm 3 — mức chi tiêu trung vị hạng 3/3
C01361,2026-08-25 19:39:55,7,1477073.0,0.0934065934065934,15.0,3.2857142857142856,49,Female,Vũng Tàu,26.180613425925927,211010.42857142858,1,Nhóm 2 — mức chi tiêu trung vị hạng 2/3
C01362,2026-08-17 18:32:31,8,6272580.0,0.00625,26.0,3.25,59,Female,TP. Hồ Chí Minh,34.227418981481485,784072.5,2,Nhóm 3 — mức chi tiêu trung vị hạng 3/3
C01363,2026-08-26 14:54:20,8,18100542.0,0.00625,22.0,3.75,51,Male,Hà Nội,25.378935185185185,2262567.75,2,Nhóm 3 — mức chi tiêu trung vị hạng 3/3
C01364,2026-07-23 15:17:42,6,8579512.0,0.0083752093802345,16.0,2.3333333333333335,60,Female,Hải Phòng,59.36270833333333,1429918.6666666667,2,Nhóm 3 — mức chi tiêu trung vị hạng 3/3
C01365,2026-09-19 18:23:29,8,7527326.0,0.0125,23.0,2.25,42,Female,Nha Trang,1.2336921296296297,940915.75,2,Nhóm 3 — mức chi tiêu trung vị hạng 3/3
C01366,2026-07-29 00:09:13,10,15044382.0,0.04129411764705882,32.0,2.8,27,Female,Biên Hòa,53.993599537037035,1504438.2,2,Nhóm 3 — mức chi tiêu trung vị hạng 3/3
C01367,2026-07-30 06:50:49,5,7561718.0,0.028250701590271283,13.0,2.4,38,Male,Đà Nẵng,52.71471064814815,1512343.6,2,Nhóm 3 — mức chi tiêu trung vị hạng 3/3
C01368,2026-08-26 17:25:07,2,1831320.0,0.0,7.0,4.5,63,Female,Đà Nẵng,25.274224537037036,915660.0,0,Nhóm 1 — mức chi tiêu trung vị hạng 1/3
C01369,2026-08-06 03:45:19,5,4304000.0,0.04943298969072164,13.0,3.4,56,Male,Cần Thơ,45.843530092592594,860800.0,2,Nhóm 3 — mức chi tiêu trung vị hạng 3/3
C01370,2026-09-01 13:06:05,3,1260720.0,0.051282051282051266,11.0,2.0,44,Female,Cần Thơ,19.454108796296296,420240.0,0,Nhóm 1 — mức chi tiêu trung vị hạng 1/3
C01371,2026-03-30 06:30:18,4,10007169.0,0.08713704150308632,15.0,3.25,44,Male,Biên Hòa,174.72895833333334,2501792.25,1,Nhóm 2 — mức chi tiêu trung vị hạng 2/3
C01372,2026-08-11 15:41:56,7,6576931.0,0.005238095238095228,16.0,3.0,19,Male,Đà Nẵng,40.34587962962963,939561.5714285715,2,Nhóm 3 — mức chi tiêu trung vị hạng 3/3
C01373,2025-09-29 19:54:30,1,1548500.0,0.0,5.0,5.0,58,Female,Đà Lạt,356.17048611111113,1548500.0,0,Nhóm 1 — mức chi tiêu trung vị hạng 1/3
C01374,2026-07-26 06:50:35,3,13020700.0,0.0,8.0,3.6666666666666665,65,Female,Hải Phòng,56.714872685185185,4340233.333333333,0,Nhóm 1 — mức chi tiêu trung vị hạng 1/3
C01375,2026-08-20 17:48:49,8,59157900.0,0.06627548467792369,19.0,3.5,30,Male,Đà Nẵng,31.257766203703703,7394737.5,2,Nhóm 3 — mức chi tiêu trung vị hạng 3/3
C01376,2026-08-12 07:02:36,2,845000.0,0.1,3.0,4.5,26,Male,TP. Hồ Chí Minh,39.70652777777778,422500.0,0,Nhóm 1 — mức chi tiêu trung vị hạng 1/3
C01377,2026-06-06 15:38:36,5,3464724.0,0.06882430167217089,15.0,3.0,53,Female,Biên Hòa,106.34819444444445,692944.8,0,Nhóm 1 — mức chi tiêu trung vị hạng 1/3
C01378,2026-06-26 23:44:15,6,3861060.0,0.04222743870631194,19.0,2.5,39,Male,Đà Lạt,86.0109375,643510.0,2,Nhóm 3 — mức chi tiêu trung vị hạng 3/3
C01379,2026-03-22 06:05:23,3,11979250.0,0.016666666666666666,11.0,3.3333333333333335,59,Female,Hải Phòng,182.74626157407408,3993083.3333333335,0,Nhóm 1 — mức chi tiêu trung vị hạng 1/3
C01380,2026-07-09 04:25:20,6,19543000.0,0.020416666666666666,14.0,3.1666666666666665,43,Female,Đà Nẵng,73.81574074074074,3257166.6666666665,2,Nhóm 3 — mức chi tiêu trung vị hạng 3/3
C01381,2026-06-21 08:44:16,2,719000.0,0.0,3.0,1.0,29,Female,Nha Trang,91.63592592592593,359500.0,0,Nhóm 1 — mức chi tiêu trung vị hạng 1/3
C01382,2026-09-10 13:07:23,7,40888970.0,0.0,25.0,3.7142857142857144,34,Female,Vũng Tàu,10.453206018518518,5841281.428571428,2,Nhóm 3 — mức chi tiêu trung vị hạng 3/3
C01383,2026-08-16 21:42:37,7,23747588.0,0.0452310847047689,24.0,3.142857142857143,31,Male,TP. Hồ Chí Minh,35.09540509259259,3392512.5714285714,2,Nhóm 3 — mức chi tiêu trung vị hạng 3/3
C01384,2026-08-07 08:52:43,6,20336864.0,0.0,13.0,3.0,31,Female,Nha Trang,44.63005787037037,3389477.3333333335,2,Nhóm 3 — mức chi tiêu trung vị hạng 3/3
C01385,2026-09-03 20:32:13,7,3035926.0,0.0,21.0,3.142857142857143,51,Male,Cần Thơ,17.144293981481482,433703.71428571426,2,Nhóm 3 — mức chi tiêu trung vị hạng 3/3
C01386,2026-05-26 16:03:40,2,2569320.0,0.0,7.0,2.5,37,Female,Cần Thơ,117.33078703703704,1284660.0,0,Nhóm 1 — mức chi tiêu trung vị hạng 1/3
C01387,2026-08-16 14:10:16,4,4058500.0,0.0125,17.0,3.5,28,Male,Đà Nẵng,35.40953703703704,1014625.0,2,Nhóm 3 — mức chi tiêu trung vị hạng 3/3
C01388,2026-07-14 05:13:30,5,1216790.0,0.01,12.0,3.4,33,Female,Cần Thơ,68.78229166666667,243358.0,0,Nhóm 1 — mức chi tiêu trung vị hạng 1/3
C01389,2026-06-30 19:26:33,2,219000.0,0.0,5.0,3.0,48,Male,TP. Hồ Chí Minh,82.18989583333334,109500.0,0,Nhóm 1 — mức chi tiêu trung vị hạng 1/3
C01390,2026-06-12 06:32:40,4,2450000.0,0.0,12.0,3.75,23,Male,Hải Phòng,100.72731481481482,612500.0,0,Nhóm 1 — mức chi tiêu trung vị hạng 1/3
C01391,2026-09-20 07:00:57,6,5263918.0,0.0,20.0,2.6666666666666665,36,Female,Huế,0.7076736111111112,877319.6666666666,2,Nhóm 3 — mức chi tiêu trung vị hạng 3/3
C01392,2026-06-08 22:16:05,5,25288628.0,0.0,13.0,2.0,54,Female,Hà Nội,104.07216435185185,5057725.6,2,Nhóm 3 — mức chi tiêu trung vị hạng 3/3
C01393,2026-08-31 08:12:35,3,6493000.0,0.03333333333333333,5.0,3.6666666666666665,21,Female,Biên Hòa,20.65792824074074,2164333.3333333335,2,Nhóm 3 — mức chi tiêu trung vị hạng 3/3
C01394,2026-08-06 22:46:51,4,16452600.0,0.0,13.0,3.0,64,Female,Hải Phòng,45.05079861111111,4113150.0,2,Nhóm 3 — mức chi tiêu trung vị hạng 3/3
C01395,2026-07-06 03:28:33,4,3439750.0,0.11111601884570083,8.0,3.5,21,Male,Huế,76.85517361111111,859937.5,1,Nhóm 2 — mức chi tiêu trung vị hạng 2/3
C01396,2026-09-17 21:25:15,2,4690590.0,0.0,5.0,2.5,37,Female,Đà Lạt,3.1074652777777776,2345295.0,2,Nhóm 3 — mức chi tiêu trung vị hạng 3/3
C01397,2026-08-23 19:50:39,2,2784364.0,0.20666666666666664,4.0,3.0,27,Male,TP. Hồ Chí Minh,28.173159722222223,1392182.0,1,Nhóm 2 — mức chi tiêu trung vị hạng 2/3
C01398,2026-06-14 23:56:15,3,2291198.0,0.1321350762527233,10.0,4.666666666666667,41,Male,Nha Trang,98.00260416666667,763732.6666666666,1,Nhóm 2 — mức chi tiêu trung vị hạng 2/3
C01399,2026-06-20 08:51:07,4,6859750.0,0.1375,10.0,3.0,52,Female,Huế,92.63116898148148,1714937.5,1,Nhóm 2 — mức chi tiêu trung vị hạng 2/3
C01400,2026-04-18 10:36:13,3,12786096.0,0.08888888888888886,9.0,3.3333333333333335,43,Male,TP. Hồ Chí Minh,155.55818287037036,4262032.0,1,Nhóm 2 — mức chi tiêu trung vị hạng 2/3
C01401,2026-04-22 10:34:29,3,2033000.0,0.0,12.0,2.6666666666666665,54,Male,Vũng Tàu,151.55938657407407,677666.6666666666,0,Nhóm 1 — mức chi tiêu trung vị hạng 1/3
C01402,2026-06-03 06:53:45,9,26757382.0,0.03333333333333334,28.0,3.5555555555555554,55,Male,Nha Trang,109.71267361111111,2973042.4444444445,2,Nhóm 3 — mức chi tiêu trung vị hạng 3/3
C01403,2026-07-12 23:36:49,9,8031502.0,0.005555555555555556,29.0,2.4444444444444446,38,Male,Cần Thơ,70.01609953703704,892389.1111111111,2,Nhóm 3 — mức chi tiêu trung vị hạng 3/3
C01404,2026-06-15 08:24:50,4,3035998.0,0.051422764227642276,12.0,2.0,57,Female,Cần Thơ,97.6494212962963,758999.5,0,Nhóm 1 — mức chi tiêu trung vị hạng 1/3
C01405,2026-09-10 08:37:53,8,9184045.0,0.10915908303596611,29.0,2.375,56,Female,Nha Trang,10.640358796296296,1148005.625,2,Nhóm 3 — mức chi tiêu trung vị hạng 3/3
C01406,2026-07-20 00:27:17,8,12016884.0,0.05170454545454545,27.0,2.625,38,Female,Đà Lạt,62.98105324074074,1502110.5,2,Nhóm 3 — mức chi tiêu trung vị hạng 3/3
C01407,2026-08-04 09:11:55,5,8141961.0,0.0,17.0,4.4,27,Female,Đà Lạt,47.61672453703704,1628392.2,2,Nhóm 3 — mức chi tiêu trung vị hạng 3/3
C01408,2026-06-14 08:27:10,2,233000.0,0.0,7.0,3.0,55,Male,Đà Lạt,98.64780092592592,116500.0,0,Nhóm 1 — mức chi tiêu trung vị hạng 1/3
C01409,2026-08-26 06:36:39,12,18967286.0,0.023638606125198067,38.0,3.5,63,Male,Huế,25.72454861111111,1580607.1666666667,2,Nhóm 3 — mức chi tiêu trung vị hạng 3/3
C01410,2026-06-29 16:30:41,4,2513786.0,0.03846153846153845,16.0,2.5,21,Female,Biên Hòa,83.31202546296296,628446.5,0,Nhóm 1 — mức chi tiêu trung vị hạng 1/3
C01411,2026-07-27 00:03:33,4,59236344.0,0.125,19.0,3.75,62,Female,Huế,55.99753472222222,14809086.0,1,Nhóm 2 — mức chi tiêu trung vị hạng 2/3
C01412,2026-08-22 15:23:38,4,9101056.0,0.03846153846153845,10.0,2.75,37,Female,Đà Nẵng,29.358587962962964,2275264.0,2,Nhóm 3 — mức chi tiêu trung vị hạng 3/3
C01413,2026-05-06 14:04:16,8,30282910.0,0.00627659574468085,24.0,2.625,34,Male,Hà Nội,137.4137037037037,3785363.75,2,Nhóm 3 — mức chi tiêu trung vị hạng 3/3
C01414,2026-09-07 14:03:55,2,883000.0,0.2589086859688196,3.0,4.0,24,Female,Nha Trang,13.41394675925926,441500.0,1,Nhóm 2 — mức chi tiêu trung vị hạng 2/3
C01415,2026-07-07 13:04:25,3,10317408.0,0.022807017543859633,12.0,2.3333333333333335,21,Female,Hải Phòng,75.4552662037037,3439136.0,0,Nhóm 1 — mức chi tiêu trung vị hạng 1/3
C01416,2026-02-23 12:29:07,4,6261398.0,0.05096115661454455,16.0,2.5,46,Female,Hà Nội,209.4797800925926,1565349.5,0,Nhóm 1 — mức chi tiêu trung vị hạng 1/3
C01417,2026-01-05 03:35:33,3,4675000.0,0.0,10.0,3.3333333333333335,31,Male,Vũng Tàu,258.8503125,1558333.3333333333,0,Nhóm 1 — mức chi tiêu trung vị hạng 1/3
C01418,2026-05-31 19:28:33,5,32583718.0,0.03935483870967742,20.0,3.4,20,Male,Huế,112.18850694444444,6516743.6,2,Nhóm 3 — mức chi tiêu trung vị hạng 3/3
C01419,2026-03-10 00:12:30,2,73600.0,0.0,6.0,3.0,41,Male,Huế,194.99131944444446,36800.0,0,Nhóm 1 — mức chi tiêu trung vị hạng 1/3
C01420,2025-12-13 01:57:17,2,1508244.0,0.0,6.0,1.5,54,Male,TP. Hồ Chí Minh,281.9185532407407,754122.0,0,Nhóm 1 — mức chi tiêu trung vị hạng 1/3
C01421,2026-09-12 23:07:10,5,8657630.0,0.024742268041237102,14.0,3.6,33,Male,Hà Nội,8.036689814814816,1731526.0,2,Nhóm 3 — mức chi tiêu trung vị hạng 3/3
C01422,2026-08-29 20:30:58,5,944000.0,0.048632218844984795,11.0,2.8,21,Male,TP. Hồ Chí Minh,22.145162037037036,188800.0,0,Nhóm 1 — mức chi tiêu trung vị hạng 1/3
C01423,2026-09-07 09:42:21,5,1740000.0,0.05513784461152882,16.0,2.2,41,Male,Hải Phòng,13.595590277777777,348000.0,2,Nhóm 3 — mức chi tiêu trung vị hạng 3/3
C01424,2026-02-28 23:08:37,3,19319720.0,0.0,8.0,3.3333333333333335,51,Male,TP. Hồ Chí Minh,204.03568287037038,6439906.666666667,0,Nhóm 1 — mức chi tiêu trung vị hạng 1/3
C01425,2026-06-06 11:12:17,1,125000.0,0.0,5.0,4.0,47,Female,Hà Nội,106.53313657407408,125000.0,0,Nhóm 1 — mức chi tiêu trung vị hạng 1/3
C01426,2026-03-22 02:39:40,5,10283000.0,0.0201058201058201,14.0,3.6,35,Female,Nha Trang,182.88912037037036,2056600.0,2,Nhóm 3 — mức chi tiêu trung vị hạng 3/3
C01427,2026-09-12 11:24:45,4,3728000.0,0.05042016806722688,13.0,3.25,36,Male,Vũng Tàu,8.524479166666667,932000.0,2,Nhóm 3 — mức chi tiêu trung vị hạng 3/3
C01428,2026-02-22 07:37:01,1,4220000.0,0.4952153110047846,4.0,1.0,48,Male,Huế,210.68262731481482,4220000.0,1,Nhóm 2 — mức chi tiêu trung vị hạng 2/3
C01429,2026-06-22 19:30:44,3,1646748.0,0.0,7.0,3.0,36,Female,Hải Phòng,90.18699074074074,548916.0,0,Nhóm 1 — mức chi tiêu trung vị hạng 1/3
C01430,2026-09-17 23:29:43,2,1265000.0,0.0,9.0,4.0,63,Male,Huế,3.021030092592593,632500.0,0,Nhóm 1 — mức chi tiêu trung vị hạng 1/3
C01431,2026-08-09 17:55:00,6,13972602.0,0.0,15.0,2.6666666666666665,36,Male,Đà Nẵng,42.25347222222222,2328767.0,2,Nhóm 3 — mức chi tiêu trung vị hạng 3/3
C01432,2026-08-09 07:04:42,6,5216000.0,0.06458333333333334,18.0,2.8333333333333335,39,Male,Vũng Tàu,42.70506944444445,869333.3333333334,2,Nhóm 3 — mức chi tiêu trung vị hạng 3/3
C01433,2026-09-05 02:15:21,5,7458000.0,0.1,21.0,3.2,41,Female,Biên Hòa,15.906006944444444,1491600.0,2,Nhóm 3 — mức chi tiêu trung vị hạng 3/3
C01434,2026-09-08 01:26:21,4,7782260.0,0.0,15.0,3.25,62,Female,TP. Hồ Chí Minh,12.940034722222222,1945565.0,2,Nhóm 3 — mức chi tiêu trung vị hạng 3/3
C01435,2026-09-20 17:24:40,4,4257680.0,0.0,7.0,3.5,29,Female,Cần Thơ,0.274537037037037,1064420.0,2,Nhóm 3 — mức chi tiêu trung vị hạng 3/3
C01436,2026-07-20 01:32:44,2,2830000.0,0.0,8.0,3.5,47,Female,Hà Nội,62.93560185185185,1415000.0,0,Nhóm 1 — mức chi tiêu trung vị hạng 1/3
C01437,2026-08-21 16:13:33,5,45516232.0,0.0,13.0,3.4,55,Female,Huế,30.323923611111113,9103246.4,2,Nhóm 3 — mức chi tiêu trung vị hạng 3/3
C01438,2025-12-06 22:51:54,1,51090.0,0.0,2.0,3.0,48,Male,TP. Hồ Chí Minh,288.0472916666667,51090.0,0,Nhóm 1 — mức chi tiêu trung vị hạng 1/3
C01439,2026-08-02 19:22:19,6,5816916.0,0.08333333333333333,18.0,3.5,53,Female,Hải Phòng,49.19283564814815,969486.0,2,Nhóm 3 — mức chi tiêu trung vị hạng 3/3
C01440,2026-09-19 00:34:42,5,3146358.0,0.01,12.0,3.6,36,Male,Huế,1.9759027777777778,629271.6,2,Nhóm 3 — mức chi tiêu trung vị hạng 3/3
C01441,2026-09-14 22:17:29,3,5038000.0,0.0,6.0,2.3333333333333335,65,Male,Biên Hòa,6.07119212962963,1679333.3333333333,2,Nhóm 3 — mức chi tiêu trung vị hạng 3/3
C01442,2026-06-17 09:30:26,1,2640000.0,0.0,4.0,5.0,62,Female,Vũng Tàu,95.60386574074074,2640000.0,0,Nhóm 1 — mức chi tiêu trung vị hạng 1/3
C01443,2026-05-06 23:16:49,4,11257134.0,0.0,10.0,1.75,53,Female,Vũng Tàu,137.02998842592592,2814283.5,0,Nhóm 1 — mức chi tiêu trung vị hạng 1/3
C01444,2026-08-17 15:05:15,8,15985656.0,0.06523989898989897,25.0,3.125,47,Male,Huế,34.37135416666667,1998207.0,2,Nhóm 3 — mức chi tiêu trung vị hạng 3/3
C01446,2026-09-20 15:38:05,3,12622300.0,0.049999999999999996,9.0,3.0,35,Male,Vũng Tàu,0.34855324074074073,4207433.333333333,2,Nhóm 3 — mức chi tiêu trung vị hạng 3/3
C01447,2026-09-12 05:31:26,5,5423524.0,0.10831932773109243,10.0,3.0,45,Female,Vũng Tàu,8.769837962962963,1084704.8,2,Nhóm 3 — mức chi tiêu trung vị hạng 3/3
C01448,2026-07-18 12:34:22,7,17991112.0,0.028335301062573787,20.0,3.142857142857143,64,Female,Biên Hòa,64.47613425925925,2570158.8571428573,2,Nhóm 3 — mức chi tiêu trung vị hạng 3/3
C01449,2026-09-15 19:27:51,3,767660.0,0.051282051282051266,14.0,3.3333333333333335,28,Female,Hà Nội,5.188993055555556,255886.66666666666,0,Nhóm 1 — mức chi tiêu trung vị hạng 1/3
C01450,2026-07-23 04:48:25,3,6391068.0,0.0,14.0,3.0,62,Female,Hải Phòng,59.79971064814815,2130356.0,0,Nhóm 1 — mức chi tiêu trung vị hạng 1/3
C01451,2026-08-16 15:48:51,5,3910290.0,0.09003110419906687,13.0,2.6,50,Female,Hải Phòng,35.34107638888889,782058.0,1,Nhóm 2 — mức chi tiêu trung vị hạng 2/3
C01452,2026-06-24 06:44:15,9,8331502.0,0.025694444444444447,29.0,3.3333333333333335,34,Male,Nha Trang,88.71927083333334,925722.4444444445,2,Nhóm 3 — mức chi tiêu trung vị hạng 3/3
C01453,2026-09-18 15:25:08,6,11218060.0,0.08164861612515041,21.0,2.5,23,Female,Nha Trang,2.357546296296296,1869676.6666666667,2,Nhóm 3 — mức chi tiêu trung vị hạng 3/3
C01454,2026-07-16 12:09:17,3,276341.0,0.016666666666666666,4.0,3.3333333333333335,21,Male,Vũng Tàu,66.49355324074074,92113.66666666667,0,Nhóm 1 — mức chi tiêu trung vị hạng 1/3
C01455,2026-07-06 19:04:34,6,3797164.0,0.04426765475152572,21.0,3.1666666666666665,37,Male,Cần Thơ,76.20516203703704,632860.6666666666,2,Nhóm 3 — mức chi tiêu trung vị hạng 3/3
C01456,2026-09-07 01:13:29,7,15972548.0,0.08917279648986966,19.0,2.857142857142857,65,Male,Nha Trang,13.948969907407408,2281792.5714285714,2,Nhóm 3 — mức chi tiêu trung vị hạng 3/3
C01457,2026-08-08 20:29:50,8,9133000.0,0.13424879312374896,22.0,2.75,64,Female,Vũng Tàu,43.145949074074075,1141625.0,1,Nhóm 2 — mức chi tiêu trung vị hạng 2/3
C01458,2026-08-22 11:01:27,5,1723600.0,0.0,16.0,2.6,44,Female,Đà Lạt,29.540659722222223,344720.0,0,Nhóm 1 — mức chi tiêu trung vị hạng 1/3
C01459,2026-09-14 11:58:17,7,4475778.0,0.03629413140051437,23.0,2.4285714285714284,32,Female,Đà Nẵng,6.501192129629629,639396.8571428572,2,Nhóm 3 — mức chi tiêu trung vị hạng 3/3
C01460,2026-08-26 17:57:12,6,7551418.0,0.0,14.0,2.3333333333333335,23,Male,Đà Nẵng,25.251944444444444,1258569.6666666667,2,Nhóm 3 — mức chi tiêu trung vị hạng 3/3
C01461,2026-09-16 13:20:59,4,2765000.0,0.0,18.0,3.0,64,Male,Hải Phòng,4.443761574074074,691250.0,2,Nhóm 3 — mức chi tiêu trung vị hạng 3/3
C01462,2026-09-08 03:41:02,8,22972398.0,0.03642857142857143,33.0,3.875,31,Male,Cần Thơ,12.84650462962963,2871549.75,2,Nhóm 3 — mức chi tiêu trung vị hạng 3/3
C01463,2026-07-07 10:50:22,3,1160904.0,0.0,11.0,1.3333333333333333,28,Male,Biên Hòa,75.54835648148148,386968.0,0,Nhóm 1 — mức chi tiêu trung vị hạng 1/3
C01464,2026-04-28 16:14:39,3,3863550.0,0.10310848423043463,12.0,1.6666666666666667,56,Male,Hà Nội,145.32315972222221,1287850.0,1,Nhóm 2 — mức chi tiêu trung vị hạng 2/3
C01465,2026-08-16 22:43:38,7,6882920.0,0.007143408757433,17.0,3.142857142857143,26,Male,Nha Trang,35.05303240740741,983274.2857142857,2,Nhóm 3 — mức chi tiêu trung vị hạng 3/3
C01466,2026-09-09 09:08:19,5,5894061.0,0.05076923076923077,16.0,3.8,43,Female,Đà Lạt,11.619224537037036,1178812.2,2,Nhóm 3 — mức chi tiêu trung vị hạng 3/3
C01467,2026-06-07 18:57:30,7,9028630.0,0.08336824465856722,23.0,3.5714285714285716,33,Female,Vũng Tàu,105.21006944444444,1289804.2857142857,2,Nhóm 3 — mức chi tiêu trung vị hạng 3/3
C01468,2026-09-06 04:25:04,8,9454900.0,0.026562500000000003,14.0,3.625,22,Female,Cần Thơ,14.815925925925926,1181862.5,2,Nhóm 3 — mức chi tiêu trung vị hạng 3/3
C01469,2026-06-12 11:53:56,4,3135386.0,0.07124342385895065,12.0,3.0,27,Female,Hải Phòng,100.50421296296297,783846.5,0,Nhóm 1 — mức chi tiêu trung vị hạng 1/3
C01470,2026-08-18 00:23:49,7,18887100.0,0.19282967032967033,22.0,2.857142857142857,20,Male,Nha Trang,33.983460648148146,2698157.1428571427,1,Nhóm 2 — mức chi tiêu trung vị hạng 2/3
C01471,2026-08-20 20:22:57,4,4932708.0,0.1129025630991978,11.0,2.25,30,Male,Cần Thơ,31.150729166666668,1233177.0,1,Nhóm 2 — mức chi tiêu trung vị hạng 2/3
C01472,2026-05-21 00:45:15,2,1726500.0,0.18125,8.0,1.5,60,Female,Nha Trang,122.96857638888889,863250.0,1,Nhóm 2 — mức chi tiêu trung vị hạng 2/3
C01473,2026-08-09 22:07:50,6,9128518.0,0.1124926087538251,19.0,3.0,47,Male,Hà Nội,42.07789351851852,1521419.6666666667,1,Nhóm 2 — mức chi tiêu trung vị hạng 2/3
C01474,2026-06-30 09:05:28,3,369310.0,0.06794871794871793,5.0,2.6666666666666665,62,Female,Hà Nội,82.6212037037037,123103.33333333333,0,Nhóm 1 — mức chi tiêu trung vị hạng 1/3
C01475,2026-08-06 23:16:46,3,1608000.0,0.0614035087719298,12.0,1.6666666666666667,23,Female,Biên Hòa,45.030023148148146,536000.0,0,Nhóm 1 — mức chi tiêu trung vị hạng 1/3
C01476,2026-04-03 03:01:04,6,5456290.0,0.14797297297297296,16.0,2.8333333333333335,34,Female,Đà Nẵng,170.87425925925925,909381.6666666666,1,Nhóm 2 — mức chi tiêu trung vị hạng 2/3
C01477,2026-07-23 15:33:29,2,6755000.0,0.20407407407407405,9.0,2.0,62,Male,TP. Hồ Chí Minh,59.35174768518519,3377500.0,1,Nhóm 2 — mức chi tiêu trung vị hạng 2/3
C01478,2026-06-08 16:55:41,3,620022.0,0.0,8.0,4.333333333333333,36,Female,TP. Hồ Chí Minh,104.29466435185185,206674.0,0,Nhóm 1 — mức chi tiêu trung vị hạng 1/3
C01479,2026-06-21 06:41:29,5,3094714.0,0.046,13.0,2.6,59,Female,Nha Trang,91.72119212962963,618942.8,0,Nhóm 1 — mức chi tiêu trung vị hạng 1/3
C01480,2026-06-12 10:01:45,5,4877400.0,0.0,12.0,2.2,52,Female,Biên Hòa,100.58211805555555,975480.0,0,Nhóm 1 — mức chi tiêu trung vị hạng 1/3
C01481,2026-09-18 14:43:05,3,3394708.0,0.0,10.0,3.0,63,Male,TP. Hồ Chí Minh,2.386747685185185,1131569.3333333333,2,Nhóm 3 — mức chi tiêu trung vị hạng 3/3
C01482,2026-07-30 11:53:14,8,9397570.0,0.03215467328370554,23.0,3.0,43,Male,Hải Phòng,52.504699074074075,1174696.25,2,Nhóm 3 — mức chi tiêu trung vị hạng 3/3
C01483,2026-08-23 18:19:15,6,7663766.0,0.030698074993341467,15.0,2.3333333333333335,22,Female,TP. Hồ Chí Minh,28.236631944444444,1277294.3333333333,2,Nhóm 3 — mức chi tiêu trung vị hạng 3/3
C01484,2026-07-14 06:54:47,3,325356.0,0.0,10.0,3.0,46,Male,Huế,68.71195601851852,108452.0,0,Nhóm 1 — mức chi tiêu trung vị hạng 1/3
C01485,2026-05-05 09:19:26,4,18103212.0,0.09776130718970069,17.0,3.25,54,Male,Vũng Tàu,138.61150462962962,4525803.0,1,Nhóm 2 — mức chi tiêu trung vị hạng 2/3
C01486,2026-05-16 22:34:19,2,3819900.0,0.0,10.0,2.0,37,Male,Biên Hòa,127.05950231481482,1909950.0,0,Nhóm 1 — mức chi tiêu trung vị hạng 1/3
C01487,2026-07-23 03:40:48,7,3150775.0,0.08785133565621371,25.0,2.857142857142857,38,Male,Hải Phòng,59.846666666666664,450110.71428571426,2,Nhóm 3 — mức chi tiêu trung vị hạng 3/3
C01488,2026-06-23 15:39:19,9,15633088.0,0.08369918699186991,36.0,2.5555555555555554,27,Male,Cần Thơ,89.34769675925926,1737009.7777777778,2,Nhóm 3 — mức chi tiêu trung vị hạng 3/3
C01489,2026-08-21 13:42:52,5,9642040.0,0.145625,13.0,2.6,22,Male,Hải Phòng,30.428564814814816,1928408.0,1,Nhóm 2 — mức chi tiêu trung vị hạng 2/3
C01490,2026-02-21 12:07:18,3,3544500.0,0.2310636856368564,7.0,3.0,53,Male,Đà Nẵng,211.49493055555556,1181500.0,1,Nhóm 2 — mức chi tiêu trung vị hạng 2/3
C01491,2026-08-13 01:23:48,3,8890990.0,0.0,12.0,3.3333333333333335,23,Male,Cần Thơ,38.941805555555554,2963663.3333333335,0,Nhóm 1 — mức chi tiêu trung vị hạng 1/3
C01492,2026-09-06 11:46:10,3,28250240.0,0.043478260869565195,9.0,3.3333333333333335,43,Male,Đà Lạt,14.509606481481482,9416746.666666666,2,Nhóm 3 — mức chi tiêu trung vị hạng 3/3
C01493,2026-07-04 00:55:17,6,16489182.0,0.16764438038900176,18.0,3.8333333333333335,21,Male,Vũng Tàu,78.96160879629629,2748197.0,1,Nhóm 2 — mức chi tiêu trung vị hạng 2/3
C01494,2026-07-29 14:34:19,5,3804550.0,0.02,17.0,2.4,56,Female,Vũng Tàu,53.39283564814815,760910.0,2,Nhóm 3 — mức chi tiêu trung vị hạng 3/3
C01495,2026-07-24 11:21:11,2,3322480.0,0.0,9.0,2.0,56,Female,Vũng Tàu,58.52695601851852,1661240.0,0,Nhóm 1 — mức chi tiêu trung vị hạng 1/3
C01496,2026-07-05 10:07:56,4,2088340.0,0.06931818181818182,13.0,2.25,52,Male,Vũng Tàu,77.57782407407407,522085.0,0,Nhóm 1 — mức chi tiêu trung vị hạng 1/3
C01497,2026-02-07 22:07:35,3,12196000.0,0.0674074074074074,7.0,3.3333333333333335,18,Female,Nha Trang,225.07806712962963,4065333.3333333335,0,Nhóm 1 — mức chi tiêu trung vị hạng 1/3
C01498,2026-09-12 23:21:16,3,1732750.0,0.0161886514940393,12.0,1.0,41,Female,Vũng Tàu,8.026898148148149,577583.3333333334,0,Nhóm 1 — mức chi tiêu trung vị hạng 1/3
C01499,2026-06-18 18:20:39,3,4277012.0,0.0,6.0,3.3333333333333335,53,Male,Vũng Tàu,94.23565972222222,1425670.6666666667,0,Nhóm 1 — mức chi tiêu trung vị hạng 1/3
C01500,2026-09-18 02:19:01,6,16767392.0,0.16621964991530205,19.0,3.1666666666666665,23,Male,Vũng Tàu,2.903460648148148,2794565.3333333335,1,Nhóm 2 — mức chi tiêu trung vị hạng 2/3
C01501,2026-08-29 13:09:18,4,2420790.0,0.125,8.0,3.0,58,Male,Biên Hòa,22.451875,605197.5,1,Nhóm 2 — mức chi tiêu trung vị hạng 2/3
C01502,2026-04-25 01:18:25,4,715000.0,0.0,13.0,3.25,63,Female,Nha Trang,148.94554398148148,178750.0,0,Nhóm 1 — mức chi tiêu trung vị hạng 1/3
C01503,2026-02-15 12:21:47,3,6501486.0,0.21766666666666667,10.0,4.0,61,Female,Hà Nội,217.4848726851852,2167162.0,1,Nhóm 2 — mức chi tiêu trung vị hạng 2/3
C01504,2026-06-27 02:55:54,3,2449120.0,0.0,8.0,3.3333333333333335,48,Male,Hải Phòng,85.87784722222223,816373.3333333334,0,Nhóm 1 — mức chi tiêu trung vị hạng 1/3
C01505,2026-08-20 18:15:45,3,4939360.0,0.0,8.0,3.6666666666666665,37,Male,Hải Phòng,31.2390625,1646453.3333333333,0,Nhóm 1 — mức chi tiêu trung vị hạng 1/3
C01506,2026-07-06 08:18:07,6,5255780.0,0.09166666666666667,12.0,3.3333333333333335,41,Male,Cần Thơ,76.65408564814815,875963.3333333334,1,Nhóm 2 — mức chi tiêu trung vị hạng 2/3
C01507,2026-02-23 23:20:38,1,3196344.0,0.0,4.0,5.0,42,Female,Biên Hòa,209.02733796296297,3196344.0,0,Nhóm 1 — mức chi tiêu trung vị hạng 1/3
C01508,2026-08-25 01:28:07,4,12123942.0,0.025,14.0,1.25,53,Female,Huế,26.938807870370372,3030985.5,2,Nhóm 3 — mức chi tiêu trung vị hạng 3/3
C01509,2026-07-11 10:29:27,6,7132997.0,0.07708333333333332,18.0,3.0,38,Female,Hải Phòng,71.56288194444444,1188832.8333333333,2,Nhóm 3 — mức chi tiêu trung vị hạng 3/3
C01510,2026-05-29 08:53:59,3,55618422.0,0.0134107027724049,9.0,1.6666666666666667,47,Female,TP. Hồ Chí Minh,114.62917824074074,18539474.0,2,Nhóm 3 — mức chi tiêu trung vị hạng 3/3
C01511,2026-06-03 06:30:57,5,3346000.0,0.0,12.0,3.0,41,Male,Huế,109.72850694444445,669200.0,0,Nhóm 1 — mức chi tiêu trung vị hạng 1/3
C01512,2026-09-18 14:25:14,9,19201590.0,0.0,23.0,3.2222222222222223,61,Male,Vũng Tàu,2.3991435185185184,2133510.0,2,Nhóm 3 — mức chi tiêu trung vị hạng 3/3
C01513,2026-07-01 13:36:02,3,6340360.0,0.10321701045411558,9.0,3.6666666666666665,59,Male,Vũng Tàu,81.43331018518519,2113453.3333333335,1,Nhóm 2 — mức chi tiêu trung vị hạng 2/3
C01514,2026-09-01 16:26:05,7,4617165.0,0.0306547619047619,18.0,3.4285714285714284,47,Male,Nha Trang,19.315219907407407,659595.0,2,Nhóm 3 — mức chi tiêu trung vị hạng 3/3
C01515,2026-07-15 04:52:22,4,5605652.0,0.0125,10.0,3.25,39,Female,Huế,67.7969675925926,1401413.0,0,Nhóm 1 — mức chi tiêu trung vị hạng 1/3
C01516,2026-09-13 18:08:12,4,43984000.0,0.16666666666666666,12.0,1.5,45,Female,TP. Hồ Chí Minh,7.244305555555556,10996000.0,1,Nhóm 2 — mức chi tiêu trung vị hạng 2/3
C01517,2026-07-06 16:07:47,2,1430000.0,0.0,7.0,4.0,24,Male,Nha Trang,76.32792824074075,715000.0,0,Nhóm 1 — mức chi tiêu trung vị hạng 1/3
C01518,2026-07-16 01:20:45,5,2059970.0,0.09533961485993461,10.0,2.8,52,Male,Cần Thơ,66.94392361111112,411994.0,1,Nhóm 2 — mức chi tiêu trung vị hạng 2/3
C01519,2026-05-10 14:29:04,6,1374600.0,0.0,12.0,3.3333333333333335,45,Female,Huế,133.3964814814815,229100.0,0,Nhóm 1 — mức chi tiêu trung vị hạng 1/3
C01520,2026-07-24 18:28:40,7,11937394.0,0.0168766103635843,16.0,3.0,31,Male,Biên Hòa,58.23009259259259,1705342.0,2,Nhóm 3 — mức chi tiêu trung vị hạng 3/3
C01521,2026-04-04 20:58:17,2,1887000.0,0.0,6.0,3.5,27,Female,Vũng Tàu,169.12619212962963,943500.0,0,Nhóm 1 — mức chi tiêu trung vị hạng 1/3
C01522,2026-08-27 14:05:38,5,32040148.0,0.0,13.0,3.4,33,Male,Vũng Tàu,24.412754629629628,6408029.6,2,Nhóm 3 — mức chi tiêu trung vị hạng 3/3
C01523,2026-06-23 13:36:49,3,1625400.0,0.03333333333333333,9.0,2.3333333333333335,33,Male,Đà Nẵng,89.43276620370371,541800.0,0,Nhóm 1 — mức chi tiêu trung vị hạng 1/3
C01524,2026-07-28 12:28:47,10,14015000.0,0.1021308305428477,28.0,4.0,48,Male,Nha Trang,54.48001157407408,1401500.0,2,Nhóm 3 — mức chi tiêu trung vị hạng 3/3
C01525,2026-07-03 16:59:12,3,714000.0,0.23873873873873874,9.0,4.0,59,Male,Hà Nội,79.29222222222222,238000.0,1,Nhóm 2 — mức chi tiêu trung vị hạng 2/3
C01526,2026-05-05 04:55:39,4,4518380.0,0.0,11.0,2.5,42,Male,Hà Nội,138.7946875,1129595.0,0,Nhóm 1 — mức chi tiêu trung vị hạng 1/3
C01527,2026-09-04 16:18:56,1,56750000.0,0.3994708994708995,5.0,3.0,30,Male,Nha Trang,16.320185185185185,56750000.0,1,Nhóm 2 — mức chi tiêu trung vị hạng 2/3
C01528,2026-04-27 07:30:36,2,13372000.0,0.0,3.0,3.0,23,Male,Biên Hòa,146.68708333333333,6686000.0,0,Nhóm 1 — mức chi tiêu trung vị hạng 1/3
C01529,2026-07-26 16:30:14,3,5163000.0,0.0,10.0,3.0,61,Female,Đà Lạt,56.312337962962964,1721000.0,0,Nhóm 1 — mức chi tiêu trung vị hạng 1/3
C01530,2026-08-04 08:18:45,11,13308551.0,0.04221412098854372,31.0,3.272727272727273,26,Female,Nha Trang,47.653645833333336,1209868.2727272727,2,Nhóm 3 — mức chi tiêu trung vị hạng 3/3
C01531,2026-03-21 21:45:18,4,3978488.0,0.05332446808510638,9.0,1.25,62,Female,Biên Hòa,183.09354166666665,994622.0,0,Nhóm 1 — mức chi tiêu trung vị hạng 1/3
C01532,2026-05-25 23:24:27,4,1248000.0,0.0125,14.0,3.25,53,Female,Cần Thơ,118.0246875,312000.0,0,Nhóm 1 — mức chi tiêu trung vị hạng 1/3
C01533,2026-09-16 06:32:12,4,20837782.0,0.0,10.0,3.25,60,Female,Vũng Tàu,4.7276388888888885,5209445.5,2,Nhóm 3 — mức chi tiêu trung vị hạng 3/3
C01534,2026-06-20 11:42:19,7,7310822.0,0.10666526197499647,20.0,3.2857142857142856,37,Male,TP. Hồ Chí Minh,92.51228009259259,1044403.1428571428,1,Nhóm 2 — mức chi tiêu trung vị hạng 2/3
C01535,2026-08-21 09:59:56,6,9639000.0,0.016666666666666666,12.0,2.8333333333333335,35,Male,Đà Lạt,30.58337962962963,1606500.0,2,Nhóm 3 — mức chi tiêu trung vị hạng 3/3
C01536,2026-08-23 01:05:30,4,61137000.0,0.11298654288391108,13.0,2.5,60,Female,Huế,28.95451388888889,15284250.0,2,Nhóm 3 — mức chi tiêu trung vị hạng 3/3
C01537,2026-08-04 08:00:29,10,38619132.0,0.0587430113745903,24.0,2.8,38,Male,Đà Lạt,47.66633101851852,3861913.2,2,Nhóm 3 — mức chi tiêu trung vị hạng 3/3
C01538,2026-06-18 08:47:12,6,8188076.0,0.017615176151761516,17.0,3.6666666666666665,21,Female,TP. Hồ Chí Minh,94.63388888888889,1364679.3333333333,2,Nhóm 3 — mức chi tiêu trung vị hạng 3/3
C01539,2026-09-17 12:08:22,4,1711100.0,0.10645363408521302,11.0,3.0,50,Female,Đà Nẵng,3.4941898148148147,427775.0,1,Nhóm 2 — mức chi tiêu trung vị hạng 2/3
C01540,2026-07-03 06:21:08,6,3424206.0,0.0,9.0,3.5,44,Male,Vũng Tàu,79.73532407407407,570701.0,2,Nhóm 3 — mức chi tiêu trung vị hạng 3/3
C01541,2026-06-02 20:31:23,3,5784784.0,0.0,12.0,2.3333333333333335,24,Male,Hà Nội,110.14487268518519,1928261.3333333333,0,Nhóm 1 — mức chi tiêu trung vị hạng 1/3
C01542,2026-06-15 03:20:42,5,1641164.0,0.0,18.0,3.6,23,Male,Biên Hòa,97.860625,328232.8,0,Nhóm 1 — mức chi tiêu trung vị hạng 1/3
C01543,2026-09-14 04:16:13,5,27818434.0,0.09076923076923075,18.0,3.4,32,Female,Nha Trang,6.822071759259259,5563686.8,2,Nhóm 3 — mức chi tiêu trung vị hạng 3/3
C01544,2026-07-24 10:43:42,4,11632512.0,0.1346153846153846,12.0,3.25,35,Male,Nha Trang,58.55298611111111,2908128.0,1,Nhóm 2 — mức chi tiêu trung vị hạng 2/3
C01545,2026-06-21 00:19:08,5,8411998.0,0.0,17.0,2.8,49,Female,Hà Nội,91.98671296296297,1682399.6,2,Nhóm 3 — mức chi tiêu trung vị hạng 3/3
C01546,2026-06-13 23:17:00,3,2389992.0,0.0,11.0,3.6666666666666665,28,Female,Đà Lạt,99.02986111111112,796664.0,0,Nhóm 1 — mức chi tiêu trung vị hạng 1/3
C01547,2026-07-02 17:48:54,3,2286997.0,0.06799999999999999,8.0,3.3333333333333335,37,Female,Vũng Tàu,80.25770833333333,762332.3333333334,0,Nhóm 1 — mức chi tiêu trung vị hạng 1/3
C01548,2026-07-28 17:00:27,9,8307344.0,0.018343815513626835,25.0,2.3333333333333335,41,Male,Hải Phòng,54.291354166666665,923038.2222222222,2,Nhóm 3 — mức chi tiêu trung vị hạng 3/3
C01549,2026-07-27 20:20:11,8,20144652.0,0.05,33.0,2.375,32,Male,Biên Hòa,55.15265046296296,2518081.5,2,Nhóm 3 — mức chi tiêu trung vị hạng 3/3
C01550,2026-06-22 21:33:20,7,7539744.0,0.014285714285714287,18.0,3.7142857142857144,65,Female,Cần Thơ,90.10185185185185,1077106.2857142857,2,Nhóm 3 — mức chi tiêu trung vị hạng 3/3
C01551,2026-09-14 20:23:38,9,59343624.0,0.0,33.0,2.888888888888889,24,Male,TP. Hồ Chí Minh,6.15025462962963,6593736.0,2,Nhóm 3 — mức chi tiêu trung vị hạng 3/3
C01552,2026-04-28 13:53:22,6,16700658.0,0.08166666666666667,22.0,2.6666666666666665,38,Male,Đà Lạt,145.42127314814815,2783443.0,2,Nhóm 3 — mức chi tiêu trung vị hạng 3/3
C01553,2026-09-16 18:06:04,8,8625190.0,0.0625,23.0,1.375,59,Male,Huế,4.245787037037037,1078148.75,2,Nhóm 3 — mức chi tiêu trung vị hạng 3/3
C01554,2026-08-07 06:39:58,5,9426506.0,0.01075757575757574,16.0,3.8,43,Female,Đà Nẵng,44.72224537037037,1885301.2,2,Nhóm 3 — mức chi tiêu trung vị hạng 3/3
C01555,2026-08-11 04:25:07,7,15982012.0,0.0071827613727055,18.0,2.4285714285714284,61,Female,Nha Trang,40.81589120370371,2283144.5714285714,2,Nhóm 3 — mức chi tiêu trung vị hạng 3/3
C01556,2026-08-03 19:19:48,4,15023700.0,0.0,10.0,2.5,31,Male,Đà Lạt,48.194583333333334,3755925.0,2,Nhóm 3 — mức chi tiêu trung vị hạng 3/3
C01557,2026-08-20 04:46:10,4,4393000.0,0.05705128205128205,10.0,1.5,54,Female,Đà Nẵng,31.801273148148148,1098250.0,2,Nhóm 3 — mức chi tiêu trung vị hạng 3/3
C01558,2026-05-27 01:13:15,5,5543380.0,0.0,20.0,2.4,38,Male,TP. Hồ Chí Minh,116.94913194444445,1108676.0,0,Nhóm 1 — mức chi tiêu trung vị hạng 1/3
C01559,2026-08-15 10:54:35,6,9870580.0,0.0,20.0,3.6666666666666665,35,Male,Nha Trang,36.54542824074074,1645096.6666666667,2,Nhóm 3 — mức chi tiêu trung vị hạng 3/3
C01560,2026-09-10 17:47:10,8,8939666.0,0.0,23.0,3.375,22,Male,Nha Trang,10.258912037037037,1117458.25,2,Nhóm 3 — mức chi tiêu trung vị hạng 3/3
C01561,2026-06-03 13:29:33,5,11077232.0,0.01003861003861002,18.0,2.8,20,Male,Hải Phòng,109.4378125,2215446.4,2,Nhóm 3 — mức chi tiêu trung vị hạng 3/3
C01562,2026-09-17 03:30:19,6,6810416.0,0.03402506891350703,17.0,3.0,40,Female,Đà Lạt,3.853946759259259,1135069.3333333333,2,Nhóm 3 — mức chi tiêu trung vị hạng 3/3
C01563,2026-04-08 16:06:04,4,2518870.0,0.0,12.0,2.25,43,Female,Vũng Tàu,165.32912037037036,629717.5,0,Nhóm 1 — mức chi tiêu trung vị hạng 1/3
C01564,2026-08-11 05:06:05,8,14087450.0,0.00625,23.0,3.375,54,Female,Hà Nội,40.78744212962963,1760931.25,2,Nhóm 3 — mức chi tiêu trung vị hạng 3/3
C01565,2026-09-11 08:30:06,8,29884596.0,0.06981078384531068,25.0,2.5,41,Male,Hà Nội,9.645763888888888,3735574.5,2,Nhóm 3 — mức chi tiêu trung vị hạng 3/3
C01566,2026-08-30 01:20:45,5,4545000.0,0.01014354066985644,21.0,3.4,36,Male,Cần Thơ,21.94392361111111,909000.0,2,Nhóm 3 — mức chi tiêu trung vị hạng 3/3
C01567,2026-09-10 12:33:13,6,7166592.0,0.0,14.0,2.8333333333333335,42,Male,Huế,10.476932870370371,1194432.0,2,Nhóm 3 — mức chi tiêu trung vị hạng 3/3
C01568,2026-08-26 12:02:41,6,7741516.0,0.18125,16.0,3.0,38,Female,Đà Nẵng,25.498136574074074,1290252.6666666667,1,Nhóm 2 — mức chi tiêu trung vị hạng 2/3
C01569,2026-07-15 00:05:00,4,18562712.0,0.0,11.0,2.25,29,Male,Đà Lạt,67.99652777777777,4640678.0,2,Nhóm 3 — mức chi tiêu trung vị hạng 3/3
C01570,2026-07-27 18:58:04,6,12584500.0,0.07506257822277847,23.0,2.8333333333333335,58,Female,Biên Hòa,55.20967592592593,2097416.6666666665,2,Nhóm 3 — mức chi tiêu trung vị hạng 3/3
C01571,2026-06-13 15:47:43,3,4223000.0,0.16666666666666666,7.0,1.6666666666666667,50,Female,Huế,99.34186342592592,1407666.6666666667,1,Nhóm 2 — mức chi tiêu trung vị hạng 2/3
C01572,2026-09-12 19:32:42,8,9787500.0,0.11274999999999999,22.0,3.375,21,Female,Hải Phòng,8.185625,1223437.5,2,Nhóm 3 — mức chi tiêu trung vị hạng 3/3
C01573,2026-07-29 15:08:16,6,8057340.0,0.08370577348418662,14.0,3.3333333333333335,59,Female,Nha Trang,53.36925925925926,1342890.0,2,Nhóm 3 — mức chi tiêu trung vị hạng 3/3
C01574,2026-07-13 21:02:46,11,8768582.0,0.1634370969378143,31.0,2.6363636363636362,24,Female,Vũng Tàu,69.1230787037037,797143.8181818182,1,Nhóm 2 — mức chi tiêu trung vị hạng 2/3
C01575,2026-07-22 21:56:09,6,77248812.1120008,0.018181818181818167,12.0,3.0,39,Female,Đà Lạt,60.08600694444444,12874802.018666798,2,Nhóm 3 — mức chi tiêu trung vị hạng 3/3
C01576,2026-08-03 14:02:12,5,2175606.0,0.14076923076923076,19.0,2.8,50,Male,Huế,48.41513888888889,435121.2,1,Nhóm 2 — mức chi tiêu trung vị hạng 2/3
C01577,2026-06-29 02:03:30,5,6502972.0,0.10606174698795182,12.0,2.6,34,Male,Huế,83.91423611111111,1300594.4,1,Nhóm 2 — mức chi tiêu trung vị hạng 2/3
C01578,2026-09-15 15:18:56,3,1114212.0,0.03523332430724793,10.0,3.6666666666666665,41,Female,Vũng Tàu,5.361851851851852,371404.0,0,Nhóm 1 — mức chi tiêu trung vị hạng 1/3
C01579,2026-04-05 07:05:01,5,2217000.0,0.02,9.0,3.2,51,Female,Cần Thơ,168.70484953703703,443400.0,0,Nhóm 1 — mức chi tiêu trung vị hạng 1/3
C01580,2026-09-09 13:55:53,5,7347260.0,0.0,15.0,2.6,45,Male,Đà Nẵng,11.419525462962962,1469452.0,2,Nhóm 3 — mức chi tiêu trung vị hạng 3/3
C01581,2026-01-01 18:40:50,1,162000.0,0.0,5.0,2.0,60,Female,Đà Nẵng,262.22164351851853,162000.0,0,Nhóm 1 — mức chi tiêu trung vị hạng 1/3
C01582,2026-08-03 07:15:49,9,19100268.0,0.05555555555555555,39.0,2.5555555555555554,58,Female,Huế,48.697349537037034,2122252.0,2,Nhóm 3 — mức chi tiêu trung vị hạng 3/3
C01583,2026-07-16 15:15:07,6,3828493.0,0.0,17.0,3.5,56,Male,TP. Hồ Chí Minh,66.36450231481481,638082.1666666666,2,Nhóm 3 — mức chi tiêu trung vị hạng 3/3
C01584,2026-08-22 21:33:03,7,18380620.0,0.016640502354788058,17.0,3.4285714285714284,39,Female,Huế,29.102048611111112,2625802.8571428573,2,Nhóm 3 — mức chi tiêu trung vị hạng 3/3
C01585,2026-07-29 18:36:04,11,3980700.0,0.02753396029258098,36.0,3.3636363636363638,34,Female,Huế,53.224953703703704,361881.8181818182,2,Nhóm 3 — mức chi tiêu trung vị hạng 3/3
C01586,2026-04-15 06:49:44,5,14763000.0,0.02666666666666666,19.0,2.4,51,Female,Vũng Tàu,158.71546296296296,2952600.0,2,Nhóm 3 — mức chi tiêu trung vị hạng 3/3
C01587,2026-07-05 05:20:52,5,3379943.0,0.0411347789931555,9.0,3.6,23,Male,Nha Trang,77.77717592592593,675988.6,0,Nhóm 1 — mức chi tiêu trung vị hạng 1/3
C01588,2026-07-25 05:22:08,3,4589220.0,0.0,11.0,4.0,63,Male,Vũng Tàu,57.776296296296294,1529740.0,0,Nhóm 1 — mức chi tiêu trung vị hạng 1/3
C01589,2026-08-04 06:34:23,6,18456728.0,0.0,18.0,3.3333333333333335,23,Male,Đà Lạt,47.72612268518518,3076121.3333333335,2,Nhóm 3 — mức chi tiêu trung vị hạng 3/3
C01590,2026-07-20 08:30:09,10,13828720.0,0.06020202020202019,25.0,2.7,51,Female,Huế,62.64572916666667,1382872.0,2,Nhóm 3 — mức chi tiêu trung vị hạng 3/3
C01591,2026-06-04 23:09:39,3,6307656.0,0.20566664360340411,8.0,3.0,18,Female,Đà Nẵng,108.03496527777777,2102552.0,1,Nhóm 2 — mức chi tiêu trung vị hạng 2/3
C01592,2026-08-26 02:17:16,12,15513924.0,0.09756347256347254,36.0,2.5833333333333335,27,Male,Biên Hòa,25.904675925925925,1292827.0,2,Nhóm 3 — mức chi tiêu trung vị hạng 3/3
C01593,2026-04-16 05:43:13,1,1042044.0,0.0,2.0,2.0,38,Female,Đà Nẵng,157.7616550925926,1042044.0,0,Nhóm 1 — mức chi tiêu trung vị hạng 1/3
C01594,2026-09-17 06:11:42,4,3584893.0,0.0,6.0,3.5,22,Female,Hà Nội,3.741875,896223.25,2,Nhóm 3 — mức chi tiêu trung vị hạng 3/3
C01595,2026-06-22 19:05:37,4,1879500.0,0.09916666666666667,8.0,3.0,19,Female,Cần Thơ,90.20443287037037,469875.0,1,Nhóm 2 — mức chi tiêu trung vị hạng 2/3
C01596,2026-06-11 10:16:40,4,2611988.0,0.125,11.0,2.5,39,Female,Hải Phòng,101.57175925925925,652997.0,1,Nhóm 2 — mức chi tiêu trung vị hạng 2/3
C01597,2026-07-05 05:30:59,5,3286000.0,0.02,11.0,2.6,65,Female,Đà Lạt,77.77015046296296,657200.0,0,Nhóm 1 — mức chi tiêu trung vị hạng 1/3
C01598,2026-05-01 11:36:14,5,14347000.0,0.13999999999999999,14.0,3.6,19,Male,Đà Lạt,142.51650462962962,2869400.0,1,Nhóm 2 — mức chi tiêu trung vị hạng 2/3
C01599,2026-09-16 03:17:25,7,5577696.0,0.05714285714285715,26.0,3.7142857142857144,27,Female,Cần Thơ,4.862905092592593,796813.7142857143,2,Nhóm 3 — mức chi tiêu trung vị hạng 3/3
C01600,2026-06-04 21:49:32,6,14761592.0,0.0,20.0,2.6666666666666665,51,Male,Biên Hòa,108.09060185185186,2460265.3333333335,2,Nhóm 3 — mức chi tiêu trung vị hạng 3/3
C01601,2026-09-15 16:18:53,8,3625898.0,0.05583333333333333,23.0,2.375,33,Female,Hải Phòng,5.320219907407408,453237.25,2,Nhóm 3 — mức chi tiêu trung vị hạng 3/3
C01602,2026-05-09 02:15:49,3,1746998.0,0.0,6.0,3.3333333333333335,65,Male,Nha Trang,134.90568287037038,582332.6666666666,0,Nhóm 1 — mức chi tiêu trung vị hạng 1/3
C01603,2026-09-18 19:49:34,6,6026066.0,0.015197568389057751,13.0,3.1666666666666665,56,Female,Huế,2.173912037037037,1004344.3333333334,2,Nhóm 3 — mức chi tiêu trung vị hạng 3/3
C01604,2026-05-25 03:20:12,6,59462000.0,0.0,22.0,3.0,39,Male,Hải Phòng,118.86097222222222,9910333.333333334,2,Nhóm 3 — mức chi tiêu trung vị hạng 3/3
C01605,2026-08-19 22:45:29,7,7824554.0,0.0,22.0,2.857142857142857,29,Female,Biên Hòa,32.051747685185184,1117793.4285714286,2,Nhóm 3 — mức chi tiêu trung vị hạng 3/3
C01606,2026-06-29 23:17:08,7,17842000.0,0.011259148410578216,24.0,2.5714285714285716,41,Male,TP. Hồ Chí Minh,83.02976851851852,2548857.1428571427,2,Nhóm 3 — mức chi tiêu trung vị hạng 3/3
C01607,2026-05-11 23:37:11,5,3076325.0,0.0,12.0,4.4,64,Female,Hà Nội,132.0158449074074,615265.0,0,Nhóm 1 — mức chi tiêu trung vị hạng 1/3
C01608,2026-07-21 00:57:26,7,10309818.0,0.0,22.0,2.857142857142857,57,Male,Hải Phòng,61.96011574074074,1472831.142857143,2,Nhóm 3 — mức chi tiêu trung vị hạng 3/3
C01609,2026-06-10 14:57:46,8,14938500.0,0.0303951367781155,26.0,2.75,55,Female,Hải Phòng,102.37655092592593,1867312.5,2,Nhóm 3 — mức chi tiêu trung vị hạng 3/3
C01610,2026-09-01 06:27:57,4,5984898.0,0.0,13.0,2.5,27,Male,Hà Nội,19.73059027777778,1496224.5,2,Nhóm 3 — mức chi tiêu trung vị hạng 3/3
C01611,2026-09-04 10:16:48,2,288998.0,0.0,3.0,2.0,52,Male,Huế,16.571666666666665,144499.0,0,Nhóm 1 — mức chi tiêu trung vị hạng 1/3
C01612,2026-05-29 10:58:16,6,9623000.0,0.058641838978104675,19.0,3.3333333333333335,49,Female,Hải Phòng,114.54287037037037,1603833.3333333333,2,Nhóm 3 — mức chi tiêu trung vị hạng 3/3
C01613,2026-02-25 05:37:54,2,176700.0,0.1833333333333333,4.0,4.5,24,Female,Hà Nội,207.76534722222223,88350.0,1,Nhóm 2 — mức chi tiêu trung vị hạng 2/3
C01614,2026-04-22 07:05:53,4,1078395.0,0.03846153846153845,14.0,2.75,38,Male,Hà Nội,151.70424768518518,269598.75,0,Nhóm 1 — mức chi tiêu trung vị hạng 1/3
C01615,2026-09-07 11:56:17,5,6982208.0,0.03076923076923076,15.0,2.0,37,Female,Hà Nội,13.50258101851852,1396441.6,2,Nhóm 3 — mức chi tiêu trung vị hạng 3/3
C01616,2026-06-21 16:36:43,2,5565224.0,0.025,7.0,2.5,43,Male,Vũng Tàu,91.30783564814814,2782612.0,0,Nhóm 1 — mức chi tiêu trung vị hạng 1/3
C01617,2026-07-16 02:17:46,7,5767474.0,0.020967741935483872,23.0,2.5714285714285716,21,Male,Biên Hòa,66.9043287037037,823924.8571428572,2,Nhóm 3 — mức chi tiêu trung vị hạng 3/3
C01618,2026-08-25 17:26:52,11,17354612.0,0.019215806171592846,32.0,2.8181818181818183,63,Male,Vũng Tàu,26.273009259259258,1577692.0,2,Nhóm 3 — mức chi tiêu trung vị hạng 3/3
C01619,2026-08-19 20:39:05,5,6358980.0,0.06618614415675297,15.0,3.0,39,Female,TP. Hồ Chí Minh,32.139525462962965,1271796.0,2,Nhóm 3 — mức chi tiêu trung vị hạng 3/3
C01620,2026-07-28 11:54:07,6,13248240.0,0.025220458553791885,21.0,2.5,32,Male,Nha Trang,54.50408564814815,2208040.0,2,Nhóm 3 — mức chi tiêu trung vị hạng 3/3
C01621,2026-02-28 16:59:21,5,4225580.0,0.11543006262244479,10.0,2.4,57,Male,Vũng Tàu,204.29211805555556,845116.0,1,Nhóm 2 — mức chi tiêu trung vị hạng 2/3
C01622,2025-12-25 10:17:30,2,14303494.0,0.0,5.0,3.5,38,Female,Vũng Tàu,269.57118055555554,7151747.0,0,Nhóm 1 — mức chi tiêu trung vị hạng 1/3
C01623,2026-08-22 18:35:50,11,16552700.0,0.07761707988980715,26.0,2.4545454545454546,32,Female,Biên Hòa,29.22511574074074,1504790.9090909092,2,Nhóm 3 — mức chi tiêu trung vị hạng 3/3
C01624,2026-06-04 09:10:53,4,11141804.0,0.0,11.0,2.75,39,Female,Nha Trang,108.61744212962962,2785451.0,0,Nhóm 1 — mức chi tiêu trung vị hạng 1/3
C01625,2026-08-04 04:27:43,5,6483912.0,0.02113821138211382,15.0,2.8,45,Female,Cần Thơ,47.81408564814815,1296782.4,2,Nhóm 3 — mức chi tiêu trung vị hạng 3/3
C01626,2026-07-04 18:51:11,2,354350.0,0.05,3.0,3.0,31,Male,Hà Nội,78.21445601851852,177175.0,0,Nhóm 1 — mức chi tiêu trung vị hạng 1/3
C01627,2026-07-08 22:59:51,1,36000.0,0.1428571428571428,2.0,4.0,44,Male,Đà Lạt,74.04177083333333,36000.0,0,Nhóm 1 — mức chi tiêu trung vị hạng 1/3
C01628,2026-09-03 07:11:08,8,51330530.0,0.0375,25.0,3.25,58,Male,Nha Trang,17.70060185185185,6416316.25,2,Nhóm 3 — mức chi tiêu trung vị hạng 3/3
C01629,2025-12-14 08:52:01,3,3125000.0,0.03763440860215053,13.0,2.6666666666666665,57,Male,TP. Hồ Chí Minh,280.6305439814815,1041666.6666666666,0,Nhóm 1 — mức chi tiêu trung vị hạng 1/3
C01630,2026-08-02 22:59:06,5,4148896.0,0.00564102564102564,18.0,3.2,45,Female,Huế,49.042291666666664,829779.2,2,Nhóm 3 — mức chi tiêu trung vị hạng 3/3
C01631,2026-08-21 22:05:38,5,7286000.0,0.170125313283208,17.0,2.8,43,Male,TP. Hồ Chí Minh,30.079421296296296,1457200.0,1,Nhóm 2 — mức chi tiêu trung vị hạng 2/3
C01632,2026-09-06 11:52:23,7,5694319.0,0.17340533625655255,17.0,2.142857142857143,19,Male,Hà Nội,14.505289351851852,813474.1428571428,1,Nhóm 2 — mức chi tiêu trung vị hạng 2/3
C01633,2026-05-12 02:41:34,4,2226000.0,0.025317185697808497,7.0,4.0,42,Female,Nha Trang,131.88780092592592,556500.0,0,Nhóm 1 — mức chi tiêu trung vị hạng 1/3
C01634,2026-08-22 00:41:25,6,8997166.0,0.05743045854022668,16.0,3.1666666666666665,20,Male,TP. Hồ Chí Minh,29.971238425925925,1499527.6666666667,2,Nhóm 3 — mức chi tiêu trung vị hạng 3/3
C01635,2026-08-07 23:40:14,7,23684828.0,0.015806451612903217,17.0,2.4285714285714284,25,Male,TP. Hồ Chí Minh,44.01372685185185,3383546.8571428573,2,Nhóm 3 — mức chi tiêu trung vị hạng 3/3
C01636,2026-07-31 07:41:10,10,24965560.0,0.04915966386554621,25.0,2.8,61,Male,Cần Thơ,51.67974537037037,2496556.0,2,Nhóm 3 — mức chi tiêu trung vị hạng 3/3
C01637,2026-08-16 01:10:26,3,2085000.0,0.06666666666666667,11.0,2.6666666666666665,50,Male,Cần Thơ,35.951087962962966,695000.0,0,Nhóm 1 — mức chi tiêu trung vị hạng 1/3
C01638,2026-09-19 14:09:30,9,19471000.0,0.11075906627210237,30.0,3.0,59,Male,Nha Trang,1.4100694444444444,2163444.4444444445,2,Nhóm 3 — mức chi tiêu trung vị hạng 3/3
C01639,2026-09-04 20:35:29,6,9584914.0,0.016666666666666666,16.0,1.5,52,Male,Hà Nội,16.142025462962962,1597485.6666666667,2,Nhóm 3 — mức chi tiêu trung vị hạng 3/3
C01640,2026-04-18 18:20:02,3,5190464.0,0.016666666666666666,7.0,2.0,23,Female,Vũng Tàu,155.23608796296296,1730154.6666666667,0,Nhóm 1 — mức chi tiêu trung vị hạng 1/3
C01641,2026-08-01 07:13:15,6,2485916.0,0.030198511848786913,12.0,2.5,56,Female,Đà Nẵng,50.699131944444446,414319.3333333333,2,Nhóm 3 — mức chi tiêu trung vị hạng 3/3
C01642,2026-08-25 13:45:19,9,20381318.0,0.10610748053392659,31.0,3.4444444444444446,40,Male,Hải Phòng,26.426863425925927,2264590.888888889,2,Nhóm 3 — mức chi tiêu trung vị hạng 3/3
C01643,2026-07-20 17:42:39,3,2502870.0,0.051282051282051266,7.0,4.0,42,Male,Đà Lạt,62.26204861111111,834290.0,0,Nhóm 1 — mức chi tiêu trung vị hạng 1/3
C01644,2026-06-11 21:34:04,4,5204000.0,0.0,5.0,2.75,60,Female,Hải Phòng,101.10134259259259,1301000.0,0,Nhóm 1 — mức chi tiêu trung vị hạng 1/3
C01645,2026-07-20 13:48:42,5,5123335.0,0.0306,16.0,2.4,36,Male,Biên Hòa,62.42451388888889,1024667.0,2,Nhóm 3 — mức chi tiêu trung vị hạng 3/3
C01646,2026-07-04 06:23:02,3,1336000.0,0.016666666666666666,4.0,2.3333333333333335,22,Male,Cần Thơ,78.73400462962962,445333.3333333333,0,Nhóm 1 — mức chi tiêu trung vị hạng 1/3
C01647,2026-09-02 16:11:33,4,12826000.0,0.025,16.0,3.0,28,Male,Nha Trang,18.3253125,3206500.0,2,Nhóm 3 — mức chi tiêu trung vị hạng 3/3
C01648,2026-09-11 19:15:30,6,25144057.0,0.025568181818181813,24.0,3.0,29,Female,Hải Phòng,9.197569444444444,4190676.1666666665,2,Nhóm 3 — mức chi tiêu trung vị hạng 3/3
C01649,2026-09-11 22:12:09,7,27448570.0,0.0071428571428571435,23.0,2.142857142857143,27,Male,Hà Nội,9.074895833333333,3921224.285714286,2,Nhóm 3 — mức chi tiêu trung vị hạng 3/3
C01650,2026-06-29 12:41:34,4,1273000.0,0.0,16.0,4.25,25,Female,Đà Lạt,83.47113425925926,318250.0,0,Nhóm 1 — mức chi tiêu trung vị hạng 1/3
C01651,2026-03-15 03:38:01,2,6139344.0,0.05,8.0,2.5,41,Male,Hải Phòng,189.84859953703705,3069672.0,0,Nhóm 1 — mức chi tiêu trung vị hạng 1/3
C01652,2026-09-02 17:55:10,5,2382225.0,0.0,13.0,2.2,45,Female,Đà Lạt,18.253356481481482,476445.0,2,Nhóm 3 — mức chi tiêu trung vị hạng 3/3
C01653,2026-06-04 19:25:15,2,13323180.0,0.0,9.0,5.0,58,Female,Huế,108.1907986111111,6661590.0,0,Nhóm 1 — mức chi tiêu trung vị hạng 1/3
C01654,2026-04-15 16:34:47,3,2840000.0,0.06888888888888887,10.0,3.0,53,Male,Hà Nội,158.30917824074075,946666.6666666666,0,Nhóm 1 — mức chi tiêu trung vị hạng 1/3
C01655,2026-06-01 13:24:06,5,14049976.0,0.11933110367892974,18.0,3.4,54,Female,Đà Nẵng,111.44159722222223,2809995.2,1,Nhóm 2 — mức chi tiêu trung vị hạng 2/3
C01656,2026-07-19 09:26:14,5,12235000.0,0.06907785888077858,14.0,3.2,38,Male,TP. Hồ Chí Minh,63.60678240740741,2447000.0,2,Nhóm 3 — mức chi tiêu trung vị hạng 3/3
C01657,2026-08-07 08:08:14,7,64002218.0,0.014285714285714287,22.0,3.857142857142857,25,Female,Đà Lạt,44.660949074074075,9143174.0,2,Nhóm 3 — mức chi tiêu trung vị hạng 3/3
C01658,2026-09-03 06:07:31,5,2998000.0,0.12538165620570965,14.0,2.2,26,Male,Hà Nội,17.744780092592592,599600.0,1,Nhóm 2 — mức chi tiêu trung vị hạng 2/3
C01659,2026-09-04 16:12:29,4,2883532.0,0.0,17.0,3.75,64,Male,Đà Lạt,16.32466435185185,720883.0,2,Nhóm 3 — mức chi tiêu trung vị hạng 3/3
C01660,2026-08-31 13:51:22,6,33145365.0,0.025642393290040397,23.0,4.0,32,Female,Đà Lạt,20.422662037037036,5524227.5,2,Nhóm 3 — mức chi tiêu trung vị hạng 3/3
C01661,2026-09-07 06:31:04,6,33014206.0,0.041666666666666664,20.0,2.8333333333333335,65,Male,Vũng Tàu,13.728425925925926,5502367.666666667,2,Nhóm 3 — mức chi tiêu trung vị hạng 3/3
C01662,2026-09-07 19:48:42,5,9005876.0,0.0,11.0,4.0,63,Male,Vũng Tàu,13.174513888888889,1801175.2,2,Nhóm 3 — mức chi tiêu trung vị hạng 3/3
C01663,2026-07-07 18:14:02,5,1804000.0,0.0,12.0,3.0,57,Female,Hà Nội,75.24025462962963,360800.0,0,Nhóm 1 — mức chi tiêu trung vị hạng 1/3
C01664,2026-08-06 01:43:06,4,16368128.0,0.096875,13.0,2.25,35,Male,Vũng Tàu,45.92840277777778,4092032.0,1,Nhóm 2 — mức chi tiêu trung vị hạng 2/3
C01665,2026-07-17 05:31:39,5,14006000.0,0.0201058201058201,24.0,2.4,59,Male,Biên Hòa,65.7696875,2801200.0,2,Nhóm 3 — mức chi tiêu trung vị hạng 3/3
C01666,2026-09-09 07:20:54,11,10665400.0,0.027355429734715945,28.0,2.727272727272727,37,Female,Đà Nẵng,11.693819444444445,969581.8181818182,2,Nhóm 3 — mức chi tiêu trung vị hạng 3/3
C01667,2026-06-18 16:51:46,5,7298000.0,0.0466255368051775,12.0,3.4,23,Female,Nha Trang,94.29738425925926,1459600.0,2,Nhóm 3 — mức chi tiêu trung vị hạng 3/3
C01668,2026-04-14 10:05:04,5,3240826.0,0.06624301122606206,17.0,1.8,29,Male,Hà Nội,159.57981481481482,648165.2,0,Nhóm 1 — mức chi tiêu trung vị hạng 1/3
C01669,2026-09-12 00:41:46,3,277600.0,0.016666666666666666,6.0,3.0,19,Male,Hà Nội,8.970995370370371,92533.33333333333,0,Nhóm 1 — mức chi tiêu trung vị hạng 1/3
C01670,2026-02-18 10:48:34,3,1980000.0,0.0,8.0,2.6666666666666665,24,Female,Biên Hòa,214.54960648148148,660000.0,0,Nhóm 1 — mức chi tiêu trung vị hạng 1/3
C01671,2026-08-20 00:51:49,7,2695244.0,0.0219779357795595,19.0,2.857142857142857,33,Female,Cần Thơ,31.964016203703704,385034.85714285716,2,Nhóm 3 — mức chi tiêu trung vị hạng 3/3
C01672,2026-07-22 22:41:45,9,34181044.0,0.04555555555555555,28.0,3.2222222222222223,20,Male,Cần Thơ,60.054340277777776,3797893.777777778,2,Nhóm 3 — mức chi tiêu trung vị hạng 3/3
C01673,2026-09-08 15:25:01,1,98000.0,0.3,2.0,3.0,62,Female,Vũng Tàu,12.357627314814815,98000.0,1,Nhóm 2 — mức chi tiêu trung vị hạng 2/3
C01674,2026-06-26 23:34:28,6,1067232.0,0.017615176151761516,14.0,2.6666666666666665,20,Male,Nha Trang,86.01773148148148,177872.0,0,Nhóm 1 — mức chi tiêu trung vị hạng 1/3
C01675,2026-07-19 00:34:37,8,23773955.0,0.03636804487868317,32.0,3.0,44,Male,Vũng Tàu,63.975960648148146,2971744.375,2,Nhóm 3 — mức chi tiêu trung vị hạng 3/3
C01676,2026-08-01 02:38:34,5,2619226.0,0.0,13.0,2.6,60,Male,Huế,50.88988425925926,523845.2,0,Nhóm 1 — mức chi tiêu trung vị hạng 1/3
C01677,2026-03-31 15:26:38,2,130000.0,0.0333333333333333,4.0,4.0,57,Male,Huế,173.35650462962963,65000.0,0,Nhóm 1 — mức chi tiêu trung vị hạng 1/3
C01678,2026-07-01 00:54:10,6,56628134.0,0.0,18.0,4.666666666666667,55,Male,TP. Hồ Chí Minh,81.96238425925925,9438022.333333334,2,Nhóm 3 — mức chi tiêu trung vị hạng 3/3
C01679,2026-07-11 18:41:21,6,1003000.0,0.0,11.0,2.6666666666666665,50,Female,Huế,71.22128472222222,167166.66666666666,0,Nhóm 1 — mức chi tiêu trung vị hạng 1/3
C01680,2026-08-02 00:23:31,7,10381728.0,0.19163422389967008,21.0,2.7142857142857144,45,Female,Cần Thơ,49.98366898148148,1483104.0,1,Nhóm 2 — mức chi tiêu trung vị hạng 2/3
C01681,2026-09-18 20:14:49,11,8661804.0,0.0,32.0,2.909090909090909,18,Female,Đà Nẵng,2.1563773148148146,787436.7272727273,2,Nhóm 3 — mức chi tiêu trung vị hạng 3/3
C01682,2026-07-20 04:38:30,6,4584134.0,0.10833333333333334,15.0,4.0,25,Female,Huế,62.80659722222222,764022.3333333334,1,Nhóm 2 — mức chi tiêu trung vị hạng 2/3
C01683,2026-09-14 23:11:52,3,6379000.0,0.27604938271604934,7.0,4.666666666666667,54,Male,Vũng Tàu,6.0334259259259255,2126333.3333333335,1,Nhóm 2 — mức chi tiêu trung vị hạng 2/3
C01684,2026-07-18 11:02:33,5,7571748.0,0.1,16.0,4.0,49,Male,Đà Lạt,64.53989583333333,1514349.6,1,Nhóm 2 — mức chi tiêu trung vị hạng 2/3
C01685,2026-02-27 21:24:51,2,2916000.0,0.07731958762886595,8.0,1.5,65,Male,Hà Nội,205.10774305555555,1458000.0,0,Nhóm 1 — mức chi tiêu trung vị hạng 1/3
C01686,2026-07-13 22:39:41,5,7624998.0,0.08018018018018018,20.0,2.0,60,Male,Đà Nẵng,69.05577546296297,1524999.6,2,Nhóm 3 — mức chi tiêu trung vị hạng 3/3
C01687,2026-09-02 11:42:58,9,48385432.0,0.09140461215932913,32.0,3.4444444444444446,54,Female,Đà Nẵng,18.511828703703703,5376159.111111111,2,Nhóm 3 — mức chi tiêu trung vị hạng 3/3
C01688,2026-09-09 05:44:20,8,6034164.0,0.03308823529411765,25.0,3.125,21,Male,Vũng Tàu,11.76087962962963,754270.5,2,Nhóm 3 — mức chi tiêu trung vị hạng 3/3
C01689,2026-05-14 14:10:46,3,4290000.0,0.13824511206485454,10.0,3.3333333333333335,47,Male,Hà Nội,129.40918981481482,1430000.0,1,Nhóm 2 — mức chi tiêu trung vị hạng 2/3
C01690,2026-07-31 05:42:39,4,3180258.0,0.0,7.0,3.25,23,Female,Cần Thơ,51.76204861111111,795064.5,0,Nhóm 1 — mức chi tiêu trung vị hạng 1/3
C01691,2026-07-26 16:58:44,4,5642162.0,0.05042016806722688,13.0,2.75,63,Female,Đà Nẵng,56.292546296296294,1410540.5,2,Nhóm 3 — mức chi tiêu trung vị hạng 3/3
C01692,2026-08-22 15:18:40,5,773500.0,0.12,14.0,3.2,36,Female,TP. Hồ Chí Minh,29.362037037037037,154700.0,1,Nhóm 2 — mức chi tiêu trung vị hạng 2/3
C01693,2026-07-08 14:22:15,3,29095657.0,0.0,11.0,3.3333333333333335,49,Female,Vũng Tàu,74.40121527777778,9698552.333333334,2,Nhóm 3 — mức chi tiêu trung vị hạng 3/3
C01694,2026-09-12 05:20:25,5,7484800.0,0.0,16.0,2.8,26,Male,Đà Nẵng,8.777488425925926,1496960.0,2,Nhóm 3 — mức chi tiêu trung vị hạng 3/3
C01695,2026-07-29 04:51:49,8,22014158.0,0.08977564102564103,23.0,2.75,29,Male,Nha Trang,53.797349537037036,2751769.75,2,Nhóm 3 — mức chi tiêu trung vị hạng 3/3
C01696,2026-08-29 09:36:34,2,620000.0,0.1388888888888889,8.0,3.5,28,Female,Hà Nội,22.59960648148148,310000.0,1,Nhóm 2 — mức chi tiêu trung vị hạng 2/3
C01697,2026-08-10 14:15:14,4,2700310.0,0.0,8.0,2.0,63,Male,Huế,41.406087962962964,675077.5,0,Nhóm 1 — mức chi tiêu trung vị hạng 1/3
C01698,2026-05-18 06:33:01,2,25058778.0,0.0,5.0,4.0,33,Male,Đà Nẵng,125.72707175925926,12529389.0,0,Nhóm 1 — mức chi tiêu trung vị hạng 1/3
C01699,2026-08-14 05:05:09,6,12178292.0,0.14622641509433962,26.0,3.1666666666666665,18,Male,Vũng Tàu,37.788090277777776,2029715.3333333333,1,Nhóm 2 — mức chi tiêu trung vị hạng 2/3
C01700,2026-07-18 00:39:57,7,23952072.0,0.14620346779510324,20.0,3.2857142857142856,62,Female,Huế,64.97225694444444,3421724.5714285714,1,Nhóm 2 — mức chi tiêu trung vị hạng 2/3
C01701,2026-06-17 07:15:47,7,9426500.0,0.033816964285714284,27.0,2.7142857142857144,38,Male,TP. Hồ Chí Minh,95.69737268518519,1346642.857142857,2,Nhóm 3 — mức chi tiêu trung vị hạng 3/3
C01702,2026-08-03 12:01:03,8,14627624.0,0.03066569282136894,27.0,2.75,47,Female,Huế,48.499270833333334,1828453.0,2,Nhóm 3 — mức chi tiêu trung vị hạng 3/3
C01703,2026-09-07 09:09:18,8,18841384.0,0.025,25.0,2.5,30,Male,Nha Trang,13.618541666666667,2355173.0,2,Nhóm 3 — mức chi tiêu trung vị hạng 3/3
C01704,2026-07-27 05:24:41,9,4719000.0,0.06888888888888889,24.0,2.888888888888889,51,Male,Cần Thơ,55.77452546296296,524333.3333333334,2,Nhóm 3 — mức chi tiêu trung vị hạng 3/3
C01705,2026-06-05 15:13:51,8,11158418.0,0.04454342984409799,22.0,3.125,21,Male,Đà Nẵng,107.36538194444445,1394802.25,2,Nhóm 3 — mức chi tiêu trung vị hạng 3/3
C01706,2026-01-16 19:24:33,4,3916518.0,0.03006060606060605,14.0,4.0,45,Female,Hải Phòng,247.19128472222224,979129.5,0,Nhóm 1 — mức chi tiêu trung vị hạng 1/3
C01707,2026-06-14 04:26:21,4,9997384.0,0.125,10.0,3.25,55,Male,Hải Phòng,98.81503472222222,2499346.0,1,Nhóm 2 — mức chi tiêu trung vị hạng 2/3
C01708,2026-09-02 21:53:01,5,13273000.0,0.06603541185527328,13.0,3.2,48,Female,Huế,18.08818287037037,2654600.0,2,Nhóm 3 — mức chi tiêu trung vị hạng 3/3
C01709,2026-08-05 19:21:53,4,6368012.0,0.0,13.0,3.5,44,Female,Biên Hòa,46.193136574074074,1592003.0,2,Nhóm 3 — mức chi tiêu trung vị hạng 3/3
C01710,2026-03-24 22:56:02,2,815538.0,0.0,6.0,4.0,22,Female,Hà Nội,180.0444212962963,407769.0,0,Nhóm 1 — mức chi tiêu trung vị hạng 1/3
C01711,2026-03-23 21:54:32,3,1260000.0,0.0,8.0,1.6666666666666667,42,Male,Hải Phòng,181.08712962962963,420000.0,0,Nhóm 1 — mức chi tiêu trung vị hạng 1/3
C01712,2026-03-31 23:50:50,5,14174000.0,0.0,18.0,4.6,20,Male,Biên Hòa,173.00636574074073,2834800.0,2,Nhóm 3 — mức chi tiêu trung vị hạng 3/3
C01713,2026-07-27 23:13:32,5,7027000.0,0.08135678391959797,17.0,3.0,50,Male,Hải Phòng,55.03226851851852,1405400.0,2,Nhóm 3 — mức chi tiêu trung vị hạng 3/3
C01714,2026-08-31 20:31:04,5,2370800.0,0.07713821138211382,21.0,3.0,21,Male,Biên Hòa,20.145092592592594,474160.0,2,Nhóm 3 — mức chi tiêu trung vị hạng 3/3
C01715,2026-08-01 20:17:49,6,11649000.0,0.0,16.0,2.5,42,Female,Hà Nội,50.15429398148148,1941500.0,2,Nhóm 3 — mức chi tiêu trung vị hạng 3/3
C01716,2026-07-28 09:44:08,5,8406088.0,0.0,23.0,3.0,37,Female,Đà Lạt,54.594351851851854,1681217.6,2,Nhóm 3 — mức chi tiêu trung vị hạng 3/3
C01717,2026-07-16 15:10:16,7,7166138.0,0.021978021978021973,25.0,2.2857142857142856,51,Female,Hải Phòng,66.36787037037037,1023734.0,2,Nhóm 3 — mức chi tiêu trung vị hạng 3/3
C01719,2026-03-23 09:24:26,5,1544265.0,0.0702928870292887,20.0,3.2,22,Female,Đà Nẵng,181.60803240740742,308853.0,0,Nhóm 1 — mức chi tiêu trung vị hạng 1/3
C01720,2026-06-24 21:09:57,3,2318300.0,0.05000000000000001,11.0,3.6666666666666665,52,Male,Biên Hòa,88.11809027777778,772766.6666666666,0,Nhóm 1 — mức chi tiêu trung vị hạng 1/3
C01721,2026-04-12 14:11:58,2,4045000.0,0.05,4.0,3.5,45,Female,Đà Nẵng,161.4083564814815,2022500.0,0,Nhóm 1 — mức chi tiêu trung vị hạng 1/3
C01722,2026-09-20 05:19:30,8,33277794.0,0.025314748201438836,26.0,2.375,46,Male,Vũng Tàu,0.778125,4159724.25,2,Nhóm 3 — mức chi tiêu trung vị hạng 3/3
C01723,2026-04-14 18:27:10,5,5442360.0,0.02,16.0,3.2,26,Male,Vũng Tàu,159.23113425925925,1088472.0,0,Nhóm 1 — mức chi tiêu trung vị hạng 1/3
C01724,2026-07-18 17:38:17,6,2659500.0,0.025641025641025633,17.0,2.6666666666666665,55,Female,Hà Nội,64.26508101851852,443250.0,2,Nhóm 3 — mức chi tiêu trung vị hạng 3/3
C01725,2026-08-11 07:52:51,10,21369386.0,0.0,39.0,2.8,23,Female,Biên Hòa,40.67163194444444,2136938.6,2,Nhóm 3 — mức chi tiêu trung vị hạng 3/3
C01726,2026-07-05 18:19:55,7,91917632.0,0.03590127150336574,24.0,3.5714285714285716,36,Female,TP. Hồ Chí Minh,77.23616898148148,13131090.285714285,2,Nhóm 3 — mức chi tiêu trung vị hạng 3/3
C01727,2026-08-24 03:26:09,6,9929000.0,0.008383233532934116,18.0,3.3333333333333335,61,Female,Vũng Tàu,27.856840277777778,1654833.3333333333,2,Nhóm 3 — mức chi tiêu trung vị hạng 3/3
C01728,2026-07-04 17:49:26,4,16411600.0,0.02625,8.0,2.5,28,Male,Hà Nội,78.25733796296296,4102900.0,2,Nhóm 3 — mức chi tiêu trung vị hạng 3/3
C01729,2026-04-12 07:13:46,3,724000.0,0.0,8.0,3.6666666666666665,19,Female,Vũng Tàu,161.69877314814815,241333.33333333334,0,Nhóm 1 — mức chi tiêu trung vị hạng 1/3
C01730,2026-02-11 20:10:04,4,11215654.0,0.025,15.0,3.0,64,Female,Vũng Tàu,221.15967592592594,2803913.5,0,Nhóm 1 — mức chi tiêu trung vị hạng 1/3
C01731,2026-07-27 11:44:07,6,4113600.0,0.025641025641025633,18.0,2.5,61,Female,TP. Hồ Chí Minh,55.51103009259259,685600.0,2,Nhóm 3 — mức chi tiêu trung vị hạng 3/3
C01732,2026-07-20 07:24:14,6,3568118.0,0.0,17.0,3.0,61,Male,Hải Phòng,62.69150462962963,594686.3333333334,2,Nhóm 3 — mức chi tiêu trung vị hạng 3/3
C01733,2026-09-09 03:39:21,9,11480464.0,0.06873164500283144,28.0,3.6666666666666665,26,Male,Huế,11.84767361111111,1275607.111111111,2,Nhóm 3 — mức chi tiêu trung vị hạng 3/3
C01734,2026-08-18 17:49:53,7,9526068.0,0.0,19.0,3.5714285714285716,38,Female,Đà Lạt,33.257025462962964,1360866.857142857,2,Nhóm 3 — mức chi tiêu trung vị hạng 3/3
C01735,2026-08-07 18:51:00,6,6262530.0,0.05174058178350024,20.0,2.3333333333333335,41,Male,Vũng Tàu,44.21458333333333,1043755.0,2,Nhóm 3 — mức chi tiêu trung vị hạng 3/3
C01736,2026-05-11 22:40:11,5,3262716.0,0.03076923076923076,14.0,3.2,51,Female,Vũng Tàu,132.05542824074075,652543.2,0,Nhóm 1 — mức chi tiêu trung vị hạng 1/3
C01737,2026-07-30 12:14:13,2,19109604.0,0.0769230769230769,9.0,3.5,39,Male,Nha Trang,52.49012731481481,9554802.0,1,Nhóm 2 — mức chi tiêu trung vị hạng 2/3
C01738,2026-03-02 06:58:13,3,18785000.0,0.0,10.0,2.3333333333333335,20,Male,Đà Lạt,202.70957175925926,6261666.666666667,0,Nhóm 1 — mức chi tiêu trung vị hạng 1/3
C01739,2026-08-18 04:55:01,8,6274168.0,0.0,20.0,2.625,29,Male,TP. Hồ Chí Minh,33.79512731481481,784271.0,2,Nhóm 3 — mức chi tiêu trung vị hạng 3/3
C01740,2026-08-27 11:50:19,8,6100000.0,0.03956035767511176,24.0,3.125,45,Male,Đà Nẵng,24.506724537037037,762500.0,2,Nhóm 3 — mức chi tiêu trung vị hạng 3/3
C01741,2026-01-20 00:40:14,2,1128200.0,0.08466666666666665,3.0,4.0,47,Female,Biên Hòa,243.97206018518517,564100.0,0,Nhóm 1 — mức chi tiêu trung vị hạng 1/3
C01742,2026-09-11 16:23:06,7,7042000.0,0.017142857142857144,22.0,2.142857142857143,43,Female,Vũng Tàu,9.317291666666666,1006000.0,2,Nhóm 3 — mức chi tiêu trung vị hạng 3/3
C01743,2026-03-01 02:50:56,1,18351180.0,0.0,3.0,4.0,65,Female,Huế,203.88129629629628,18351180.0,0,Nhóm 1 — mức chi tiêu trung vị hạng 1/3
C01744,2026-09-08 18:00:32,8,7655612.0,0.0,21.0,2.375,38,Male,Biên Hòa,12.249629629629629,956951.5,2,Nhóm 3 — mức chi tiêu trung vị hạng 3/3
C01746,2026-07-09 19:50:06,4,3683496.0,0.05,10.0,3.75,43,Female,Biên Hòa,73.17354166666667,920874.0,0,Nhóm 1 — mức chi tiêu trung vị hạng 1/3
C01747,2026-09-11 19:28:35,6,4801446.0,0.0,20.0,2.8333333333333335,50,Female,Hải Phòng,9.188483796296296,800241.0,2,Nhóm 3 — mức chi tiêu trung vị hạng 3/3
C01748,2026-02-09 18:11:29,3,3498000.0,0.19002089864158825,10.0,2.6666666666666665,38,Male,Vũng Tàu,223.24202546296297,1166000.0,1,Nhóm 2 — mức chi tiêu trung vị hạng 2/3
C01749,2026-06-21 04:30:20,3,5833444.0,0.18836917562724012,6.0,3.6666666666666665,52,Male,Biên Hòa,91.81226851851852,1944481.3333333333,1,Nhóm 2 — mức chi tiêu trung vị hạng 2/3
C01750,2026-01-20 17:13:51,2,95000.0,0.0,5.0,4.0,51,Male,Đà Nẵng,243.28204861111112,47500.0,0,Nhóm 1 — mức chi tiêu trung vị hạng 1/3
C01751,2026-08-17 09:37:46,1,5356000.0,0.0,4.0,1.0,58,Female,Đà Nẵng,34.59877314814815,5356000.0,0,Nhóm 1 — mức chi tiêu trung vị hạng 1/3
C01752,2026-09-14 13:27:32,7,6921250.0,0.07960828397543877,16.0,2.857142857142857,64,Female,Vũng Tàu,6.439212962962963,988750.0,2,Nhóm 3 — mức chi tiêu trung vị hạng 3/3
C01753,2026-06-28 05:25:05,6,10507036.0,0.08507391511683356,18.0,2.5,35,Female,Cần Thơ,84.77424768518519,1751172.6666666667,2,Nhóm 3 — mức chi tiêu trung vị hạng 3/3
C01754,2026-04-22 14:20:41,5,5914916.0,0.03076923076923076,12.0,3.0,28,Male,Đà Nẵng,151.40230324074074,1182983.2,0,Nhóm 1 — mức chi tiêu trung vị hạng 1/3
C01755,2026-04-13 05:00:37,2,192455.0,0.0,6.0,4.0,40,Male,Biên Hòa,160.79123842592594,96227.5,0,Nhóm 1 — mức chi tiêu trung vị hạng 1/3
C01756,2026-06-24 09:18:42,9,3893000.0,0.005555555555555556,29.0,3.888888888888889,65,Female,Hà Nội,88.6120138888889,432555.55555555556,2,Nhóm 3 — mức chi tiêu trung vị hạng 3/3
C01757,2026-08-27 16:05:01,6,15402426.0,0.04976609933313427,22.0,2.3333333333333335,39,Male,Đà Nẵng,24.32984953703704,2567071.0,2,Nhóm 3 — mức chi tiêu trung vị hạng 3/3
C01758,2026-07-31 16:18:26,3,3144000.0,0.0175438596491228,9.0,3.3333333333333335,34,Male,Đà Lạt,51.320532407407406,1048000.0,0,Nhóm 1 — mức chi tiêu trung vị hạng 1/3
C01759,2026-08-08 22:27:27,4,7823196.0,0.125,14.0,3.0,22,Male,Cần Thơ,43.06427083333333,1955799.0,1,Nhóm 2 — mức chi tiêu trung vị hạng 2/3
C01760,2026-07-03 13:59:07,7,3030568.0,0.0071428571428571435,18.0,2.7142857142857144,61,Male,Biên Hòa,79.41728009259259,432938.28571428574,2,Nhóm 3 — mức chi tiêu trung vị hạng 3/3
C01761,2026-07-18 17:37:08,6,2496544.0,0.0216573165030388,19.0,3.3333333333333335,28,Female,TP. Hồ Chí Minh,64.26587962962962,416090.6666666667,2,Nhóm 3 — mức chi tiêu trung vị hạng 3/3
C01762,2026-08-17 12:27:06,3,7293628.0,0.0,10.0,4.0,47,Male,Nha Trang,34.481180555555554,2431209.3333333335,0,Nhóm 1 — mức chi tiêu trung vị hạng 1/3
C01763,2026-08-04 11:06:41,9,19540980.0,0.0,36.0,2.888888888888889,32,Male,TP. Hồ Chí Minh,47.537025462962966,2171220.0,2,Nhóm 3 — mức chi tiêu trung vị hạng 3/3
C01764,2026-08-23 11:52:46,7,10522922.0,0.045112781954887216,19.0,4.0,44,Male,Hải Phòng,28.505023148148148,1503274.5714285714,2,Nhóm 3 — mức chi tiêu trung vị hạng 3/3
C01765,2026-01-22 20:23:52,4,6581466.0,0.026422764227642274,8.0,3.5,52,Male,Nha Trang,241.15009259259259,1645366.5,0,Nhóm 1 — mức chi tiêu trung vị hạng 1/3
C01766,2026-09-19 18:33:46,8,16442532.0,0.06881648936170212,22.0,3.375,50,Female,Hải Phòng,1.226550925925926,2055316.5,2,Nhóm 3 — mức chi tiêu trung vị hạng 3/3
C01767,2026-09-03 04:33:10,4,5549320.0,0.0,18.0,4.75,37,Female,Nha Trang,17.810300925925926,1387330.0,2,Nhóm 3 — mức chi tiêu trung vị hạng 3/3
C01768,2026-08-18 21:27:41,5,3675921.0,0.010002000400079999,20.0,3.8,33,Male,Nha Trang,33.10577546296296,735184.2,2,Nhóm 3 — mức chi tiêu trung vị hạng 3/3
C01769,2026-06-07 15:40:10,2,57500.0,0.0,9.0,2.0,51,Male,Hà Nội,105.34710648148148,28750.0,0,Nhóm 1 — mức chi tiêu trung vị hạng 1/3
C01770,2026-06-11 01:20:03,3,3457344.0,0.0,7.0,4.333333333333333,19,Male,Huế,101.94440972222222,1152448.0,0,Nhóm 1 — mức chi tiêu trung vị hạng 1/3
C01771,2026-09-01 10:03:06,4,2225108.0,0.0750938673341677,6.0,2.5,52,Male,Đà Lạt,19.581180555555555,556277.0,1,Nhóm 2 — mức chi tiêu trung vị hạng 2/3
C01772,2026-08-16 00:13:07,5,1011143.0,0.05797752808988764,16.0,2.8,57,Male,TP. Hồ Chí Minh,35.990891203703704,202228.6,0,Nhóm 1 — mức chi tiêu trung vị hạng 1/3
C01773,2026-09-13 04:07:23,5,4464705.0,0.0,16.0,2.4,45,Male,Đà Nẵng,7.828206018518519,892941.0,2,Nhóm 3 — mức chi tiêu trung vị hạng 3/3
C01774,2026-08-18 01:42:35,7,20189182.0,0.0810955961331901,19.0,3.142857142857143,64,Female,Biên Hòa,33.92876157407407,2884168.8571428573,2,Nhóm 3 — mức chi tiêu trung vị hạng 3/3
C01775,2026-05-24 17:50:59,2,126000.0,0.0,6.0,3.0,56,Male,Cần Thơ,119.25626157407407,63000.0,0,Nhóm 1 — mức chi tiêu trung vị hạng 1/3
C01776,2026-08-29 08:39:36,3,1068200.0,0.16666666666666666,14.0,3.3333333333333335,23,Female,Đà Lạt,22.639166666666668,356066.6666666667,1,Nhóm 2 — mức chi tiêu trung vị hạng 2/3
C01777,2026-09-16 07:37:45,7,9236216.0,0.051631240731586744,24.0,3.2857142857142856,26,Female,Hải Phòng,4.682118055555556,1319459.4285714286,2,Nhóm 3 — mức chi tiêu trung vị hạng 3/3
C01778,2026-08-16 09:05:19,6,2497500.0,0.0,18.0,4.0,37,Male,Hà Nội,35.62130787037037,416250.0,2,Nhóm 3 — mức chi tiêu trung vị hạng 3/3
C01779,2026-08-18 04:20:16,2,3570720.0,0.05,6.0,2.0,18,Female,Hải Phòng,33.81925925925926,1785360.0,0,Nhóm 1 — mức chi tiêu trung vị hạng 1/3
C01780,2026-07-01 05:47:51,6,10613828.0,0.00809432574701965,18.0,3.8333333333333335,25,Female,Huế,81.7584375,1768971.3333333333,2,Nhóm 3 — mức chi tiêu trung vị hạng 3/3
C01781,2026-05-25 02:57:28,2,2056000.0,0.0,5.0,2.5,40,Female,Cần Thơ,118.87675925925926,1028000.0,0,Nhóm 1 — mức chi tiêu trung vị hạng 1/3
C01782,2026-07-01 05:26:15,7,54451951.0,0.005756535516239758,22.0,3.2857142857142856,20,Female,Hà Nội,81.7734375,7778850.142857143,2,Nhóm 3 — mức chi tiêu trung vị hạng 3/3
C01783,2026-09-01 12:43:24,9,13218682.0,0.04530651340996169,35.0,3.0,21,Female,Hải Phòng,19.46986111111111,1468742.4444444445,2,Nhóm 3 — mức chi tiêu trung vị hạng 3/3
C01784,2026-05-28 02:29:35,8,24605000.0,0.14854323308270675,28.0,3.25,42,Female,Huế,115.89612268518519,3075625.0,1,Nhóm 2 — mức chi tiêu trung vị hạng 2/3
C01785,2026-07-31 05:01:03,5,2964150.0,0.02,10.0,2.8,64,Male,Biên Hòa,51.7909375,592830.0,2,Nhóm 3 — mức chi tiêu trung vị hạng 3/3
C01786,2026-08-31 13:52:36,5,3307676.0,0.031138211382113822,19.0,3.2,55,Female,Biên Hòa,20.421805555555554,661535.2,2,Nhóm 3 — mức chi tiêu trung vị hạng 3/3
C01787,2026-04-14 23:15:16,5,18535296.0,0.12682215743440234,19.0,2.6,32,Female,Hải Phòng,159.0310648148148,3707059.2,1,Nhóm 2 — mức chi tiêu trung vị hạng 2/3
C01788,2026-08-03 00:35:24,3,17116000.0,0.034999999999999996,12.0,3.3333333333333335,38,Female,Đà Lạt,48.97541666666667,5705333.333333333,2,Nhóm 3 — mức chi tiêu trung vị hạng 3/3
C01789,2026-09-16 17:44:31,4,3908068.0,0.0,15.0,4.0,52,Male,Cần Thơ,4.260752314814815,977017.0,2,Nhóm 3 — mức chi tiêu trung vị hạng 3/3
C01790,2026-04-26 03:07:55,5,6959542.0,0.13024726854514088,19.0,4.2,63,Female,Vũng Tàu,147.8695023148148,1391908.4,1,Nhóm 2 — mức chi tiêu trung vị hạng 2/3
C01791,2026-09-17 06:36:26,3,5459600.0,0.08888888888888886,10.0,3.3333333333333335,31,Male,Đà Lạt,3.724699074074074,1819866.6666666667,2,Nhóm 3 — mức chi tiêu trung vị hạng 3/3
C01792,2026-07-16 17:03:39,4,4877000.0,0.01265822784810125,10.0,3.0,53,Female,Biên Hòa,66.28913194444445,1219250.0,0,Nhóm 1 — mức chi tiêu trung vị hạng 1/3
C01793,2026-07-02 15:30:19,2,1733000.0,0.0833333333333333,9.0,4.0,29,Male,Cần Thơ,80.35394675925926,866500.0,0,Nhóm 1 — mức chi tiêu trung vị hạng 1/3
C01794,2026-08-27 14:35:25,4,11241024.0,0.0818918695148203,11.0,1.25,34,Male,Huế,24.39207175925926,2810256.0,2,Nhóm 3 — mức chi tiêu trung vị hạng 3/3
C01795,2026-06-27 05:22:53,7,8954120.0,0.021428571428571432,18.0,2.5714285714285716,56,Female,Hà Nội,85.77577546296297,1279160.0,2,Nhóm 3 — mức chi tiêu trung vị hạng 3/3
C01796,2026-09-16 19:41:35,6,4967252.0,0.025641025641025633,12.0,3.5,26,Female,Nha Trang,4.179456018518518,827875.3333333334,2,Nhóm 3 — mức chi tiêu trung vị hạng 3/3
C01797,2026-07-04 10:52:01,2,1268500.0,0.0,5.0,3.0,52,Male,Hải Phòng,78.54721064814815,634250.0,0,Nhóm 1 — mức chi tiêu trung vị hạng 1/3
C01798,2026-08-26 14:12:59,3,321000.0,0.0,7.0,4.333333333333333,30,Female,TP. Hồ Chí Minh,25.407650462962962,107000.0,0,Nhóm 1 — mức chi tiêu trung vị hạng 1/3
C01799,2026-07-02 21:40:40,2,12124000.0,0.02011605415860735,8.0,4.0,32,Male,Cần Thơ,80.09675925925926,6062000.0,0,Nhóm 1 — mức chi tiêu trung vị hạng 1/3
C01800,2026-06-28 10:23:08,2,3005307.0,0.0,8.0,3.0,35,Male,Đà Nẵng,84.56726851851852,1502653.5,0,Nhóm 1 — mức chi tiêu trung vị hạng 1/3
C01801,2026-05-23 23:03:25,4,927250.0,0.0,11.0,2.5,50,Male,Huế,120.03929398148148,231812.5,0,Nhóm 1 — mức chi tiêu trung vị hạng 1/3
C01802,2026-08-27 20:48:53,6,17563846.0,0.12781947919562597,16.0,3.3333333333333335,23,Male,Vũng Tàu,24.132719907407406,2927307.6666666665,1,Nhóm 2 — mức chi tiêu trung vị hạng 2/3
C01803,2026-05-27 06:23:27,5,9766840.0,0.0,12.0,3.6,44,Male,Nha Trang,116.73371527777778,1953368.0,2,Nhóm 3 — mức chi tiêu trung vị hạng 3/3
C01804,2026-09-07 00:01:44,5,3994784.0,0.0230188679245283,12.0,2.6,40,Female,Đà Nẵng,13.998796296296296,798956.8,2,Nhóm 3 — mức chi tiêu trung vị hạng 3/3
C01805,2026-08-17 15:30:31,4,1187000.0,0.0,8.0,3.0,44,Male,Vũng Tàu,34.35380787037037,296750.0,0,Nhóm 1 — mức chi tiêu trung vị hạng 1/3
C01806,2026-04-12 08:33:58,5,5891000.0,0.045845272206303724,15.0,2.2,51,Male,TP. Hồ Chí Minh,161.6430787037037,1178200.0,0,Nhóm 1 — mức chi tiêu trung vị hạng 1/3
C01807,2026-09-19 04:45:07,9,17862037.0,0.033888888888888885,33.0,2.4444444444444446,63,Female,Biên Hòa,1.8020023148148148,1984670.7777777778,2,Nhóm 3 — mức chi tiêu trung vị hạng 3/3
C01808,2026-08-31 16:16:55,4,12181404.0,0.0125,8.0,2.0,55,Male,Đà Lạt,20.321585648148147,3045351.0,2,Nhóm 3 — mức chi tiêu trung vị hạng 3/3
C01809,2026-09-07 10:47:57,4,4317760.0,0.0,13.0,2.25,31,Female,Hải Phòng,13.550034722222222,1079440.0,2,Nhóm 3 — mức chi tiêu trung vị hạng 3/3
C01810,2026-07-19 05:36:32,6,20994528.0,0.027006017201717886,20.0,3.1666666666666665,53,Female,Hà Nội,63.7662962962963,3499088.0,2,Nhóm 3 — mức chi tiêu trung vị hạng 3/3
C01811,2026-07-10 21:57:46,9,13707896.0,0.03333333333333333,20.0,3.5555555555555554,25,Female,Vũng Tàu,72.08488425925925,1523099.5555555555,2,Nhóm 3 — mức chi tiêu trung vị hạng 3/3
C01812,2026-04-12 06:59:56,7,17670800.0,0.07142857142857142,25.0,3.4285714285714284,52,Male,Nha Trang,161.70837962962963,2524400.0,2,Nhóm 3 — mức chi tiêu trung vị hạng 3/3
C01813,2026-03-30 03:46:43,4,9737080.0,0.0353133769878391,7.0,3.0,36,Male,Cần Thơ,174.84255787037037,2434270.0,0,Nhóm 1 — mức chi tiêu trung vị hạng 1/3
C01814,2026-08-09 11:32:58,2,2320000.0,0.0,10.0,1.5,47,Male,Biên Hòa,42.51877314814815,1160000.0,0,Nhóm 1 — mức chi tiêu trung vị hạng 1/3
C01815,2026-06-28 09:52:58,5,2154700.0,0.01132075471698112,16.0,2.4,31,Female,Cần Thơ,84.5882175925926,430940.0,0,Nhóm 1 — mức chi tiêu trung vị hạng 1/3
C01816,2026-07-30 11:36:41,4,7983200.0,0.03800298062593142,14.0,1.75,37,Male,Nha Trang,52.51619212962963,1995800.0,2,Nhóm 3 — mức chi tiêu trung vị hạng 3/3
C01817,2026-08-24 14:27:58,1,795000.0,0.1846153846153846,5.0,2.0,42,Female,Cần Thơ,27.39724537037037,795000.0,1,Nhóm 2 — mức chi tiêu trung vị hạng 2/3
C01818,2026-08-10 15:31:29,7,5095500.0,0.021620837263295358,17.0,2.7142857142857144,57,Male,Vũng Tàu,41.35313657407407,727928.5714285715,2,Nhóm 3 — mức chi tiêu trung vị hạng 3/3
C01819,2026-06-24 18:57:06,7,2888142.0,0.021978191464750056,18.0,2.7142857142857144,41,Female,Huế,88.21034722222223,412591.71428571426,2,Nhóm 3 — mức chi tiêu trung vị hạng 3/3
C01820,2026-07-18 23:15:55,4,39815018.0,0.0,8.0,2.75,31,Male,Cần Thơ,64.03061342592592,9953754.5,2,Nhóm 3 — mức chi tiêu trung vị hạng 3/3
C01821,2026-09-16 15:40:29,6,2841000.0,0.04436936936936936,24.0,3.0,43,Male,Đà Lạt,4.346886574074074,473500.0,2,Nhóm 3 — mức chi tiêu trung vị hạng 3/3
C01822,2026-09-18 11:38:53,7,4782700.0,0.0,24.0,2.5714285714285716,55,Male,TP. Hồ Chí Minh,2.514664351851852,683242.8571428572,2,Nhóm 3 — mức chi tiêu trung vị hạng 3/3
C01823,2026-08-12 21:41:23,5,60244637.0,0.03076923076923076,11.0,3.2,40,Female,Hà Nội,39.09626157407408,12048927.4,2,Nhóm 3 — mức chi tiêu trung vị hạng 3/3
C01824,2026-08-10 10:37:16,4,2543500.0,0.18008138564273787,16.0,3.5,39,Female,Vũng Tàu,41.5574537037037,635875.0,1,Nhóm 2 — mức chi tiêu trung vị hạng 2/3
C01825,2026-08-23 15:38:24,5,9043788.0,0.030228310502283102,17.0,2.8,65,Male,Đà Nẵng,28.348333333333333,1808757.6,2,Nhóm 3 — mức chi tiêu trung vị hạng 3/3
C01826,2026-08-13 11:19:13,6,3702484.0,0.017614845303289266,19.0,2.8333333333333335,36,Male,Nha Trang,38.528321759259256,617080.6666666666,2,Nhóm 3 — mức chi tiêu trung vị hạng 3/3
C01827,2026-09-16 19:49:36,7,24946576.0,0.04285714285714286,23.0,2.142857142857143,63,Female,Biên Hòa,4.1738888888888885,3563796.5714285714,2,Nhóm 3 — mức chi tiêu trung vị hạng 3/3
C01828,2026-06-20 13:26:21,5,40650530.0,0.09931517757604715,17.0,2.8,20,Female,Vũng Tàu,92.44003472222222,8130106.0,2,Nhóm 3 — mức chi tiêu trung vị hạng 3/3
C01829,2026-01-03 01:40:49,3,1999434.0,0.0,8.0,3.0,59,Female,Huế,260.9299884259259,666478.0,0,Nhóm 1 — mức chi tiêu trung vị hạng 1/3
C01830,2026-01-31 19:36:16,1,198000.0,0.0,3.0,5.0,36,Male,Biên Hòa,232.18314814814815,198000.0,0,Nhóm 1 — mức chi tiêu trung vị hạng 1/3
C01831,2026-08-31 00:09:53,4,4742970.0,0.05770697167755991,17.0,2.25,26,Female,Đà Lạt,20.993136574074075,1185742.5,2,Nhóm 3 — mức chi tiêu trung vị hạng 3/3
C01832,2026-07-12 22:08:16,3,949900.0,0.0,6.0,2.3333333333333335,45,Male,Nha Trang,70.0775925925926,316633.3333333333,0,Nhóm 1 — mức chi tiêu trung vị hạng 1/3
C01833,2026-07-30 02:35:04,2,21624990.0,0.0,5.0,4.0,37,Female,Biên Hòa,52.89231481481482,10812495.0,0,Nhóm 1 — mức chi tiêu trung vị hạng 1/3
C01834,2026-06-20 15:11:34,5,3776498.0,0.0,13.0,3.6,62,Male,Cần Thơ,92.36696759259259,755299.6,0,Nhóm 1 — mức chi tiêu trung vị hạng 1/3
C01835,2026-06-10 23:22:30,4,3099950.0,0.0,15.0,2.5,24,Female,Vũng Tàu,102.02604166666667,774987.5,0,Nhóm 1 — mức chi tiêu trung vị hạng 1/3
C01836,2026-07-14 18:42:52,8,6914291.0,0.01411290322580645,26.0,2.625,31,Female,TP. Hồ Chí Minh,68.22023148148148,864286.375,2,Nhóm 3 — mức chi tiêu trung vị hạng 3/3
C01837,2026-07-25 01:41:24,13,41016916.0,0.038461538461538464,47.0,2.6153846153846154,26,Female,Nha Trang,57.92958333333333,3155147.3846153845,2,Nhóm 3 — mức chi tiêu trung vị hạng 3/3
C01838,2026-08-29 16:36:01,4,516750.0,0.05625,13.0,1.25,36,Female,Hải Phòng,22.308321759259258,129187.5,0,Nhóm 1 — mức chi tiêu trung vị hạng 1/3
C01839,2026-08-27 14:09:02,4,9291080.0,0.15703125,11.0,2.5,64,Female,Đà Lạt,24.410393518518518,2322770.0,1,Nhóm 2 — mức chi tiêu trung vị hạng 2/3
C01840,2026-08-11 02:21:01,2,76952124.0,0.0,6.0,1.5,31,Male,Hà Nội,40.90207175925926,38476062.0,2,Nhóm 3 — mức chi tiêu trung vị hạng 3/3
C01841,2026-08-23 04:43:08,4,257300.0,0.0,9.0,2.0,55,Female,Nha Trang,28.803379629629628,64325.0,0,Nhóm 1 — mức chi tiêu trung vị hạng 1/3
C01842,2026-09-04 07:30:02,5,5938720.0,0.02006688963210702,18.0,3.2,53,Female,Huế,16.68747685185185,1187744.0,2,Nhóm 3 — mức chi tiêu trung vị hạng 3/3
C01843,2026-07-17 01:21:02,6,2496700.0,0.06233333333333333,19.0,2.6666666666666665,57,Female,Vũng Tàu,65.94372685185185,416116.6666666667,2,Nhóm 3 — mức chi tiêu trung vị hạng 3/3
C01844,2026-05-10 21:31:40,7,6334600.0,0.07641056422569026,22.0,2.2857142857142856,34,Male,Cần Thơ,133.10300925925927,904942.8571428572,2,Nhóm 3 — mức chi tiêu trung vị hạng 3/3
C01845,2026-07-30 09:15:57,5,2198018.0,0.08664233576642334,17.0,3.2,47,Female,Hà Nội,52.61392361111111,439603.6,1,Nhóm 2 — mức chi tiêu trung vị hạng 2/3
C01846,2026-09-05 11:39:07,4,3452616.0,0.0125,9.0,3.75,26,Male,Hà Nội,15.514502314814814,863154.0,2,Nhóm 3 — mức chi tiêu trung vị hạng 3/3
C01847,2026-08-09 18:30:40,5,4766920.0,0.0,14.0,2.2,50,Female,Đà Lạt,42.2287037037037,953384.0,2,Nhóm 3 — mức chi tiêu trung vị hạng 3/3
C01848,2026-09-08 16:39:20,2,3276696.0,0.0,6.0,1.5,42,Female,Biên Hòa,12.306018518518519,1638348.0,0,Nhóm 1 — mức chi tiêu trung vị hạng 1/3
C01849,2026-01-23 13:05:08,2,1375000.0,0.25,10.0,4.0,31,Male,Huế,240.4547685185185,687500.0,1,Nhóm 2 — mức chi tiêu trung vị hạng 2/3
C01850,2026-09-13 15:40:52,7,8947105.0,0.050549232351168316,25.0,3.7142857142857144,28,Female,Biên Hòa,7.3466203703703705,1278157.857142857,2,Nhóm 3 — mức chi tiêu trung vị hạng 3/3
C01851,2026-06-03 09:50:20,2,454000.0,0.0,6.0,1.0,52,Male,Cần Thơ,109.5900462962963,227000.0,0,Nhóm 1 — mức chi tiêu trung vị hạng 1/3
C01852,2026-09-12 07:03:14,8,34410899.0,0.03934191702432046,28.0,3.125,58,Male,Hà Nội,8.706087962962963,4301362.375,2,Nhóm 3 — mức chi tiêu trung vị hạng 3/3
C01853,2026-01-10 09:54:35,1,555432.0,0.0,2.0,1.0,31,Female,Huế,253.58709490740742,555432.0,0,Nhóm 1 — mức chi tiêu trung vị hạng 1/3
C01854,2026-07-29 13:38:59,3,4215000.0,0.0,15.0,2.0,47,Male,Huế,53.43126157407407,1405000.0,0,Nhóm 1 — mức chi tiêu trung vị hạng 1/3
C01855,2026-09-02 04:41:30,11,5774609.0,0.021740878929377327,24.0,3.090909090909091,58,Female,Đà Nẵng,18.804513888888888,524964.4545454546,2,Nhóm 3 — mức chi tiêu trung vị hạng 3/3
C01856,2026-06-14 07:00:11,8,26125430.0,0.0,21.0,3.375,21,Female,Vũng Tàu,98.70820601851852,3265678.75,2,Nhóm 3 — mức chi tiêu trung vị hạng 3/3
C01857,2026-07-06 04:19:35,8,6485200.0,0.038211382113821135,26.0,2.5,21,Male,Hà Nội,76.81973379629629,810650.0,2,Nhóm 3 — mức chi tiêu trung vị hạng 3/3
C01858,2026-06-23 13:23:48,2,460990.0,0.0,2.0,2.0,45,Male,Hà Nội,89.44180555555556,230495.0,0,Nhóm 1 — mức chi tiêu trung vị hạng 1/3
C01859,2026-05-23 06:56:24,4,2308720.0,0.017045454545454523,13.0,2.5,25,Male,Huế,120.71083333333333,577180.0,0,Nhóm 1 — mức chi tiêu trung vị hạng 1/3
C01860,2026-04-21 21:01:24,3,5213400.0,0.016666666666666666,4.0,2.3333333333333335,19,Male,Biên Hòa,152.12402777777777,1737800.0,0,Nhóm 1 — mức chi tiêu trung vị hạng 1/3
C01861,2026-06-21 05:28:02,6,12601000.0,0.13338895068594736,18.0,4.5,58,Female,Hà Nội,91.77219907407408,2100166.6666666665,1,Nhóm 2 — mức chi tiêu trung vị hạng 2/3
C01862,2026-05-09 20:08:36,2,151000.0,0.0,7.0,4.5,63,Female,Huế,134.16069444444443,75500.0,0,Nhóm 1 — mức chi tiêu trung vị hạng 1/3
C01863,2026-09-20 04:19:19,2,10579616.0,0.0,7.0,3.5,39,Male,Hà Nội,0.8199189814814815,5289808.0,2,Nhóm 3 — mức chi tiêu trung vị hạng 3/3
C01864,2025-11-28 18:06:03,1,1017000.0,0.0,3.0,5.0,58,Female,Huế,296.2457986111111,1017000.0,0,Nhóm 1 — mức chi tiêu trung vị hạng 1/3
C01865,2026-06-20 10:24:03,3,3516000.0,0.0,7.0,2.0,33,Female,Đà Nẵng,92.56663194444444,1172000.0,0,Nhóm 1 — mức chi tiêu trung vị hạng 1/3
C01866,2026-05-09 16:53:15,3,324460.0,0.051282051282051266,7.0,3.6666666666666665,46,Female,Vũng Tàu,134.29635416666667,108153.33333333333,0,Nhóm 1 — mức chi tiêu trung vị hạng 1/3
C01867,2026-06-12 12:37:26,11,22933455.0,0.018962701807989955,34.0,2.8181818181818183,65,Female,Huế,100.47400462962963,2084859.5454545454,2,Nhóm 3 — mức chi tiêu trung vị hạng 3/3
C01868,2026-03-14 07:31:34,5,7994560.0,0.12010680907877166,12.0,2.0,47,Male,Hà Nội,190.68641203703703,1598912.0,1,Nhóm 2 — mức chi tiêu trung vị hạng 2/3
C01869,2026-03-30 12:15:58,2,16009824.0,0.0,5.0,3.0,29,Male,Cần Thơ,174.48891203703704,8004912.0,0,Nhóm 1 — mức chi tiêu trung vị hạng 1/3
C01870,2026-08-27 21:14:51,7,8749590.0,0.1250892857142857,19.0,3.2857142857142856,52,Female,Vũng Tàu,24.1146875,1249941.4285714286,1,Nhóm 2 — mức chi tiêu trung vị hạng 2/3
C01871,2026-09-14 19:28:30,8,8743012.0,0.0,21.0,3.5,28,Male,Đà Nẵng,6.188541666666667,1092876.5,2,Nhóm 3 — mức chi tiêu trung vị hạng 3/3
C01872,2026-09-02 21:28:16,5,64292726.0,0.0,15.0,4.0,63,Male,Huế,18.10537037037037,12858545.2,2,Nhóm 3 — mức chi tiêu trung vị hạng 3/3
C01873,2026-09-14 04:24:57,5,30968894.0,0.01416309012875536,19.0,3.6,38,Male,Cần Thơ,6.816006944444444,6193778.8,2,Nhóm 3 — mức chi tiêu trung vị hạng 3/3
C01874,2026-07-31 02:25:26,5,14109892.0,0.1231764705882353,16.0,2.6,38,Female,Huế,51.89900462962963,2821978.4,1,Nhóm 2 — mức chi tiêu trung vị hạng 2/3
C01875,2026-06-10 16:09:33,3,27005896.0,0.016666666666666666,12.0,3.0,22,Female,Biên Hòa,102.32670138888889,9001965.333333334,2,Nhóm 3 — mức chi tiêu trung vị hạng 3/3
C01876,2026-08-05 11:47:21,7,22054200.0,0.07013053784262009,23.0,2.7142857142857144,65,Female,Hà Nội,46.508784722222224,3150600.0,2,Nhóm 3 — mức chi tiêu trung vị hạng 3/3
C01877,2026-02-16 15:51:28,4,10993400.0,0.1471875,13.0,2.5,37,Male,Nha Trang,216.33925925925925,2748350.0,1,Nhóm 2 — mức chi tiêu trung vị hạng 2/3
C01878,2026-07-21 09:37:11,7,13058501.0,0.052805089647194894,21.0,2.7142857142857144,54,Female,Đà Lạt,61.59917824074074,1865500.142857143,2,Nhóm 3 — mức chi tiêu trung vị hạng 3/3
C01879,2026-08-14 07:56:57,2,1762000.0,0.05,9.0,2.0,20,Female,TP. Hồ Chí Minh,37.66878472222222,881000.0,0,Nhóm 1 — mức chi tiêu trung vị hạng 1/3
C01880,2026-08-07 17:13:52,5,4280110.0,0.1199813258636788,16.0,3.6,61,Male,Biên Hòa,44.282037037037036,856022.0,1,Nhóm 2 — mức chi tiêu trung vị hạng 2/3
C01881,2026-09-11 06:00:20,7,22944000.0,0.14713747754576167,18.0,3.2857142857142856,50,Female,Cần Thơ,9.749768518518518,3277714.285714286,2,Nhóm 3 — mức chi tiêu trung vị hạng 3/3
C01882,2026-03-09 03:50:54,4,17092504.0,0.016176470588235275,12.0,4.0,26,Female,Biên Hòa,195.8396527777778,4273126.0,0,Nhóm 1 — mức chi tiêu trung vị hạng 1/3
C01883,2026-04-26 17:59:11,5,3410660.0,0.05012406947890817,19.0,3.8,26,Male,Hải Phòng,147.25056712962962,682132.0,0,Nhóm 1 — mức chi tiêu trung vị hạng 1/3
C01884,2026-08-05 09:42:08,6,69948660.0,0.09450746341456884,22.0,4.333333333333333,21,Male,Huế,46.59574074074074,11658110.0,2,Nhóm 3 — mức chi tiêu trung vị hạng 3/3
C01885,2026-06-20 22:51:30,8,38967330.0,0.008486238532110087,19.0,3.0,52,Male,Huế,92.04756944444445,4870916.25,2,Nhóm 3 — mức chi tiêu trung vị hạng 3/3
C01886,2026-03-17 04:09:57,6,2503096.0,0.0,16.0,3.0,34,Female,TP. Hồ Chí Minh,187.82642361111112,417182.6666666667,0,Nhóm 1 — mức chi tiêu trung vị hạng 1/3
C01887,2026-04-06 04:00:39,2,3227530.0,0.0,7.0,2.0,51,Female,TP. Hồ Chí Minh,167.83288194444444,1613765.0,0,Nhóm 1 — mức chi tiêu trung vị hạng 1/3
C01888,2026-07-19 04:35:54,11,12599064.0,0.0,31.0,3.0,41,Female,Hải Phòng,63.80840277777778,1145369.4545454546,2,Nhóm 3 — mức chi tiêu trung vị hạng 3/3
C01889,2026-09-06 11:22:37,5,7241280.0,0.022580645161290318,12.0,4.8,49,Male,Hà Nội,14.525960648148148,1448256.0,2,Nhóm 3 — mức chi tiêu trung vị hạng 3/3
C01890,2026-07-11 07:16:26,6,17058796.0,0.008333333333333333,15.0,2.6666666666666665,18,Male,Đà Lạt,71.6969212962963,2843132.6666666665,2,Nhóm 3 — mức chi tiêu trung vị hạng 3/3
C01891,2026-09-18 16:30:04,8,7773650.0,0.0,22.0,4.125,25,Female,Nha Trang,2.312453703703704,971706.25,2,Nhóm 3 — mức chi tiêu trung vị hạng 3/3
C01892,2026-09-02 03:49:52,6,6638300.0,0.008333333333333333,24.0,4.0,62,Female,Nha Trang,18.84037037037037,1106383.3333333333,2,Nhóm 3 — mức chi tiêu trung vị hạng 3/3
C01893,2026-09-10 00:47:42,1,295000.0,0.0,1.0,4.0,40,Male,Đà Nẵng,10.966875,295000.0,0,Nhóm 1 — mức chi tiêu trung vị hạng 1/3
C01894,2026-06-08 02:17:54,2,10880720.0,0.0,6.0,3.5,64,Male,Đà Nẵng,104.90423611111112,5440360.0,0,Nhóm 1 — mức chi tiêu trung vị hạng 1/3
C01895,2026-06-08 17:20:01,9,13784140.0,0.2201010101010101,29.0,3.0,57,Male,Hà Nội,104.2777662037037,1531571.111111111,1,Nhóm 2 — mức chi tiêu trung vị hạng 2/3
C01896,2026-06-16 15:16:25,4,5475500.0,0.13414552736982643,17.0,2.75,29,Male,Đà Nẵng,96.36359953703703,1368875.0,1,Nhóm 2 — mức chi tiêu trung vị hạng 2/3
C01897,2026-09-19 00:23:17,7,14771132.0,0.0,27.0,3.0,29,Female,Đà Nẵng,1.9838310185185186,2110161.714285714,2,Nhóm 3 — mức chi tiêu trung vị hạng 3/3
C01898,2026-05-21 22:18:42,1,868602.0,0.0,1.0,5.0,63,Male,Hải Phòng,122.07034722222222,868602.0,0,Nhóm 1 — mức chi tiêu trung vị hạng 1/3
C01899,2026-09-10 22:54:39,3,1975524.0,0.16166666666666665,8.0,3.6666666666666665,64,Female,Hải Phòng,10.045381944444445,658508.0,1,Nhóm 2 — mức chi tiêu trung vị hạng 2/3
C01900,2026-05-14 05:25:53,2,1219464.0,0.0,3.0,1.0,32,Female,Đà Nẵng,129.77369212962964,609732.0,0,Nhóm 1 — mức chi tiêu trung vị hạng 1/3
C01901,2026-02-21 01:06:27,3,2406096.0,0.06666666666666667,7.0,3.3333333333333335,58,Female,Biên Hòa,211.95385416666667,802032.0,0,Nhóm 1 — mức chi tiêu trung vị hạng 1/3
C01902,2026-07-23 10:02:30,3,4101656.0,0.07349537037037036,9.0,4.0,36,Male,Vũng Tàu,59.58159722222222,1367218.6666666667,0,Nhóm 1 — mức chi tiêu trung vị hạng 1/3
C01903,2026-09-05 22:38:03,6,4445000.0,0.0307017543859649,21.0,2.8333333333333335,43,Male,Vũng Tàu,15.056909722222223,740833.3333333334,2,Nhóm 3 — mức chi tiêu trung vị hạng 3/3
C01904,2026-05-17 23:27:41,7,3359480.0,0.049523809523809526,18.0,2.5714285714285716,46,Male,Hà Nội,126.02244212962962,479925.71428571426,2,Nhóm 3 — mức chi tiêu trung vị hạng 3/3
C01905,2026-07-14 08:27:46,4,2461900.0,0.0125,9.0,3.5,39,Male,Nha Trang,68.64738425925925,615475.0,0,Nhóm 1 — mức chi tiêu trung vị hạng 1/3
C01906,2026-07-19 01:21:43,3,4296942.0,0.03333333333333333,9.0,3.3333333333333335,57,Female,TP. Hồ Chí Minh,63.94325231481481,1432314.0,0,Nhóm 1 — mức chi tiêu trung vị hạng 1/3
C01907,2026-04-26 23:25:14,7,11092500.0,0.15018052681459312,24.0,2.5714285714285716,38,Male,Hà Nội,147.0241435185185,1584642.857142857,1,Nhóm 2 — mức chi tiêu trung vị hạng 2/3
C01908,2026-09-05 09:41:27,5,4648094.0,0.02,15.0,2.8,55,Male,Đà Nẵng,15.596215277777778,929618.8,2,Nhóm 3 — mức chi tiêu trung vị hạng 3/3
C01909,2026-08-27 02:53:20,6,1065000.0,0.11053149606299213,16.0,2.8333333333333335,37,Female,Hải Phòng,24.87962962962963,177500.0,1,Nhóm 2 — mức chi tiêu trung vị hạng 2/3
C01910,2026-08-14 14:30:30,9,16868180.0,0.022222222222222223,27.0,3.3333333333333335,46,Male,Huế,37.39548611111111,1874242.2222222222,2,Nhóm 3 — mức chi tiêu trung vị hạng 3/3
C01911,2026-08-21 03:53:14,8,3836076.0,0.0,25.0,2.5,21,Female,Biên Hòa,30.838032407407407,479509.5,2,Nhóm 3 — mức chi tiêu trung vị hạng 3/3
C01912,2026-07-08 07:21:03,5,12721500.0,0.02006688963210702,21.0,4.4,24,Female,Cần Thơ,74.69371527777778,2544300.0,2,Nhóm 3 — mức chi tiêu trung vị hạng 3/3
C01913,2026-08-29 03:24:45,5,65071340.0,0.0,19.0,3.8,45,Female,Hải Phòng,22.8578125,13014268.0,2,Nhóm 3 — mức chi tiêu trung vị hạng 3/3
C01914,2026-07-19 06:25:47,3,28266000.0,0.0,6.0,4.0,45,Female,Vũng Tàu,63.73209490740741,9422000.0,2,Nhóm 3 — mức chi tiêu trung vị hạng 3/3
C01915,2026-08-09 23:41:04,7,53465982.0,0.0,26.0,2.2857142857142856,21,Female,Hải Phòng,42.01314814814815,7637997.428571428,2,Nhóm 3 — mức chi tiêu trung vị hạng 3/3
C01916,2026-06-20 22:59:29,3,4097676.0,0.03523134747483473,10.0,3.6666666666666665,39,Female,Biên Hòa,92.04202546296297,1365892.0,0,Nhóm 1 — mức chi tiêu trung vị hạng 1/3
C01917,2026-04-22 22:12:50,1,1872000.0,0.0,2.0,1.0,29,Female,TP. Hồ Chí Minh,151.0744212962963,1872000.0,0,Nhóm 1 — mức chi tiêu trung vị hạng 1/3
C01918,2026-08-29 16:24:22,5,4692420.0,0.11514423076923075,21.0,2.4,62,Female,Đà Nẵng,22.316412037037036,938484.0,1,Nhóm 2 — mức chi tiêu trung vị hạng 2/3
C01919,2026-08-28 03:59:07,5,5416545.0,0.030777975133214917,21.0,3.0,20,Male,Huế,23.83394675925926,1083309.0,2,Nhóm 3 — mức chi tiêu trung vị hạng 3/3
C01920,2026-04-07 15:39:12,5,5486340.0,0.1561254548605094,16.0,2.0,39,Male,Vũng Tàu,166.34777777777776,1097268.0,1,Nhóm 2 — mức chi tiêu trung vị hạng 2/3
C01921,2026-02-22 18:32:28,2,883000.0,0.0,7.0,3.0,61,Male,Vũng Tàu,210.2274537037037,441500.0,0,Nhóm 1 — mức chi tiêu trung vị hạng 1/3
C01922,2026-09-13 15:38:30,6,8550602.0,0.12484542563858168,19.0,2.5,19,Male,Đà Lạt,7.348263888888889,1425100.3333333333,2,Nhóm 3 — mức chi tiêu trung vị hạng 3/3
C01923,2026-08-04 17:54:54,5,7084000.0,0.13948814570576226,15.0,3.2,41,Female,Nha Trang,47.25354166666666,1416800.0,1,Nhóm 2 — mức chi tiêu trung vị hạng 2/3
C01924,2026-09-12 22:00:24,7,7633800.0,0.05048766494549627,16.0,3.142857142857143,51,Male,TP. Hồ Chí Minh,8.083055555555555,1090542.857142857,2,Nhóm 3 — mức chi tiêu trung vị hạng 3/3
C01925,2026-09-13 10:40:36,6,7978000.0,0.13076923076923078,16.0,3.1666666666666665,44,Female,Vũng Tàu,7.555138888888889,1329666.6666666667,1,Nhóm 2 — mức chi tiêu trung vị hạng 2/3
C01926,2026-07-31 00:52:12,6,2761506.0,0.06406080347448424,15.0,3.5,58,Male,Nha Trang,51.96375,460251.0,2,Nhóm 3 — mức chi tiêu trung vị hạng 3/3
C01927,2026-08-20 19:58:30,8,8983924.0,0.0,20.0,3.625,18,Male,Vũng Tàu,31.167708333333334,1122990.5,2,Nhóm 3 — mức chi tiêu trung vị hạng 3/3
C01928,2026-09-16 10:01:55,3,5539814.0,0.0,8.0,2.3333333333333335,25,Male,Đà Nẵng,4.582002314814815,1846604.6666666667,2,Nhóm 3 — mức chi tiêu trung vị hạng 3/3
C01929,2026-08-22 21:55:34,4,10856202.0,0.025,16.0,3.75,40,Female,Nha Trang,29.086412037037036,2714050.5,2,Nhóm 3 — mức chi tiêu trung vị hạng 3/3
C01930,2026-05-10 14:34:13,6,40822922.0,0.0,18.0,2.5,55,Male,Biên Hòa,133.3929050925926,6803820.333333333,2,Nhóm 3 — mức chi tiêu trung vị hạng 3/3
C01931,2026-07-18 21:08:27,4,2716400.0,0.07267191977077361,7.0,3.0,23,Female,Đà Lạt,64.11913194444445,679100.0,0,Nhóm 1 — mức chi tiêu trung vị hạng 1/3
C01932,2026-08-27 22:33:39,7,8023070.0,0.06489647691364428,14.0,2.5714285714285716,39,Female,Đà Nẵng,24.059965277777778,1146152.857142857,2,Nhóm 3 — mức chi tiêu trung vị hạng 3/3
C01933,2026-09-16 01:13:41,8,5862742.0,0.08775,20.0,3.375,42,Male,Biên Hòa,4.9488310185185185,732842.75,2,Nhóm 3 — mức chi tiêu trung vị hạng 3/3
C01934,2026-07-14 12:16:51,4,7026000.0,0.15835845943793378,14.0,3.0,35,Male,Huế,68.4882986111111,1756500.0,1,Nhóm 2 — mức chi tiêu trung vị hạng 2/3
C01935,2026-08-03 14:21:47,8,6244998.0,0.13560096153846155,19.0,3.25,34,Male,TP. Hồ Chí Minh,48.40153935185185,780624.75,1,Nhóm 2 — mức chi tiêu trung vị hạng 2/3
C01936,2026-08-02 00:40:36,4,4085120.0,0.0,12.0,3.5,29,Female,TP. Hồ Chí Minh,49.971805555555555,1021280.0,0,Nhóm 1 — mức chi tiêu trung vị hạng 1/3
C01937,2026-08-01 14:01:02,5,37414260.0,0.02006688963210702,16.0,2.8,23,Male,Cần Thơ,50.41594907407407,7482852.0,2,Nhóm 3 — mức chi tiêu trung vị hạng 3/3
C01938,2026-03-25 17:33:59,2,2290500.0,0.0,10.0,2.0,43,Female,Cần Thơ,179.26806712962963,1145250.0,0,Nhóm 1 — mức chi tiêu trung vị hạng 1/3
C01939,2026-09-09 07:01:34,5,413747.0,0.10933696914608897,15.0,2.4,44,Female,Nha Trang,11.707245370370371,82749.4,1,Nhóm 2 — mức chi tiêu trung vị hạng 2/3
C01940,2026-06-28 16:46:57,5,11936362.0,0.02,19.0,2.8,25,Male,TP. Hồ Chí Minh,84.30072916666667,2387272.4,2,Nhóm 3 — mức chi tiêu trung vị hạng 3/3
C01941,2026-08-30 19:46:58,5,500900.0,0.07459207459207459,12.0,2.0,36,Male,Nha Trang,21.175717592592594,100180.0,0,Nhóm 1 — mức chi tiêu trung vị hạng 1/3
C01942,2026-08-09 14:58:27,5,16374828.0,0.05513784461152882,14.0,2.8,59,Female,Cần Thơ,42.37607638888889,3274965.6,2,Nhóm 3 — mức chi tiêu trung vị hạng 3/3
C01943,2026-08-30 21:00:30,4,17749294.0,0.0,7.0,2.75,18,Female,Huế,21.12465277777778,4437323.5,2,Nhóm 3 — mức chi tiêu trung vị hạng 3/3
C01944,2026-08-27 21:30:07,9,8261650.0,0.061753105231366096,23.0,3.111111111111111,46,Female,Vũng Tàu,24.10408564814815,917961.1111111111,2,Nhóm 3 — mức chi tiêu trung vị hạng 3/3
C01945,2026-07-30 12:25:12,12,16558953.0,0.07357320099255582,34.0,2.9166666666666665,62,Male,Biên Hòa,52.4825,1379912.75,2,Nhóm 3 — mức chi tiêu trung vị hạng 3/3
C01946,2026-09-05 09:00:39,6,7782616.0,0.0,14.0,3.1666666666666665,52,Female,Hải Phòng,15.624548611111111,1297102.6666666667,2,Nhóm 3 — mức chi tiêu trung vị hạng 3/3
C01947,2026-09-06 13:21:48,5,4576340.0,0.0,19.0,2.6,57,Male,Nha Trang,14.443194444444444,915268.0,2,Nhóm 3 — mức chi tiêu trung vị hạng 3/3
C01948,2026-07-26 02:55:25,4,11306634.0,0.05013297872340425,15.0,2.25,31,Female,Huế,56.878182870370374,2826658.5,2,Nhóm 3 — mức chi tiêu trung vị hạng 3/3
C01949,2026-09-01 06:03:05,10,25709180.0,0.10011111111111111,40.0,3.1,52,Female,Biên Hòa,19.747858796296295,2570918.0,2,Nhóm 3 — mức chi tiêu trung vị hạng 3/3
C01950,2026-05-04 09:03:43,2,1310000.0,0.0564516129032258,6.0,3.0,65,Male,TP. Hồ Chí Minh,139.62241898148147,655000.0,0,Nhóm 1 — mức chi tiêu trung vị hạng 1/3
C01951,2026-09-05 02:35:05,10,9859200.0,0.08742137177938808,27.0,3.6,62,Female,Vũng Tàu,15.892303240740741,985920.0,2,Nhóm 3 — mức chi tiêu trung vị hạng 3/3
C01952,2026-09-17 06:14:38,8,20018824.0,0.05258016032064127,23.0,2.375,37,Male,Biên Hòa,3.739837962962963,2502353.0,2,Nhóm 3 — mức chi tiêu trung vị hạng 3/3
C01953,2026-08-06 21:19:56,4,6848212.0,0.0,13.0,3.5,30,Male,Đà Lạt,45.111157407407404,1712053.0,2,Nhóm 3 — mức chi tiêu trung vị hạng 3/3
C01954,2026-06-08 20:36:23,6,23461786.0,0.049999999999999996,19.0,3.1666666666666665,55,Female,Cần Thơ,104.14140046296296,3910297.6666666665,2,Nhóm 3 — mức chi tiêu trung vị hạng 3/3
C01955,2026-08-28 16:15:37,5,6648000.0,0.0724764625909689,15.0,3.2,63,Male,Biên Hòa,23.322488425925926,1329600.0,2,Nhóm 3 — mức chi tiêu trung vị hạng 3/3
C01956,2026-08-15 02:36:36,5,8608772.0,0.0,11.0,3.0,25,Male,Hải Phòng,36.89125,1721754.4,2,Nhóm 3 — mức chi tiêu trung vị hạng 3/3
C01957,2026-09-05 23:52:50,2,1006000.0,0.3,6.0,3.0,60,Female,Huế,15.004976851851852,503000.0,1,Nhóm 2 — mức chi tiêu trung vị hạng 2/3
C01958,2026-07-12 22:59:26,4,944660.0,0.05096153846153845,8.0,3.25,37,Male,Vũng Tàu,70.04206018518518,236165.0,0,Nhóm 1 — mức chi tiêu trung vị hạng 1/3
C01959,2026-03-02 18:32:40,5,5126878.0,0.04860723228043142,12.0,3.4,50,Male,Đà Nẵng,202.2273148148148,1025375.6,0,Nhóm 1 — mức chi tiêu trung vị hạng 1/3
C01960,2026-09-10 10:16:45,5,3888000.0,0.1697383380469936,17.0,3.6,43,Male,Biên Hòa,10.571701388888888,777600.0,1,Nhóm 2 — mức chi tiêu trung vị hạng 2/3
C01961,2026-09-04 19:05:46,4,2425500.0,0.0125,15.0,2.75,56,Female,Hà Nội,16.204328703703705,606375.0,2,Nhóm 3 — mức chi tiêu trung vị hạng 3/3
C01962,2026-07-05 22:37:58,2,16999512.0,0.0,5.0,3.5,38,Male,Hải Phòng,77.0569675925926,8499756.0,0,Nhóm 1 — mức chi tiêu trung vị hạng 1/3
C01963,2026-07-26 18:21:44,4,1808998.0,0.0,11.0,3.0,59,Female,Hải Phòng,56.234907407407405,452249.5,0,Nhóm 1 — mức chi tiêu trung vị hạng 1/3
C01964,2026-07-22 14:44:27,5,8621612.0,0.0,17.0,3.0,60,Female,Hà Nội,60.38579861111111,1724322.4,2,Nhóm 3 — mức chi tiêu trung vị hạng 3/3
C01965,2026-08-08 21:02:27,10,17449118.0,0.01,26.0,3.2,58,Male,Đà Lạt,43.12329861111111,1744911.8,2,Nhóm 3 — mức chi tiêu trung vị hạng 3/3
C01966,2026-01-12 17:23:55,1,2397258.0,0.0,3.0,1.0,26,Male,Đà Nẵng,251.27505787037038,2397258.0,0,Nhóm 1 — mức chi tiêu trung vị hạng 1/3
C01967,2026-06-17 07:37:11,7,8130800.0,0.02142857142857143,21.0,3.0,41,Male,Cần Thơ,95.68251157407407,1161542.857142857,2,Nhóm 3 — mức chi tiêu trung vị hạng 3/3
C01968,2026-06-21 16:04:16,1,25745.0,0.0,1.0,3.0,54,Female,Huế,91.33037037037037,25745.0,0,Nhóm 1 — mức chi tiêu trung vị hạng 1/3
C01969,2026-07-15 10:53:15,11,84121938.0,0.04833333333333334,36.0,3.090909090909091,58,Male,Vũng Tàu,67.54635416666666,7647448.909090909,2,Nhóm 3 — mức chi tiêu trung vị hạng 3/3
C01970,2026-09-12 07:26:25,7,20734120.0,0.13045203580230078,23.0,2.7142857142857144,34,Male,Huế,8.689988425925925,2962017.1428571427,2,Nhóm 3 — mức chi tiêu trung vị hạng 3/3
C01971,2026-04-17 15:36:43,1,304000.0,0.0,4.0,4.0,41,Male,Đà Nẵng,156.34950231481483,304000.0,0,Nhóm 1 — mức chi tiêu trung vị hạng 1/3
C01972,2026-08-18 09:39:46,4,7624276.0,0.025,12.0,2.75,38,Male,Huế,33.59738425925926,1906069.0,2,Nhóm 3 — mức chi tiêu trung vị hạng 3/3
C01973,2026-08-23 18:13:41,10,66496216.0,0.03483309143686502,34.0,3.7,56,Male,Hà Nội,28.240497685185186,6649621.6,2,Nhóm 3 — mức chi tiêu trung vị hạng 3/3
C01974,2026-07-31 15:08:38,5,3369912.0,0.0,17.0,2.4,58,Female,Hải Phòng,51.36900462962963,673982.4,2,Nhóm 3 — mức chi tiêu trung vị hạng 3/3
C01975,2026-09-19 15:17:06,3,3509748.0,0.0,8.0,1.6666666666666667,56,Female,Huế,1.363125,1169916.0,2,Nhóm 3 — mức chi tiêu trung vị hạng 3/3
C01976,2026-08-24 04:22:11,7,11508856.0,0.0,21.0,2.4285714285714284,30,Male,Nha Trang,27.81792824074074,1644122.2857142857,2,Nhóm 3 — mức chi tiêu trung vị hạng 3/3
C01977,2026-05-27 09:56:24,4,5426000.0,0.20301724137931035,9.0,3.25,28,Male,Biên Hòa,116.58583333333333,1356500.0,1,Nhóm 2 — mức chi tiêu trung vị hạng 2/3
C01978,2026-09-11 10:57:25,9,21839318.0,0.03975095785440613,31.0,2.888888888888889,63,Male,Đà Nẵng,9.543460648148148,2426590.888888889,2,Nhóm 3 — mức chi tiêu trung vị hạng 3/3
C01979,2026-02-18 17:17:23,3,868350.0,0.0,6.0,2.0,36,Male,Đà Lạt,214.27959490740741,289450.0,0,Nhóm 1 — mức chi tiêu trung vị hạng 1/3
C01980,2026-09-15 10:59:08,7,16135232.0,0.09334480005070055,22.0,2.7142857142857144,28,Female,Nha Trang,5.542268518518519,2305033.1428571427,2,Nhóm 3 — mức chi tiêu trung vị hạng 3/3
C01981,2026-05-24 07:11:08,3,546100.0,0.0,9.0,4.0,30,Male,Hà Nội,119.70060185185186,182033.33333333334,0,Nhóm 1 — mức chi tiêu trung vị hạng 1/3
C01982,2026-08-10 19:48:54,6,18171590.0,0.018127984718242587,22.0,1.8333333333333333,63,Female,TP. Hồ Chí Minh,41.174375,3028598.3333333335,2,Nhóm 3 — mức chi tiêu trung vị hạng 3/3
C01983,2026-08-03 01:20:03,4,6459040.0,0.07352941176470587,9.0,3.0,62,Female,Hà Nội,48.944409722222225,1614760.0,2,Nhóm 3 — mức chi tiêu trung vị hạng 3/3
C01984,2026-04-09 10:38:57,3,13674604.0,0.14666666666666667,8.0,3.6666666666666665,18,Male,Đà Lạt,164.55628472222222,4558201.333333333,1,Nhóm 2 — mức chi tiêu trung vị hạng 2/3
C01985,2026-07-01 19:27:01,4,2536204.0,0.125,11.0,2.0,57,Female,Đà Lạt,81.18957175925927,634051.0,1,Nhóm 2 — mức chi tiêu trung vị hạng 2/3
C01986,2026-05-17 07:45:39,4,12921140.0,0.0,17.0,2.75,61,Female,Nha Trang,126.67663194444444,3230285.0,0,Nhóm 1 — mức chi tiêu trung vị hạng 1/3
C01987,2026-06-17 12:22:06,5,20017760.0,0.1392565055762082,19.0,2.4,36,Female,Biên Hòa,95.48465277777778,4003552.0,1,Nhóm 2 — mức chi tiêu trung vị hạng 2/3
C01988,2026-08-15 08:49:44,4,16470968.0,0.0,17.0,3.0,29,Female,Đà Nẵng,36.63212962962963,4117742.0,2,Nhóm 3 — mức chi tiêu trung vị hạng 3/3
C01989,2026-06-07 21:55:00,8,15197524.0,0.040178571428571425,26.0,3.5,25,Male,Cần Thơ,105.08680555555556,1899690.5,2,Nhóm 3 — mức chi tiêu trung vị hạng 3/3
C01990,2026-09-17 11:49:58,5,2532000.0,0.10020050125313282,8.0,3.2,25,Male,Hải Phòng,3.5069675925925927,506400.0,2,Nhóm 3 — mức chi tiêu trung vị hạng 3/3
C01991,2026-07-30 07:59:26,7,6302890.0,0.061916578045610286,21.0,2.7142857142857144,62,Female,Nha Trang,52.667060185185186,900412.8571428572,2,Nhóm 3 — mức chi tiêu trung vị hạng 3/3
C01992,2026-07-07 03:58:23,2,1111212.0,0.0,3.0,2.0,29,Male,Đà Lạt,75.83445601851852,555606.0,0,Nhóm 1 — mức chi tiêu trung vị hạng 1/3
C01993,2026-07-28 13:22:18,8,13972904.0,0.006271186440677963,18.0,3.25,65,Male,TP. Hồ Chí Minh,54.44284722222222,1746613.0,2,Nhóm 3 — mức chi tiêu trung vị hạng 3/3
C01994,2026-08-16 20:25:52,5,7206000.0,0.030170940170940158,14.0,3.2,50,Male,Vũng Tàu,35.1487037037037,1441200.0,2,Nhóm 3 — mức chi tiêu trung vị hạng 3/3
C01995,2026-05-07 20:21:15,2,2130000.0,0.0,7.0,4.0,62,Male,Đà Lạt,136.15190972222223,1065000.0,0,Nhóm 1 — mức chi tiêu trung vị hạng 1/3
C01996,2026-01-29 08:19:16,3,5296044.0,0.07836477987421384,8.0,3.6666666666666665,43,Male,Biên Hòa,234.65328703703705,1765348.0,0,Nhóm 1 — mức chi tiêu trung vị hạng 1/3
C01997,2026-08-17 13:53:18,6,16437473.0,0.0,21.0,2.3333333333333335,56,Female,Biên Hòa,34.42131944444444,2739578.8333333335,2,Nhóm 3 — mức chi tiêu trung vị hạng 3/3
C01998,2026-03-12 17:14:19,4,27011788.0,0.025,8.0,3.0,45,Male,Đà Lạt,192.28172453703704,6752947.0,2,Nhóm 3 — mức chi tiêu trung vị hạng 3/3
C01999,2026-09-15 11:04:32,5,2602998.0,0.0756422569027611,16.0,3.0,22,Male,Biên Hòa,5.538518518518519,520599.6,2,Nhóm 3 — mức chi tiêu trung vị hạng 3/3
C02000,2026-08-15 23:15:53,10,21906798.0,0.0,38.0,3.6,25,Male,Nha Trang,36.03063657407407,2190679.8,2,Nhóm 3 — mức chi tiêu trung vị hạng 3/3
